Calling target program-options parser
[13:53:23.263] [bmv2] [D] [thread 40017] Set default default entry for table 'MyIngress.tcp_lb': MyIngress.drop - 
[13:53:23.263] [bmv2] [D] [thread 40017] Set default default entry for table 'MyIngress.tcp_lb_nhop': MyIngress.drop - 
[13:53:23.263] [bmv2] [D] [thread 40017] Set default default entry for table 'MyIngress.ipv4_lpm': MyIngress.drop - 
[13:53:23.263] [bmv2] [D] [thread 40017] Set default default entry for table 'tbl_link_monitor341': link_monitor341 - 
[13:53:23.266] [bmv2] [D] [thread 40017] Set default default entry for table 'tbl_link_monitor379': link_monitor379 - 
[13:53:23.266] [bmv2] [D] [thread 40017] Set default default entry for table 'tbl_link_monitor382': link_monitor382 - 
[13:53:23.266] [bmv2] [D] [thread 40017] Set default default entry for table 'tbl_link_monitor382_0': link_monitor382_0 - 
[13:53:23.266] [bmv2] [D] [thread 40017] Set default default entry for table 'tbl_link_monitor383': link_monitor383 - 
[13:53:23.266] [bmv2] [D] [thread 40017] Set default default entry for table 'tbl_link_monitor387': link_monitor387 - 
[13:53:23.266] [bmv2] [D] [thread 40017] Set default default entry for table 'tbl_link_monitor390': link_monitor390 - 
[13:53:23.266] [bmv2] [D] [thread 40017] Set default default entry for table 'tbl_link_monitor393': link_monitor393 - 
[13:53:23.266] [bmv2] [D] [thread 40017] Set default default entry for table 'MyEgress.swid': NoAction - 
[13:53:23.266] [bmv2] [D] [thread 40017] Set default default entry for table 'tbl_link_monitor398': link_monitor398 - 
Adding interface s1-eth1 as port 1
[13:53:23.267] [bmv2] [D] [thread 40017] Adding interface s1-eth1 as port 1
Adding interface s1-eth2 as port 2
[13:53:23.314] [bmv2] [D] [thread 40017] Adding interface s1-eth2 as port 2
Adding interface s1-eth3 as port 3
[13:53:23.358] [bmv2] [D] [thread 40017] Adding interface s1-eth3 as port 3
Adding interface s1-eth4 as port 4
[13:53:23.398] [bmv2] [D] [thread 40017] Adding interface s1-eth4 as port 4
Server listening on 0.0.0.0:50051
[13:53:23.438] [bmv2] [I] [thread 40017] Starting Thrift server on port 9090
[13:53:23.438] [bmv2] [I] [thread 40017] Thrift server was started
[13:53:23.473] [bmv2] [D] [thread 40031] [0.0] [cxt 0] Processing packet received on port 3
[13:53:23.474] [bmv2] [D] [thread 40031] [0.0] [cxt 0] Parser 'parser': start
[13:53:23.474] [bmv2] [D] [thread 40031] [0.0] [cxt 0] Parser 'parser' entering state 'start'
[13:53:23.474] [bmv2] [D] [thread 40031] [0.0] [cxt 0] Extracting header 'ethernet'
[13:53:23.474] [bmv2] [D] [thread 40031] [0.0] [cxt 0] Parser state 'start': key is 86dd
[13:53:23.474] [bmv2] [T] [thread 40031] [0.0] [cxt 0] Bytes parsed: 14
[13:53:23.474] [bmv2] [D] [thread 40031] [0.0] [cxt 0] Parser 'parser': end
[13:53:23.474] [bmv2] [D] [thread 40031] [0.0] [cxt 0] Pipeline 'ingress': start
[13:53:23.474] [bmv2] [T] [thread 40031] [0.0] [cxt 0] link_monitor.p4(333) Condition "hdr.tcp.isValid()" (node_2) is false
[13:53:23.474] [bmv2] [T] [thread 40031] [0.0] [cxt 0] link_monitor.p4(337) Condition "hdr.ipv4.isValid()" (node_5) is false
[13:53:23.474] [bmv2] [T] [thread 40031] [0.0] [cxt 0] link_monitor.p4(340) Condition "hdr.probe.isValid()" (node_7) is false
[13:53:23.474] [bmv2] [D] [thread 40031] [0.0] [cxt 0] Pipeline 'ingress': end
[13:53:23.474] [bmv2] [D] [thread 40031] [0.0] [cxt 0] Egress port is 0
[13:53:23.474] [bmv2] [D] [thread 40032] [0.0] [cxt 0] Pipeline 'egress': start
[13:53:23.474] [bmv2] [T] [thread 40032] [0.0] [cxt 0] Applying table 'tbl_link_monitor379'
[13:53:23.474] [bmv2] [D] [thread 40032] [0.0] [cxt 0] Looking up key:

[13:53:23.474] [bmv2] [D] [thread 40032] [0.0] [cxt 0] Table 'tbl_link_monitor379': miss
[13:53:23.474] [bmv2] [D] [thread 40032] [0.0] [cxt 0] Action entry is link_monitor379 - 
[13:53:23.474] [bmv2] [T] [thread 40032] [0.0] [cxt 0] Action link_monitor379
[13:53:23.474] [bmv2] [T] [thread 40032] [0.0] [cxt 0] link_monitor.p4(379) Primitive (bit<32>)standard_metadata.egress_port
[13:53:23.474] [bmv2] [T] [thread 40032] [0.0] [cxt 0] link_monitor.p4(379) Primitive byte_cnt_reg.read(byte_cnt, (bit<32>)standard_metadata.egress_port)
[13:53:23.474] [bmv2] [T] [thread 40032] [0.0] [cxt 0] Read register 'MyEgress.byte_cnt_reg' at index 0 read value 0
[13:53:23.474] [bmv2] [T] [thread 40032] [0.0] [cxt 0] link_monitor.p4(380) Primitive byte_cnt = byte_cnt + standard_metadata.packet_length
[13:53:23.474] [bmv2] [T] [thread 40032] [0.0] [cxt 0] link_monitor.p4(382) Condition "hdr.probe.isValid()" (node_12) is false
[13:53:23.474] [bmv2] [T] [thread 40032] [0.0] [cxt 0] Applying table 'tbl_link_monitor382_0'
[13:53:23.475] [bmv2] [D] [thread 40032] [0.0] [cxt 0] Looking up key:

[13:53:23.475] [bmv2] [D] [thread 40032] [0.0] [cxt 0] Table 'tbl_link_monitor382_0': miss
[13:53:23.475] [bmv2] [D] [thread 40032] [0.0] [cxt 0] Action entry is link_monitor382_0 - 
[13:53:23.475] [bmv2] [T] [thread 40032] [0.0] [cxt 0] Action link_monitor382_0
[13:53:23.475] [bmv2] [T] [thread 40032] [0.0] [cxt 0] link_monitor.p4(382) Primitive (hdr.probe.isValid()) ? 0 : byte_cnt
[13:53:23.475] [bmv2] [T] [thread 40032] [0.0] [cxt 0] Applying table 'tbl_link_monitor383'
[13:53:23.475] [bmv2] [D] [thread 40032] [0.0] [cxt 0] Looking up key:

[13:53:23.475] [bmv2] [D] [thread 40032] [0.0] [cxt 0] Table 'tbl_link_monitor383': miss
[13:53:23.475] [bmv2] [D] [thread 40032] [0.0] [cxt 0] Action entry is link_monitor383 - 
[13:53:23.475] [bmv2] [T] [thread 40032] [0.0] [cxt 0] Action link_monitor383
[13:53:23.475] [bmv2] [T] [thread 40032] [0.0] [cxt 0] link_monitor.p4(383) Primitive (bit<32>)standard_metadata.egress_port
[13:53:23.475] [bmv2] [T] [thread 40032] [0.0] [cxt 0] link_monitor.p4(383) Primitive byte_cnt_reg.write((bit<32>)standard_metadata.egress_port, new_byte_cnt)
[13:53:23.475] [bmv2] [T] [thread 40032] [0.0] [cxt 0] Wrote register 'MyEgress.byte_cnt_reg' at index 0 with value 90
[13:53:23.475] [bmv2] [T] [thread 40032] [0.0] [cxt 0] link_monitor.p4(385) Condition "hdr.probe.isValid()" (node_16) is false
[13:53:23.475] [bmv2] [D] [thread 40032] [0.0] [cxt 0] Pipeline 'egress': end
[13:53:23.475] [bmv2] [D] [thread 40032] [0.0] [cxt 0] Deparser 'deparser': start
[13:53:23.475] [bmv2] [T] [thread 40032] [0.0] [cxt 0] Skipping checksum 'cksum' update because condition not met
[13:53:23.475] [bmv2] [D] [thread 40032] [0.0] [cxt 0] Deparsing header 'ethernet'
[13:53:23.475] [bmv2] [D] [thread 40032] [0.0] [cxt 0] Deparser 'deparser': end
[13:53:23.475] [bmv2] [D] [thread 40036] [0.0] [cxt 0] Transmitting packet of size 90 out of port 0
[13:53:23.537] [bmv2] [D] [thread 40031] [1.0] [cxt 0] Processing packet received on port 4
[13:53:23.537] [bmv2] [D] [thread 40031] [1.0] [cxt 0] Parser 'parser': start
[13:53:23.537] [bmv2] [D] [thread 40031] [1.0] [cxt 0] Parser 'parser' entering state 'start'
[13:53:23.537] [bmv2] [D] [thread 40031] [1.0] [cxt 0] Extracting header 'ethernet'
[13:53:23.538] [bmv2] [D] [thread 40031] [1.0] [cxt 0] Parser state 'start': key is 86dd
[13:53:23.538] [bmv2] [T] [thread 40031] [1.0] [cxt 0] Bytes parsed: 14
[13:53:23.538] [bmv2] [D] [thread 40031] [1.0] [cxt 0] Parser 'parser': end
[13:53:23.538] [bmv2] [D] [thread 40031] [1.0] [cxt 0] Pipeline 'ingress': start
[13:53:23.538] [bmv2] [T] [thread 40031] [1.0] [cxt 0] link_monitor.p4(333) Condition "hdr.tcp.isValid()" (node_2) is false
[13:53:23.538] [bmv2] [T] [thread 40031] [1.0] [cxt 0] link_monitor.p4(337) Condition "hdr.ipv4.isValid()" (node_5) is false
[13:53:23.538] [bmv2] [T] [thread 40031] [1.0] [cxt 0] link_monitor.p4(340) Condition "hdr.probe.isValid()" (node_7) is false
[13:53:23.538] [bmv2] [D] [thread 40031] [1.0] [cxt 0] Pipeline 'ingress': end
[13:53:23.538] [bmv2] [D] [thread 40031] [1.0] [cxt 0] Egress port is 0
[13:53:23.538] [bmv2] [D] [thread 40032] [1.0] [cxt 0] Pipeline 'egress': start
[13:53:23.538] [bmv2] [T] [thread 40032] [1.0] [cxt 0] Applying table 'tbl_link_monitor379'
[13:53:23.538] [bmv2] [D] [thread 40032] [1.0] [cxt 0] Looking up key:

[13:53:23.538] [bmv2] [D] [thread 40032] [1.0] [cxt 0] Table 'tbl_link_monitor379': miss
[13:53:23.538] [bmv2] [D] [thread 40032] [1.0] [cxt 0] Action entry is link_monitor379 - 
[13:53:23.538] [bmv2] [T] [thread 40032] [1.0] [cxt 0] Action link_monitor379
[13:53:23.538] [bmv2] [T] [thread 40032] [1.0] [cxt 0] link_monitor.p4(379) Primitive (bit<32>)standard_metadata.egress_port
[13:53:23.538] [bmv2] [T] [thread 40032] [1.0] [cxt 0] link_monitor.p4(379) Primitive byte_cnt_reg.read(byte_cnt, (bit<32>)standard_metadata.egress_port)
[13:53:23.538] [bmv2] [T] [thread 40032] [1.0] [cxt 0] Read register 'MyEgress.byte_cnt_reg' at index 0 read value 90
[13:53:23.538] [bmv2] [T] [thread 40032] [1.0] [cxt 0] link_monitor.p4(380) Primitive byte_cnt = byte_cnt + standard_metadata.packet_length
[13:53:23.538] [bmv2] [T] [thread 40032] [1.0] [cxt 0] link_monitor.p4(382) Condition "hdr.probe.isValid()" (node_12) is false
[13:53:23.538] [bmv2] [T] [thread 40032] [1.0] [cxt 0] Applying table 'tbl_link_monitor382_0'
[13:53:23.538] [bmv2] [D] [thread 40032] [1.0] [cxt 0] Looking up key:

[13:53:23.538] [bmv2] [D] [thread 40032] [1.0] [cxt 0] Table 'tbl_link_monitor382_0': miss
[13:53:23.538] [bmv2] [D] [thread 40032] [1.0] [cxt 0] Action entry is link_monitor382_0 - 
[13:53:23.538] [bmv2] [T] [thread 40032] [1.0] [cxt 0] Action link_monitor382_0
[13:53:23.538] [bmv2] [T] [thread 40032] [1.0] [cxt 0] link_monitor.p4(382) Primitive (hdr.probe.isValid()) ? 0 : byte_cnt
[13:53:23.538] [bmv2] [T] [thread 40032] [1.0] [cxt 0] Applying table 'tbl_link_monitor383'
[13:53:23.538] [bmv2] [D] [thread 40032] [1.0] [cxt 0] Looking up key:

[13:53:23.538] [bmv2] [D] [thread 40032] [1.0] [cxt 0] Table 'tbl_link_monitor383': miss
[13:53:23.538] [bmv2] [D] [thread 40032] [1.0] [cxt 0] Action entry is link_monitor383 - 
[13:53:23.538] [bmv2] [T] [thread 40032] [1.0] [cxt 0] Action link_monitor383
[13:53:23.538] [bmv2] [T] [thread 40032] [1.0] [cxt 0] link_monitor.p4(383) Primitive (bit<32>)standard_metadata.egress_port
[13:53:23.538] [bmv2] [T] [thread 40032] [1.0] [cxt 0] link_monitor.p4(383) Primitive byte_cnt_reg.write((bit<32>)standard_metadata.egress_port, new_byte_cnt)
[13:53:23.538] [bmv2] [T] [thread 40032] [1.0] [cxt 0] Wrote register 'MyEgress.byte_cnt_reg' at index 0 with value 180
[13:53:23.539] [bmv2] [T] [thread 40032] [1.0] [cxt 0] link_monitor.p4(385) Condition "hdr.probe.isValid()" (node_16) is false
[13:53:23.539] [bmv2] [D] [thread 40032] [1.0] [cxt 0] Pipeline 'egress': end
[13:53:23.539] [bmv2] [D] [thread 40032] [1.0] [cxt 0] Deparser 'deparser': start
[13:53:23.539] [bmv2] [T] [thread 40032] [1.0] [cxt 0] Skipping checksum 'cksum' update because condition not met
[13:53:23.539] [bmv2] [D] [thread 40032] [1.0] [cxt 0] Deparsing header 'ethernet'
[13:53:23.539] [bmv2] [D] [thread 40032] [1.0] [cxt 0] Deparser 'deparser': end
[13:53:23.539] [bmv2] [D] [thread 40036] [1.0] [cxt 0] Transmitting packet of size 90 out of port 0
[13:53:23.730] [bmv2] [D] [thread 40031] [2.0] [cxt 0] Processing packet received on port 2
[13:53:23.730] [bmv2] [D] [thread 40031] [2.0] [cxt 0] Parser 'parser': start
[13:53:23.730] [bmv2] [D] [thread 40031] [2.0] [cxt 0] Parser 'parser' entering state 'start'
[13:53:23.730] [bmv2] [D] [thread 40031] [2.0] [cxt 0] Extracting header 'ethernet'
[13:53:23.730] [bmv2] [D] [thread 40031] [2.0] [cxt 0] Parser state 'start': key is 86dd
[13:53:23.730] [bmv2] [T] [thread 40031] [2.0] [cxt 0] Bytes parsed: 14
[13:53:23.730] [bmv2] [D] [thread 40031] [2.0] [cxt 0] Parser 'parser': end
[13:53:23.730] [bmv2] [D] [thread 40031] [2.0] [cxt 0] Pipeline 'ingress': start
[13:53:23.730] [bmv2] [T] [thread 40031] [2.0] [cxt 0] link_monitor.p4(333) Condition "hdr.tcp.isValid()" (node_2) is false
[13:53:23.730] [bmv2] [T] [thread 40031] [2.0] [cxt 0] link_monitor.p4(337) Condition "hdr.ipv4.isValid()" (node_5) is false
[13:53:23.730] [bmv2] [T] [thread 40031] [2.0] [cxt 0] link_monitor.p4(340) Condition "hdr.probe.isValid()" (node_7) is false
[13:53:23.730] [bmv2] [D] [thread 40031] [2.0] [cxt 0] Pipeline 'ingress': end
[13:53:23.730] [bmv2] [D] [thread 40031] [2.0] [cxt 0] Egress port is 0
[13:53:23.730] [bmv2] [D] [thread 40031] [3.0] [cxt 0] Processing packet received on port 1
[13:53:23.730] [bmv2] [D] [thread 40031] [3.0] [cxt 0] Parser 'parser': start
[13:53:23.730] [bmv2] [D] [thread 40031] [3.0] [cxt 0] Parser 'parser' entering state 'start'
[13:53:23.730] [bmv2] [D] [thread 40031] [3.0] [cxt 0] Extracting header 'ethernet'
[13:53:23.730] [bmv2] [D] [thread 40031] [3.0] [cxt 0] Parser state 'start': key is 86dd
[13:53:23.730] [bmv2] [T] [thread 40031] [3.0] [cxt 0] Bytes parsed: 14
[13:53:23.730] [bmv2] [D] [thread 40031] [3.0] [cxt 0] Parser 'parser': end
[13:53:23.730] [bmv2] [D] [thread 40031] [3.0] [cxt 0] Pipeline 'ingress': start
[13:53:23.730] [bmv2] [T] [thread 40031] [3.0] [cxt 0] link_monitor.p4(333) Condition "hdr.tcp.isValid()" (node_2) is false
[13:53:23.730] [bmv2] [T] [thread 40031] [3.0] [cxt 0] link_monitor.p4(337) Condition "hdr.ipv4.isValid()" (node_5) is false
[13:53:23.730] [bmv2] [T] [thread 40031] [3.0] [cxt 0] link_monitor.p4(340) Condition "hdr.probe.isValid()" (node_7) is false
[13:53:23.730] [bmv2] [D] [thread 40031] [3.0] [cxt 0] Pipeline 'ingress': end
[13:53:23.730] [bmv2] [D] [thread 40031] [3.0] [cxt 0] Egress port is 0
[13:53:23.730] [bmv2] [D] [thread 40031] [4.0] [cxt 0] Processing packet received on port 1
[13:53:23.730] [bmv2] [D] [thread 40031] [4.0] [cxt 0] Parser 'parser': start
[13:53:23.730] [bmv2] [D] [thread 40031] [4.0] [cxt 0] Parser 'parser' entering state 'start'
[13:53:23.730] [bmv2] [D] [thread 40031] [4.0] [cxt 0] Extracting header 'ethernet'
[13:53:23.730] [bmv2] [D] [thread 40031] [4.0] [cxt 0] Parser state 'start': key is 86dd
[13:53:23.730] [bmv2] [T] [thread 40031] [4.0] [cxt 0] Bytes parsed: 14
[13:53:23.730] [bmv2] [D] [thread 40031] [4.0] [cxt 0] Parser 'parser': end
[13:53:23.730] [bmv2] [D] [thread 40031] [4.0] [cxt 0] Pipeline 'ingress': start
[13:53:23.730] [bmv2] [T] [thread 40031] [4.0] [cxt 0] link_monitor.p4(333) Condition "hdr.tcp.isValid()" (node_2) is false
[13:53:23.730] [bmv2] [T] [thread 40031] [4.0] [cxt 0] link_monitor.p4(337) Condition "hdr.ipv4.isValid()" (node_5) is false
[13:53:23.730] [bmv2] [T] [thread 40031] [4.0] [cxt 0] link_monitor.p4(340) Condition "hdr.probe.isValid()" (node_7) is false
[13:53:23.730] [bmv2] [D] [thread 40031] [4.0] [cxt 0] Pipeline 'ingress': end
[13:53:23.730] [bmv2] [D] [thread 40031] [4.0] [cxt 0] Egress port is 0
[13:53:23.730] [bmv2] [D] [thread 40032] [2.0] [cxt 0] Pipeline 'egress': start
[13:53:23.730] [bmv2] [T] [thread 40032] [2.0] [cxt 0] Applying table 'tbl_link_monitor379'
[13:53:23.730] [bmv2] [D] [thread 40032] [2.0] [cxt 0] Looking up key:

[13:53:23.730] [bmv2] [D] [thread 40032] [2.0] [cxt 0] Table 'tbl_link_monitor379': miss
[13:53:23.730] [bmv2] [D] [thread 40032] [2.0] [cxt 0] Action entry is link_monitor379 - 
[13:53:23.730] [bmv2] [T] [thread 40032] [2.0] [cxt 0] Action link_monitor379
[13:53:23.730] [bmv2] [T] [thread 40032] [2.0] [cxt 0] link_monitor.p4(379) Primitive (bit<32>)standard_metadata.egress_port
[13:53:23.730] [bmv2] [T] [thread 40032] [2.0] [cxt 0] link_monitor.p4(379) Primitive byte_cnt_reg.read(byte_cnt, (bit<32>)standard_metadata.egress_port)
[13:53:23.730] [bmv2] [T] [thread 40032] [2.0] [cxt 0] Read register 'MyEgress.byte_cnt_reg' at index 0 read value 180
[13:53:23.730] [bmv2] [T] [thread 40032] [2.0] [cxt 0] link_monitor.p4(380) Primitive byte_cnt = byte_cnt + standard_metadata.packet_length
[13:53:23.730] [bmv2] [T] [thread 40032] [2.0] [cxt 0] link_monitor.p4(382) Condition "hdr.probe.isValid()" (node_12) is false
[13:53:23.730] [bmv2] [T] [thread 40032] [2.0] [cxt 0] Applying table 'tbl_link_monitor382_0'
[13:53:23.730] [bmv2] [D] [thread 40032] [2.0] [cxt 0] Looking up key:

[13:53:23.730] [bmv2] [D] [thread 40032] [2.0] [cxt 0] Table 'tbl_link_monitor382_0': miss
[13:53:23.730] [bmv2] [D] [thread 40032] [2.0] [cxt 0] Action entry is link_monitor382_0 - 
[13:53:23.730] [bmv2] [T] [thread 40032] [2.0] [cxt 0] Action link_monitor382_0
[13:53:23.730] [bmv2] [T] [thread 40032] [2.0] [cxt 0] link_monitor.p4(382) Primitive (hdr.probe.isValid()) ? 0 : byte_cnt
[13:53:23.730] [bmv2] [T] [thread 40032] [2.0] [cxt 0] Applying table 'tbl_link_monitor383'
[13:53:23.730] [bmv2] [D] [thread 40032] [2.0] [cxt 0] Looking up key:

[13:53:23.730] [bmv2] [D] [thread 40032] [2.0] [cxt 0] Table 'tbl_link_monitor383': miss
[13:53:23.730] [bmv2] [D] [thread 40032] [2.0] [cxt 0] Action entry is link_monitor383 - 
[13:53:23.730] [bmv2] [T] [thread 40032] [2.0] [cxt 0] Action link_monitor383
[13:53:23.730] [bmv2] [T] [thread 40032] [2.0] [cxt 0] link_monitor.p4(383) Primitive (bit<32>)standard_metadata.egress_port
[13:53:23.730] [bmv2] [T] [thread 40032] [2.0] [cxt 0] link_monitor.p4(383) Primitive byte_cnt_reg.write((bit<32>)standard_metadata.egress_port, new_byte_cnt)
[13:53:23.730] [bmv2] [T] [thread 40032] [2.0] [cxt 0] Wrote register 'MyEgress.byte_cnt_reg' at index 0 with value 270
[13:53:23.730] [bmv2] [T] [thread 40032] [2.0] [cxt 0] link_monitor.p4(385) Condition "hdr.probe.isValid()" (node_16) is false
[13:53:23.730] [bmv2] [D] [thread 40032] [2.0] [cxt 0] Pipeline 'egress': end
[13:53:23.730] [bmv2] [D] [thread 40032] [2.0] [cxt 0] Deparser 'deparser': start
[13:53:23.730] [bmv2] [T] [thread 40032] [2.0] [cxt 0] Skipping checksum 'cksum' update because condition not met
[13:53:23.730] [bmv2] [D] [thread 40032] [2.0] [cxt 0] Deparsing header 'ethernet'
[13:53:23.730] [bmv2] [D] [thread 40032] [2.0] [cxt 0] Deparser 'deparser': end
[13:53:23.730] [bmv2] [D] [thread 40032] [3.0] [cxt 0] Pipeline 'egress': start
[13:53:23.730] [bmv2] [T] [thread 40032] [3.0] [cxt 0] Applying table 'tbl_link_monitor379'
[13:53:23.730] [bmv2] [D] [thread 40032] [3.0] [cxt 0] Looking up key:

[13:53:23.730] [bmv2] [D] [thread 40032] [3.0] [cxt 0] Table 'tbl_link_monitor379': miss
[13:53:23.730] [bmv2] [D] [thread 40032] [3.0] [cxt 0] Action entry is link_monitor379 - 
[13:53:23.730] [bmv2] [T] [thread 40032] [3.0] [cxt 0] Action link_monitor379
[13:53:23.730] [bmv2] [T] [thread 40032] [3.0] [cxt 0] link_monitor.p4(379) Primitive (bit<32>)standard_metadata.egress_port
[13:53:23.730] [bmv2] [T] [thread 40032] [3.0] [cxt 0] link_monitor.p4(379) Primitive byte_cnt_reg.read(byte_cnt, (bit<32>)standard_metadata.egress_port)
[13:53:23.730] [bmv2] [T] [thread 40032] [3.0] [cxt 0] Read register 'MyEgress.byte_cnt_reg' at index 0 read value 270
[13:53:23.730] [bmv2] [T] [thread 40032] [3.0] [cxt 0] link_monitor.p4(380) Primitive byte_cnt = byte_cnt + standard_metadata.packet_length
[13:53:23.730] [bmv2] [T] [thread 40032] [3.0] [cxt 0] link_monitor.p4(382) Condition "hdr.probe.isValid()" (node_12) is false
[13:53:23.730] [bmv2] [T] [thread 40032] [3.0] [cxt 0] Applying table 'tbl_link_monitor382_0'
[13:53:23.730] [bmv2] [D] [thread 40032] [3.0] [cxt 0] Looking up key:

[13:53:23.730] [bmv2] [D] [thread 40032] [3.0] [cxt 0] Table 'tbl_link_monitor382_0': miss
[13:53:23.730] [bmv2] [D] [thread 40032] [3.0] [cxt 0] Action entry is link_monitor382_0 - 
[13:53:23.730] [bmv2] [T] [thread 40032] [3.0] [cxt 0] Action link_monitor382_0
[13:53:23.730] [bmv2] [T] [thread 40032] [3.0] [cxt 0] link_monitor.p4(382) Primitive (hdr.probe.isValid()) ? 0 : byte_cnt
[13:53:23.730] [bmv2] [T] [thread 40032] [3.0] [cxt 0] Applying table 'tbl_link_monitor383'
[13:53:23.730] [bmv2] [D] [thread 40032] [3.0] [cxt 0] Looking up key:

[13:53:23.730] [bmv2] [D] [thread 40032] [3.0] [cxt 0] Table 'tbl_link_monitor383': miss
[13:53:23.730] [bmv2] [D] [thread 40032] [3.0] [cxt 0] Action entry is link_monitor383 - 
[13:53:23.730] [bmv2] [T] [thread 40032] [3.0] [cxt 0] Action link_monitor383
[13:53:23.730] [bmv2] [T] [thread 40032] [3.0] [cxt 0] link_monitor.p4(383) Primitive (bit<32>)standard_metadata.egress_port
[13:53:23.730] [bmv2] [T] [thread 40032] [3.0] [cxt 0] link_monitor.p4(383) Primitive byte_cnt_reg.write((bit<32>)standard_metadata.egress_port, new_byte_cnt)
[13:53:23.730] [bmv2] [T] [thread 40032] [3.0] [cxt 0] Wrote register 'MyEgress.byte_cnt_reg' at index 0 with value 360
[13:53:23.730] [bmv2] [T] [thread 40032] [3.0] [cxt 0] link_monitor.p4(385) Condition "hdr.probe.isValid()" (node_16) is false
[13:53:23.730] [bmv2] [D] [thread 40032] [3.0] [cxt 0] Pipeline 'egress': end
[13:53:23.730] [bmv2] [D] [thread 40032] [3.0] [cxt 0] Deparser 'deparser': start
[13:53:23.730] [bmv2] [T] [thread 40032] [3.0] [cxt 0] Skipping checksum 'cksum' update because condition not met
[13:53:23.730] [bmv2] [D] [thread 40032] [3.0] [cxt 0] Deparsing header 'ethernet'
[13:53:23.730] [bmv2] [D] [thread 40032] [3.0] [cxt 0] Deparser 'deparser': end
[13:53:23.730] [bmv2] [D] [thread 40032] [4.0] [cxt 0] Pipeline 'egress': start
[13:53:23.730] [bmv2] [T] [thread 40032] [4.0] [cxt 0] Applying table 'tbl_link_monitor379'
[13:53:23.730] [bmv2] [D] [thread 40032] [4.0] [cxt 0] Looking up key:

[13:53:23.730] [bmv2] [D] [thread 40032] [4.0] [cxt 0] Table 'tbl_link_monitor379': miss
[13:53:23.730] [bmv2] [D] [thread 40032] [4.0] [cxt 0] Action entry is link_monitor379 - 
[13:53:23.730] [bmv2] [T] [thread 40032] [4.0] [cxt 0] Action link_monitor379
[13:53:23.730] [bmv2] [T] [thread 40032] [4.0] [cxt 0] link_monitor.p4(379) Primitive (bit<32>)standard_metadata.egress_port
[13:53:23.730] [bmv2] [T] [thread 40032] [4.0] [cxt 0] link_monitor.p4(379) Primitive byte_cnt_reg.read(byte_cnt, (bit<32>)standard_metadata.egress_port)
[13:53:23.730] [bmv2] [T] [thread 40032] [4.0] [cxt 0] Read register 'MyEgress.byte_cnt_reg' at index 0 read value 360
[13:53:23.730] [bmv2] [T] [thread 40032] [4.0] [cxt 0] link_monitor.p4(380) Primitive byte_cnt = byte_cnt + standard_metadata.packet_length
[13:53:23.730] [bmv2] [T] [thread 40032] [4.0] [cxt 0] link_monitor.p4(382) Condition "hdr.probe.isValid()" (node_12) is false
[13:53:23.730] [bmv2] [T] [thread 40032] [4.0] [cxt 0] Applying table 'tbl_link_monitor382_0'
[13:53:23.730] [bmv2] [D] [thread 40032] [4.0] [cxt 0] Looking up key:

[13:53:23.730] [bmv2] [D] [thread 40032] [4.0] [cxt 0] Table 'tbl_link_monitor382_0': miss
[13:53:23.730] [bmv2] [D] [thread 40032] [4.0] [cxt 0] Action entry is link_monitor382_0 - 
[13:53:23.730] [bmv2] [T] [thread 40032] [4.0] [cxt 0] Action link_monitor382_0
[13:53:23.730] [bmv2] [T] [thread 40032] [4.0] [cxt 0] link_monitor.p4(382) Primitive (hdr.probe.isValid()) ? 0 : byte_cnt
[13:53:23.730] [bmv2] [T] [thread 40032] [4.0] [cxt 0] Applying table 'tbl_link_monitor383'
[13:53:23.730] [bmv2] [D] [thread 40032] [4.0] [cxt 0] Looking up key:

[13:53:23.730] [bmv2] [D] [thread 40032] [4.0] [cxt 0] Table 'tbl_link_monitor383': miss
[13:53:23.730] [bmv2] [D] [thread 40032] [4.0] [cxt 0] Action entry is link_monitor383 - 
[13:53:23.730] [bmv2] [T] [thread 40032] [4.0] [cxt 0] Action link_monitor383
[13:53:23.730] [bmv2] [T] [thread 40032] [4.0] [cxt 0] link_monitor.p4(383) Primitive (bit<32>)standard_metadata.egress_port
[13:53:23.730] [bmv2] [T] [thread 40032] [4.0] [cxt 0] link_monitor.p4(383) Primitive byte_cnt_reg.write((bit<32>)standard_metadata.egress_port, new_byte_cnt)
[13:53:23.730] [bmv2] [T] [thread 40032] [4.0] [cxt 0] Wrote register 'MyEgress.byte_cnt_reg' at index 0 with value 446
[13:53:23.730] [bmv2] [T] [thread 40032] [4.0] [cxt 0] link_monitor.p4(385) Condition "hdr.probe.isValid()" (node_16) is false
[13:53:23.730] [bmv2] [D] [thread 40032] [4.0] [cxt 0] Pipeline 'egress': end
[13:53:23.730] [bmv2] [D] [thread 40032] [4.0] [cxt 0] Deparser 'deparser': start
[13:53:23.730] [bmv2] [T] [thread 40032] [4.0] [cxt 0] Skipping checksum 'cksum' update because condition not met
[13:53:23.730] [bmv2] [D] [thread 40032] [4.0] [cxt 0] Deparsing header 'ethernet'
[13:53:23.730] [bmv2] [D] [thread 40032] [4.0] [cxt 0] Deparser 'deparser': end
[13:53:23.730] [bmv2] [D] [thread 40036] [2.0] [cxt 0] Transmitting packet of size 90 out of port 0
[13:53:23.730] [bmv2] [D] [thread 40036] [3.0] [cxt 0] Transmitting packet of size 90 out of port 0
[13:53:23.730] [bmv2] [D] [thread 40036] [4.0] [cxt 0] Transmitting packet of size 86 out of port 0
[13:53:23.778] [bmv2] [D] [thread 40031] [5.0] [cxt 0] Processing packet received on port 4
[13:53:23.778] [bmv2] [D] [thread 40031] [5.0] [cxt 0] Parser 'parser': start
[13:53:23.778] [bmv2] [D] [thread 40031] [5.0] [cxt 0] Parser 'parser' entering state 'start'
[13:53:23.778] [bmv2] [D] [thread 40031] [5.0] [cxt 0] Extracting header 'ethernet'
[13:53:23.778] [bmv2] [D] [thread 40031] [5.0] [cxt 0] Parser state 'start': key is 86dd
[13:53:23.778] [bmv2] [T] [thread 40031] [5.0] [cxt 0] Bytes parsed: 14
[13:53:23.778] [bmv2] [D] [thread 40031] [5.0] [cxt 0] Parser 'parser': end
[13:53:23.778] [bmv2] [D] [thread 40031] [5.0] [cxt 0] Pipeline 'ingress': start
[13:53:23.778] [bmv2] [T] [thread 40031] [5.0] [cxt 0] link_monitor.p4(333) Condition "hdr.tcp.isValid()" (node_2) is false
[13:53:23.778] [bmv2] [T] [thread 40031] [5.0] [cxt 0] link_monitor.p4(337) Condition "hdr.ipv4.isValid()" (node_5) is false
[13:53:23.778] [bmv2] [T] [thread 40031] [5.0] [cxt 0] link_monitor.p4(340) Condition "hdr.probe.isValid()" (node_7) is false
[13:53:23.778] [bmv2] [D] [thread 40031] [5.0] [cxt 0] Pipeline 'ingress': end
[13:53:23.778] [bmv2] [D] [thread 40031] [5.0] [cxt 0] Egress port is 0
[13:53:23.778] [bmv2] [D] [thread 40032] [5.0] [cxt 0] Pipeline 'egress': start
[13:53:23.778] [bmv2] [T] [thread 40032] [5.0] [cxt 0] Applying table 'tbl_link_monitor379'
[13:53:23.778] [bmv2] [D] [thread 40032] [5.0] [cxt 0] Looking up key:

[13:53:23.778] [bmv2] [D] [thread 40032] [5.0] [cxt 0] Table 'tbl_link_monitor379': miss
[13:53:23.778] [bmv2] [D] [thread 40032] [5.0] [cxt 0] Action entry is link_monitor379 - 
[13:53:23.778] [bmv2] [T] [thread 40032] [5.0] [cxt 0] Action link_monitor379
[13:53:23.778] [bmv2] [T] [thread 40032] [5.0] [cxt 0] link_monitor.p4(379) Primitive (bit<32>)standard_metadata.egress_port
[13:53:23.778] [bmv2] [T] [thread 40032] [5.0] [cxt 0] link_monitor.p4(379) Primitive byte_cnt_reg.read(byte_cnt, (bit<32>)standard_metadata.egress_port)
[13:53:23.778] [bmv2] [T] [thread 40032] [5.0] [cxt 0] Read register 'MyEgress.byte_cnt_reg' at index 0 read value 446
[13:53:23.778] [bmv2] [T] [thread 40032] [5.0] [cxt 0] link_monitor.p4(380) Primitive byte_cnt = byte_cnt + standard_metadata.packet_length
[13:53:23.778] [bmv2] [T] [thread 40032] [5.0] [cxt 0] link_monitor.p4(382) Condition "hdr.probe.isValid()" (node_12) is false
[13:53:23.778] [bmv2] [T] [thread 40032] [5.0] [cxt 0] Applying table 'tbl_link_monitor382_0'
[13:53:23.778] [bmv2] [D] [thread 40032] [5.0] [cxt 0] Looking up key:

[13:53:23.778] [bmv2] [D] [thread 40032] [5.0] [cxt 0] Table 'tbl_link_monitor382_0': miss
[13:53:23.778] [bmv2] [D] [thread 40032] [5.0] [cxt 0] Action entry is link_monitor382_0 - 
[13:53:23.778] [bmv2] [T] [thread 40032] [5.0] [cxt 0] Action link_monitor382_0
[13:53:23.778] [bmv2] [T] [thread 40032] [5.0] [cxt 0] link_monitor.p4(382) Primitive (hdr.probe.isValid()) ? 0 : byte_cnt
[13:53:23.778] [bmv2] [T] [thread 40032] [5.0] [cxt 0] Applying table 'tbl_link_monitor383'
[13:53:23.778] [bmv2] [D] [thread 40032] [5.0] [cxt 0] Looking up key:

[13:53:23.778] [bmv2] [D] [thread 40032] [5.0] [cxt 0] Table 'tbl_link_monitor383': miss
[13:53:23.778] [bmv2] [D] [thread 40032] [5.0] [cxt 0] Action entry is link_monitor383 - 
[13:53:23.778] [bmv2] [T] [thread 40032] [5.0] [cxt 0] Action link_monitor383
[13:53:23.778] [bmv2] [T] [thread 40032] [5.0] [cxt 0] link_monitor.p4(383) Primitive (bit<32>)standard_metadata.egress_port
[13:53:23.778] [bmv2] [T] [thread 40032] [5.0] [cxt 0] link_monitor.p4(383) Primitive byte_cnt_reg.write((bit<32>)standard_metadata.egress_port, new_byte_cnt)
[13:53:23.778] [bmv2] [T] [thread 40032] [5.0] [cxt 0] Wrote register 'MyEgress.byte_cnt_reg' at index 0 with value 532
[13:53:23.778] [bmv2] [T] [thread 40032] [5.0] [cxt 0] link_monitor.p4(385) Condition "hdr.probe.isValid()" (node_16) is false
[13:53:23.778] [bmv2] [D] [thread 40032] [5.0] [cxt 0] Pipeline 'egress': end
[13:53:23.778] [bmv2] [D] [thread 40032] [5.0] [cxt 0] Deparser 'deparser': start
[13:53:23.778] [bmv2] [T] [thread 40032] [5.0] [cxt 0] Skipping checksum 'cksum' update because condition not met
[13:53:23.778] [bmv2] [D] [thread 40032] [5.0] [cxt 0] Deparsing header 'ethernet'
[13:53:23.778] [bmv2] [D] [thread 40032] [5.0] [cxt 0] Deparser 'deparser': end
[13:53:23.778] [bmv2] [D] [thread 40036] [5.0] [cxt 0] Transmitting packet of size 86 out of port 0
[13:53:23.860] [bmv2] [D] [thread 40031] [6.0] [cxt 0] Processing packet received on port 3
[13:53:23.860] [bmv2] [D] [thread 40031] [6.0] [cxt 0] Parser 'parser': start
[13:53:23.860] [bmv2] [D] [thread 40031] [6.0] [cxt 0] Parser 'parser' entering state 'start'
[13:53:23.860] [bmv2] [D] [thread 40031] [6.0] [cxt 0] Extracting header 'ethernet'
[13:53:23.860] [bmv2] [D] [thread 40031] [6.0] [cxt 0] Parser state 'start': key is 86dd
[13:53:23.860] [bmv2] [T] [thread 40031] [6.0] [cxt 0] Bytes parsed: 14
[13:53:23.860] [bmv2] [D] [thread 40031] [6.0] [cxt 0] Parser 'parser': end
[13:53:23.860] [bmv2] [D] [thread 40031] [6.0] [cxt 0] Pipeline 'ingress': start
[13:53:23.860] [bmv2] [T] [thread 40031] [6.0] [cxt 0] link_monitor.p4(333) Condition "hdr.tcp.isValid()" (node_2) is false
[13:53:23.860] [bmv2] [T] [thread 40031] [6.0] [cxt 0] link_monitor.p4(337) Condition "hdr.ipv4.isValid()" (node_5) is false
[13:53:23.860] [bmv2] [T] [thread 40031] [6.0] [cxt 0] link_monitor.p4(340) Condition "hdr.probe.isValid()" (node_7) is false
[13:53:23.860] [bmv2] [D] [thread 40031] [6.0] [cxt 0] Pipeline 'ingress': end
[13:53:23.860] [bmv2] [D] [thread 40031] [6.0] [cxt 0] Egress port is 0
[13:53:23.860] [bmv2] [D] [thread 40032] [6.0] [cxt 0] Pipeline 'egress': start
[13:53:23.860] [bmv2] [T] [thread 40032] [6.0] [cxt 0] Applying table 'tbl_link_monitor379'
[13:53:23.860] [bmv2] [D] [thread 40032] [6.0] [cxt 0] Looking up key:

[13:53:23.860] [bmv2] [D] [thread 40032] [6.0] [cxt 0] Table 'tbl_link_monitor379': miss
[13:53:23.860] [bmv2] [D] [thread 40032] [6.0] [cxt 0] Action entry is link_monitor379 - 
[13:53:23.860] [bmv2] [T] [thread 40032] [6.0] [cxt 0] Action link_monitor379
[13:53:23.860] [bmv2] [T] [thread 40032] [6.0] [cxt 0] link_monitor.p4(379) Primitive (bit<32>)standard_metadata.egress_port
[13:53:23.860] [bmv2] [T] [thread 40032] [6.0] [cxt 0] link_monitor.p4(379) Primitive byte_cnt_reg.read(byte_cnt, (bit<32>)standard_metadata.egress_port)
[13:53:23.860] [bmv2] [T] [thread 40032] [6.0] [cxt 0] Read register 'MyEgress.byte_cnt_reg' at index 0 read value 532
[13:53:23.860] [bmv2] [T] [thread 40032] [6.0] [cxt 0] link_monitor.p4(380) Primitive byte_cnt = byte_cnt + standard_metadata.packet_length
[13:53:23.860] [bmv2] [T] [thread 40032] [6.0] [cxt 0] link_monitor.p4(382) Condition "hdr.probe.isValid()" (node_12) is false
[13:53:23.860] [bmv2] [T] [thread 40032] [6.0] [cxt 0] Applying table 'tbl_link_monitor382_0'
[13:53:23.860] [bmv2] [D] [thread 40032] [6.0] [cxt 0] Looking up key:

[13:53:23.860] [bmv2] [D] [thread 40032] [6.0] [cxt 0] Table 'tbl_link_monitor382_0': miss
[13:53:23.860] [bmv2] [D] [thread 40032] [6.0] [cxt 0] Action entry is link_monitor382_0 - 
[13:53:23.860] [bmv2] [T] [thread 40032] [6.0] [cxt 0] Action link_monitor382_0
[13:53:23.860] [bmv2] [T] [thread 40032] [6.0] [cxt 0] link_monitor.p4(382) Primitive (hdr.probe.isValid()) ? 0 : byte_cnt
[13:53:23.860] [bmv2] [T] [thread 40032] [6.0] [cxt 0] Applying table 'tbl_link_monitor383'
[13:53:23.860] [bmv2] [D] [thread 40032] [6.0] [cxt 0] Looking up key:

[13:53:23.860] [bmv2] [D] [thread 40032] [6.0] [cxt 0] Table 'tbl_link_monitor383': miss
[13:53:23.860] [bmv2] [D] [thread 40032] [6.0] [cxt 0] Action entry is link_monitor383 - 
[13:53:23.860] [bmv2] [T] [thread 40032] [6.0] [cxt 0] Action link_monitor383
[13:53:23.860] [bmv2] [T] [thread 40032] [6.0] [cxt 0] link_monitor.p4(383) Primitive (bit<32>)standard_metadata.egress_port
[13:53:23.860] [bmv2] [T] [thread 40032] [6.0] [cxt 0] link_monitor.p4(383) Primitive byte_cnt_reg.write((bit<32>)standard_metadata.egress_port, new_byte_cnt)
[13:53:23.860] [bmv2] [T] [thread 40032] [6.0] [cxt 0] Wrote register 'MyEgress.byte_cnt_reg' at index 0 with value 618
[13:53:23.860] [bmv2] [T] [thread 40032] [6.0] [cxt 0] link_monitor.p4(385) Condition "hdr.probe.isValid()" (node_16) is false
[13:53:23.860] [bmv2] [D] [thread 40032] [6.0] [cxt 0] Pipeline 'egress': end
[13:53:23.860] [bmv2] [D] [thread 40032] [6.0] [cxt 0] Deparser 'deparser': start
[13:53:23.860] [bmv2] [T] [thread 40032] [6.0] [cxt 0] Skipping checksum 'cksum' update because condition not met
[13:53:23.860] [bmv2] [D] [thread 40032] [6.0] [cxt 0] Deparsing header 'ethernet'
[13:53:23.860] [bmv2] [D] [thread 40032] [6.0] [cxt 0] Deparser 'deparser': end
[13:53:23.860] [bmv2] [D] [thread 40036] [6.0] [cxt 0] Transmitting packet of size 86 out of port 0
[13:53:23.922] [bmv2] [D] [thread 40031] [7.0] [cxt 0] Processing packet received on port 3
[13:53:23.922] [bmv2] [D] [thread 40031] [7.0] [cxt 0] Parser 'parser': start
[13:53:23.922] [bmv2] [D] [thread 40031] [7.0] [cxt 0] Parser 'parser' entering state 'start'
[13:53:23.922] [bmv2] [D] [thread 40031] [7.0] [cxt 0] Extracting header 'ethernet'
[13:53:23.922] [bmv2] [D] [thread 40031] [7.0] [cxt 0] Parser state 'start': key is 86dd
[13:53:23.922] [bmv2] [T] [thread 40031] [7.0] [cxt 0] Bytes parsed: 14
[13:53:23.922] [bmv2] [D] [thread 40031] [7.0] [cxt 0] Parser 'parser': end
[13:53:23.922] [bmv2] [D] [thread 40031] [7.0] [cxt 0] Pipeline 'ingress': start
[13:53:23.922] [bmv2] [T] [thread 40031] [7.0] [cxt 0] link_monitor.p4(333) Condition "hdr.tcp.isValid()" (node_2) is false
[13:53:23.922] [bmv2] [T] [thread 40031] [7.0] [cxt 0] link_monitor.p4(337) Condition "hdr.ipv4.isValid()" (node_5) is false
[13:53:23.922] [bmv2] [T] [thread 40031] [7.0] [cxt 0] link_monitor.p4(340) Condition "hdr.probe.isValid()" (node_7) is false
[13:53:23.922] [bmv2] [D] [thread 40031] [7.0] [cxt 0] Pipeline 'ingress': end
[13:53:23.922] [bmv2] [D] [thread 40031] [7.0] [cxt 0] Egress port is 0
[13:53:23.922] [bmv2] [D] [thread 40032] [7.0] [cxt 0] Pipeline 'egress': start
[13:53:23.922] [bmv2] [T] [thread 40032] [7.0] [cxt 0] Applying table 'tbl_link_monitor379'
[13:53:23.922] [bmv2] [D] [thread 40032] [7.0] [cxt 0] Looking up key:

[13:53:23.922] [bmv2] [D] [thread 40032] [7.0] [cxt 0] Table 'tbl_link_monitor379': miss
[13:53:23.922] [bmv2] [D] [thread 40032] [7.0] [cxt 0] Action entry is link_monitor379 - 
[13:53:23.922] [bmv2] [T] [thread 40032] [7.0] [cxt 0] Action link_monitor379
[13:53:23.922] [bmv2] [T] [thread 40032] [7.0] [cxt 0] link_monitor.p4(379) Primitive (bit<32>)standard_metadata.egress_port
[13:53:23.922] [bmv2] [T] [thread 40032] [7.0] [cxt 0] link_monitor.p4(379) Primitive byte_cnt_reg.read(byte_cnt, (bit<32>)standard_metadata.egress_port)
[13:53:23.922] [bmv2] [T] [thread 40032] [7.0] [cxt 0] Read register 'MyEgress.byte_cnt_reg' at index 0 read value 618
[13:53:23.922] [bmv2] [T] [thread 40032] [7.0] [cxt 0] link_monitor.p4(380) Primitive byte_cnt = byte_cnt + standard_metadata.packet_length
[13:53:23.922] [bmv2] [T] [thread 40032] [7.0] [cxt 0] link_monitor.p4(382) Condition "hdr.probe.isValid()" (node_12) is false
[13:53:23.922] [bmv2] [T] [thread 40032] [7.0] [cxt 0] Applying table 'tbl_link_monitor382_0'
[13:53:23.922] [bmv2] [D] [thread 40032] [7.0] [cxt 0] Looking up key:

[13:53:23.922] [bmv2] [D] [thread 40032] [7.0] [cxt 0] Table 'tbl_link_monitor382_0': miss
[13:53:23.922] [bmv2] [D] [thread 40032] [7.0] [cxt 0] Action entry is link_monitor382_0 - 
[13:53:23.922] [bmv2] [T] [thread 40032] [7.0] [cxt 0] Action link_monitor382_0
[13:53:23.922] [bmv2] [T] [thread 40032] [7.0] [cxt 0] link_monitor.p4(382) Primitive (hdr.probe.isValid()) ? 0 : byte_cnt
[13:53:23.922] [bmv2] [T] [thread 40032] [7.0] [cxt 0] Applying table 'tbl_link_monitor383'
[13:53:23.922] [bmv2] [D] [thread 40032] [7.0] [cxt 0] Looking up key:

[13:53:23.922] [bmv2] [D] [thread 40032] [7.0] [cxt 0] Table 'tbl_link_monitor383': miss
[13:53:23.922] [bmv2] [D] [thread 40032] [7.0] [cxt 0] Action entry is link_monitor383 - 
[13:53:23.922] [bmv2] [T] [thread 40032] [7.0] [cxt 0] Action link_monitor383
[13:53:23.922] [bmv2] [T] [thread 40032] [7.0] [cxt 0] link_monitor.p4(383) Primitive (bit<32>)standard_metadata.egress_port
[13:53:23.922] [bmv2] [T] [thread 40032] [7.0] [cxt 0] link_monitor.p4(383) Primitive byte_cnt_reg.write((bit<32>)standard_metadata.egress_port, new_byte_cnt)
[13:53:23.922] [bmv2] [T] [thread 40032] [7.0] [cxt 0] Wrote register 'MyEgress.byte_cnt_reg' at index 0 with value 704
[13:53:23.922] [bmv2] [T] [thread 40032] [7.0] [cxt 0] link_monitor.p4(385) Condition "hdr.probe.isValid()" (node_16) is false
[13:53:23.922] [bmv2] [D] [thread 40032] [7.0] [cxt 0] Pipeline 'egress': end
[13:53:23.922] [bmv2] [D] [thread 40032] [7.0] [cxt 0] Deparser 'deparser': start
[13:53:23.922] [bmv2] [T] [thread 40032] [7.0] [cxt 0] Skipping checksum 'cksum' update because condition not met
[13:53:23.922] [bmv2] [D] [thread 40032] [7.0] [cxt 0] Deparsing header 'ethernet'
[13:53:23.922] [bmv2] [D] [thread 40032] [7.0] [cxt 0] Deparser 'deparser': end
[13:53:23.922] [bmv2] [D] [thread 40036] [7.0] [cxt 0] Transmitting packet of size 86 out of port 0
[13:53:24.148] [bmv2] [D] [thread 40031] [8.0] [cxt 0] Processing packet received on port 2
[13:53:24.148] [bmv2] [D] [thread 40031] [8.0] [cxt 0] Parser 'parser': start
[13:53:24.148] [bmv2] [D] [thread 40031] [8.0] [cxt 0] Parser 'parser' entering state 'start'
[13:53:24.148] [bmv2] [D] [thread 40031] [8.0] [cxt 0] Extracting header 'ethernet'
[13:53:24.148] [bmv2] [D] [thread 40031] [8.0] [cxt 0] Parser state 'start': key is 86dd
[13:53:24.148] [bmv2] [T] [thread 40031] [8.0] [cxt 0] Bytes parsed: 14
[13:53:24.148] [bmv2] [D] [thread 40031] [8.0] [cxt 0] Parser 'parser': end
[13:53:24.148] [bmv2] [D] [thread 40031] [8.0] [cxt 0] Pipeline 'ingress': start
[13:53:24.148] [bmv2] [T] [thread 40031] [8.0] [cxt 0] link_monitor.p4(333) Condition "hdr.tcp.isValid()" (node_2) is false
[13:53:24.148] [bmv2] [T] [thread 40031] [8.0] [cxt 0] link_monitor.p4(337) Condition "hdr.ipv4.isValid()" (node_5) is false
[13:53:24.148] [bmv2] [T] [thread 40031] [8.0] [cxt 0] link_monitor.p4(340) Condition "hdr.probe.isValid()" (node_7) is false
[13:53:24.148] [bmv2] [D] [thread 40031] [8.0] [cxt 0] Pipeline 'ingress': end
[13:53:24.148] [bmv2] [D] [thread 40031] [8.0] [cxt 0] Egress port is 0
[13:53:24.148] [bmv2] [D] [thread 40031] [9.0] [cxt 0] Processing packet received on port 3
[13:53:24.148] [bmv2] [D] [thread 40031] [9.0] [cxt 0] Parser 'parser': start
[13:53:24.148] [bmv2] [D] [thread 40031] [9.0] [cxt 0] Parser 'parser' entering state 'start'
[13:53:24.148] [bmv2] [D] [thread 40031] [9.0] [cxt 0] Extracting header 'ethernet'
[13:53:24.148] [bmv2] [D] [thread 40031] [9.0] [cxt 0] Parser state 'start': key is 86dd
[13:53:24.148] [bmv2] [T] [thread 40031] [9.0] [cxt 0] Bytes parsed: 14
[13:53:24.148] [bmv2] [D] [thread 40031] [9.0] [cxt 0] Parser 'parser': end
[13:53:24.148] [bmv2] [D] [thread 40031] [9.0] [cxt 0] Pipeline 'ingress': start
[13:53:24.148] [bmv2] [T] [thread 40031] [9.0] [cxt 0] link_monitor.p4(333) Condition "hdr.tcp.isValid()" (node_2) is false
[13:53:24.148] [bmv2] [T] [thread 40031] [9.0] [cxt 0] link_monitor.p4(337) Condition "hdr.ipv4.isValid()" (node_5) is false
[13:53:24.148] [bmv2] [T] [thread 40031] [9.0] [cxt 0] link_monitor.p4(340) Condition "hdr.probe.isValid()" (node_7) is false
[13:53:24.148] [bmv2] [D] [thread 40031] [9.0] [cxt 0] Pipeline 'ingress': end
[13:53:24.148] [bmv2] [D] [thread 40031] [9.0] [cxt 0] Egress port is 0
[13:53:24.148] [bmv2] [D] [thread 40031] [10.0] [cxt 0] Processing packet received on port 4
[13:53:24.148] [bmv2] [D] [thread 40031] [10.0] [cxt 0] Parser 'parser': start
[13:53:24.148] [bmv2] [D] [thread 40031] [10.0] [cxt 0] Parser 'parser' entering state 'start'
[13:53:24.148] [bmv2] [D] [thread 40031] [10.0] [cxt 0] Extracting header 'ethernet'
[13:53:24.148] [bmv2] [D] [thread 40031] [10.0] [cxt 0] Parser state 'start': key is 86dd
[13:53:24.148] [bmv2] [T] [thread 40031] [10.0] [cxt 0] Bytes parsed: 14
[13:53:24.148] [bmv2] [D] [thread 40031] [10.0] [cxt 0] Parser 'parser': end
[13:53:24.148] [bmv2] [D] [thread 40031] [10.0] [cxt 0] Pipeline 'ingress': start
[13:53:24.148] [bmv2] [T] [thread 40031] [10.0] [cxt 0] link_monitor.p4(333) Condition "hdr.tcp.isValid()" (node_2) is false
[13:53:24.148] [bmv2] [T] [thread 40031] [10.0] [cxt 0] link_monitor.p4(337) Condition "hdr.ipv4.isValid()" (node_5) is false
[13:53:24.148] [bmv2] [T] [thread 40031] [10.0] [cxt 0] link_monitor.p4(340) Condition "hdr.probe.isValid()" (node_7) is false
[13:53:24.148] [bmv2] [D] [thread 40031] [10.0] [cxt 0] Pipeline 'ingress': end
[13:53:24.148] [bmv2] [D] [thread 40031] [10.0] [cxt 0] Egress port is 0
[13:53:24.148] [bmv2] [D] [thread 40031] [11.0] [cxt 0] Processing packet received on port 2
[13:53:24.148] [bmv2] [D] [thread 40031] [11.0] [cxt 0] Parser 'parser': start
[13:53:24.148] [bmv2] [D] [thread 40031] [11.0] [cxt 0] Parser 'parser' entering state 'start'
[13:53:24.148] [bmv2] [D] [thread 40031] [11.0] [cxt 0] Extracting header 'ethernet'
[13:53:24.148] [bmv2] [D] [thread 40031] [11.0] [cxt 0] Parser state 'start': key is 86dd
[13:53:24.148] [bmv2] [T] [thread 40031] [11.0] [cxt 0] Bytes parsed: 14
[13:53:24.148] [bmv2] [D] [thread 40031] [11.0] [cxt 0] Parser 'parser': end
[13:53:24.148] [bmv2] [D] [thread 40031] [11.0] [cxt 0] Pipeline 'ingress': start
[13:53:24.148] [bmv2] [T] [thread 40031] [11.0] [cxt 0] link_monitor.p4(333) Condition "hdr.tcp.isValid()" (node_2) is false
[13:53:24.148] [bmv2] [T] [thread 40031] [11.0] [cxt 0] link_monitor.p4(337) Condition "hdr.ipv4.isValid()" (node_5) is false
[13:53:24.148] [bmv2] [T] [thread 40031] [11.0] [cxt 0] link_monitor.p4(340) Condition "hdr.probe.isValid()" (node_7) is false
[13:53:24.148] [bmv2] [D] [thread 40031] [11.0] [cxt 0] Pipeline 'ingress': end
[13:53:24.148] [bmv2] [D] [thread 40031] [11.0] [cxt 0] Egress port is 0
[13:53:24.148] [bmv2] [D] [thread 40032] [8.0] [cxt 0] Pipeline 'egress': start
[13:53:24.148] [bmv2] [T] [thread 40032] [8.0] [cxt 0] Applying table 'tbl_link_monitor379'
[13:53:24.148] [bmv2] [D] [thread 40032] [8.0] [cxt 0] Looking up key:

[13:53:24.148] [bmv2] [D] [thread 40032] [8.0] [cxt 0] Table 'tbl_link_monitor379': miss
[13:53:24.148] [bmv2] [D] [thread 40032] [8.0] [cxt 0] Action entry is link_monitor379 - 
[13:53:24.148] [bmv2] [T] [thread 40032] [8.0] [cxt 0] Action link_monitor379
[13:53:24.148] [bmv2] [T] [thread 40032] [8.0] [cxt 0] link_monitor.p4(379) Primitive (bit<32>)standard_metadata.egress_port
[13:53:24.148] [bmv2] [T] [thread 40032] [8.0] [cxt 0] link_monitor.p4(379) Primitive byte_cnt_reg.read(byte_cnt, (bit<32>)standard_metadata.egress_port)
[13:53:24.148] [bmv2] [T] [thread 40032] [8.0] [cxt 0] Read register 'MyEgress.byte_cnt_reg' at index 0 read value 704
[13:53:24.148] [bmv2] [T] [thread 40032] [8.0] [cxt 0] link_monitor.p4(380) Primitive byte_cnt = byte_cnt + standard_metadata.packet_length
[13:53:24.148] [bmv2] [T] [thread 40032] [8.0] [cxt 0] link_monitor.p4(382) Condition "hdr.probe.isValid()" (node_12) is false
[13:53:24.148] [bmv2] [T] [thread 40032] [8.0] [cxt 0] Applying table 'tbl_link_monitor382_0'
[13:53:24.148] [bmv2] [D] [thread 40032] [8.0] [cxt 0] Looking up key:

[13:53:24.148] [bmv2] [D] [thread 40032] [8.0] [cxt 0] Table 'tbl_link_monitor382_0': miss
[13:53:24.148] [bmv2] [D] [thread 40032] [8.0] [cxt 0] Action entry is link_monitor382_0 - 
[13:53:24.148] [bmv2] [T] [thread 40032] [8.0] [cxt 0] Action link_monitor382_0
[13:53:24.148] [bmv2] [T] [thread 40032] [8.0] [cxt 0] link_monitor.p4(382) Primitive (hdr.probe.isValid()) ? 0 : byte_cnt
[13:53:24.148] [bmv2] [T] [thread 40032] [8.0] [cxt 0] Applying table 'tbl_link_monitor383'
[13:53:24.148] [bmv2] [D] [thread 40032] [8.0] [cxt 0] Looking up key:

[13:53:24.148] [bmv2] [D] [thread 40032] [8.0] [cxt 0] Table 'tbl_link_monitor383': miss
[13:53:24.148] [bmv2] [D] [thread 40032] [8.0] [cxt 0] Action entry is link_monitor383 - 
[13:53:24.148] [bmv2] [T] [thread 40032] [8.0] [cxt 0] Action link_monitor383
[13:53:24.148] [bmv2] [T] [thread 40032] [8.0] [cxt 0] link_monitor.p4(383) Primitive (bit<32>)standard_metadata.egress_port
[13:53:24.148] [bmv2] [T] [thread 40032] [8.0] [cxt 0] link_monitor.p4(383) Primitive byte_cnt_reg.write((bit<32>)standard_metadata.egress_port, new_byte_cnt)
[13:53:24.148] [bmv2] [T] [thread 40032] [8.0] [cxt 0] Wrote register 'MyEgress.byte_cnt_reg' at index 0 with value 794
[13:53:24.148] [bmv2] [T] [thread 40032] [8.0] [cxt 0] link_monitor.p4(385) Condition "hdr.probe.isValid()" (node_16) is false
[13:53:24.148] [bmv2] [D] [thread 40032] [8.0] [cxt 0] Pipeline 'egress': end
[13:53:24.148] [bmv2] [D] [thread 40032] [8.0] [cxt 0] Deparser 'deparser': start
[13:53:24.148] [bmv2] [T] [thread 40032] [8.0] [cxt 0] Skipping checksum 'cksum' update because condition not met
[13:53:24.148] [bmv2] [D] [thread 40032] [8.0] [cxt 0] Deparsing header 'ethernet'
[13:53:24.148] [bmv2] [D] [thread 40032] [8.0] [cxt 0] Deparser 'deparser': end
[13:53:24.148] [bmv2] [D] [thread 40032] [9.0] [cxt 0] Pipeline 'egress': start
[13:53:24.148] [bmv2] [T] [thread 40032] [9.0] [cxt 0] Applying table 'tbl_link_monitor379'
[13:53:24.148] [bmv2] [D] [thread 40032] [9.0] [cxt 0] Looking up key:

[13:53:24.148] [bmv2] [D] [thread 40032] [9.0] [cxt 0] Table 'tbl_link_monitor379': miss
[13:53:24.148] [bmv2] [D] [thread 40032] [9.0] [cxt 0] Action entry is link_monitor379 - 
[13:53:24.148] [bmv2] [T] [thread 40032] [9.0] [cxt 0] Action link_monitor379
[13:53:24.148] [bmv2] [T] [thread 40032] [9.0] [cxt 0] link_monitor.p4(379) Primitive (bit<32>)standard_metadata.egress_port
[13:53:24.148] [bmv2] [T] [thread 40032] [9.0] [cxt 0] link_monitor.p4(379) Primitive byte_cnt_reg.read(byte_cnt, (bit<32>)standard_metadata.egress_port)
[13:53:24.148] [bmv2] [T] [thread 40032] [9.0] [cxt 0] Read register 'MyEgress.byte_cnt_reg' at index 0 read value 794
[13:53:24.148] [bmv2] [T] [thread 40032] [9.0] [cxt 0] link_monitor.p4(380) Primitive byte_cnt = byte_cnt + standard_metadata.packet_length
[13:53:24.148] [bmv2] [T] [thread 40032] [9.0] [cxt 0] link_monitor.p4(382) Condition "hdr.probe.isValid()" (node_12) is false
[13:53:24.148] [bmv2] [T] [thread 40032] [9.0] [cxt 0] Applying table 'tbl_link_monitor382_0'
[13:53:24.148] [bmv2] [D] [thread 40032] [9.0] [cxt 0] Looking up key:

[13:53:24.148] [bmv2] [D] [thread 40032] [9.0] [cxt 0] Table 'tbl_link_monitor382_0': miss
[13:53:24.148] [bmv2] [D] [thread 40032] [9.0] [cxt 0] Action entry is link_monitor382_0 - 
[13:53:24.148] [bmv2] [T] [thread 40032] [9.0] [cxt 0] Action link_monitor382_0
[13:53:24.148] [bmv2] [T] [thread 40032] [9.0] [cxt 0] link_monitor.p4(382) Primitive (hdr.probe.isValid()) ? 0 : byte_cnt
[13:53:24.148] [bmv2] [T] [thread 40032] [9.0] [cxt 0] Applying table 'tbl_link_monitor383'
[13:53:24.148] [bmv2] [D] [thread 40032] [9.0] [cxt 0] Looking up key:

[13:53:24.148] [bmv2] [D] [thread 40032] [9.0] [cxt 0] Table 'tbl_link_monitor383': miss
[13:53:24.148] [bmv2] [D] [thread 40032] [9.0] [cxt 0] Action entry is link_monitor383 - 
[13:53:24.148] [bmv2] [T] [thread 40032] [9.0] [cxt 0] Action link_monitor383
[13:53:24.148] [bmv2] [T] [thread 40032] [9.0] [cxt 0] link_monitor.p4(383) Primitive (bit<32>)standard_metadata.egress_port
[13:53:24.148] [bmv2] [T] [thread 40032] [9.0] [cxt 0] link_monitor.p4(383) Primitive byte_cnt_reg.write((bit<32>)standard_metadata.egress_port, new_byte_cnt)
[13:53:24.148] [bmv2] [T] [thread 40032] [9.0] [cxt 0] Wrote register 'MyEgress.byte_cnt_reg' at index 0 with value 884
[13:53:24.148] [bmv2] [T] [thread 40032] [9.0] [cxt 0] link_monitor.p4(385) Condition "hdr.probe.isValid()" (node_16) is false
[13:53:24.148] [bmv2] [D] [thread 40032] [9.0] [cxt 0] Pipeline 'egress': end
[13:53:24.148] [bmv2] [D] [thread 40032] [9.0] [cxt 0] Deparser 'deparser': start
[13:53:24.148] [bmv2] [T] [thread 40032] [9.0] [cxt 0] Skipping checksum 'cksum' update because condition not met
[13:53:24.148] [bmv2] [D] [thread 40032] [9.0] [cxt 0] Deparsing header 'ethernet'
[13:53:24.148] [bmv2] [D] [thread 40032] [9.0] [cxt 0] Deparser 'deparser': end
[13:53:24.148] [bmv2] [D] [thread 40032] [10.0] [cxt 0] Pipeline 'egress': start
[13:53:24.148] [bmv2] [T] [thread 40032] [10.0] [cxt 0] Applying table 'tbl_link_monitor379'
[13:53:24.148] [bmv2] [D] [thread 40032] [10.0] [cxt 0] Looking up key:

[13:53:24.148] [bmv2] [D] [thread 40032] [10.0] [cxt 0] Table 'tbl_link_monitor379': miss
[13:53:24.148] [bmv2] [D] [thread 40032] [10.0] [cxt 0] Action entry is link_monitor379 - 
[13:53:24.148] [bmv2] [T] [thread 40032] [10.0] [cxt 0] Action link_monitor379
[13:53:24.148] [bmv2] [T] [thread 40032] [10.0] [cxt 0] link_monitor.p4(379) Primitive (bit<32>)standard_metadata.egress_port
[13:53:24.148] [bmv2] [T] [thread 40032] [10.0] [cxt 0] link_monitor.p4(379) Primitive byte_cnt_reg.read(byte_cnt, (bit<32>)standard_metadata.egress_port)
[13:53:24.148] [bmv2] [T] [thread 40032] [10.0] [cxt 0] Read register 'MyEgress.byte_cnt_reg' at index 0 read value 884
[13:53:24.148] [bmv2] [T] [thread 40032] [10.0] [cxt 0] link_monitor.p4(380) Primitive byte_cnt = byte_cnt + standard_metadata.packet_length
[13:53:24.148] [bmv2] [T] [thread 40032] [10.0] [cxt 0] link_monitor.p4(382) Condition "hdr.probe.isValid()" (node_12) is false
[13:53:24.148] [bmv2] [T] [thread 40032] [10.0] [cxt 0] Applying table 'tbl_link_monitor382_0'
[13:53:24.148] [bmv2] [D] [thread 40032] [10.0] [cxt 0] Looking up key:

[13:53:24.148] [bmv2] [D] [thread 40032] [10.0] [cxt 0] Table 'tbl_link_monitor382_0': miss
[13:53:24.148] [bmv2] [D] [thread 40032] [10.0] [cxt 0] Action entry is link_monitor382_0 - 
[13:53:24.148] [bmv2] [T] [thread 40032] [10.0] [cxt 0] Action link_monitor382_0
[13:53:24.148] [bmv2] [T] [thread 40032] [10.0] [cxt 0] link_monitor.p4(382) Primitive (hdr.probe.isValid()) ? 0 : byte_cnt
[13:53:24.148] [bmv2] [T] [thread 40032] [10.0] [cxt 0] Applying table 'tbl_link_monitor383'
[13:53:24.148] [bmv2] [D] [thread 40032] [10.0] [cxt 0] Looking up key:

[13:53:24.148] [bmv2] [D] [thread 40032] [10.0] [cxt 0] Table 'tbl_link_monitor383': miss
[13:53:24.148] [bmv2] [D] [thread 40032] [10.0] [cxt 0] Action entry is link_monitor383 - 
[13:53:24.148] [bmv2] [T] [thread 40032] [10.0] [cxt 0] Action link_monitor383
[13:53:24.148] [bmv2] [T] [thread 40032] [10.0] [cxt 0] link_monitor.p4(383) Primitive (bit<32>)standard_metadata.egress_port
[13:53:24.148] [bmv2] [T] [thread 40032] [10.0] [cxt 0] link_monitor.p4(383) Primitive byte_cnt_reg.write((bit<32>)standard_metadata.egress_port, new_byte_cnt)
[13:53:24.148] [bmv2] [T] [thread 40032] [10.0] [cxt 0] Wrote register 'MyEgress.byte_cnt_reg' at index 0 with value 970
[13:53:24.148] [bmv2] [T] [thread 40032] [10.0] [cxt 0] link_monitor.p4(385) Condition "hdr.probe.isValid()" (node_16) is false
[13:53:24.148] [bmv2] [D] [thread 40032] [10.0] [cxt 0] Pipeline 'egress': end
[13:53:24.148] [bmv2] [D] [thread 40032] [10.0] [cxt 0] Deparser 'deparser': start
[13:53:24.148] [bmv2] [T] [thread 40032] [10.0] [cxt 0] Skipping checksum 'cksum' update because condition not met
[13:53:24.148] [bmv2] [D] [thread 40032] [10.0] [cxt 0] Deparsing header 'ethernet'
[13:53:24.148] [bmv2] [D] [thread 40032] [10.0] [cxt 0] Deparser 'deparser': end
[13:53:24.148] [bmv2] [D] [thread 40032] [11.0] [cxt 0] Pipeline 'egress': start
[13:53:24.148] [bmv2] [T] [thread 40032] [11.0] [cxt 0] Applying table 'tbl_link_monitor379'
[13:53:24.148] [bmv2] [D] [thread 40032] [11.0] [cxt 0] Looking up key:

[13:53:24.148] [bmv2] [D] [thread 40032] [11.0] [cxt 0] Table 'tbl_link_monitor379': miss
[13:53:24.148] [bmv2] [D] [thread 40032] [11.0] [cxt 0] Action entry is link_monitor379 - 
[13:53:24.148] [bmv2] [T] [thread 40032] [11.0] [cxt 0] Action link_monitor379
[13:53:24.148] [bmv2] [T] [thread 40032] [11.0] [cxt 0] link_monitor.p4(379) Primitive (bit<32>)standard_metadata.egress_port
[13:53:24.148] [bmv2] [T] [thread 40032] [11.0] [cxt 0] link_monitor.p4(379) Primitive byte_cnt_reg.read(byte_cnt, (bit<32>)standard_metadata.egress_port)
[13:53:24.148] [bmv2] [T] [thread 40032] [11.0] [cxt 0] Read register 'MyEgress.byte_cnt_reg' at index 0 read value 970
[13:53:24.148] [bmv2] [T] [thread 40032] [11.0] [cxt 0] link_monitor.p4(380) Primitive byte_cnt = byte_cnt + standard_metadata.packet_length
[13:53:24.148] [bmv2] [T] [thread 40032] [11.0] [cxt 0] link_monitor.p4(382) Condition "hdr.probe.isValid()" (node_12) is false
[13:53:24.148] [bmv2] [T] [thread 40032] [11.0] [cxt 0] Applying table 'tbl_link_monitor382_0'
[13:53:24.148] [bmv2] [D] [thread 40032] [11.0] [cxt 0] Looking up key:

[13:53:24.148] [bmv2] [D] [thread 40032] [11.0] [cxt 0] Table 'tbl_link_monitor382_0': miss
[13:53:24.148] [bmv2] [D] [thread 40032] [11.0] [cxt 0] Action entry is link_monitor382_0 - 
[13:53:24.148] [bmv2] [T] [thread 40032] [11.0] [cxt 0] Action link_monitor382_0
[13:53:24.148] [bmv2] [T] [thread 40032] [11.0] [cxt 0] link_monitor.p4(382) Primitive (hdr.probe.isValid()) ? 0 : byte_cnt
[13:53:24.148] [bmv2] [T] [thread 40032] [11.0] [cxt 0] Applying table 'tbl_link_monitor383'
[13:53:24.148] [bmv2] [D] [thread 40032] [11.0] [cxt 0] Looking up key:

[13:53:24.148] [bmv2] [D] [thread 40032] [11.0] [cxt 0] Table 'tbl_link_monitor383': miss
[13:53:24.148] [bmv2] [D] [thread 40032] [11.0] [cxt 0] Action entry is link_monitor383 - 
[13:53:24.148] [bmv2] [T] [thread 40032] [11.0] [cxt 0] Action link_monitor383
[13:53:24.148] [bmv2] [T] [thread 40032] [11.0] [cxt 0] link_monitor.p4(383) Primitive (bit<32>)standard_metadata.egress_port
[13:53:24.148] [bmv2] [T] [thread 40032] [11.0] [cxt 0] link_monitor.p4(383) Primitive byte_cnt_reg.write((bit<32>)standard_metadata.egress_port, new_byte_cnt)
[13:53:24.148] [bmv2] [T] [thread 40032] [11.0] [cxt 0] Wrote register 'MyEgress.byte_cnt_reg' at index 0 with value 1040
[13:53:24.148] [bmv2] [T] [thread 40032] [11.0] [cxt 0] link_monitor.p4(385) Condition "hdr.probe.isValid()" (node_16) is false
[13:53:24.148] [bmv2] [D] [thread 40032] [11.0] [cxt 0] Pipeline 'egress': end
[13:53:24.148] [bmv2] [D] [thread 40032] [11.0] [cxt 0] Deparser 'deparser': start
[13:53:24.148] [bmv2] [T] [thread 40032] [11.0] [cxt 0] Skipping checksum 'cksum' update because condition not met
[13:53:24.148] [bmv2] [D] [thread 40032] [11.0] [cxt 0] Deparsing header 'ethernet'
[13:53:24.148] [bmv2] [D] [thread 40032] [11.0] [cxt 0] Deparser 'deparser': end
[13:53:24.148] [bmv2] [D] [thread 40036] [8.0] [cxt 0] Transmitting packet of size 90 out of port 0
[13:53:24.148] [bmv2] [D] [thread 40036] [9.0] [cxt 0] Transmitting packet of size 90 out of port 0
[13:53:24.148] [bmv2] [D] [thread 40036] [10.0] [cxt 0] Transmitting packet of size 86 out of port 0
[13:53:24.148] [bmv2] [D] [thread 40036] [11.0] [cxt 0] Transmitting packet of size 70 out of port 0
[13:53:24.173] [bmv2] [D] [thread 40031] [12.0] [cxt 0] Processing packet received on port 2
[13:53:24.173] [bmv2] [D] [thread 40031] [12.0] [cxt 0] Parser 'parser': start
[13:53:24.173] [bmv2] [D] [thread 40031] [12.0] [cxt 0] Parser 'parser' entering state 'start'
[13:53:24.173] [bmv2] [D] [thread 40031] [12.0] [cxt 0] Extracting header 'ethernet'
[13:53:24.173] [bmv2] [D] [thread 40031] [12.0] [cxt 0] Parser state 'start': key is 86dd
[13:53:24.173] [bmv2] [T] [thread 40031] [12.0] [cxt 0] Bytes parsed: 14
[13:53:24.173] [bmv2] [D] [thread 40031] [12.0] [cxt 0] Parser 'parser': end
[13:53:24.173] [bmv2] [D] [thread 40031] [12.0] [cxt 0] Pipeline 'ingress': start
[13:53:24.173] [bmv2] [T] [thread 40031] [12.0] [cxt 0] link_monitor.p4(333) Condition "hdr.tcp.isValid()" (node_2) is false
[13:53:24.173] [bmv2] [T] [thread 40031] [12.0] [cxt 0] link_monitor.p4(337) Condition "hdr.ipv4.isValid()" (node_5) is false
[13:53:24.173] [bmv2] [T] [thread 40031] [12.0] [cxt 0] link_monitor.p4(340) Condition "hdr.probe.isValid()" (node_7) is false
[13:53:24.173] [bmv2] [D] [thread 40031] [12.0] [cxt 0] Pipeline 'ingress': end
[13:53:24.173] [bmv2] [D] [thread 40031] [12.0] [cxt 0] Egress port is 0
[13:53:24.173] [bmv2] [D] [thread 40032] [12.0] [cxt 0] Pipeline 'egress': start
[13:53:24.173] [bmv2] [T] [thread 40032] [12.0] [cxt 0] Applying table 'tbl_link_monitor379'
[13:53:24.173] [bmv2] [D] [thread 40032] [12.0] [cxt 0] Looking up key:

[13:53:24.173] [bmv2] [D] [thread 40032] [12.0] [cxt 0] Table 'tbl_link_monitor379': miss
[13:53:24.173] [bmv2] [D] [thread 40032] [12.0] [cxt 0] Action entry is link_monitor379 - 
[13:53:24.173] [bmv2] [T] [thread 40032] [12.0] [cxt 0] Action link_monitor379
[13:53:24.173] [bmv2] [T] [thread 40032] [12.0] [cxt 0] link_monitor.p4(379) Primitive (bit<32>)standard_metadata.egress_port
[13:53:24.173] [bmv2] [T] [thread 40032] [12.0] [cxt 0] link_monitor.p4(379) Primitive byte_cnt_reg.read(byte_cnt, (bit<32>)standard_metadata.egress_port)
[13:53:24.173] [bmv2] [T] [thread 40032] [12.0] [cxt 0] Read register 'MyEgress.byte_cnt_reg' at index 0 read value 1040
[13:53:24.173] [bmv2] [T] [thread 40032] [12.0] [cxt 0] link_monitor.p4(380) Primitive byte_cnt = byte_cnt + standard_metadata.packet_length
[13:53:24.173] [bmv2] [T] [thread 40032] [12.0] [cxt 0] link_monitor.p4(382) Condition "hdr.probe.isValid()" (node_12) is false
[13:53:24.173] [bmv2] [T] [thread 40032] [12.0] [cxt 0] Applying table 'tbl_link_monitor382_0'
[13:53:24.173] [bmv2] [D] [thread 40032] [12.0] [cxt 0] Looking up key:

[13:53:24.173] [bmv2] [D] [thread 40032] [12.0] [cxt 0] Table 'tbl_link_monitor382_0': miss
[13:53:24.173] [bmv2] [D] [thread 40032] [12.0] [cxt 0] Action entry is link_monitor382_0 - 
[13:53:24.173] [bmv2] [T] [thread 40032] [12.0] [cxt 0] Action link_monitor382_0
[13:53:24.173] [bmv2] [T] [thread 40032] [12.0] [cxt 0] link_monitor.p4(382) Primitive (hdr.probe.isValid()) ? 0 : byte_cnt
[13:53:24.173] [bmv2] [T] [thread 40032] [12.0] [cxt 0] Applying table 'tbl_link_monitor383'
[13:53:24.173] [bmv2] [D] [thread 40032] [12.0] [cxt 0] Looking up key:

[13:53:24.173] [bmv2] [D] [thread 40032] [12.0] [cxt 0] Table 'tbl_link_monitor383': miss
[13:53:24.173] [bmv2] [D] [thread 40032] [12.0] [cxt 0] Action entry is link_monitor383 - 
[13:53:24.173] [bmv2] [T] [thread 40032] [12.0] [cxt 0] Action link_monitor383
[13:53:24.173] [bmv2] [T] [thread 40032] [12.0] [cxt 0] link_monitor.p4(383) Primitive (bit<32>)standard_metadata.egress_port
[13:53:24.173] [bmv2] [T] [thread 40032] [12.0] [cxt 0] link_monitor.p4(383) Primitive byte_cnt_reg.write((bit<32>)standard_metadata.egress_port, new_byte_cnt)
[13:53:24.173] [bmv2] [T] [thread 40032] [12.0] [cxt 0] Wrote register 'MyEgress.byte_cnt_reg' at index 0 with value 1130
[13:53:24.173] [bmv2] [T] [thread 40032] [12.0] [cxt 0] link_monitor.p4(385) Condition "hdr.probe.isValid()" (node_16) is false
[13:53:24.173] [bmv2] [D] [thread 40032] [12.0] [cxt 0] Pipeline 'egress': end
[13:53:24.173] [bmv2] [D] [thread 40032] [12.0] [cxt 0] Deparser 'deparser': start
[13:53:24.173] [bmv2] [T] [thread 40032] [12.0] [cxt 0] Skipping checksum 'cksum' update because condition not met
[13:53:24.173] [bmv2] [D] [thread 40032] [12.0] [cxt 0] Deparsing header 'ethernet'
[13:53:24.173] [bmv2] [D] [thread 40032] [12.0] [cxt 0] Deparser 'deparser': end
[13:53:24.173] [bmv2] [D] [thread 40036] [12.0] [cxt 0] Transmitting packet of size 90 out of port 0
[13:53:24.754] [bmv2] [D] [thread 40031] [13.0] [cxt 0] Processing packet received on port 1
[13:53:24.754] [bmv2] [D] [thread 40031] [13.0] [cxt 0] Parser 'parser': start
[13:53:24.754] [bmv2] [D] [thread 40031] [13.0] [cxt 0] Parser 'parser' entering state 'start'
[13:53:24.754] [bmv2] [D] [thread 40031] [13.0] [cxt 0] Extracting header 'ethernet'
[13:53:24.754] [bmv2] [D] [thread 40031] [13.0] [cxt 0] Parser state 'start': key is 86dd
[13:53:24.754] [bmv2] [T] [thread 40031] [13.0] [cxt 0] Bytes parsed: 14
[13:53:24.754] [bmv2] [D] [thread 40031] [13.0] [cxt 0] Parser 'parser': end
[13:53:24.754] [bmv2] [D] [thread 40031] [13.0] [cxt 0] Pipeline 'ingress': start
[13:53:24.754] [bmv2] [T] [thread 40031] [13.0] [cxt 0] link_monitor.p4(333) Condition "hdr.tcp.isValid()" (node_2) is false
[13:53:24.754] [bmv2] [T] [thread 40031] [13.0] [cxt 0] link_monitor.p4(337) Condition "hdr.ipv4.isValid()" (node_5) is false
[13:53:24.754] [bmv2] [T] [thread 40031] [13.0] [cxt 0] link_monitor.p4(340) Condition "hdr.probe.isValid()" (node_7) is false
[13:53:24.754] [bmv2] [D] [thread 40031] [13.0] [cxt 0] Pipeline 'ingress': end
[13:53:24.754] [bmv2] [D] [thread 40031] [13.0] [cxt 0] Egress port is 0
[13:53:24.754] [bmv2] [D] [thread 40031] [14.0] [cxt 0] Processing packet received on port 1
[13:53:24.754] [bmv2] [D] [thread 40031] [14.0] [cxt 0] Parser 'parser': start
[13:53:24.754] [bmv2] [D] [thread 40031] [14.0] [cxt 0] Parser 'parser' entering state 'start'
[13:53:24.754] [bmv2] [D] [thread 40031] [14.0] [cxt 0] Extracting header 'ethernet'
[13:53:24.754] [bmv2] [D] [thread 40031] [14.0] [cxt 0] Parser state 'start': key is 86dd
[13:53:24.754] [bmv2] [T] [thread 40031] [14.0] [cxt 0] Bytes parsed: 14
[13:53:24.755] [bmv2] [D] [thread 40031] [14.0] [cxt 0] Parser 'parser': end
[13:53:24.755] [bmv2] [D] [thread 40031] [14.0] [cxt 0] Pipeline 'ingress': start
[13:53:24.755] [bmv2] [T] [thread 40031] [14.0] [cxt 0] link_monitor.p4(333) Condition "hdr.tcp.isValid()" (node_2) is false
[13:53:24.755] [bmv2] [T] [thread 40031] [14.0] [cxt 0] link_monitor.p4(337) Condition "hdr.ipv4.isValid()" (node_5) is false
[13:53:24.755] [bmv2] [T] [thread 40031] [14.0] [cxt 0] link_monitor.p4(340) Condition "hdr.probe.isValid()" (node_7) is false
[13:53:24.755] [bmv2] [D] [thread 40031] [14.0] [cxt 0] Pipeline 'ingress': end
[13:53:24.755] [bmv2] [D] [thread 40031] [14.0] [cxt 0] Egress port is 0
[13:53:24.755] [bmv2] [D] [thread 40032] [13.0] [cxt 0] Pipeline 'egress': start
[13:53:24.755] [bmv2] [T] [thread 40032] [13.0] [cxt 0] Applying table 'tbl_link_monitor379'
[13:53:24.755] [bmv2] [D] [thread 40032] [13.0] [cxt 0] Looking up key:

[13:53:24.755] [bmv2] [D] [thread 40032] [13.0] [cxt 0] Table 'tbl_link_monitor379': miss
[13:53:24.755] [bmv2] [D] [thread 40032] [13.0] [cxt 0] Action entry is link_monitor379 - 
[13:53:24.755] [bmv2] [T] [thread 40032] [13.0] [cxt 0] Action link_monitor379
[13:53:24.755] [bmv2] [T] [thread 40032] [13.0] [cxt 0] link_monitor.p4(379) Primitive (bit<32>)standard_metadata.egress_port
[13:53:24.755] [bmv2] [T] [thread 40032] [13.0] [cxt 0] link_monitor.p4(379) Primitive byte_cnt_reg.read(byte_cnt, (bit<32>)standard_metadata.egress_port)
[13:53:24.755] [bmv2] [T] [thread 40032] [13.0] [cxt 0] Read register 'MyEgress.byte_cnt_reg' at index 0 read value 1130
[13:53:24.755] [bmv2] [T] [thread 40032] [13.0] [cxt 0] link_monitor.p4(380) Primitive byte_cnt = byte_cnt + standard_metadata.packet_length
[13:53:24.755] [bmv2] [T] [thread 40032] [13.0] [cxt 0] link_monitor.p4(382) Condition "hdr.probe.isValid()" (node_12) is false
[13:53:24.755] [bmv2] [T] [thread 40032] [13.0] [cxt 0] Applying table 'tbl_link_monitor382_0'
[13:53:24.755] [bmv2] [D] [thread 40032] [13.0] [cxt 0] Looking up key:

[13:53:24.755] [bmv2] [D] [thread 40032] [13.0] [cxt 0] Table 'tbl_link_monitor382_0': miss
[13:53:24.755] [bmv2] [D] [thread 40032] [13.0] [cxt 0] Action entry is link_monitor382_0 - 
[13:53:24.755] [bmv2] [T] [thread 40032] [13.0] [cxt 0] Action link_monitor382_0
[13:53:24.755] [bmv2] [T] [thread 40032] [13.0] [cxt 0] link_monitor.p4(382) Primitive (hdr.probe.isValid()) ? 0 : byte_cnt
[13:53:24.755] [bmv2] [T] [thread 40032] [13.0] [cxt 0] Applying table 'tbl_link_monitor383'
[13:53:24.755] [bmv2] [D] [thread 40032] [13.0] [cxt 0] Looking up key:

[13:53:24.755] [bmv2] [D] [thread 40032] [13.0] [cxt 0] Table 'tbl_link_monitor383': miss
[13:53:24.755] [bmv2] [D] [thread 40032] [13.0] [cxt 0] Action entry is link_monitor383 - 
[13:53:24.755] [bmv2] [T] [thread 40032] [13.0] [cxt 0] Action link_monitor383
[13:53:24.755] [bmv2] [T] [thread 40032] [13.0] [cxt 0] link_monitor.p4(383) Primitive (bit<32>)standard_metadata.egress_port
[13:53:24.755] [bmv2] [T] [thread 40032] [13.0] [cxt 0] link_monitor.p4(383) Primitive byte_cnt_reg.write((bit<32>)standard_metadata.egress_port, new_byte_cnt)
[13:53:24.755] [bmv2] [T] [thread 40032] [13.0] [cxt 0] Wrote register 'MyEgress.byte_cnt_reg' at index 0 with value 1220
[13:53:24.755] [bmv2] [T] [thread 40032] [13.0] [cxt 0] link_monitor.p4(385) Condition "hdr.probe.isValid()" (node_16) is false
[13:53:24.755] [bmv2] [D] [thread 40032] [13.0] [cxt 0] Pipeline 'egress': end
[13:53:24.755] [bmv2] [D] [thread 40032] [13.0] [cxt 0] Deparser 'deparser': start
[13:53:24.755] [bmv2] [T] [thread 40032] [13.0] [cxt 0] Skipping checksum 'cksum' update because condition not met
[13:53:24.755] [bmv2] [D] [thread 40032] [13.0] [cxt 0] Deparsing header 'ethernet'
[13:53:24.755] [bmv2] [D] [thread 40032] [13.0] [cxt 0] Deparser 'deparser': end
[13:53:24.755] [bmv2] [D] [thread 40032] [14.0] [cxt 0] Pipeline 'egress': start
[13:53:24.755] [bmv2] [T] [thread 40032] [14.0] [cxt 0] Applying table 'tbl_link_monitor379'
[13:53:24.755] [bmv2] [D] [thread 40032] [14.0] [cxt 0] Looking up key:

[13:53:24.755] [bmv2] [D] [thread 40032] [14.0] [cxt 0] Table 'tbl_link_monitor379': miss
[13:53:24.755] [bmv2] [D] [thread 40032] [14.0] [cxt 0] Action entry is link_monitor379 - 
[13:53:24.755] [bmv2] [T] [thread 40032] [14.0] [cxt 0] Action link_monitor379
[13:53:24.755] [bmv2] [T] [thread 40032] [14.0] [cxt 0] link_monitor.p4(379) Primitive (bit<32>)standard_metadata.egress_port
[13:53:24.755] [bmv2] [T] [thread 40032] [14.0] [cxt 0] link_monitor.p4(379) Primitive byte_cnt_reg.read(byte_cnt, (bit<32>)standard_metadata.egress_port)
[13:53:24.755] [bmv2] [T] [thread 40032] [14.0] [cxt 0] Read register 'MyEgress.byte_cnt_reg' at index 0 read value 1220
[13:53:24.755] [bmv2] [T] [thread 40032] [14.0] [cxt 0] link_monitor.p4(380) Primitive byte_cnt = byte_cnt + standard_metadata.packet_length
[13:53:24.755] [bmv2] [T] [thread 40032] [14.0] [cxt 0] link_monitor.p4(382) Condition "hdr.probe.isValid()" (node_12) is false
[13:53:24.755] [bmv2] [T] [thread 40032] [14.0] [cxt 0] Applying table 'tbl_link_monitor382_0'
[13:53:24.755] [bmv2] [D] [thread 40032] [14.0] [cxt 0] Looking up key:

[13:53:24.755] [bmv2] [D] [thread 40032] [14.0] [cxt 0] Table 'tbl_link_monitor382_0': miss
[13:53:24.755] [bmv2] [D] [thread 40032] [14.0] [cxt 0] Action entry is link_monitor382_0 - 
[13:53:24.755] [bmv2] [T] [thread 40032] [14.0] [cxt 0] Action link_monitor382_0
[13:53:24.755] [bmv2] [T] [thread 40032] [14.0] [cxt 0] link_monitor.p4(382) Primitive (hdr.probe.isValid()) ? 0 : byte_cnt
[13:53:24.755] [bmv2] [T] [thread 40032] [14.0] [cxt 0] Applying table 'tbl_link_monitor383'
[13:53:24.755] [bmv2] [D] [thread 40032] [14.0] [cxt 0] Looking up key:

[13:53:24.755] [bmv2] [D] [thread 40032] [14.0] [cxt 0] Table 'tbl_link_monitor383': miss
[13:53:24.755] [bmv2] [D] [thread 40032] [14.0] [cxt 0] Action entry is link_monitor383 - 
[13:53:24.755] [bmv2] [T] [thread 40032] [14.0] [cxt 0] Action link_monitor383
[13:53:24.755] [bmv2] [T] [thread 40032] [14.0] [cxt 0] link_monitor.p4(383) Primitive (bit<32>)standard_metadata.egress_port
[13:53:24.755] [bmv2] [T] [thread 40032] [14.0] [cxt 0] link_monitor.p4(383) Primitive byte_cnt_reg.write((bit<32>)standard_metadata.egress_port, new_byte_cnt)
[13:53:24.755] [bmv2] [T] [thread 40032] [14.0] [cxt 0] Wrote register 'MyEgress.byte_cnt_reg' at index 0 with value 1290
[13:53:24.755] [bmv2] [T] [thread 40032] [14.0] [cxt 0] link_monitor.p4(385) Condition "hdr.probe.isValid()" (node_16) is false
[13:53:24.755] [bmv2] [D] [thread 40032] [14.0] [cxt 0] Pipeline 'egress': end
[13:53:24.755] [bmv2] [D] [thread 40032] [14.0] [cxt 0] Deparser 'deparser': start
[13:53:24.755] [bmv2] [T] [thread 40032] [14.0] [cxt 0] Skipping checksum 'cksum' update because condition not met
[13:53:24.755] [bmv2] [D] [thread 40032] [14.0] [cxt 0] Deparsing header 'ethernet'
[13:53:24.755] [bmv2] [D] [thread 40032] [14.0] [cxt 0] Deparser 'deparser': end
[13:53:24.755] [bmv2] [D] [thread 40036] [13.0] [cxt 0] Transmitting packet of size 90 out of port 0
[13:53:24.755] [bmv2] [D] [thread 40036] [14.0] [cxt 0] Transmitting packet of size 70 out of port 0
[13:53:24.791] [bmv2] [D] [thread 40031] [15.0] [cxt 0] Processing packet received on port 4
[13:53:24.791] [bmv2] [D] [thread 40031] [15.0] [cxt 0] Parser 'parser': start
[13:53:24.791] [bmv2] [D] [thread 40031] [15.0] [cxt 0] Parser 'parser' entering state 'start'
[13:53:24.791] [bmv2] [D] [thread 40031] [15.0] [cxt 0] Extracting header 'ethernet'
[13:53:24.791] [bmv2] [D] [thread 40031] [15.0] [cxt 0] Parser state 'start': key is 86dd
[13:53:24.791] [bmv2] [T] [thread 40031] [15.0] [cxt 0] Bytes parsed: 14
[13:53:24.791] [bmv2] [D] [thread 40031] [15.0] [cxt 0] Parser 'parser': end
[13:53:24.791] [bmv2] [D] [thread 40031] [15.0] [cxt 0] Pipeline 'ingress': start
[13:53:24.791] [bmv2] [T] [thread 40031] [15.0] [cxt 0] link_monitor.p4(333) Condition "hdr.tcp.isValid()" (node_2) is false
[13:53:24.791] [bmv2] [T] [thread 40031] [15.0] [cxt 0] link_monitor.p4(337) Condition "hdr.ipv4.isValid()" (node_5) is false
[13:53:24.791] [bmv2] [T] [thread 40031] [15.0] [cxt 0] link_monitor.p4(340) Condition "hdr.probe.isValid()" (node_7) is false
[13:53:24.791] [bmv2] [D] [thread 40031] [15.0] [cxt 0] Pipeline 'ingress': end
[13:53:24.791] [bmv2] [D] [thread 40031] [15.0] [cxt 0] Egress port is 0
[13:53:24.791] [bmv2] [D] [thread 40031] [16.0] [cxt 0] Processing packet received on port 4
[13:53:24.791] [bmv2] [D] [thread 40031] [16.0] [cxt 0] Parser 'parser': start
[13:53:24.791] [bmv2] [D] [thread 40031] [16.0] [cxt 0] Parser 'parser' entering state 'start'
[13:53:24.791] [bmv2] [D] [thread 40031] [16.0] [cxt 0] Extracting header 'ethernet'
[13:53:24.791] [bmv2] [D] [thread 40031] [16.0] [cxt 0] Parser state 'start': key is 86dd
[13:53:24.791] [bmv2] [T] [thread 40031] [16.0] [cxt 0] Bytes parsed: 14
[13:53:24.791] [bmv2] [D] [thread 40031] [16.0] [cxt 0] Parser 'parser': end
[13:53:24.791] [bmv2] [D] [thread 40031] [16.0] [cxt 0] Pipeline 'ingress': start
[13:53:24.791] [bmv2] [T] [thread 40031] [16.0] [cxt 0] link_monitor.p4(333) Condition "hdr.tcp.isValid()" (node_2) is false
[13:53:24.791] [bmv2] [D] [thread 40032] [15.0] [cxt 0] Pipeline 'egress': start
[13:53:24.791] [bmv2] [T] [thread 40032] [15.0] [cxt 0] Applying table 'tbl_link_monitor379'
[13:53:24.791] [bmv2] [D] [thread 40032] [15.0] [cxt 0] Looking up key:

[13:53:24.791] [bmv2] [D] [thread 40032] [15.0] [cxt 0] Table 'tbl_link_monitor379': miss
[13:53:24.791] [bmv2] [D] [thread 40032] [15.0] [cxt 0] Action entry is link_monitor379 - 
[13:53:24.791] [bmv2] [T] [thread 40032] [15.0] [cxt 0] Action link_monitor379
[13:53:24.791] [bmv2] [T] [thread 40032] [15.0] [cxt 0] link_monitor.p4(379) Primitive (bit<32>)standard_metadata.egress_port
[13:53:24.791] [bmv2] [T] [thread 40032] [15.0] [cxt 0] link_monitor.p4(379) Primitive byte_cnt_reg.read(byte_cnt, (bit<32>)standard_metadata.egress_port)
[13:53:24.791] [bmv2] [T] [thread 40032] [15.0] [cxt 0] Read register 'MyEgress.byte_cnt_reg' at index 0 read value 1290
[13:53:24.791] [bmv2] [T] [thread 40032] [15.0] [cxt 0] link_monitor.p4(380) Primitive byte_cnt = byte_cnt + standard_metadata.packet_length
[13:53:24.791] [bmv2] [T] [thread 40032] [15.0] [cxt 0] link_monitor.p4(382) Condition "hdr.probe.isValid()" (node_12) is false
[13:53:24.791] [bmv2] [T] [thread 40032] [15.0] [cxt 0] Applying table 'tbl_link_monitor382_0'
[13:53:24.791] [bmv2] [D] [thread 40032] [15.0] [cxt 0] Looking up key:

[13:53:24.791] [bmv2] [D] [thread 40032] [15.0] [cxt 0] Table 'tbl_link_monitor382_0': miss
[13:53:24.791] [bmv2] [D] [thread 40032] [15.0] [cxt 0] Action entry is link_monitor382_0 - 
[13:53:24.791] [bmv2] [T] [thread 40032] [15.0] [cxt 0] Action link_monitor382_0
[13:53:24.791] [bmv2] [T] [thread 40032] [15.0] [cxt 0] link_monitor.p4(382) Primitive (hdr.probe.isValid()) ? 0 : byte_cnt
[13:53:24.791] [bmv2] [T] [thread 40032] [15.0] [cxt 0] Applying table 'tbl_link_monitor383'
[13:53:24.791] [bmv2] [D] [thread 40032] [15.0] [cxt 0] Looking up key:

[13:53:24.791] [bmv2] [D] [thread 40032] [15.0] [cxt 0] Table 'tbl_link_monitor383': miss
[13:53:24.791] [bmv2] [D] [thread 40032] [15.0] [cxt 0] Action entry is link_monitor383 - 
[13:53:24.791] [bmv2] [T] [thread 40032] [15.0] [cxt 0] Action link_monitor383
[13:53:24.791] [bmv2] [T] [thread 40032] [15.0] [cxt 0] link_monitor.p4(383) Primitive (bit<32>)standard_metadata.egress_port
[13:53:24.791] [bmv2] [T] [thread 40032] [15.0] [cxt 0] link_monitor.p4(383) Primitive byte_cnt_reg.write((bit<32>)standard_metadata.egress_port, new_byte_cnt)
[13:53:24.791] [bmv2] [T] [thread 40032] [15.0] [cxt 0] Wrote register 'MyEgress.byte_cnt_reg' at index 0 with value 1380
[13:53:24.791] [bmv2] [T] [thread 40032] [15.0] [cxt 0] link_monitor.p4(385) Condition "hdr.probe.isValid()" (node_16) is false
[13:53:24.791] [bmv2] [D] [thread 40032] [15.0] [cxt 0] Pipeline 'egress': end
[13:53:24.791] [bmv2] [D] [thread 40032] [15.0] [cxt 0] Deparser 'deparser': start
[13:53:24.791] [bmv2] [T] [thread 40032] [15.0] [cxt 0] Skipping checksum 'cksum' update because condition not met
[13:53:24.791] [bmv2] [D] [thread 40032] [15.0] [cxt 0] Deparsing header 'ethernet'
[13:53:24.791] [bmv2] [D] [thread 40032] [15.0] [cxt 0] Deparser 'deparser': end
[13:53:24.791] [bmv2] [D] [thread 40036] [15.0] [cxt 0] Transmitting packet of size 90 out of port 0
[13:53:24.792] [bmv2] [T] [thread 40031] [16.0] [cxt 0] link_monitor.p4(337) Condition "hdr.ipv4.isValid()" (node_5) is false
[13:53:24.792] [bmv2] [T] [thread 40031] [16.0] [cxt 0] link_monitor.p4(340) Condition "hdr.probe.isValid()" (node_7) is false
[13:53:24.792] [bmv2] [D] [thread 40031] [16.0] [cxt 0] Pipeline 'ingress': end
[13:53:24.792] [bmv2] [D] [thread 40031] [16.0] [cxt 0] Egress port is 0
[13:53:24.792] [bmv2] [D] [thread 40032] [16.0] [cxt 0] Pipeline 'egress': start
[13:53:24.792] [bmv2] [T] [thread 40032] [16.0] [cxt 0] Applying table 'tbl_link_monitor379'
[13:53:24.792] [bmv2] [D] [thread 40032] [16.0] [cxt 0] Looking up key:

[13:53:24.792] [bmv2] [D] [thread 40032] [16.0] [cxt 0] Table 'tbl_link_monitor379': miss
[13:53:24.792] [bmv2] [D] [thread 40032] [16.0] [cxt 0] Action entry is link_monitor379 - 
[13:53:24.792] [bmv2] [T] [thread 40032] [16.0] [cxt 0] Action link_monitor379
[13:53:24.792] [bmv2] [T] [thread 40032] [16.0] [cxt 0] link_monitor.p4(379) Primitive (bit<32>)standard_metadata.egress_port
[13:53:24.792] [bmv2] [T] [thread 40032] [16.0] [cxt 0] link_monitor.p4(379) Primitive byte_cnt_reg.read(byte_cnt, (bit<32>)standard_metadata.egress_port)
[13:53:24.792] [bmv2] [T] [thread 40032] [16.0] [cxt 0] Read register 'MyEgress.byte_cnt_reg' at index 0 read value 1380
[13:53:24.792] [bmv2] [T] [thread 40032] [16.0] [cxt 0] link_monitor.p4(380) Primitive byte_cnt = byte_cnt + standard_metadata.packet_length
[13:53:24.792] [bmv2] [T] [thread 40032] [16.0] [cxt 0] link_monitor.p4(382) Condition "hdr.probe.isValid()" (node_12) is false
[13:53:24.792] [bmv2] [T] [thread 40032] [16.0] [cxt 0] Applying table 'tbl_link_monitor382_0'
[13:53:24.792] [bmv2] [D] [thread 40032] [16.0] [cxt 0] Looking up key:

[13:53:24.792] [bmv2] [D] [thread 40032] [16.0] [cxt 0] Table 'tbl_link_monitor382_0': miss
[13:53:24.792] [bmv2] [D] [thread 40032] [16.0] [cxt 0] Action entry is link_monitor382_0 - 
[13:53:24.792] [bmv2] [T] [thread 40032] [16.0] [cxt 0] Action link_monitor382_0
[13:53:24.792] [bmv2] [T] [thread 40032] [16.0] [cxt 0] link_monitor.p4(382) Primitive (hdr.probe.isValid()) ? 0 : byte_cnt
[13:53:24.792] [bmv2] [T] [thread 40032] [16.0] [cxt 0] Applying table 'tbl_link_monitor383'
[13:53:24.792] [bmv2] [D] [thread 40032] [16.0] [cxt 0] Looking up key:

[13:53:24.792] [bmv2] [D] [thread 40032] [16.0] [cxt 0] Table 'tbl_link_monitor383': miss
[13:53:24.792] [bmv2] [D] [thread 40032] [16.0] [cxt 0] Action entry is link_monitor383 - 
[13:53:24.792] [bmv2] [T] [thread 40032] [16.0] [cxt 0] Action link_monitor383
[13:53:24.792] [bmv2] [T] [thread 40032] [16.0] [cxt 0] link_monitor.p4(383) Primitive (bit<32>)standard_metadata.egress_port
[13:53:24.792] [bmv2] [T] [thread 40032] [16.0] [cxt 0] link_monitor.p4(383) Primitive byte_cnt_reg.write((bit<32>)standard_metadata.egress_port, new_byte_cnt)
[13:53:24.792] [bmv2] [T] [thread 40032] [16.0] [cxt 0] Wrote register 'MyEgress.byte_cnt_reg' at index 0 with value 1450
[13:53:24.792] [bmv2] [T] [thread 40032] [16.0] [cxt 0] link_monitor.p4(385) Condition "hdr.probe.isValid()" (node_16) is false
[13:53:24.792] [bmv2] [D] [thread 40032] [16.0] [cxt 0] Pipeline 'egress': end
[13:53:24.792] [bmv2] [D] [thread 40032] [16.0] [cxt 0] Deparser 'deparser': start
[13:53:24.792] [bmv2] [T] [thread 40032] [16.0] [cxt 0] Skipping checksum 'cksum' update because condition not met
[13:53:24.792] [bmv2] [D] [thread 40032] [16.0] [cxt 0] Deparsing header 'ethernet'
[13:53:24.792] [bmv2] [D] [thread 40032] [16.0] [cxt 0] Deparser 'deparser': end
[13:53:24.792] [bmv2] [D] [thread 40036] [16.0] [cxt 0] Transmitting packet of size 70 out of port 0
[13:53:24.883] [bmv2] [D] [thread 40031] [17.0] [cxt 0] Processing packet received on port 3
[13:53:24.883] [bmv2] [D] [thread 40031] [17.0] [cxt 0] Parser 'parser': start
[13:53:24.883] [bmv2] [D] [thread 40031] [17.0] [cxt 0] Parser 'parser' entering state 'start'
[13:53:24.883] [bmv2] [D] [thread 40031] [17.0] [cxt 0] Extracting header 'ethernet'
[13:53:24.883] [bmv2] [D] [thread 40031] [17.0] [cxt 0] Parser state 'start': key is 86dd
[13:53:24.883] [bmv2] [T] [thread 40031] [17.0] [cxt 0] Bytes parsed: 14
[13:53:24.883] [bmv2] [D] [thread 40031] [17.0] [cxt 0] Parser 'parser': end
[13:53:24.883] [bmv2] [D] [thread 40031] [17.0] [cxt 0] Pipeline 'ingress': start
[13:53:24.883] [bmv2] [T] [thread 40031] [17.0] [cxt 0] link_monitor.p4(333) Condition "hdr.tcp.isValid()" (node_2) is false
[13:53:24.883] [bmv2] [T] [thread 40031] [17.0] [cxt 0] link_monitor.p4(337) Condition "hdr.ipv4.isValid()" (node_5) is false
[13:53:24.883] [bmv2] [T] [thread 40031] [17.0] [cxt 0] link_monitor.p4(340) Condition "hdr.probe.isValid()" (node_7) is false
[13:53:24.883] [bmv2] [D] [thread 40031] [17.0] [cxt 0] Pipeline 'ingress': end
[13:53:24.883] [bmv2] [D] [thread 40031] [17.0] [cxt 0] Egress port is 0
[13:53:24.883] [bmv2] [D] [thread 40031] [18.0] [cxt 0] Processing packet received on port 3
[13:53:24.883] [bmv2] [D] [thread 40031] [18.0] [cxt 0] Parser 'parser': start
[13:53:24.883] [bmv2] [D] [thread 40031] [18.0] [cxt 0] Parser 'parser' entering state 'start'
[13:53:24.883] [bmv2] [D] [thread 40031] [18.0] [cxt 0] Extracting header 'ethernet'
[13:53:24.883] [bmv2] [D] [thread 40031] [18.0] [cxt 0] Parser state 'start': key is 86dd
[13:53:24.883] [bmv2] [T] [thread 40031] [18.0] [cxt 0] Bytes parsed: 14
[13:53:24.883] [bmv2] [D] [thread 40031] [18.0] [cxt 0] Parser 'parser': end
[13:53:24.883] [bmv2] [D] [thread 40031] [18.0] [cxt 0] Pipeline 'ingress': start
[13:53:24.883] [bmv2] [T] [thread 40031] [18.0] [cxt 0] link_monitor.p4(333) Condition "hdr.tcp.isValid()" (node_2) is false
[13:53:24.883] [bmv2] [T] [thread 40031] [18.0] [cxt 0] link_monitor.p4(337) Condition "hdr.ipv4.isValid()" (node_5) is false
[13:53:24.883] [bmv2] [T] [thread 40031] [18.0] [cxt 0] link_monitor.p4(340) Condition "hdr.probe.isValid()" (node_7) is false
[13:53:24.883] [bmv2] [D] [thread 40031] [18.0] [cxt 0] Pipeline 'ingress': end
[13:53:24.883] [bmv2] [D] [thread 40031] [18.0] [cxt 0] Egress port is 0
[13:53:24.884] [bmv2] [D] [thread 40032] [17.0] [cxt 0] Pipeline 'egress': start
[13:53:24.884] [bmv2] [T] [thread 40032] [17.0] [cxt 0] Applying table 'tbl_link_monitor379'
[13:53:24.884] [bmv2] [D] [thread 40032] [17.0] [cxt 0] Looking up key:

[13:53:24.884] [bmv2] [D] [thread 40032] [17.0] [cxt 0] Table 'tbl_link_monitor379': miss
[13:53:24.884] [bmv2] [D] [thread 40032] [17.0] [cxt 0] Action entry is link_monitor379 - 
[13:53:24.884] [bmv2] [T] [thread 40032] [17.0] [cxt 0] Action link_monitor379
[13:53:24.884] [bmv2] [T] [thread 40032] [17.0] [cxt 0] link_monitor.p4(379) Primitive (bit<32>)standard_metadata.egress_port
[13:53:24.884] [bmv2] [T] [thread 40032] [17.0] [cxt 0] link_monitor.p4(379) Primitive byte_cnt_reg.read(byte_cnt, (bit<32>)standard_metadata.egress_port)
[13:53:24.884] [bmv2] [T] [thread 40032] [17.0] [cxt 0] Read register 'MyEgress.byte_cnt_reg' at index 0 read value 1450
[13:53:24.884] [bmv2] [T] [thread 40032] [17.0] [cxt 0] link_monitor.p4(380) Primitive byte_cnt = byte_cnt + standard_metadata.packet_length
[13:53:24.884] [bmv2] [T] [thread 40032] [17.0] [cxt 0] link_monitor.p4(382) Condition "hdr.probe.isValid()" (node_12) is false
[13:53:24.884] [bmv2] [T] [thread 40032] [17.0] [cxt 0] Applying table 'tbl_link_monitor382_0'
[13:53:24.884] [bmv2] [D] [thread 40032] [17.0] [cxt 0] Looking up key:

[13:53:24.884] [bmv2] [D] [thread 40032] [17.0] [cxt 0] Table 'tbl_link_monitor382_0': miss
[13:53:24.884] [bmv2] [D] [thread 40032] [17.0] [cxt 0] Action entry is link_monitor382_0 - 
[13:53:24.884] [bmv2] [T] [thread 40032] [17.0] [cxt 0] Action link_monitor382_0
[13:53:24.884] [bmv2] [T] [thread 40032] [17.0] [cxt 0] link_monitor.p4(382) Primitive (hdr.probe.isValid()) ? 0 : byte_cnt
[13:53:24.884] [bmv2] [T] [thread 40032] [17.0] [cxt 0] Applying table 'tbl_link_monitor383'
[13:53:24.884] [bmv2] [D] [thread 40032] [17.0] [cxt 0] Looking up key:

[13:53:24.884] [bmv2] [D] [thread 40032] [17.0] [cxt 0] Table 'tbl_link_monitor383': miss
[13:53:24.884] [bmv2] [D] [thread 40032] [17.0] [cxt 0] Action entry is link_monitor383 - 
[13:53:24.884] [bmv2] [T] [thread 40032] [17.0] [cxt 0] Action link_monitor383
[13:53:24.884] [bmv2] [T] [thread 40032] [17.0] [cxt 0] link_monitor.p4(383) Primitive (bit<32>)standard_metadata.egress_port
[13:53:24.884] [bmv2] [T] [thread 40032] [17.0] [cxt 0] link_monitor.p4(383) Primitive byte_cnt_reg.write((bit<32>)standard_metadata.egress_port, new_byte_cnt)
[13:53:24.884] [bmv2] [T] [thread 40032] [17.0] [cxt 0] Wrote register 'MyEgress.byte_cnt_reg' at index 0 with value 1540
[13:53:24.884] [bmv2] [T] [thread 40032] [17.0] [cxt 0] link_monitor.p4(385) Condition "hdr.probe.isValid()" (node_16) is false
[13:53:24.884] [bmv2] [D] [thread 40032] [17.0] [cxt 0] Pipeline 'egress': end
[13:53:24.884] [bmv2] [D] [thread 40032] [17.0] [cxt 0] Deparser 'deparser': start
[13:53:24.884] [bmv2] [T] [thread 40032] [17.0] [cxt 0] Skipping checksum 'cksum' update because condition not met
[13:53:24.884] [bmv2] [D] [thread 40032] [17.0] [cxt 0] Deparsing header 'ethernet'
[13:53:24.884] [bmv2] [D] [thread 40032] [17.0] [cxt 0] Deparser 'deparser': end
[13:53:24.884] [bmv2] [D] [thread 40032] [18.0] [cxt 0] Pipeline 'egress': start
[13:53:24.884] [bmv2] [T] [thread 40032] [18.0] [cxt 0] Applying table 'tbl_link_monitor379'
[13:53:24.884] [bmv2] [D] [thread 40032] [18.0] [cxt 0] Looking up key:

[13:53:24.884] [bmv2] [D] [thread 40032] [18.0] [cxt 0] Table 'tbl_link_monitor379': miss
[13:53:24.884] [bmv2] [D] [thread 40032] [18.0] [cxt 0] Action entry is link_monitor379 - 
[13:53:24.884] [bmv2] [T] [thread 40032] [18.0] [cxt 0] Action link_monitor379
[13:53:24.884] [bmv2] [T] [thread 40032] [18.0] [cxt 0] link_monitor.p4(379) Primitive (bit<32>)standard_metadata.egress_port
[13:53:24.884] [bmv2] [T] [thread 40032] [18.0] [cxt 0] link_monitor.p4(379) Primitive byte_cnt_reg.read(byte_cnt, (bit<32>)standard_metadata.egress_port)
[13:53:24.884] [bmv2] [T] [thread 40032] [18.0] [cxt 0] Read register 'MyEgress.byte_cnt_reg' at index 0 read value 1540
[13:53:24.884] [bmv2] [T] [thread 40032] [18.0] [cxt 0] link_monitor.p4(380) Primitive byte_cnt = byte_cnt + standard_metadata.packet_length
[13:53:24.884] [bmv2] [T] [thread 40032] [18.0] [cxt 0] link_monitor.p4(382) Condition "hdr.probe.isValid()" (node_12) is false
[13:53:24.884] [bmv2] [T] [thread 40032] [18.0] [cxt 0] Applying table 'tbl_link_monitor382_0'
[13:53:24.884] [bmv2] [D] [thread 40032] [18.0] [cxt 0] Looking up key:

[13:53:24.884] [bmv2] [D] [thread 40032] [18.0] [cxt 0] Table 'tbl_link_monitor382_0': miss
[13:53:24.884] [bmv2] [D] [thread 40032] [18.0] [cxt 0] Action entry is link_monitor382_0 - 
[13:53:24.884] [bmv2] [T] [thread 40032] [18.0] [cxt 0] Action link_monitor382_0
[13:53:24.884] [bmv2] [T] [thread 40032] [18.0] [cxt 0] link_monitor.p4(382) Primitive (hdr.probe.isValid()) ? 0 : byte_cnt
[13:53:24.884] [bmv2] [T] [thread 40032] [18.0] [cxt 0] Applying table 'tbl_link_monitor383'
[13:53:24.884] [bmv2] [D] [thread 40032] [18.0] [cxt 0] Looking up key:

[13:53:24.884] [bmv2] [D] [thread 40032] [18.0] [cxt 0] Table 'tbl_link_monitor383': miss
[13:53:24.884] [bmv2] [D] [thread 40032] [18.0] [cxt 0] Action entry is link_monitor383 - 
[13:53:24.884] [bmv2] [T] [thread 40032] [18.0] [cxt 0] Action link_monitor383
[13:53:24.884] [bmv2] [T] [thread 40032] [18.0] [cxt 0] link_monitor.p4(383) Primitive (bit<32>)standard_metadata.egress_port
[13:53:24.884] [bmv2] [T] [thread 40032] [18.0] [cxt 0] link_monitor.p4(383) Primitive byte_cnt_reg.write((bit<32>)standard_metadata.egress_port, new_byte_cnt)
[13:53:24.884] [bmv2] [T] [thread 40032] [18.0] [cxt 0] Wrote register 'MyEgress.byte_cnt_reg' at index 0 with value 1610
[13:53:24.884] [bmv2] [T] [thread 40032] [18.0] [cxt 0] link_monitor.p4(385) Condition "hdr.probe.isValid()" (node_16) is false
[13:53:24.884] [bmv2] [D] [thread 40032] [18.0] [cxt 0] Pipeline 'egress': end
[13:53:24.884] [bmv2] [D] [thread 40032] [18.0] [cxt 0] Deparser 'deparser': start
[13:53:24.884] [bmv2] [T] [thread 40032] [18.0] [cxt 0] Skipping checksum 'cksum' update because condition not met
[13:53:24.884] [bmv2] [D] [thread 40032] [18.0] [cxt 0] Deparsing header 'ethernet'
[13:53:24.884] [bmv2] [D] [thread 40032] [18.0] [cxt 0] Deparser 'deparser': end
[13:53:24.884] [bmv2] [D] [thread 40036] [17.0] [cxt 0] Transmitting packet of size 90 out of port 0
[13:53:24.884] [bmv2] [D] [thread 40036] [18.0] [cxt 0] Transmitting packet of size 70 out of port 0
[13:53:24.958] [bmv2] [D] [thread 40031] [19.0] [cxt 0] Processing packet received on port 3
[13:53:24.958] [bmv2] [D] [thread 40031] [19.0] [cxt 0] Parser 'parser': start
[13:53:24.958] [bmv2] [D] [thread 40031] [19.0] [cxt 0] Parser 'parser' entering state 'start'
[13:53:24.958] [bmv2] [D] [thread 40031] [19.0] [cxt 0] Extracting header 'ethernet'
[13:53:24.958] [bmv2] [D] [thread 40031] [19.0] [cxt 0] Parser state 'start': key is 86dd
[13:53:24.958] [bmv2] [T] [thread 40031] [19.0] [cxt 0] Bytes parsed: 14
[13:53:24.958] [bmv2] [D] [thread 40031] [19.0] [cxt 0] Parser 'parser': end
[13:53:24.958] [bmv2] [D] [thread 40031] [19.0] [cxt 0] Pipeline 'ingress': start
[13:53:24.958] [bmv2] [T] [thread 40031] [19.0] [cxt 0] link_monitor.p4(333) Condition "hdr.tcp.isValid()" (node_2) is false
[13:53:24.958] [bmv2] [T] [thread 40031] [19.0] [cxt 0] link_monitor.p4(337) Condition "hdr.ipv4.isValid()" (node_5) is false
[13:53:24.958] [bmv2] [T] [thread 40031] [19.0] [cxt 0] link_monitor.p4(340) Condition "hdr.probe.isValid()" (node_7) is false
[13:53:24.958] [bmv2] [D] [thread 40031] [19.0] [cxt 0] Pipeline 'ingress': end
[13:53:24.958] [bmv2] [D] [thread 40031] [19.0] [cxt 0] Egress port is 0
[13:53:24.958] [bmv2] [D] [thread 40031] [20.0] [cxt 0] Processing packet received on port 3
[13:53:24.958] [bmv2] [D] [thread 40031] [20.0] [cxt 0] Parser 'parser': start
[13:53:24.958] [bmv2] [D] [thread 40031] [20.0] [cxt 0] Parser 'parser' entering state 'start'
[13:53:24.958] [bmv2] [D] [thread 40031] [20.0] [cxt 0] Extracting header 'ethernet'
[13:53:24.958] [bmv2] [D] [thread 40031] [20.0] [cxt 0] Parser state 'start': key is 86dd
[13:53:24.958] [bmv2] [T] [thread 40031] [20.0] [cxt 0] Bytes parsed: 14
[13:53:24.958] [bmv2] [D] [thread 40031] [20.0] [cxt 0] Parser 'parser': end
[13:53:24.958] [bmv2] [D] [thread 40031] [20.0] [cxt 0] Pipeline 'ingress': start
[13:53:24.958] [bmv2] [T] [thread 40031] [20.0] [cxt 0] link_monitor.p4(333) Condition "hdr.tcp.isValid()" (node_2) is false
[13:53:24.958] [bmv2] [T] [thread 40031] [20.0] [cxt 0] link_monitor.p4(337) Condition "hdr.ipv4.isValid()" (node_5) is false
[13:53:24.958] [bmv2] [T] [thread 40031] [20.0] [cxt 0] link_monitor.p4(340) Condition "hdr.probe.isValid()" (node_7) is false
[13:53:24.958] [bmv2] [D] [thread 40031] [20.0] [cxt 0] Pipeline 'ingress': end
[13:53:24.958] [bmv2] [D] [thread 40031] [20.0] [cxt 0] Egress port is 0
[13:53:24.958] [bmv2] [D] [thread 40032] [19.0] [cxt 0] Pipeline 'egress': start
[13:53:24.958] [bmv2] [T] [thread 40032] [19.0] [cxt 0] Applying table 'tbl_link_monitor379'
[13:53:24.958] [bmv2] [D] [thread 40032] [19.0] [cxt 0] Looking up key:

[13:53:24.958] [bmv2] [D] [thread 40032] [19.0] [cxt 0] Table 'tbl_link_monitor379': miss
[13:53:24.958] [bmv2] [D] [thread 40032] [19.0] [cxt 0] Action entry is link_monitor379 - 
[13:53:24.958] [bmv2] [T] [thread 40032] [19.0] [cxt 0] Action link_monitor379
[13:53:24.958] [bmv2] [T] [thread 40032] [19.0] [cxt 0] link_monitor.p4(379) Primitive (bit<32>)standard_metadata.egress_port
[13:53:24.958] [bmv2] [T] [thread 40032] [19.0] [cxt 0] link_monitor.p4(379) Primitive byte_cnt_reg.read(byte_cnt, (bit<32>)standard_metadata.egress_port)
[13:53:24.958] [bmv2] [T] [thread 40032] [19.0] [cxt 0] Read register 'MyEgress.byte_cnt_reg' at index 0 read value 1610
[13:53:24.958] [bmv2] [T] [thread 40032] [19.0] [cxt 0] link_monitor.p4(380) Primitive byte_cnt = byte_cnt + standard_metadata.packet_length
[13:53:24.958] [bmv2] [T] [thread 40032] [19.0] [cxt 0] link_monitor.p4(382) Condition "hdr.probe.isValid()" (node_12) is false
[13:53:24.958] [bmv2] [T] [thread 40032] [19.0] [cxt 0] Applying table 'tbl_link_monitor382_0'
[13:53:24.958] [bmv2] [D] [thread 40032] [19.0] [cxt 0] Looking up key:

[13:53:24.958] [bmv2] [D] [thread 40032] [19.0] [cxt 0] Table 'tbl_link_monitor382_0': miss
[13:53:24.958] [bmv2] [D] [thread 40032] [19.0] [cxt 0] Action entry is link_monitor382_0 - 
[13:53:24.958] [bmv2] [T] [thread 40032] [19.0] [cxt 0] Action link_monitor382_0
[13:53:24.958] [bmv2] [T] [thread 40032] [19.0] [cxt 0] link_monitor.p4(382) Primitive (hdr.probe.isValid()) ? 0 : byte_cnt
[13:53:24.958] [bmv2] [T] [thread 40032] [19.0] [cxt 0] Applying table 'tbl_link_monitor383'
[13:53:24.958] [bmv2] [D] [thread 40032] [19.0] [cxt 0] Looking up key:

[13:53:24.958] [bmv2] [D] [thread 40032] [19.0] [cxt 0] Table 'tbl_link_monitor383': miss
[13:53:24.958] [bmv2] [D] [thread 40032] [19.0] [cxt 0] Action entry is link_monitor383 - 
[13:53:24.958] [bmv2] [T] [thread 40032] [19.0] [cxt 0] Action link_monitor383
[13:53:24.958] [bmv2] [T] [thread 40032] [19.0] [cxt 0] link_monitor.p4(383) Primitive (bit<32>)standard_metadata.egress_port
[13:53:24.958] [bmv2] [T] [thread 40032] [19.0] [cxt 0] link_monitor.p4(383) Primitive byte_cnt_reg.write((bit<32>)standard_metadata.egress_port, new_byte_cnt)
[13:53:24.958] [bmv2] [T] [thread 40032] [19.0] [cxt 0] Wrote register 'MyEgress.byte_cnt_reg' at index 0 with value 1700
[13:53:24.958] [bmv2] [T] [thread 40032] [19.0] [cxt 0] link_monitor.p4(385) Condition "hdr.probe.isValid()" (node_16) is false
[13:53:24.958] [bmv2] [D] [thread 40032] [19.0] [cxt 0] Pipeline 'egress': end
[13:53:24.958] [bmv2] [D] [thread 40032] [19.0] [cxt 0] Deparser 'deparser': start
[13:53:24.958] [bmv2] [T] [thread 40032] [19.0] [cxt 0] Skipping checksum 'cksum' update because condition not met
[13:53:24.958] [bmv2] [D] [thread 40032] [19.0] [cxt 0] Deparsing header 'ethernet'
[13:53:24.958] [bmv2] [D] [thread 40032] [19.0] [cxt 0] Deparser 'deparser': end
[13:53:24.958] [bmv2] [D] [thread 40032] [20.0] [cxt 0] Pipeline 'egress': start
[13:53:24.958] [bmv2] [T] [thread 40032] [20.0] [cxt 0] Applying table 'tbl_link_monitor379'
[13:53:24.958] [bmv2] [D] [thread 40032] [20.0] [cxt 0] Looking up key:

[13:53:24.958] [bmv2] [D] [thread 40032] [20.0] [cxt 0] Table 'tbl_link_monitor379': miss
[13:53:24.958] [bmv2] [D] [thread 40032] [20.0] [cxt 0] Action entry is link_monitor379 - 
[13:53:24.958] [bmv2] [T] [thread 40032] [20.0] [cxt 0] Action link_monitor379
[13:53:24.958] [bmv2] [T] [thread 40032] [20.0] [cxt 0] link_monitor.p4(379) Primitive (bit<32>)standard_metadata.egress_port
[13:53:24.958] [bmv2] [T] [thread 40032] [20.0] [cxt 0] link_monitor.p4(379) Primitive byte_cnt_reg.read(byte_cnt, (bit<32>)standard_metadata.egress_port)
[13:53:24.958] [bmv2] [T] [thread 40032] [20.0] [cxt 0] Read register 'MyEgress.byte_cnt_reg' at index 0 read value 1700
[13:53:24.958] [bmv2] [T] [thread 40032] [20.0] [cxt 0] link_monitor.p4(380) Primitive byte_cnt = byte_cnt + standard_metadata.packet_length
[13:53:24.958] [bmv2] [T] [thread 40032] [20.0] [cxt 0] link_monitor.p4(382) Condition "hdr.probe.isValid()" (node_12) is false
[13:53:24.958] [bmv2] [T] [thread 40032] [20.0] [cxt 0] Applying table 'tbl_link_monitor382_0'
[13:53:24.958] [bmv2] [D] [thread 40032] [20.0] [cxt 0] Looking up key:

[13:53:24.958] [bmv2] [D] [thread 40032] [20.0] [cxt 0] Table 'tbl_link_monitor382_0': miss
[13:53:24.958] [bmv2] [D] [thread 40032] [20.0] [cxt 0] Action entry is link_monitor382_0 - 
[13:53:24.958] [bmv2] [T] [thread 40032] [20.0] [cxt 0] Action link_monitor382_0
[13:53:24.958] [bmv2] [T] [thread 40032] [20.0] [cxt 0] link_monitor.p4(382) Primitive (hdr.probe.isValid()) ? 0 : byte_cnt
[13:53:24.958] [bmv2] [T] [thread 40032] [20.0] [cxt 0] Applying table 'tbl_link_monitor383'
[13:53:24.958] [bmv2] [D] [thread 40032] [20.0] [cxt 0] Looking up key:

[13:53:24.958] [bmv2] [D] [thread 40032] [20.0] [cxt 0] Table 'tbl_link_monitor383': miss
[13:53:24.958] [bmv2] [D] [thread 40032] [20.0] [cxt 0] Action entry is link_monitor383 - 
[13:53:24.958] [bmv2] [T] [thread 40032] [20.0] [cxt 0] Action link_monitor383
[13:53:24.958] [bmv2] [T] [thread 40032] [20.0] [cxt 0] link_monitor.p4(383) Primitive (bit<32>)standard_metadata.egress_port
[13:53:24.958] [bmv2] [T] [thread 40032] [20.0] [cxt 0] link_monitor.p4(383) Primitive byte_cnt_reg.write((bit<32>)standard_metadata.egress_port, new_byte_cnt)
[13:53:24.958] [bmv2] [T] [thread 40032] [20.0] [cxt 0] Wrote register 'MyEgress.byte_cnt_reg' at index 0 with value 1770
[13:53:24.958] [bmv2] [T] [thread 40032] [20.0] [cxt 0] link_monitor.p4(385) Condition "hdr.probe.isValid()" (node_16) is false
[13:53:24.958] [bmv2] [D] [thread 40032] [20.0] [cxt 0] Pipeline 'egress': end
[13:53:24.958] [bmv2] [D] [thread 40032] [20.0] [cxt 0] Deparser 'deparser': start
[13:53:24.958] [bmv2] [T] [thread 40032] [20.0] [cxt 0] Skipping checksum 'cksum' update because condition not met
[13:53:24.958] [bmv2] [D] [thread 40032] [20.0] [cxt 0] Deparsing header 'ethernet'
[13:53:24.958] [bmv2] [D] [thread 40032] [20.0] [cxt 0] Deparser 'deparser': end
[13:53:24.959] [bmv2] [D] [thread 40036] [19.0] [cxt 0] Transmitting packet of size 90 out of port 0
[13:53:24.959] [bmv2] [D] [thread 40036] [20.0] [cxt 0] Transmitting packet of size 70 out of port 0
[13:53:24.994] [bmv2] [D] [thread 40031] [21.0] [cxt 0] Processing packet received on port 4
[13:53:24.994] [bmv2] [D] [thread 40031] [21.0] [cxt 0] Parser 'parser': start
[13:53:24.994] [bmv2] [D] [thread 40031] [21.0] [cxt 0] Parser 'parser' entering state 'start'
[13:53:24.994] [bmv2] [D] [thread 40031] [21.0] [cxt 0] Extracting header 'ethernet'
[13:53:24.994] [bmv2] [D] [thread 40031] [21.0] [cxt 0] Parser state 'start': key is 86dd
[13:53:24.994] [bmv2] [T] [thread 40031] [21.0] [cxt 0] Bytes parsed: 14
[13:53:24.994] [bmv2] [D] [thread 40031] [21.0] [cxt 0] Parser 'parser': end
[13:53:24.994] [bmv2] [D] [thread 40031] [21.0] [cxt 0] Pipeline 'ingress': start
[13:53:24.994] [bmv2] [T] [thread 40031] [21.0] [cxt 0] link_monitor.p4(333) Condition "hdr.tcp.isValid()" (node_2) is false
[13:53:24.994] [bmv2] [T] [thread 40031] [21.0] [cxt 0] link_monitor.p4(337) Condition "hdr.ipv4.isValid()" (node_5) is false
[13:53:24.994] [bmv2] [T] [thread 40031] [21.0] [cxt 0] link_monitor.p4(340) Condition "hdr.probe.isValid()" (node_7) is false
[13:53:24.994] [bmv2] [D] [thread 40031] [21.0] [cxt 0] Pipeline 'ingress': end
[13:53:24.994] [bmv2] [D] [thread 40031] [21.0] [cxt 0] Egress port is 0
[13:53:24.994] [bmv2] [D] [thread 40032] [21.0] [cxt 0] Pipeline 'egress': start
[13:53:24.994] [bmv2] [T] [thread 40032] [21.0] [cxt 0] Applying table 'tbl_link_monitor379'
[13:53:24.994] [bmv2] [D] [thread 40032] [21.0] [cxt 0] Looking up key:

[13:53:24.994] [bmv2] [D] [thread 40032] [21.0] [cxt 0] Table 'tbl_link_monitor379': miss
[13:53:24.994] [bmv2] [D] [thread 40032] [21.0] [cxt 0] Action entry is link_monitor379 - 
[13:53:24.994] [bmv2] [T] [thread 40032] [21.0] [cxt 0] Action link_monitor379
[13:53:24.994] [bmv2] [T] [thread 40032] [21.0] [cxt 0] link_monitor.p4(379) Primitive (bit<32>)standard_metadata.egress_port
[13:53:24.994] [bmv2] [T] [thread 40032] [21.0] [cxt 0] link_monitor.p4(379) Primitive byte_cnt_reg.read(byte_cnt, (bit<32>)standard_metadata.egress_port)
[13:53:24.994] [bmv2] [T] [thread 40032] [21.0] [cxt 0] Read register 'MyEgress.byte_cnt_reg' at index 0 read value 1770
[13:53:24.994] [bmv2] [T] [thread 40032] [21.0] [cxt 0] link_monitor.p4(380) Primitive byte_cnt = byte_cnt + standard_metadata.packet_length
[13:53:24.994] [bmv2] [T] [thread 40032] [21.0] [cxt 0] link_monitor.p4(382) Condition "hdr.probe.isValid()" (node_12) is false
[13:53:24.994] [bmv2] [T] [thread 40032] [21.0] [cxt 0] Applying table 'tbl_link_monitor382_0'
[13:53:24.994] [bmv2] [D] [thread 40032] [21.0] [cxt 0] Looking up key:

[13:53:24.994] [bmv2] [D] [thread 40032] [21.0] [cxt 0] Table 'tbl_link_monitor382_0': miss
[13:53:24.994] [bmv2] [D] [thread 40032] [21.0] [cxt 0] Action entry is link_monitor382_0 - 
[13:53:24.994] [bmv2] [T] [thread 40032] [21.0] [cxt 0] Action link_monitor382_0
[13:53:24.994] [bmv2] [T] [thread 40032] [21.0] [cxt 0] link_monitor.p4(382) Primitive (hdr.probe.isValid()) ? 0 : byte_cnt
[13:53:24.994] [bmv2] [T] [thread 40032] [21.0] [cxt 0] Applying table 'tbl_link_monitor383'
[13:53:24.994] [bmv2] [D] [thread 40032] [21.0] [cxt 0] Looking up key:

[13:53:24.994] [bmv2] [D] [thread 40032] [21.0] [cxt 0] Table 'tbl_link_monitor383': miss
[13:53:24.994] [bmv2] [D] [thread 40032] [21.0] [cxt 0] Action entry is link_monitor383 - 
[13:53:24.994] [bmv2] [T] [thread 40032] [21.0] [cxt 0] Action link_monitor383
[13:53:24.994] [bmv2] [T] [thread 40032] [21.0] [cxt 0] link_monitor.p4(383) Primitive (bit<32>)standard_metadata.egress_port
[13:53:24.994] [bmv2] [T] [thread 40032] [21.0] [cxt 0] link_monitor.p4(383) Primitive byte_cnt_reg.write((bit<32>)standard_metadata.egress_port, new_byte_cnt)
[13:53:24.994] [bmv2] [T] [thread 40032] [21.0] [cxt 0] Wrote register 'MyEgress.byte_cnt_reg' at index 0 with value 1860
[13:53:24.994] [bmv2] [T] [thread 40032] [21.0] [cxt 0] link_monitor.p4(385) Condition "hdr.probe.isValid()" (node_16) is false
[13:53:24.994] [bmv2] [D] [thread 40032] [21.0] [cxt 0] Pipeline 'egress': end
[13:53:24.994] [bmv2] [D] [thread 40032] [21.0] [cxt 0] Deparser 'deparser': start
[13:53:24.994] [bmv2] [T] [thread 40032] [21.0] [cxt 0] Skipping checksum 'cksum' update because condition not met
[13:53:24.994] [bmv2] [D] [thread 40032] [21.0] [cxt 0] Deparsing header 'ethernet'
[13:53:24.994] [bmv2] [D] [thread 40032] [21.0] [cxt 0] Deparser 'deparser': end
[13:53:24.994] [bmv2] [D] [thread 40036] [21.0] [cxt 0] Transmitting packet of size 90 out of port 0
[13:53:25.149] [bmv2] [D] [thread 40031] [22.0] [cxt 0] Processing packet received on port 3
[13:53:25.149] [bmv2] [D] [thread 40031] [22.0] [cxt 0] Parser 'parser': start
[13:53:25.149] [bmv2] [D] [thread 40031] [22.0] [cxt 0] Parser 'parser' entering state 'start'
[13:53:25.149] [bmv2] [D] [thread 40031] [22.0] [cxt 0] Extracting header 'ethernet'
[13:53:25.149] [bmv2] [D] [thread 40031] [22.0] [cxt 0] Parser state 'start': key is 86dd
[13:53:25.149] [bmv2] [T] [thread 40031] [22.0] [cxt 0] Bytes parsed: 14
[13:53:25.149] [bmv2] [D] [thread 40031] [22.0] [cxt 0] Parser 'parser': end
[13:53:25.149] [bmv2] [D] [thread 40031] [22.0] [cxt 0] Pipeline 'ingress': start
[13:53:25.149] [bmv2] [T] [thread 40031] [22.0] [cxt 0] link_monitor.p4(333) Condition "hdr.tcp.isValid()" (node_2) is false
[13:53:25.149] [bmv2] [T] [thread 40031] [22.0] [cxt 0] link_monitor.p4(337) Condition "hdr.ipv4.isValid()" (node_5) is false
[13:53:25.149] [bmv2] [T] [thread 40031] [22.0] [cxt 0] link_monitor.p4(340) Condition "hdr.probe.isValid()" (node_7) is false
[13:53:25.149] [bmv2] [D] [thread 40031] [22.0] [cxt 0] Pipeline 'ingress': end
[13:53:25.149] [bmv2] [D] [thread 40031] [22.0] [cxt 0] Egress port is 0
[13:53:25.149] [bmv2] [D] [thread 40032] [22.0] [cxt 0] Pipeline 'egress': start
[13:53:25.149] [bmv2] [T] [thread 40032] [22.0] [cxt 0] Applying table 'tbl_link_monitor379'
[13:53:25.149] [bmv2] [D] [thread 40032] [22.0] [cxt 0] Looking up key:

[13:53:25.149] [bmv2] [D] [thread 40032] [22.0] [cxt 0] Table 'tbl_link_monitor379': miss
[13:53:25.149] [bmv2] [D] [thread 40032] [22.0] [cxt 0] Action entry is link_monitor379 - 
[13:53:25.149] [bmv2] [T] [thread 40032] [22.0] [cxt 0] Action link_monitor379
[13:53:25.149] [bmv2] [T] [thread 40032] [22.0] [cxt 0] link_monitor.p4(379) Primitive (bit<32>)standard_metadata.egress_port
[13:53:25.149] [bmv2] [T] [thread 40032] [22.0] [cxt 0] link_monitor.p4(379) Primitive byte_cnt_reg.read(byte_cnt, (bit<32>)standard_metadata.egress_port)
[13:53:25.149] [bmv2] [T] [thread 40032] [22.0] [cxt 0] Read register 'MyEgress.byte_cnt_reg' at index 0 read value 1860
[13:53:25.149] [bmv2] [T] [thread 40032] [22.0] [cxt 0] link_monitor.p4(380) Primitive byte_cnt = byte_cnt + standard_metadata.packet_length
[13:53:25.149] [bmv2] [T] [thread 40032] [22.0] [cxt 0] link_monitor.p4(382) Condition "hdr.probe.isValid()" (node_12) is false
[13:53:25.149] [bmv2] [T] [thread 40032] [22.0] [cxt 0] Applying table 'tbl_link_monitor382_0'
[13:53:25.149] [bmv2] [D] [thread 40032] [22.0] [cxt 0] Looking up key:

[13:53:25.150] [bmv2] [D] [thread 40032] [22.0] [cxt 0] Table 'tbl_link_monitor382_0': miss
[13:53:25.150] [bmv2] [D] [thread 40032] [22.0] [cxt 0] Action entry is link_monitor382_0 - 
[13:53:25.150] [bmv2] [T] [thread 40032] [22.0] [cxt 0] Action link_monitor382_0
[13:53:25.150] [bmv2] [T] [thread 40032] [22.0] [cxt 0] link_monitor.p4(382) Primitive (hdr.probe.isValid()) ? 0 : byte_cnt
[13:53:25.150] [bmv2] [T] [thread 40032] [22.0] [cxt 0] Applying table 'tbl_link_monitor383'
[13:53:25.150] [bmv2] [D] [thread 40032] [22.0] [cxt 0] Looking up key:

[13:53:25.150] [bmv2] [D] [thread 40032] [22.0] [cxt 0] Table 'tbl_link_monitor383': miss
[13:53:25.150] [bmv2] [D] [thread 40032] [22.0] [cxt 0] Action entry is link_monitor383 - 
[13:53:25.150] [bmv2] [T] [thread 40032] [22.0] [cxt 0] Action link_monitor383
[13:53:25.150] [bmv2] [T] [thread 40032] [22.0] [cxt 0] link_monitor.p4(383) Primitive (bit<32>)standard_metadata.egress_port
[13:53:25.150] [bmv2] [T] [thread 40032] [22.0] [cxt 0] link_monitor.p4(383) Primitive byte_cnt_reg.write((bit<32>)standard_metadata.egress_port, new_byte_cnt)
[13:53:25.150] [bmv2] [T] [thread 40032] [22.0] [cxt 0] Wrote register 'MyEgress.byte_cnt_reg' at index 0 with value 1950
[13:53:25.150] [bmv2] [T] [thread 40032] [22.0] [cxt 0] link_monitor.p4(385) Condition "hdr.probe.isValid()" (node_16) is false
[13:53:25.150] [bmv2] [D] [thread 40032] [22.0] [cxt 0] Pipeline 'egress': end
[13:53:25.150] [bmv2] [D] [thread 40032] [22.0] [cxt 0] Deparser 'deparser': start
[13:53:25.150] [bmv2] [T] [thread 40032] [22.0] [cxt 0] Skipping checksum 'cksum' update because condition not met
[13:53:25.150] [bmv2] [D] [thread 40032] [22.0] [cxt 0] Deparsing header 'ethernet'
[13:53:25.150] [bmv2] [D] [thread 40032] [22.0] [cxt 0] Deparser 'deparser': end
[13:53:25.150] [bmv2] [D] [thread 40036] [22.0] [cxt 0] Transmitting packet of size 90 out of port 0
[13:53:25.171] [bmv2] [D] [thread 40031] [23.0] [cxt 0] Processing packet received on port 4
[13:53:25.171] [bmv2] [D] [thread 40031] [23.0] [cxt 0] Parser 'parser': start
[13:53:25.171] [bmv2] [D] [thread 40031] [23.0] [cxt 0] Parser 'parser' entering state 'start'
[13:53:25.171] [bmv2] [D] [thread 40031] [23.0] [cxt 0] Extracting header 'ethernet'
[13:53:25.171] [bmv2] [D] [thread 40031] [23.0] [cxt 0] Parser state 'start': key is 86dd
[13:53:25.171] [bmv2] [T] [thread 40031] [23.0] [cxt 0] Bytes parsed: 14
[13:53:25.171] [bmv2] [D] [thread 40031] [23.0] [cxt 0] Parser 'parser': end
[13:53:25.171] [bmv2] [D] [thread 40031] [23.0] [cxt 0] Pipeline 'ingress': start
[13:53:25.171] [bmv2] [T] [thread 40031] [23.0] [cxt 0] link_monitor.p4(333) Condition "hdr.tcp.isValid()" (node_2) is false
[13:53:25.171] [bmv2] [T] [thread 40031] [23.0] [cxt 0] link_monitor.p4(337) Condition "hdr.ipv4.isValid()" (node_5) is false
[13:53:25.171] [bmv2] [T] [thread 40031] [23.0] [cxt 0] link_monitor.p4(340) Condition "hdr.probe.isValid()" (node_7) is false
[13:53:25.171] [bmv2] [D] [thread 40031] [23.0] [cxt 0] Pipeline 'ingress': end
[13:53:25.171] [bmv2] [D] [thread 40031] [23.0] [cxt 0] Egress port is 0
[13:53:25.171] [bmv2] [D] [thread 40031] [24.0] [cxt 0] Processing packet received on port 4
[13:53:25.171] [bmv2] [D] [thread 40031] [24.0] [cxt 0] Parser 'parser': start
[13:53:25.171] [bmv2] [D] [thread 40031] [24.0] [cxt 0] Parser 'parser' entering state 'start'
[13:53:25.171] [bmv2] [D] [thread 40031] [24.0] [cxt 0] Extracting header 'ethernet'
[13:53:25.171] [bmv2] [D] [thread 40031] [24.0] [cxt 0] Parser state 'start': key is 86dd
[13:53:25.171] [bmv2] [T] [thread 40031] [24.0] [cxt 0] Bytes parsed: 14
[13:53:25.171] [bmv2] [D] [thread 40031] [24.0] [cxt 0] Parser 'parser': end
[13:53:25.171] [bmv2] [D] [thread 40031] [24.0] [cxt 0] Pipeline 'ingress': start
[13:53:25.171] [bmv2] [T] [thread 40031] [24.0] [cxt 0] link_monitor.p4(333) Condition "hdr.tcp.isValid()" (node_2) is false
[13:53:25.171] [bmv2] [T] [thread 40031] [24.0] [cxt 0] link_monitor.p4(337) Condition "hdr.ipv4.isValid()" (node_5) is false
[13:53:25.171] [bmv2] [T] [thread 40031] [24.0] [cxt 0] link_monitor.p4(340) Condition "hdr.probe.isValid()" (node_7) is false
[13:53:25.171] [bmv2] [D] [thread 40031] [24.0] [cxt 0] Pipeline 'ingress': end
[13:53:25.171] [bmv2] [D] [thread 40031] [24.0] [cxt 0] Egress port is 0
[13:53:25.171] [bmv2] [D] [thread 40032] [23.0] [cxt 0] Pipeline 'egress': start
[13:53:25.171] [bmv2] [T] [thread 40032] [23.0] [cxt 0] Applying table 'tbl_link_monitor379'
[13:53:25.171] [bmv2] [D] [thread 40032] [23.0] [cxt 0] Looking up key:

[13:53:25.171] [bmv2] [D] [thread 40032] [23.0] [cxt 0] Table 'tbl_link_monitor379': miss
[13:53:25.171] [bmv2] [D] [thread 40032] [23.0] [cxt 0] Action entry is link_monitor379 - 
[13:53:25.171] [bmv2] [T] [thread 40032] [23.0] [cxt 0] Action link_monitor379
[13:53:25.171] [bmv2] [T] [thread 40032] [23.0] [cxt 0] link_monitor.p4(379) Primitive (bit<32>)standard_metadata.egress_port
[13:53:25.171] [bmv2] [T] [thread 40032] [23.0] [cxt 0] link_monitor.p4(379) Primitive byte_cnt_reg.read(byte_cnt, (bit<32>)standard_metadata.egress_port)
[13:53:25.171] [bmv2] [T] [thread 40032] [23.0] [cxt 0] Read register 'MyEgress.byte_cnt_reg' at index 0 read value 1950
[13:53:25.171] [bmv2] [T] [thread 40032] [23.0] [cxt 0] link_monitor.p4(380) Primitive byte_cnt = byte_cnt + standard_metadata.packet_length
[13:53:25.171] [bmv2] [T] [thread 40032] [23.0] [cxt 0] link_monitor.p4(382) Condition "hdr.probe.isValid()" (node_12) is false
[13:53:25.171] [bmv2] [T] [thread 40032] [23.0] [cxt 0] Applying table 'tbl_link_monitor382_0'
[13:53:25.171] [bmv2] [D] [thread 40032] [23.0] [cxt 0] Looking up key:

[13:53:25.171] [bmv2] [D] [thread 40032] [23.0] [cxt 0] Table 'tbl_link_monitor382_0': miss
[13:53:25.171] [bmv2] [D] [thread 40032] [23.0] [cxt 0] Action entry is link_monitor382_0 - 
[13:53:25.171] [bmv2] [T] [thread 40032] [23.0] [cxt 0] Action link_monitor382_0
[13:53:25.171] [bmv2] [T] [thread 40032] [23.0] [cxt 0] link_monitor.p4(382) Primitive (hdr.probe.isValid()) ? 0 : byte_cnt
[13:53:25.171] [bmv2] [T] [thread 40032] [23.0] [cxt 0] Applying table 'tbl_link_monitor383'
[13:53:25.171] [bmv2] [D] [thread 40032] [23.0] [cxt 0] Looking up key:

[13:53:25.171] [bmv2] [D] [thread 40032] [23.0] [cxt 0] Table 'tbl_link_monitor383': miss
[13:53:25.171] [bmv2] [D] [thread 40032] [23.0] [cxt 0] Action entry is link_monitor383 - 
[13:53:25.171] [bmv2] [T] [thread 40032] [23.0] [cxt 0] Action link_monitor383
[13:53:25.171] [bmv2] [T] [thread 40032] [23.0] [cxt 0] link_monitor.p4(383) Primitive (bit<32>)standard_metadata.egress_port
[13:53:25.171] [bmv2] [T] [thread 40032] [23.0] [cxt 0] link_monitor.p4(383) Primitive byte_cnt_reg.write((bit<32>)standard_metadata.egress_port, new_byte_cnt)
[13:53:25.171] [bmv2] [T] [thread 40032] [23.0] [cxt 0] Wrote register 'MyEgress.byte_cnt_reg' at index 0 with value 2040
[13:53:25.171] [bmv2] [T] [thread 40032] [23.0] [cxt 0] link_monitor.p4(385) Condition "hdr.probe.isValid()" (node_16) is false
[13:53:25.171] [bmv2] [D] [thread 40032] [23.0] [cxt 0] Pipeline 'egress': end
[13:53:25.171] [bmv2] [D] [thread 40032] [23.0] [cxt 0] Deparser 'deparser': start
[13:53:25.171] [bmv2] [T] [thread 40032] [23.0] [cxt 0] Skipping checksum 'cksum' update because condition not met
[13:53:25.171] [bmv2] [D] [thread 40032] [23.0] [cxt 0] Deparsing header 'ethernet'
[13:53:25.171] [bmv2] [D] [thread 40032] [23.0] [cxt 0] Deparser 'deparser': end
[13:53:25.171] [bmv2] [D] [thread 40032] [24.0] [cxt 0] Pipeline 'egress': start
[13:53:25.171] [bmv2] [T] [thread 40032] [24.0] [cxt 0] Applying table 'tbl_link_monitor379'
[13:53:25.171] [bmv2] [D] [thread 40032] [24.0] [cxt 0] Looking up key:

[13:53:25.171] [bmv2] [D] [thread 40032] [24.0] [cxt 0] Table 'tbl_link_monitor379': miss
[13:53:25.171] [bmv2] [D] [thread 40032] [24.0] [cxt 0] Action entry is link_monitor379 - 
[13:53:25.171] [bmv2] [T] [thread 40032] [24.0] [cxt 0] Action link_monitor379
[13:53:25.171] [bmv2] [T] [thread 40032] [24.0] [cxt 0] link_monitor.p4(379) Primitive (bit<32>)standard_metadata.egress_port
[13:53:25.171] [bmv2] [T] [thread 40032] [24.0] [cxt 0] link_monitor.p4(379) Primitive byte_cnt_reg.read(byte_cnt, (bit<32>)standard_metadata.egress_port)
[13:53:25.171] [bmv2] [T] [thread 40032] [24.0] [cxt 0] Read register 'MyEgress.byte_cnt_reg' at index 0 read value 2040
[13:53:25.171] [bmv2] [T] [thread 40032] [24.0] [cxt 0] link_monitor.p4(380) Primitive byte_cnt = byte_cnt + standard_metadata.packet_length
[13:53:25.171] [bmv2] [T] [thread 40032] [24.0] [cxt 0] link_monitor.p4(382) Condition "hdr.probe.isValid()" (node_12) is false
[13:53:25.171] [bmv2] [T] [thread 40032] [24.0] [cxt 0] Applying table 'tbl_link_monitor382_0'
[13:53:25.171] [bmv2] [D] [thread 40032] [24.0] [cxt 0] Looking up key:

[13:53:25.171] [bmv2] [D] [thread 40032] [24.0] [cxt 0] Table 'tbl_link_monitor382_0': miss
[13:53:25.171] [bmv2] [D] [thread 40032] [24.0] [cxt 0] Action entry is link_monitor382_0 - 
[13:53:25.171] [bmv2] [T] [thread 40032] [24.0] [cxt 0] Action link_monitor382_0
[13:53:25.171] [bmv2] [T] [thread 40032] [24.0] [cxt 0] link_monitor.p4(382) Primitive (hdr.probe.isValid()) ? 0 : byte_cnt
[13:53:25.171] [bmv2] [T] [thread 40032] [24.0] [cxt 0] Applying table 'tbl_link_monitor383'
[13:53:25.171] [bmv2] [D] [thread 40032] [24.0] [cxt 0] Looking up key:

[13:53:25.171] [bmv2] [D] [thread 40032] [24.0] [cxt 0] Table 'tbl_link_monitor383': miss
[13:53:25.171] [bmv2] [D] [thread 40032] [24.0] [cxt 0] Action entry is link_monitor383 - 
[13:53:25.171] [bmv2] [T] [thread 40032] [24.0] [cxt 0] Action link_monitor383
[13:53:25.171] [bmv2] [T] [thread 40032] [24.0] [cxt 0] link_monitor.p4(383) Primitive (bit<32>)standard_metadata.egress_port
[13:53:25.171] [bmv2] [T] [thread 40032] [24.0] [cxt 0] link_monitor.p4(383) Primitive byte_cnt_reg.write((bit<32>)standard_metadata.egress_port, new_byte_cnt)
[13:53:25.171] [bmv2] [T] [thread 40032] [24.0] [cxt 0] Wrote register 'MyEgress.byte_cnt_reg' at index 0 with value 2110
[13:53:25.172] [bmv2] [T] [thread 40032] [24.0] [cxt 0] link_monitor.p4(385) Condition "hdr.probe.isValid()" (node_16) is false
[13:53:25.172] [bmv2] [D] [thread 40032] [24.0] [cxt 0] Pipeline 'egress': end
[13:53:25.172] [bmv2] [D] [thread 40032] [24.0] [cxt 0] Deparser 'deparser': start
[13:53:25.172] [bmv2] [T] [thread 40032] [24.0] [cxt 0] Skipping checksum 'cksum' update because condition not met
[13:53:25.172] [bmv2] [D] [thread 40032] [24.0] [cxt 0] Deparsing header 'ethernet'
[13:53:25.172] [bmv2] [D] [thread 40032] [24.0] [cxt 0] Deparser 'deparser': end
[13:53:25.172] [bmv2] [D] [thread 40036] [23.0] [cxt 0] Transmitting packet of size 90 out of port 0
[13:53:25.172] [bmv2] [D] [thread 40036] [24.0] [cxt 0] Transmitting packet of size 70 out of port 0
[13:53:25.277] [bmv2] [D] [thread 40031] [25.0] [cxt 0] Processing packet received on port 4
[13:53:25.277] [bmv2] [D] [thread 40031] [25.0] [cxt 0] Parser 'parser': start
[13:53:25.277] [bmv2] [D] [thread 40031] [25.0] [cxt 0] Parser 'parser' entering state 'start'
[13:53:25.277] [bmv2] [D] [thread 40031] [25.0] [cxt 0] Extracting header 'ethernet'
[13:53:25.277] [bmv2] [D] [thread 40031] [25.0] [cxt 0] Parser state 'start': key is 86dd
[13:53:25.277] [bmv2] [T] [thread 40031] [25.0] [cxt 0] Bytes parsed: 14
[13:53:25.277] [bmv2] [D] [thread 40031] [25.0] [cxt 0] Parser 'parser': end
[13:53:25.277] [bmv2] [D] [thread 40031] [25.0] [cxt 0] Pipeline 'ingress': start
[13:53:25.277] [bmv2] [T] [thread 40031] [25.0] [cxt 0] link_monitor.p4(333) Condition "hdr.tcp.isValid()" (node_2) is false
[13:53:25.277] [bmv2] [T] [thread 40031] [25.0] [cxt 0] link_monitor.p4(337) Condition "hdr.ipv4.isValid()" (node_5) is false
[13:53:25.277] [bmv2] [T] [thread 40031] [25.0] [cxt 0] link_monitor.p4(340) Condition "hdr.probe.isValid()" (node_7) is false
[13:53:25.277] [bmv2] [D] [thread 40031] [25.0] [cxt 0] Pipeline 'ingress': end
[13:53:25.277] [bmv2] [D] [thread 40031] [25.0] [cxt 0] Egress port is 0
[13:53:25.277] [bmv2] [D] [thread 40032] [25.0] [cxt 0] Pipeline 'egress': start
[13:53:25.277] [bmv2] [T] [thread 40032] [25.0] [cxt 0] Applying table 'tbl_link_monitor379'
[13:53:25.277] [bmv2] [D] [thread 40032] [25.0] [cxt 0] Looking up key:

[13:53:25.277] [bmv2] [D] [thread 40032] [25.0] [cxt 0] Table 'tbl_link_monitor379': miss
[13:53:25.277] [bmv2] [D] [thread 40032] [25.0] [cxt 0] Action entry is link_monitor379 - 
[13:53:25.277] [bmv2] [T] [thread 40032] [25.0] [cxt 0] Action link_monitor379
[13:53:25.277] [bmv2] [T] [thread 40032] [25.0] [cxt 0] link_monitor.p4(379) Primitive (bit<32>)standard_metadata.egress_port
[13:53:25.277] [bmv2] [T] [thread 40032] [25.0] [cxt 0] link_monitor.p4(379) Primitive byte_cnt_reg.read(byte_cnt, (bit<32>)standard_metadata.egress_port)
[13:53:25.277] [bmv2] [T] [thread 40032] [25.0] [cxt 0] Read register 'MyEgress.byte_cnt_reg' at index 0 read value 2110
[13:53:25.277] [bmv2] [T] [thread 40032] [25.0] [cxt 0] link_monitor.p4(380) Primitive byte_cnt = byte_cnt + standard_metadata.packet_length
[13:53:25.277] [bmv2] [T] [thread 40032] [25.0] [cxt 0] link_monitor.p4(382) Condition "hdr.probe.isValid()" (node_12) is false
[13:53:25.277] [bmv2] [T] [thread 40032] [25.0] [cxt 0] Applying table 'tbl_link_monitor382_0'
[13:53:25.277] [bmv2] [D] [thread 40032] [25.0] [cxt 0] Looking up key:

[13:53:25.277] [bmv2] [D] [thread 40032] [25.0] [cxt 0] Table 'tbl_link_monitor382_0': miss
[13:53:25.277] [bmv2] [D] [thread 40032] [25.0] [cxt 0] Action entry is link_monitor382_0 - 
[13:53:25.277] [bmv2] [T] [thread 40032] [25.0] [cxt 0] Action link_monitor382_0
[13:53:25.277] [bmv2] [T] [thread 40032] [25.0] [cxt 0] link_monitor.p4(382) Primitive (hdr.probe.isValid()) ? 0 : byte_cnt
[13:53:25.277] [bmv2] [T] [thread 40032] [25.0] [cxt 0] Applying table 'tbl_link_monitor383'
[13:53:25.277] [bmv2] [D] [thread 40032] [25.0] [cxt 0] Looking up key:

[13:53:25.277] [bmv2] [D] [thread 40032] [25.0] [cxt 0] Table 'tbl_link_monitor383': miss
[13:53:25.277] [bmv2] [D] [thread 40032] [25.0] [cxt 0] Action entry is link_monitor383 - 
[13:53:25.277] [bmv2] [T] [thread 40032] [25.0] [cxt 0] Action link_monitor383
[13:53:25.277] [bmv2] [T] [thread 40032] [25.0] [cxt 0] link_monitor.p4(383) Primitive (bit<32>)standard_metadata.egress_port
[13:53:25.277] [bmv2] [T] [thread 40032] [25.0] [cxt 0] link_monitor.p4(383) Primitive byte_cnt_reg.write((bit<32>)standard_metadata.egress_port, new_byte_cnt)
[13:53:25.277] [bmv2] [T] [thread 40032] [25.0] [cxt 0] Wrote register 'MyEgress.byte_cnt_reg' at index 0 with value 2200
[13:53:25.277] [bmv2] [T] [thread 40032] [25.0] [cxt 0] link_monitor.p4(385) Condition "hdr.probe.isValid()" (node_16) is false
[13:53:25.277] [bmv2] [D] [thread 40032] [25.0] [cxt 0] Pipeline 'egress': end
[13:53:25.277] [bmv2] [D] [thread 40032] [25.0] [cxt 0] Deparser 'deparser': start
[13:53:25.277] [bmv2] [T] [thread 40032] [25.0] [cxt 0] Skipping checksum 'cksum' update because condition not met
[13:53:25.277] [bmv2] [D] [thread 40032] [25.0] [cxt 0] Deparsing header 'ethernet'
[13:53:25.277] [bmv2] [D] [thread 40032] [25.0] [cxt 0] Deparser 'deparser': end
[13:53:25.277] [bmv2] [D] [thread 40036] [25.0] [cxt 0] Transmitting packet of size 90 out of port 0
[13:53:25.426] [bmv2] [D] [thread 40031] [26.0] [cxt 0] Processing packet received on port 3
[13:53:25.426] [bmv2] [D] [thread 40031] [26.0] [cxt 0] Parser 'parser': start
[13:53:25.426] [bmv2] [D] [thread 40031] [26.0] [cxt 0] Parser 'parser' entering state 'start'
[13:53:25.426] [bmv2] [D] [thread 40031] [26.0] [cxt 0] Extracting header 'ethernet'
[13:53:25.426] [bmv2] [D] [thread 40031] [26.0] [cxt 0] Parser state 'start': key is 86dd
[13:53:25.426] [bmv2] [T] [thread 40031] [26.0] [cxt 0] Bytes parsed: 14
[13:53:25.426] [bmv2] [D] [thread 40031] [26.0] [cxt 0] Parser 'parser': end
[13:53:25.426] [bmv2] [D] [thread 40031] [26.0] [cxt 0] Pipeline 'ingress': start
[13:53:25.426] [bmv2] [T] [thread 40031] [26.0] [cxt 0] link_monitor.p4(333) Condition "hdr.tcp.isValid()" (node_2) is false
[13:53:25.426] [bmv2] [T] [thread 40031] [26.0] [cxt 0] link_monitor.p4(337) Condition "hdr.ipv4.isValid()" (node_5) is false
[13:53:25.426] [bmv2] [T] [thread 40031] [26.0] [cxt 0] link_monitor.p4(340) Condition "hdr.probe.isValid()" (node_7) is false
[13:53:25.426] [bmv2] [D] [thread 40031] [26.0] [cxt 0] Pipeline 'ingress': end
[13:53:25.426] [bmv2] [D] [thread 40031] [26.0] [cxt 0] Egress port is 0
[13:53:25.426] [bmv2] [D] [thread 40032] [26.0] [cxt 0] Pipeline 'egress': start
[13:53:25.426] [bmv2] [T] [thread 40032] [26.0] [cxt 0] Applying table 'tbl_link_monitor379'
[13:53:25.426] [bmv2] [D] [thread 40032] [26.0] [cxt 0] Looking up key:

[13:53:25.426] [bmv2] [D] [thread 40032] [26.0] [cxt 0] Table 'tbl_link_monitor379': miss
[13:53:25.426] [bmv2] [D] [thread 40032] [26.0] [cxt 0] Action entry is link_monitor379 - 
[13:53:25.426] [bmv2] [T] [thread 40032] [26.0] [cxt 0] Action link_monitor379
[13:53:25.426] [bmv2] [T] [thread 40032] [26.0] [cxt 0] link_monitor.p4(379) Primitive (bit<32>)standard_metadata.egress_port
[13:53:25.426] [bmv2] [T] [thread 40032] [26.0] [cxt 0] link_monitor.p4(379) Primitive byte_cnt_reg.read(byte_cnt, (bit<32>)standard_metadata.egress_port)
[13:53:25.426] [bmv2] [T] [thread 40032] [26.0] [cxt 0] Read register 'MyEgress.byte_cnt_reg' at index 0 read value 2200
[13:53:25.426] [bmv2] [T] [thread 40032] [26.0] [cxt 0] link_monitor.p4(380) Primitive byte_cnt = byte_cnt + standard_metadata.packet_length
[13:53:25.426] [bmv2] [T] [thread 40032] [26.0] [cxt 0] link_monitor.p4(382) Condition "hdr.probe.isValid()" (node_12) is false
[13:53:25.426] [bmv2] [T] [thread 40032] [26.0] [cxt 0] Applying table 'tbl_link_monitor382_0'
[13:53:25.426] [bmv2] [D] [thread 40032] [26.0] [cxt 0] Looking up key:

[13:53:25.426] [bmv2] [D] [thread 40032] [26.0] [cxt 0] Table 'tbl_link_monitor382_0': miss
[13:53:25.426] [bmv2] [D] [thread 40032] [26.0] [cxt 0] Action entry is link_monitor382_0 - 
[13:53:25.426] [bmv2] [T] [thread 40032] [26.0] [cxt 0] Action link_monitor382_0
[13:53:25.426] [bmv2] [T] [thread 40032] [26.0] [cxt 0] link_monitor.p4(382) Primitive (hdr.probe.isValid()) ? 0 : byte_cnt
[13:53:25.426] [bmv2] [T] [thread 40032] [26.0] [cxt 0] Applying table 'tbl_link_monitor383'
[13:53:25.426] [bmv2] [D] [thread 40032] [26.0] [cxt 0] Looking up key:

[13:53:25.426] [bmv2] [D] [thread 40032] [26.0] [cxt 0] Table 'tbl_link_monitor383': miss
[13:53:25.426] [bmv2] [D] [thread 40032] [26.0] [cxt 0] Action entry is link_monitor383 - 
[13:53:25.426] [bmv2] [T] [thread 40032] [26.0] [cxt 0] Action link_monitor383
[13:53:25.426] [bmv2] [T] [thread 40032] [26.0] [cxt 0] link_monitor.p4(383) Primitive (bit<32>)standard_metadata.egress_port
[13:53:25.426] [bmv2] [T] [thread 40032] [26.0] [cxt 0] link_monitor.p4(383) Primitive byte_cnt_reg.write((bit<32>)standard_metadata.egress_port, new_byte_cnt)
[13:53:25.426] [bmv2] [T] [thread 40032] [26.0] [cxt 0] Wrote register 'MyEgress.byte_cnt_reg' at index 0 with value 2290
[13:53:25.426] [bmv2] [T] [thread 40032] [26.0] [cxt 0] link_monitor.p4(385) Condition "hdr.probe.isValid()" (node_16) is false
[13:53:25.426] [bmv2] [D] [thread 40032] [26.0] [cxt 0] Pipeline 'egress': end
[13:53:25.426] [bmv2] [D] [thread 40032] [26.0] [cxt 0] Deparser 'deparser': start
[13:53:25.426] [bmv2] [T] [thread 40032] [26.0] [cxt 0] Skipping checksum 'cksum' update because condition not met
[13:53:25.426] [bmv2] [D] [thread 40032] [26.0] [cxt 0] Deparsing header 'ethernet'
[13:53:25.426] [bmv2] [D] [thread 40032] [26.0] [cxt 0] Deparser 'deparser': end
[13:53:25.426] [bmv2] [D] [thread 40036] [26.0] [cxt 0] Transmitting packet of size 90 out of port 0
[13:53:25.714] [bmv2] [D] [thread 40031] [27.0] [cxt 0] Processing packet received on port 1
[13:53:25.714] [bmv2] [D] [thread 40031] [27.0] [cxt 0] Parser 'parser': start
[13:53:25.714] [bmv2] [D] [thread 40031] [27.0] [cxt 0] Parser 'parser' entering state 'start'
[13:53:25.714] [bmv2] [D] [thread 40031] [27.0] [cxt 0] Extracting header 'ethernet'
[13:53:25.714] [bmv2] [D] [thread 40031] [27.0] [cxt 0] Parser state 'start': key is 86dd
[13:53:25.714] [bmv2] [T] [thread 40031] [27.0] [cxt 0] Bytes parsed: 14
[13:53:25.714] [bmv2] [D] [thread 40031] [27.0] [cxt 0] Parser 'parser': end
[13:53:25.714] [bmv2] [D] [thread 40031] [27.0] [cxt 0] Pipeline 'ingress': start
[13:53:25.714] [bmv2] [T] [thread 40031] [27.0] [cxt 0] link_monitor.p4(333) Condition "hdr.tcp.isValid()" (node_2) is false
[13:53:25.714] [bmv2] [T] [thread 40031] [27.0] [cxt 0] link_monitor.p4(337) Condition "hdr.ipv4.isValid()" (node_5) is false
[13:53:25.714] [bmv2] [T] [thread 40031] [27.0] [cxt 0] link_monitor.p4(340) Condition "hdr.probe.isValid()" (node_7) is false
[13:53:25.714] [bmv2] [D] [thread 40031] [27.0] [cxt 0] Pipeline 'ingress': end
[13:53:25.714] [bmv2] [D] [thread 40031] [27.0] [cxt 0] Egress port is 0
[13:53:25.714] [bmv2] [D] [thread 40032] [27.0] [cxt 0] Pipeline 'egress': start
[13:53:25.714] [bmv2] [T] [thread 40032] [27.0] [cxt 0] Applying table 'tbl_link_monitor379'
[13:53:25.714] [bmv2] [D] [thread 40032] [27.0] [cxt 0] Looking up key:

[13:53:25.714] [bmv2] [D] [thread 40032] [27.0] [cxt 0] Table 'tbl_link_monitor379': miss
[13:53:25.714] [bmv2] [D] [thread 40032] [27.0] [cxt 0] Action entry is link_monitor379 - 
[13:53:25.714] [bmv2] [T] [thread 40032] [27.0] [cxt 0] Action link_monitor379
[13:53:25.714] [bmv2] [T] [thread 40032] [27.0] [cxt 0] link_monitor.p4(379) Primitive (bit<32>)standard_metadata.egress_port
[13:53:25.714] [bmv2] [T] [thread 40032] [27.0] [cxt 0] link_monitor.p4(379) Primitive byte_cnt_reg.read(byte_cnt, (bit<32>)standard_metadata.egress_port)
[13:53:25.714] [bmv2] [T] [thread 40032] [27.0] [cxt 0] Read register 'MyEgress.byte_cnt_reg' at index 0 read value 2290
[13:53:25.714] [bmv2] [T] [thread 40032] [27.0] [cxt 0] link_monitor.p4(380) Primitive byte_cnt = byte_cnt + standard_metadata.packet_length
[13:53:25.714] [bmv2] [T] [thread 40032] [27.0] [cxt 0] link_monitor.p4(382) Condition "hdr.probe.isValid()" (node_12) is false
[13:53:25.714] [bmv2] [T] [thread 40032] [27.0] [cxt 0] Applying table 'tbl_link_monitor382_0'
[13:53:25.714] [bmv2] [D] [thread 40032] [27.0] [cxt 0] Looking up key:

[13:53:25.714] [bmv2] [D] [thread 40032] [27.0] [cxt 0] Table 'tbl_link_monitor382_0': miss
[13:53:25.714] [bmv2] [D] [thread 40032] [27.0] [cxt 0] Action entry is link_monitor382_0 - 
[13:53:25.714] [bmv2] [T] [thread 40032] [27.0] [cxt 0] Action link_monitor382_0
[13:53:25.714] [bmv2] [T] [thread 40032] [27.0] [cxt 0] link_monitor.p4(382) Primitive (hdr.probe.isValid()) ? 0 : byte_cnt
[13:53:25.714] [bmv2] [T] [thread 40032] [27.0] [cxt 0] Applying table 'tbl_link_monitor383'
[13:53:25.714] [bmv2] [D] [thread 40032] [27.0] [cxt 0] Looking up key:

[13:53:25.714] [bmv2] [D] [thread 40032] [27.0] [cxt 0] Table 'tbl_link_monitor383': miss
[13:53:25.714] [bmv2] [D] [thread 40032] [27.0] [cxt 0] Action entry is link_monitor383 - 
[13:53:25.714] [bmv2] [T] [thread 40032] [27.0] [cxt 0] Action link_monitor383
[13:53:25.714] [bmv2] [T] [thread 40032] [27.0] [cxt 0] link_monitor.p4(383) Primitive (bit<32>)standard_metadata.egress_port
[13:53:25.714] [bmv2] [T] [thread 40032] [27.0] [cxt 0] link_monitor.p4(383) Primitive byte_cnt_reg.write((bit<32>)standard_metadata.egress_port, new_byte_cnt)
[13:53:25.714] [bmv2] [T] [thread 40032] [27.0] [cxt 0] Wrote register 'MyEgress.byte_cnt_reg' at index 0 with value 2380
[13:53:25.714] [bmv2] [T] [thread 40032] [27.0] [cxt 0] link_monitor.p4(385) Condition "hdr.probe.isValid()" (node_16) is false
[13:53:25.714] [bmv2] [D] [thread 40032] [27.0] [cxt 0] Pipeline 'egress': end
[13:53:25.714] [bmv2] [D] [thread 40032] [27.0] [cxt 0] Deparser 'deparser': start
[13:53:25.714] [bmv2] [T] [thread 40032] [27.0] [cxt 0] Skipping checksum 'cksum' update because condition not met
[13:53:25.714] [bmv2] [D] [thread 40032] [27.0] [cxt 0] Deparsing header 'ethernet'
[13:53:25.714] [bmv2] [D] [thread 40032] [27.0] [cxt 0] Deparser 'deparser': end
[13:53:25.714] [bmv2] [D] [thread 40036] [27.0] [cxt 0] Transmitting packet of size 90 out of port 0
[13:53:26.370] [bmv2] [W] [thread 40106] [P4Runtime] p4::tmp::P4DeviceConfig is deprecated
[13:53:26.371] [bmv2] [D] [thread 40106] Set default default entry for table 'MyIngress.tcp_lb': MyIngress.drop - 
[13:53:26.371] [bmv2] [D] [thread 40106] Set default default entry for table 'MyIngress.tcp_lb_nhop': MyIngress.drop - 
[13:53:26.371] [bmv2] [D] [thread 40106] Set default default entry for table 'MyIngress.ipv4_lpm': MyIngress.drop - 
[13:53:26.371] [bmv2] [D] [thread 40106] Set default default entry for table 'tbl_link_monitor341': link_monitor341 - 
[13:53:26.373] [bmv2] [D] [thread 40106] Set default default entry for table 'tbl_link_monitor379': link_monitor379 - 
[13:53:26.373] [bmv2] [D] [thread 40106] Set default default entry for table 'tbl_link_monitor382': link_monitor382 - 
[13:53:26.373] [bmv2] [D] [thread 40106] Set default default entry for table 'tbl_link_monitor382_0': link_monitor382_0 - 
[13:53:26.373] [bmv2] [D] [thread 40106] Set default default entry for table 'tbl_link_monitor383': link_monitor383 - 
[13:53:26.373] [bmv2] [D] [thread 40106] Set default default entry for table 'tbl_link_monitor387': link_monitor387 - 
[13:53:26.373] [bmv2] [D] [thread 40106] Set default default entry for table 'tbl_link_monitor390': link_monitor390 - 
[13:53:26.373] [bmv2] [D] [thread 40106] Set default default entry for table 'tbl_link_monitor393': link_monitor393 - 
[13:53:26.373] [bmv2] [D] [thread 40106] Set default default entry for table 'MyEgress.swid': NoAction - 
[13:53:26.373] [bmv2] [D] [thread 40106] Set default default entry for table 'tbl_link_monitor398': link_monitor398 - 
[13:53:26.394] [bmv2] [D] [thread 40106] simple_switch target has been notified of a config swap
[13:53:26.396] [bmv2] [D] [thread 40107] Set default entry for table 'MyEgress.swid': MyEgress.set_swid - 1,
[13:53:26.397] [bmv2] [D] [thread 40106] Set default entry for table 'MyIngress.ipv4_lpm': MyIngress.drop - 
[13:53:26.400] [bmv2] [D] [thread 40112] Set default entry for table 'MyIngress.tcp_lb': MyIngress.drop - 
[13:53:26.411] [bmv2] [D] [thread 40106] Set default entry for table 'MyIngress.tcp_lb_nhop': MyIngress.drop - 
[13:53:26.411] [bmv2] [D] [thread 40112] Entry 0 added to table 'MyIngress.ipv4_lpm'
[13:53:26.412] [bmv2] [D] [thread 40112] Dumping entry 0
Match key:
* hdr.ipv4.dstAddr    : LPM       0a000101/32
Action entry: MyIngress.ipv4_forward - 80000000111,1,

[13:53:26.412] [bmv2] [D] [thread 40106] Entry 1 added to table 'MyIngress.ipv4_lpm'
[13:53:26.412] [bmv2] [D] [thread 40106] Dumping entry 1
Match key:
* hdr.ipv4.dstAddr    : LPM       0a000202/32
Action entry: MyIngress.ipv4_forward - 80000000222,2,

[13:53:26.412] [bmv2] [D] [thread 40112] Entry 2 added to table 'MyIngress.ipv4_lpm'
[13:53:26.412] [bmv2] [D] [thread 40112] Dumping entry 2
Match key:
* hdr.ipv4.dstAddr    : LPM       0a000303/32
Action entry: MyIngress.ipv4_forward - 80000000300,3,

[13:53:26.413] [bmv2] [D] [thread 40106] Entry 3 added to table 'MyIngress.ipv4_lpm'
[13:53:26.413] [bmv2] [D] [thread 40106] Dumping entry 3
Match key:
* hdr.ipv4.dstAddr    : LPM       0a000404/32
Action entry: MyIngress.ipv4_forward - 80000000400,4,

[13:53:26.414] [bmv2] [D] [thread 40112] Entry 0 added to table 'MyIngress.tcp_lb'
[13:53:26.414] [bmv2] [D] [thread 40112] Dumping entry 0
Match key:
* hdr.ipv4.dstAddr    : LPM       0a000101/32
Action entry: MyIngress.tcp_lb_action - 1,1,

[13:53:26.414] [bmv2] [D] [thread 40106] Entry 1 added to table 'MyIngress.tcp_lb'
[13:53:26.414] [bmv2] [D] [thread 40106] Dumping entry 1
Match key:
* hdr.ipv4.dstAddr    : LPM       0a000202/32
Action entry: MyIngress.tcp_lb_action - 2,2,

[13:53:26.415] [bmv2] [D] [thread 40112] Entry 2 added to table 'MyIngress.tcp_lb'
[13:53:26.415] [bmv2] [D] [thread 40112] Dumping entry 2
Match key:
* hdr.ipv4.dstAddr    : LPM       0a000303/32
Action entry: MyIngress.tcp_lb_action - 3,4,

[13:53:26.415] [bmv2] [D] [thread 40106] Entry 3 added to table 'MyIngress.tcp_lb'
[13:53:26.415] [bmv2] [D] [thread 40106] Dumping entry 3
Match key:
* hdr.ipv4.dstAddr    : LPM       0a000404/32
Action entry: MyIngress.tcp_lb_action - 3,4,

[13:53:26.415] [bmv2] [D] [thread 40106] Entry 0 added to table 'MyIngress.tcp_lb_nhop'
[13:53:26.415] [bmv2] [D] [thread 40106] Dumping entry 0
Match key:
* meta.lb_port        : EXACT     0001
Action entry: MyIngress.tcp_lb_nhop_action - 80000000111,

[13:53:26.416] [bmv2] [D] [thread 40106] Entry 1 added to table 'MyIngress.tcp_lb_nhop'
[13:53:26.416] [bmv2] [D] [thread 40106] Dumping entry 1
Match key:
* meta.lb_port        : EXACT     0002
Action entry: MyIngress.tcp_lb_nhop_action - 80000000222,

[13:53:26.416] [bmv2] [D] [thread 40112] Entry 2 added to table 'MyIngress.tcp_lb_nhop'
[13:53:26.416] [bmv2] [D] [thread 40112] Dumping entry 2
Match key:
* meta.lb_port        : EXACT     0003
Action entry: MyIngress.tcp_lb_nhop_action - 80000000300,

[13:53:26.416] [bmv2] [D] [thread 40106] Entry 3 added to table 'MyIngress.tcp_lb_nhop'
[13:53:26.417] [bmv2] [D] [thread 40106] Dumping entry 3
Match key:
* meta.lb_port        : EXACT     0004
Action entry: MyIngress.tcp_lb_nhop_action - 80000000400,

[13:53:28.018] [bmv2] [D] [thread 40031] [28.0] [cxt 0] Processing packet received on port 2
[13:53:28.018] [bmv2] [D] [thread 40031] [28.0] [cxt 0] Parser 'parser': start
[13:53:28.018] [bmv2] [D] [thread 40031] [28.0] [cxt 0] Parser 'parser' entering state 'start'
[13:53:28.018] [bmv2] [D] [thread 40031] [28.0] [cxt 0] Extracting header 'ethernet'
[13:53:28.018] [bmv2] [D] [thread 40031] [28.0] [cxt 0] Parser state 'start': key is 86dd
[13:53:28.018] [bmv2] [T] [thread 40031] [28.0] [cxt 0] Bytes parsed: 14
[13:53:28.018] [bmv2] [D] [thread 40031] [28.0] [cxt 0] Parser 'parser': end
[13:53:28.018] [bmv2] [D] [thread 40031] [28.0] [cxt 0] Pipeline 'ingress': start
[13:53:28.018] [bmv2] [T] [thread 40031] [28.0] [cxt 0] link_monitor.p4(333) Condition "hdr.tcp.isValid()" (node_2) is false
[13:53:28.018] [bmv2] [T] [thread 40031] [28.0] [cxt 0] link_monitor.p4(337) Condition "hdr.ipv4.isValid()" (node_5) is false
[13:53:28.018] [bmv2] [T] [thread 40031] [28.0] [cxt 0] link_monitor.p4(340) Condition "hdr.probe.isValid()" (node_7) is false
[13:53:28.018] [bmv2] [D] [thread 40031] [28.0] [cxt 0] Pipeline 'ingress': end
[13:53:28.018] [bmv2] [D] [thread 40031] [28.0] [cxt 0] Egress port is 0
[13:53:28.018] [bmv2] [D] [thread 40032] [28.0] [cxt 0] Pipeline 'egress': start
[13:53:28.018] [bmv2] [T] [thread 40032] [28.0] [cxt 0] Applying table 'tbl_link_monitor379'
[13:53:28.018] [bmv2] [D] [thread 40032] [28.0] [cxt 0] Looking up key:

[13:53:28.018] [bmv2] [D] [thread 40032] [28.0] [cxt 0] Table 'tbl_link_monitor379': miss
[13:53:28.018] [bmv2] [D] [thread 40032] [28.0] [cxt 0] Action entry is link_monitor379 - 
[13:53:28.018] [bmv2] [T] [thread 40032] [28.0] [cxt 0] Action link_monitor379
[13:53:28.018] [bmv2] [T] [thread 40032] [28.0] [cxt 0] link_monitor.p4(379) Primitive (bit<32>)standard_metadata.egress_port
[13:53:28.018] [bmv2] [T] [thread 40032] [28.0] [cxt 0] link_monitor.p4(379) Primitive byte_cnt_reg.read(byte_cnt, (bit<32>)standard_metadata.egress_port)
[13:53:28.018] [bmv2] [T] [thread 40032] [28.0] [cxt 0] Read register 'MyEgress.byte_cnt_reg' at index 0 read value 0
[13:53:28.018] [bmv2] [T] [thread 40032] [28.0] [cxt 0] link_monitor.p4(380) Primitive byte_cnt = byte_cnt + standard_metadata.packet_length
[13:53:28.018] [bmv2] [T] [thread 40032] [28.0] [cxt 0] link_monitor.p4(382) Condition "hdr.probe.isValid()" (node_12) is false
[13:53:28.018] [bmv2] [T] [thread 40032] [28.0] [cxt 0] Applying table 'tbl_link_monitor382_0'
[13:53:28.018] [bmv2] [D] [thread 40032] [28.0] [cxt 0] Looking up key:

[13:53:28.018] [bmv2] [D] [thread 40032] [28.0] [cxt 0] Table 'tbl_link_monitor382_0': miss
[13:53:28.018] [bmv2] [D] [thread 40032] [28.0] [cxt 0] Action entry is link_monitor382_0 - 
[13:53:28.018] [bmv2] [T] [thread 40032] [28.0] [cxt 0] Action link_monitor382_0
[13:53:28.018] [bmv2] [T] [thread 40032] [28.0] [cxt 0] link_monitor.p4(382) Primitive (hdr.probe.isValid()) ? 0 : byte_cnt
[13:53:28.018] [bmv2] [T] [thread 40032] [28.0] [cxt 0] Applying table 'tbl_link_monitor383'
[13:53:28.018] [bmv2] [D] [thread 40032] [28.0] [cxt 0] Looking up key:

[13:53:28.018] [bmv2] [D] [thread 40032] [28.0] [cxt 0] Table 'tbl_link_monitor383': miss
[13:53:28.018] [bmv2] [D] [thread 40032] [28.0] [cxt 0] Action entry is link_monitor383 - 
[13:53:28.018] [bmv2] [T] [thread 40032] [28.0] [cxt 0] Action link_monitor383
[13:53:28.018] [bmv2] [T] [thread 40032] [28.0] [cxt 0] link_monitor.p4(383) Primitive (bit<32>)standard_metadata.egress_port
[13:53:28.018] [bmv2] [T] [thread 40032] [28.0] [cxt 0] link_monitor.p4(383) Primitive byte_cnt_reg.write((bit<32>)standard_metadata.egress_port, new_byte_cnt)
[13:53:28.018] [bmv2] [T] [thread 40032] [28.0] [cxt 0] Wrote register 'MyEgress.byte_cnt_reg' at index 0 with value 70
[13:53:28.018] [bmv2] [T] [thread 40032] [28.0] [cxt 0] link_monitor.p4(385) Condition "hdr.probe.isValid()" (node_16) is false
[13:53:28.018] [bmv2] [D] [thread 40032] [28.0] [cxt 0] Pipeline 'egress': end
[13:53:28.018] [bmv2] [D] [thread 40032] [28.0] [cxt 0] Deparser 'deparser': start
[13:53:28.018] [bmv2] [T] [thread 40032] [28.0] [cxt 0] Skipping checksum 'cksum' update because condition not met
[13:53:28.018] [bmv2] [D] [thread 40032] [28.0] [cxt 0] Deparsing header 'ethernet'
[13:53:28.018] [bmv2] [D] [thread 40032] [28.0] [cxt 0] Deparser 'deparser': end
[13:53:28.018] [bmv2] [D] [thread 40036] [28.0] [cxt 0] Transmitting packet of size 70 out of port 0
[13:53:28.786] [bmv2] [D] [thread 40031] [29.0] [cxt 0] Processing packet received on port 1
[13:53:28.786] [bmv2] [D] [thread 40031] [29.0] [cxt 0] Parser 'parser': start
[13:53:28.786] [bmv2] [D] [thread 40031] [29.0] [cxt 0] Parser 'parser' entering state 'start'
[13:53:28.786] [bmv2] [D] [thread 40031] [29.0] [cxt 0] Extracting header 'ethernet'
[13:53:28.786] [bmv2] [D] [thread 40031] [29.0] [cxt 0] Parser state 'start': key is 86dd
[13:53:28.786] [bmv2] [T] [thread 40031] [29.0] [cxt 0] Bytes parsed: 14
[13:53:28.786] [bmv2] [D] [thread 40031] [29.0] [cxt 0] Parser 'parser': end
[13:53:28.786] [bmv2] [D] [thread 40031] [29.0] [cxt 0] Pipeline 'ingress': start
[13:53:28.786] [bmv2] [T] [thread 40031] [29.0] [cxt 0] link_monitor.p4(333) Condition "hdr.tcp.isValid()" (node_2) is false
[13:53:28.786] [bmv2] [T] [thread 40031] [29.0] [cxt 0] link_monitor.p4(337) Condition "hdr.ipv4.isValid()" (node_5) is false
[13:53:28.786] [bmv2] [T] [thread 40031] [29.0] [cxt 0] link_monitor.p4(340) Condition "hdr.probe.isValid()" (node_7) is false
[13:53:28.786] [bmv2] [D] [thread 40031] [29.0] [cxt 0] Pipeline 'ingress': end
[13:53:28.786] [bmv2] [D] [thread 40031] [29.0] [cxt 0] Egress port is 0
[13:53:28.786] [bmv2] [D] [thread 40032] [29.0] [cxt 0] Pipeline 'egress': start
[13:53:28.786] [bmv2] [T] [thread 40032] [29.0] [cxt 0] Applying table 'tbl_link_monitor379'
[13:53:28.786] [bmv2] [D] [thread 40032] [29.0] [cxt 0] Looking up key:

[13:53:28.786] [bmv2] [D] [thread 40032] [29.0] [cxt 0] Table 'tbl_link_monitor379': miss
[13:53:28.786] [bmv2] [D] [thread 40032] [29.0] [cxt 0] Action entry is link_monitor379 - 
[13:53:28.786] [bmv2] [T] [thread 40032] [29.0] [cxt 0] Action link_monitor379
[13:53:28.786] [bmv2] [T] [thread 40032] [29.0] [cxt 0] link_monitor.p4(379) Primitive (bit<32>)standard_metadata.egress_port
[13:53:28.786] [bmv2] [T] [thread 40032] [29.0] [cxt 0] link_monitor.p4(379) Primitive byte_cnt_reg.read(byte_cnt, (bit<32>)standard_metadata.egress_port)
[13:53:28.786] [bmv2] [T] [thread 40032] [29.0] [cxt 0] Read register 'MyEgress.byte_cnt_reg' at index 0 read value 70
[13:53:28.786] [bmv2] [T] [thread 40032] [29.0] [cxt 0] link_monitor.p4(380) Primitive byte_cnt = byte_cnt + standard_metadata.packet_length
[13:53:28.786] [bmv2] [T] [thread 40032] [29.0] [cxt 0] link_monitor.p4(382) Condition "hdr.probe.isValid()" (node_12) is false
[13:53:28.786] [bmv2] [T] [thread 40032] [29.0] [cxt 0] Applying table 'tbl_link_monitor382_0'
[13:53:28.786] [bmv2] [D] [thread 40032] [29.0] [cxt 0] Looking up key:

[13:53:28.786] [bmv2] [D] [thread 40032] [29.0] [cxt 0] Table 'tbl_link_monitor382_0': miss
[13:53:28.786] [bmv2] [D] [thread 40032] [29.0] [cxt 0] Action entry is link_monitor382_0 - 
[13:53:28.786] [bmv2] [T] [thread 40032] [29.0] [cxt 0] Action link_monitor382_0
[13:53:28.786] [bmv2] [T] [thread 40032] [29.0] [cxt 0] link_monitor.p4(382) Primitive (hdr.probe.isValid()) ? 0 : byte_cnt
[13:53:28.786] [bmv2] [T] [thread 40032] [29.0] [cxt 0] Applying table 'tbl_link_monitor383'
[13:53:28.787] [bmv2] [D] [thread 40032] [29.0] [cxt 0] Looking up key:

[13:53:28.787] [bmv2] [D] [thread 40032] [29.0] [cxt 0] Table 'tbl_link_monitor383': miss
[13:53:28.787] [bmv2] [D] [thread 40032] [29.0] [cxt 0] Action entry is link_monitor383 - 
[13:53:28.787] [bmv2] [T] [thread 40032] [29.0] [cxt 0] Action link_monitor383
[13:53:28.787] [bmv2] [T] [thread 40032] [29.0] [cxt 0] link_monitor.p4(383) Primitive (bit<32>)standard_metadata.egress_port
[13:53:28.787] [bmv2] [T] [thread 40032] [29.0] [cxt 0] link_monitor.p4(383) Primitive byte_cnt_reg.write((bit<32>)standard_metadata.egress_port, new_byte_cnt)
[13:53:28.787] [bmv2] [T] [thread 40032] [29.0] [cxt 0] Wrote register 'MyEgress.byte_cnt_reg' at index 0 with value 140
[13:53:28.787] [bmv2] [T] [thread 40032] [29.0] [cxt 0] link_monitor.p4(385) Condition "hdr.probe.isValid()" (node_16) is false
[13:53:28.787] [bmv2] [D] [thread 40032] [29.0] [cxt 0] Pipeline 'egress': end
[13:53:28.787] [bmv2] [D] [thread 40032] [29.0] [cxt 0] Deparser 'deparser': start
[13:53:28.787] [bmv2] [T] [thread 40032] [29.0] [cxt 0] Skipping checksum 'cksum' update because condition not met
[13:53:28.787] [bmv2] [D] [thread 40032] [29.0] [cxt 0] Deparsing header 'ethernet'
[13:53:28.787] [bmv2] [D] [thread 40032] [29.0] [cxt 0] Deparser 'deparser': end
[13:53:28.787] [bmv2] [D] [thread 40036] [29.0] [cxt 0] Transmitting packet of size 70 out of port 0
[13:53:28.789] [bmv2] [D] [thread 40031] [30.0] [cxt 0] Processing packet received on port 3
[13:53:28.789] [bmv2] [D] [thread 40031] [30.0] [cxt 0] Parser 'parser': start
[13:53:28.789] [bmv2] [D] [thread 40031] [30.0] [cxt 0] Parser 'parser' entering state 'start'
[13:53:28.789] [bmv2] [D] [thread 40031] [30.0] [cxt 0] Extracting header 'ethernet'
[13:53:28.789] [bmv2] [D] [thread 40031] [30.0] [cxt 0] Parser state 'start': key is 86dd
[13:53:28.789] [bmv2] [T] [thread 40031] [30.0] [cxt 0] Bytes parsed: 14
[13:53:28.789] [bmv2] [D] [thread 40031] [30.0] [cxt 0] Parser 'parser': end
[13:53:28.789] [bmv2] [D] [thread 40031] [30.0] [cxt 0] Pipeline 'ingress': start
[13:53:28.789] [bmv2] [T] [thread 40031] [30.0] [cxt 0] link_monitor.p4(333) Condition "hdr.tcp.isValid()" (node_2) is false
[13:53:28.789] [bmv2] [T] [thread 40031] [30.0] [cxt 0] link_monitor.p4(337) Condition "hdr.ipv4.isValid()" (node_5) is false
[13:53:28.789] [bmv2] [T] [thread 40031] [30.0] [cxt 0] link_monitor.p4(340) Condition "hdr.probe.isValid()" (node_7) is false
[13:53:28.789] [bmv2] [D] [thread 40031] [30.0] [cxt 0] Pipeline 'ingress': end
[13:53:28.789] [bmv2] [D] [thread 40031] [30.0] [cxt 0] Egress port is 0
[13:53:28.789] [bmv2] [D] [thread 40032] [30.0] [cxt 0] Pipeline 'egress': start
[13:53:28.789] [bmv2] [T] [thread 40032] [30.0] [cxt 0] Applying table 'tbl_link_monitor379'
[13:53:28.789] [bmv2] [D] [thread 40032] [30.0] [cxt 0] Looking up key:

[13:53:28.789] [bmv2] [D] [thread 40032] [30.0] [cxt 0] Table 'tbl_link_monitor379': miss
[13:53:28.789] [bmv2] [D] [thread 40032] [30.0] [cxt 0] Action entry is link_monitor379 - 
[13:53:28.789] [bmv2] [T] [thread 40032] [30.0] [cxt 0] Action link_monitor379
[13:53:28.789] [bmv2] [T] [thread 40032] [30.0] [cxt 0] link_monitor.p4(379) Primitive (bit<32>)standard_metadata.egress_port
[13:53:28.789] [bmv2] [T] [thread 40032] [30.0] [cxt 0] link_monitor.p4(379) Primitive byte_cnt_reg.read(byte_cnt, (bit<32>)standard_metadata.egress_port)
[13:53:28.789] [bmv2] [T] [thread 40032] [30.0] [cxt 0] Read register 'MyEgress.byte_cnt_reg' at index 0 read value 140
[13:53:28.789] [bmv2] [T] [thread 40032] [30.0] [cxt 0] link_monitor.p4(380) Primitive byte_cnt = byte_cnt + standard_metadata.packet_length
[13:53:28.789] [bmv2] [T] [thread 40032] [30.0] [cxt 0] link_monitor.p4(382) Condition "hdr.probe.isValid()" (node_12) is false
[13:53:28.789] [bmv2] [T] [thread 40032] [30.0] [cxt 0] Applying table 'tbl_link_monitor382_0'
[13:53:28.789] [bmv2] [D] [thread 40032] [30.0] [cxt 0] Looking up key:

[13:53:28.789] [bmv2] [D] [thread 40032] [30.0] [cxt 0] Table 'tbl_link_monitor382_0': miss
[13:53:28.789] [bmv2] [D] [thread 40032] [30.0] [cxt 0] Action entry is link_monitor382_0 - 
[13:53:28.789] [bmv2] [T] [thread 40032] [30.0] [cxt 0] Action link_monitor382_0
[13:53:28.789] [bmv2] [T] [thread 40032] [30.0] [cxt 0] link_monitor.p4(382) Primitive (hdr.probe.isValid()) ? 0 : byte_cnt
[13:53:28.789] [bmv2] [T] [thread 40032] [30.0] [cxt 0] Applying table 'tbl_link_monitor383'
[13:53:28.789] [bmv2] [D] [thread 40032] [30.0] [cxt 0] Looking up key:

[13:53:28.789] [bmv2] [D] [thread 40032] [30.0] [cxt 0] Table 'tbl_link_monitor383': miss
[13:53:28.789] [bmv2] [D] [thread 40032] [30.0] [cxt 0] Action entry is link_monitor383 - 
[13:53:28.789] [bmv2] [T] [thread 40032] [30.0] [cxt 0] Action link_monitor383
[13:53:28.789] [bmv2] [T] [thread 40032] [30.0] [cxt 0] link_monitor.p4(383) Primitive (bit<32>)standard_metadata.egress_port
[13:53:28.789] [bmv2] [T] [thread 40032] [30.0] [cxt 0] link_monitor.p4(383) Primitive byte_cnt_reg.write((bit<32>)standard_metadata.egress_port, new_byte_cnt)
[13:53:28.789] [bmv2] [T] [thread 40032] [30.0] [cxt 0] Wrote register 'MyEgress.byte_cnt_reg' at index 0 with value 210
[13:53:28.789] [bmv2] [T] [thread 40032] [30.0] [cxt 0] link_monitor.p4(385) Condition "hdr.probe.isValid()" (node_16) is false
[13:53:28.789] [bmv2] [D] [thread 40032] [30.0] [cxt 0] Pipeline 'egress': end
[13:53:28.789] [bmv2] [D] [thread 40032] [30.0] [cxt 0] Deparser 'deparser': start
[13:53:28.789] [bmv2] [T] [thread 40032] [30.0] [cxt 0] Skipping checksum 'cksum' update because condition not met
[13:53:28.789] [bmv2] [D] [thread 40032] [30.0] [cxt 0] Deparsing header 'ethernet'
[13:53:28.789] [bmv2] [D] [thread 40032] [30.0] [cxt 0] Deparser 'deparser': end
[13:53:28.789] [bmv2] [D] [thread 40036] [30.0] [cxt 0] Transmitting packet of size 70 out of port 0
[13:53:29.042] [bmv2] [D] [thread 40031] [31.0] [cxt 0] Processing packet received on port 3
[13:53:29.042] [bmv2] [D] [thread 40031] [31.0] [cxt 0] Parser 'parser': start
[13:53:29.042] [bmv2] [D] [thread 40031] [31.0] [cxt 0] Parser 'parser' entering state 'start'
[13:53:29.042] [bmv2] [D] [thread 40031] [31.0] [cxt 0] Extracting header 'ethernet'
[13:53:29.042] [bmv2] [D] [thread 40031] [31.0] [cxt 0] Parser state 'start': key is 86dd
[13:53:29.042] [bmv2] [T] [thread 40031] [31.0] [cxt 0] Bytes parsed: 14
[13:53:29.042] [bmv2] [D] [thread 40031] [31.0] [cxt 0] Parser 'parser': end
[13:53:29.042] [bmv2] [D] [thread 40031] [31.0] [cxt 0] Pipeline 'ingress': start
[13:53:29.042] [bmv2] [T] [thread 40031] [31.0] [cxt 0] link_monitor.p4(333) Condition "hdr.tcp.isValid()" (node_2) is false
[13:53:29.042] [bmv2] [T] [thread 40031] [31.0] [cxt 0] link_monitor.p4(337) Condition "hdr.ipv4.isValid()" (node_5) is false
[13:53:29.042] [bmv2] [T] [thread 40031] [31.0] [cxt 0] link_monitor.p4(340) Condition "hdr.probe.isValid()" (node_7) is false
[13:53:29.042] [bmv2] [D] [thread 40031] [31.0] [cxt 0] Pipeline 'ingress': end
[13:53:29.042] [bmv2] [D] [thread 40031] [31.0] [cxt 0] Egress port is 0
[13:53:29.042] [bmv2] [D] [thread 40032] [31.0] [cxt 0] Pipeline 'egress': start
[13:53:29.042] [bmv2] [T] [thread 40032] [31.0] [cxt 0] Applying table 'tbl_link_monitor379'
[13:53:29.042] [bmv2] [D] [thread 40032] [31.0] [cxt 0] Looking up key:

[13:53:29.042] [bmv2] [D] [thread 40032] [31.0] [cxt 0] Table 'tbl_link_monitor379': miss
[13:53:29.042] [bmv2] [D] [thread 40032] [31.0] [cxt 0] Action entry is link_monitor379 - 
[13:53:29.042] [bmv2] [T] [thread 40032] [31.0] [cxt 0] Action link_monitor379
[13:53:29.042] [bmv2] [T] [thread 40032] [31.0] [cxt 0] link_monitor.p4(379) Primitive (bit<32>)standard_metadata.egress_port
[13:53:29.042] [bmv2] [T] [thread 40032] [31.0] [cxt 0] link_monitor.p4(379) Primitive byte_cnt_reg.read(byte_cnt, (bit<32>)standard_metadata.egress_port)
[13:53:29.042] [bmv2] [T] [thread 40032] [31.0] [cxt 0] Read register 'MyEgress.byte_cnt_reg' at index 0 read value 210
[13:53:29.042] [bmv2] [T] [thread 40032] [31.0] [cxt 0] link_monitor.p4(380) Primitive byte_cnt = byte_cnt + standard_metadata.packet_length
[13:53:29.042] [bmv2] [T] [thread 40032] [31.0] [cxt 0] link_monitor.p4(382) Condition "hdr.probe.isValid()" (node_12) is false
[13:53:29.042] [bmv2] [T] [thread 40032] [31.0] [cxt 0] Applying table 'tbl_link_monitor382_0'
[13:53:29.042] [bmv2] [D] [thread 40032] [31.0] [cxt 0] Looking up key:

[13:53:29.042] [bmv2] [D] [thread 40032] [31.0] [cxt 0] Table 'tbl_link_monitor382_0': miss
[13:53:29.042] [bmv2] [D] [thread 40032] [31.0] [cxt 0] Action entry is link_monitor382_0 - 
[13:53:29.042] [bmv2] [T] [thread 40032] [31.0] [cxt 0] Action link_monitor382_0
[13:53:29.042] [bmv2] [T] [thread 40032] [31.0] [cxt 0] link_monitor.p4(382) Primitive (hdr.probe.isValid()) ? 0 : byte_cnt
[13:53:29.042] [bmv2] [T] [thread 40032] [31.0] [cxt 0] Applying table 'tbl_link_monitor383'
[13:53:29.042] [bmv2] [D] [thread 40032] [31.0] [cxt 0] Looking up key:

[13:53:29.042] [bmv2] [D] [thread 40032] [31.0] [cxt 0] Table 'tbl_link_monitor383': miss
[13:53:29.042] [bmv2] [D] [thread 40032] [31.0] [cxt 0] Action entry is link_monitor383 - 
[13:53:29.042] [bmv2] [T] [thread 40032] [31.0] [cxt 0] Action link_monitor383
[13:53:29.042] [bmv2] [T] [thread 40032] [31.0] [cxt 0] link_monitor.p4(383) Primitive (bit<32>)standard_metadata.egress_port
[13:53:29.042] [bmv2] [T] [thread 40032] [31.0] [cxt 0] link_monitor.p4(383) Primitive byte_cnt_reg.write((bit<32>)standard_metadata.egress_port, new_byte_cnt)
[13:53:29.042] [bmv2] [T] [thread 40032] [31.0] [cxt 0] Wrote register 'MyEgress.byte_cnt_reg' at index 0 with value 280
[13:53:29.042] [bmv2] [T] [thread 40032] [31.0] [cxt 0] link_monitor.p4(385) Condition "hdr.probe.isValid()" (node_16) is false
[13:53:29.042] [bmv2] [D] [thread 40032] [31.0] [cxt 0] Pipeline 'egress': end
[13:53:29.042] [bmv2] [D] [thread 40032] [31.0] [cxt 0] Deparser 'deparser': start
[13:53:29.042] [bmv2] [T] [thread 40032] [31.0] [cxt 0] Skipping checksum 'cksum' update because condition not met
[13:53:29.042] [bmv2] [D] [thread 40032] [31.0] [cxt 0] Deparsing header 'ethernet'
[13:53:29.042] [bmv2] [D] [thread 40032] [31.0] [cxt 0] Deparser 'deparser': end
[13:53:29.042] [bmv2] [D] [thread 40036] [31.0] [cxt 0] Transmitting packet of size 70 out of port 0
[13:53:29.043] [bmv2] [D] [thread 40031] [32.0] [cxt 0] Processing packet received on port 4
[13:53:29.043] [bmv2] [D] [thread 40031] [32.0] [cxt 0] Parser 'parser': start
[13:53:29.043] [bmv2] [D] [thread 40031] [32.0] [cxt 0] Parser 'parser' entering state 'start'
[13:53:29.043] [bmv2] [D] [thread 40031] [32.0] [cxt 0] Extracting header 'ethernet'
[13:53:29.043] [bmv2] [D] [thread 40031] [32.0] [cxt 0] Parser state 'start': key is 86dd
[13:53:29.043] [bmv2] [T] [thread 40031] [32.0] [cxt 0] Bytes parsed: 14
[13:53:29.043] [bmv2] [D] [thread 40031] [32.0] [cxt 0] Parser 'parser': end
[13:53:29.043] [bmv2] [D] [thread 40031] [32.0] [cxt 0] Pipeline 'ingress': start
[13:53:29.043] [bmv2] [T] [thread 40031] [32.0] [cxt 0] link_monitor.p4(333) Condition "hdr.tcp.isValid()" (node_2) is false
[13:53:29.043] [bmv2] [T] [thread 40031] [32.0] [cxt 0] link_monitor.p4(337) Condition "hdr.ipv4.isValid()" (node_5) is false
[13:53:29.043] [bmv2] [T] [thread 40031] [32.0] [cxt 0] link_monitor.p4(340) Condition "hdr.probe.isValid()" (node_7) is false
[13:53:29.043] [bmv2] [D] [thread 40031] [32.0] [cxt 0] Pipeline 'ingress': end
[13:53:29.043] [bmv2] [D] [thread 40031] [32.0] [cxt 0] Egress port is 0
[13:53:29.043] [bmv2] [D] [thread 40031] [33.0] [cxt 0] Processing packet received on port 4
[13:53:29.043] [bmv2] [D] [thread 40031] [33.0] [cxt 0] Parser 'parser': start
[13:53:29.043] [bmv2] [D] [thread 40031] [33.0] [cxt 0] Parser 'parser' entering state 'start'
[13:53:29.043] [bmv2] [D] [thread 40031] [33.0] [cxt 0] Extracting header 'ethernet'
[13:53:29.043] [bmv2] [D] [thread 40031] [33.0] [cxt 0] Parser state 'start': key is 86dd
[13:53:29.043] [bmv2] [T] [thread 40031] [33.0] [cxt 0] Bytes parsed: 14
[13:53:29.043] [bmv2] [D] [thread 40031] [33.0] [cxt 0] Parser 'parser': end
[13:53:29.043] [bmv2] [D] [thread 40031] [33.0] [cxt 0] Pipeline 'ingress': start
[13:53:29.043] [bmv2] [T] [thread 40031] [33.0] [cxt 0] link_monitor.p4(333) Condition "hdr.tcp.isValid()" (node_2) is false
[13:53:29.043] [bmv2] [T] [thread 40031] [33.0] [cxt 0] link_monitor.p4(337) Condition "hdr.ipv4.isValid()" (node_5) is false
[13:53:29.043] [bmv2] [T] [thread 40031] [33.0] [cxt 0] link_monitor.p4(340) Condition "hdr.probe.isValid()" (node_7) is false
[13:53:29.043] [bmv2] [D] [thread 40031] [33.0] [cxt 0] Pipeline 'ingress': end
[13:53:29.043] [bmv2] [D] [thread 40031] [33.0] [cxt 0] Egress port is 0
[13:53:29.043] [bmv2] [D] [thread 40032] [32.0] [cxt 0] Pipeline 'egress': start
[13:53:29.043] [bmv2] [T] [thread 40032] [32.0] [cxt 0] Applying table 'tbl_link_monitor379'
[13:53:29.043] [bmv2] [D] [thread 40032] [32.0] [cxt 0] Looking up key:

[13:53:29.043] [bmv2] [D] [thread 40032] [32.0] [cxt 0] Table 'tbl_link_monitor379': miss
[13:53:29.043] [bmv2] [D] [thread 40032] [32.0] [cxt 0] Action entry is link_monitor379 - 
[13:53:29.043] [bmv2] [T] [thread 40032] [32.0] [cxt 0] Action link_monitor379
[13:53:29.043] [bmv2] [T] [thread 40032] [32.0] [cxt 0] link_monitor.p4(379) Primitive (bit<32>)standard_metadata.egress_port
[13:53:29.043] [bmv2] [T] [thread 40032] [32.0] [cxt 0] link_monitor.p4(379) Primitive byte_cnt_reg.read(byte_cnt, (bit<32>)standard_metadata.egress_port)
[13:53:29.043] [bmv2] [T] [thread 40032] [32.0] [cxt 0] Read register 'MyEgress.byte_cnt_reg' at index 0 read value 280
[13:53:29.043] [bmv2] [T] [thread 40032] [32.0] [cxt 0] link_monitor.p4(380) Primitive byte_cnt = byte_cnt + standard_metadata.packet_length
[13:53:29.043] [bmv2] [T] [thread 40032] [32.0] [cxt 0] link_monitor.p4(382) Condition "hdr.probe.isValid()" (node_12) is false
[13:53:29.043] [bmv2] [T] [thread 40032] [32.0] [cxt 0] Applying table 'tbl_link_monitor382_0'
[13:53:29.043] [bmv2] [D] [thread 40032] [32.0] [cxt 0] Looking up key:

[13:53:29.043] [bmv2] [D] [thread 40032] [32.0] [cxt 0] Table 'tbl_link_monitor382_0': miss
[13:53:29.043] [bmv2] [D] [thread 40032] [32.0] [cxt 0] Action entry is link_monitor382_0 - 
[13:53:29.043] [bmv2] [T] [thread 40032] [32.0] [cxt 0] Action link_monitor382_0
[13:53:29.043] [bmv2] [T] [thread 40032] [32.0] [cxt 0] link_monitor.p4(382) Primitive (hdr.probe.isValid()) ? 0 : byte_cnt
[13:53:29.043] [bmv2] [T] [thread 40032] [32.0] [cxt 0] Applying table 'tbl_link_monitor383'
[13:53:29.043] [bmv2] [D] [thread 40032] [32.0] [cxt 0] Looking up key:

[13:53:29.043] [bmv2] [D] [thread 40032] [32.0] [cxt 0] Table 'tbl_link_monitor383': miss
[13:53:29.043] [bmv2] [D] [thread 40032] [32.0] [cxt 0] Action entry is link_monitor383 - 
[13:53:29.043] [bmv2] [T] [thread 40032] [32.0] [cxt 0] Action link_monitor383
[13:53:29.043] [bmv2] [T] [thread 40032] [32.0] [cxt 0] link_monitor.p4(383) Primitive (bit<32>)standard_metadata.egress_port
[13:53:29.043] [bmv2] [T] [thread 40032] [32.0] [cxt 0] link_monitor.p4(383) Primitive byte_cnt_reg.write((bit<32>)standard_metadata.egress_port, new_byte_cnt)
[13:53:29.043] [bmv2] [T] [thread 40032] [32.0] [cxt 0] Wrote register 'MyEgress.byte_cnt_reg' at index 0 with value 350
[13:53:29.043] [bmv2] [T] [thread 40032] [32.0] [cxt 0] link_monitor.p4(385) Condition "hdr.probe.isValid()" (node_16) is false
[13:53:29.043] [bmv2] [D] [thread 40032] [32.0] [cxt 0] Pipeline 'egress': end
[13:53:29.043] [bmv2] [D] [thread 40032] [32.0] [cxt 0] Deparser 'deparser': start
[13:53:29.043] [bmv2] [T] [thread 40032] [32.0] [cxt 0] Skipping checksum 'cksum' update because condition not met
[13:53:29.043] [bmv2] [D] [thread 40032] [32.0] [cxt 0] Deparsing header 'ethernet'
[13:53:29.043] [bmv2] [D] [thread 40032] [32.0] [cxt 0] Deparser 'deparser': end
[13:53:29.043] [bmv2] [D] [thread 40032] [33.0] [cxt 0] Pipeline 'egress': start
[13:53:29.043] [bmv2] [T] [thread 40032] [33.0] [cxt 0] Applying table 'tbl_link_monitor379'
[13:53:29.043] [bmv2] [D] [thread 40032] [33.0] [cxt 0] Looking up key:

[13:53:29.043] [bmv2] [D] [thread 40032] [33.0] [cxt 0] Table 'tbl_link_monitor379': miss
[13:53:29.043] [bmv2] [D] [thread 40032] [33.0] [cxt 0] Action entry is link_monitor379 - 
[13:53:29.043] [bmv2] [T] [thread 40032] [33.0] [cxt 0] Action link_monitor379
[13:53:29.043] [bmv2] [T] [thread 40032] [33.0] [cxt 0] link_monitor.p4(379) Primitive (bit<32>)standard_metadata.egress_port
[13:53:29.043] [bmv2] [T] [thread 40032] [33.0] [cxt 0] link_monitor.p4(379) Primitive byte_cnt_reg.read(byte_cnt, (bit<32>)standard_metadata.egress_port)
[13:53:29.043] [bmv2] [T] [thread 40032] [33.0] [cxt 0] Read register 'MyEgress.byte_cnt_reg' at index 0 read value 350
[13:53:29.043] [bmv2] [T] [thread 40032] [33.0] [cxt 0] link_monitor.p4(380) Primitive byte_cnt = byte_cnt + standard_metadata.packet_length
[13:53:29.043] [bmv2] [T] [thread 40032] [33.0] [cxt 0] link_monitor.p4(382) Condition "hdr.probe.isValid()" (node_12) is false
[13:53:29.043] [bmv2] [T] [thread 40032] [33.0] [cxt 0] Applying table 'tbl_link_monitor382_0'
[13:53:29.043] [bmv2] [D] [thread 40032] [33.0] [cxt 0] Looking up key:

[13:53:29.043] [bmv2] [D] [thread 40032] [33.0] [cxt 0] Table 'tbl_link_monitor382_0': miss
[13:53:29.043] [bmv2] [D] [thread 40032] [33.0] [cxt 0] Action entry is link_monitor382_0 - 
[13:53:29.043] [bmv2] [T] [thread 40032] [33.0] [cxt 0] Action link_monitor382_0
[13:53:29.043] [bmv2] [T] [thread 40032] [33.0] [cxt 0] link_monitor.p4(382) Primitive (hdr.probe.isValid()) ? 0 : byte_cnt
[13:53:29.043] [bmv2] [T] [thread 40032] [33.0] [cxt 0] Applying table 'tbl_link_monitor383'
[13:53:29.043] [bmv2] [D] [thread 40032] [33.0] [cxt 0] Looking up key:

[13:53:29.043] [bmv2] [D] [thread 40032] [33.0] [cxt 0] Table 'tbl_link_monitor383': miss
[13:53:29.043] [bmv2] [D] [thread 40032] [33.0] [cxt 0] Action entry is link_monitor383 - 
[13:53:29.043] [bmv2] [T] [thread 40032] [33.0] [cxt 0] Action link_monitor383
[13:53:29.043] [bmv2] [T] [thread 40032] [33.0] [cxt 0] link_monitor.p4(383) Primitive (bit<32>)standard_metadata.egress_port
[13:53:29.043] [bmv2] [T] [thread 40032] [33.0] [cxt 0] link_monitor.p4(383) Primitive byte_cnt_reg.write((bit<32>)standard_metadata.egress_port, new_byte_cnt)
[13:53:29.043] [bmv2] [T] [thread 40032] [33.0] [cxt 0] Wrote register 'MyEgress.byte_cnt_reg' at index 0 with value 420
[13:53:29.043] [bmv2] [T] [thread 40032] [33.0] [cxt 0] link_monitor.p4(385) Condition "hdr.probe.isValid()" (node_16) is false
[13:53:29.043] [bmv2] [D] [thread 40032] [33.0] [cxt 0] Pipeline 'egress': end
[13:53:29.043] [bmv2] [D] [thread 40032] [33.0] [cxt 0] Deparser 'deparser': start
[13:53:29.043] [bmv2] [T] [thread 40032] [33.0] [cxt 0] Skipping checksum 'cksum' update because condition not met
[13:53:29.043] [bmv2] [D] [thread 40032] [33.0] [cxt 0] Deparsing header 'ethernet'
[13:53:29.043] [bmv2] [D] [thread 40032] [33.0] [cxt 0] Deparser 'deparser': end
[13:53:29.043] [bmv2] [D] [thread 40036] [32.0] [cxt 0] Transmitting packet of size 70 out of port 0
[13:53:29.043] [bmv2] [D] [thread 40036] [33.0] [cxt 0] Transmitting packet of size 70 out of port 0
[13:53:36.220] [bmv2] [D] [thread 40031] [34.0] [cxt 0] Processing packet received on port 2
[13:53:36.220] [bmv2] [D] [thread 40031] [34.0] [cxt 0] Parser 'parser': start
[13:53:36.220] [bmv2] [D] [thread 40031] [34.0] [cxt 0] Parser 'parser' entering state 'start'
[13:53:36.220] [bmv2] [D] [thread 40031] [34.0] [cxt 0] Extracting header 'ethernet'
[13:53:36.220] [bmv2] [D] [thread 40031] [34.0] [cxt 0] Parser state 'start': key is 86dd
[13:53:36.220] [bmv2] [T] [thread 40031] [34.0] [cxt 0] Bytes parsed: 14
[13:53:36.220] [bmv2] [D] [thread 40031] [34.0] [cxt 0] Parser 'parser': end
[13:53:36.220] [bmv2] [D] [thread 40031] [34.0] [cxt 0] Pipeline 'ingress': start
[13:53:36.220] [bmv2] [T] [thread 40031] [34.0] [cxt 0] link_monitor.p4(333) Condition "hdr.tcp.isValid()" (node_2) is false
[13:53:36.220] [bmv2] [T] [thread 40031] [34.0] [cxt 0] link_monitor.p4(337) Condition "hdr.ipv4.isValid()" (node_5) is false
[13:53:36.220] [bmv2] [T] [thread 40031] [34.0] [cxt 0] link_monitor.p4(340) Condition "hdr.probe.isValid()" (node_7) is false
[13:53:36.220] [bmv2] [D] [thread 40031] [34.0] [cxt 0] Pipeline 'ingress': end
[13:53:36.220] [bmv2] [D] [thread 40031] [34.0] [cxt 0] Egress port is 0
[13:53:36.220] [bmv2] [D] [thread 40031] [35.0] [cxt 0] Processing packet received on port 3
[13:53:36.220] [bmv2] [D] [thread 40031] [35.0] [cxt 0] Parser 'parser': start
[13:53:36.220] [bmv2] [D] [thread 40031] [35.0] [cxt 0] Parser 'parser' entering state 'start'
[13:53:36.220] [bmv2] [D] [thread 40031] [35.0] [cxt 0] Extracting header 'ethernet'
[13:53:36.220] [bmv2] [D] [thread 40031] [35.0] [cxt 0] Parser state 'start': key is 86dd
[13:53:36.220] [bmv2] [T] [thread 40031] [35.0] [cxt 0] Bytes parsed: 14
[13:53:36.220] [bmv2] [D] [thread 40031] [35.0] [cxt 0] Parser 'parser': end
[13:53:36.220] [bmv2] [D] [thread 40031] [35.0] [cxt 0] Pipeline 'ingress': start
[13:53:36.220] [bmv2] [T] [thread 40031] [35.0] [cxt 0] link_monitor.p4(333) Condition "hdr.tcp.isValid()" (node_2) is false
[13:53:36.220] [bmv2] [T] [thread 40031] [35.0] [cxt 0] link_monitor.p4(337) Condition "hdr.ipv4.isValid()" (node_5) is false
[13:53:36.220] [bmv2] [T] [thread 40031] [35.0] [cxt 0] link_monitor.p4(340) Condition "hdr.probe.isValid()" (node_7) is false
[13:53:36.220] [bmv2] [D] [thread 40031] [35.0] [cxt 0] Pipeline 'ingress': end
[13:53:36.220] [bmv2] [D] [thread 40031] [35.0] [cxt 0] Egress port is 0
[13:53:36.220] [bmv2] [D] [thread 40032] [34.0] [cxt 0] Pipeline 'egress': start
[13:53:36.220] [bmv2] [T] [thread 40032] [34.0] [cxt 0] Applying table 'tbl_link_monitor379'
[13:53:36.220] [bmv2] [D] [thread 40032] [34.0] [cxt 0] Looking up key:

[13:53:36.220] [bmv2] [D] [thread 40032] [34.0] [cxt 0] Table 'tbl_link_monitor379': miss
[13:53:36.220] [bmv2] [D] [thread 40032] [34.0] [cxt 0] Action entry is link_monitor379 - 
[13:53:36.220] [bmv2] [T] [thread 40032] [34.0] [cxt 0] Action link_monitor379
[13:53:36.220] [bmv2] [T] [thread 40032] [34.0] [cxt 0] link_monitor.p4(379) Primitive (bit<32>)standard_metadata.egress_port
[13:53:36.220] [bmv2] [T] [thread 40032] [34.0] [cxt 0] link_monitor.p4(379) Primitive byte_cnt_reg.read(byte_cnt, (bit<32>)standard_metadata.egress_port)
[13:53:36.220] [bmv2] [T] [thread 40032] [34.0] [cxt 0] Read register 'MyEgress.byte_cnt_reg' at index 0 read value 420
[13:53:36.220] [bmv2] [T] [thread 40032] [34.0] [cxt 0] link_monitor.p4(380) Primitive byte_cnt = byte_cnt + standard_metadata.packet_length
[13:53:36.220] [bmv2] [T] [thread 40032] [34.0] [cxt 0] link_monitor.p4(382) Condition "hdr.probe.isValid()" (node_12) is false
[13:53:36.220] [bmv2] [T] [thread 40032] [34.0] [cxt 0] Applying table 'tbl_link_monitor382_0'
[13:53:36.220] [bmv2] [D] [thread 40032] [34.0] [cxt 0] Looking up key:

[13:53:36.220] [bmv2] [D] [thread 40032] [34.0] [cxt 0] Table 'tbl_link_monitor382_0': miss
[13:53:36.220] [bmv2] [D] [thread 40032] [34.0] [cxt 0] Action entry is link_monitor382_0 - 
[13:53:36.220] [bmv2] [T] [thread 40032] [34.0] [cxt 0] Action link_monitor382_0
[13:53:36.220] [bmv2] [T] [thread 40032] [34.0] [cxt 0] link_monitor.p4(382) Primitive (hdr.probe.isValid()) ? 0 : byte_cnt
[13:53:36.220] [bmv2] [T] [thread 40032] [34.0] [cxt 0] Applying table 'tbl_link_monitor383'
[13:53:36.220] [bmv2] [D] [thread 40032] [34.0] [cxt 0] Looking up key:

[13:53:36.220] [bmv2] [D] [thread 40032] [34.0] [cxt 0] Table 'tbl_link_monitor383': miss
[13:53:36.220] [bmv2] [D] [thread 40032] [34.0] [cxt 0] Action entry is link_monitor383 - 
[13:53:36.220] [bmv2] [T] [thread 40032] [34.0] [cxt 0] Action link_monitor383
[13:53:36.220] [bmv2] [T] [thread 40032] [34.0] [cxt 0] link_monitor.p4(383) Primitive (bit<32>)standard_metadata.egress_port
[13:53:36.220] [bmv2] [T] [thread 40032] [34.0] [cxt 0] link_monitor.p4(383) Primitive byte_cnt_reg.write((bit<32>)standard_metadata.egress_port, new_byte_cnt)
[13:53:36.220] [bmv2] [T] [thread 40032] [34.0] [cxt 0] Wrote register 'MyEgress.byte_cnt_reg' at index 0 with value 490
[13:53:36.220] [bmv2] [T] [thread 40032] [34.0] [cxt 0] link_monitor.p4(385) Condition "hdr.probe.isValid()" (node_16) is false
[13:53:36.220] [bmv2] [D] [thread 40032] [34.0] [cxt 0] Pipeline 'egress': end
[13:53:36.220] [bmv2] [D] [thread 40032] [34.0] [cxt 0] Deparser 'deparser': start
[13:53:36.220] [bmv2] [T] [thread 40032] [34.0] [cxt 0] Skipping checksum 'cksum' update because condition not met
[13:53:36.220] [bmv2] [D] [thread 40032] [34.0] [cxt 0] Deparsing header 'ethernet'
[13:53:36.220] [bmv2] [D] [thread 40032] [34.0] [cxt 0] Deparser 'deparser': end
[13:53:36.220] [bmv2] [D] [thread 40032] [35.0] [cxt 0] Pipeline 'egress': start
[13:53:36.220] [bmv2] [T] [thread 40032] [35.0] [cxt 0] Applying table 'tbl_link_monitor379'
[13:53:36.220] [bmv2] [D] [thread 40032] [35.0] [cxt 0] Looking up key:

[13:53:36.220] [bmv2] [D] [thread 40032] [35.0] [cxt 0] Table 'tbl_link_monitor379': miss
[13:53:36.220] [bmv2] [D] [thread 40032] [35.0] [cxt 0] Action entry is link_monitor379 - 
[13:53:36.220] [bmv2] [T] [thread 40032] [35.0] [cxt 0] Action link_monitor379
[13:53:36.220] [bmv2] [T] [thread 40032] [35.0] [cxt 0] link_monitor.p4(379) Primitive (bit<32>)standard_metadata.egress_port
[13:53:36.220] [bmv2] [T] [thread 40032] [35.0] [cxt 0] link_monitor.p4(379) Primitive byte_cnt_reg.read(byte_cnt, (bit<32>)standard_metadata.egress_port)
[13:53:36.220] [bmv2] [T] [thread 40032] [35.0] [cxt 0] Read register 'MyEgress.byte_cnt_reg' at index 0 read value 490
[13:53:36.220] [bmv2] [T] [thread 40032] [35.0] [cxt 0] link_monitor.p4(380) Primitive byte_cnt = byte_cnt + standard_metadata.packet_length
[13:53:36.220] [bmv2] [T] [thread 40032] [35.0] [cxt 0] link_monitor.p4(382) Condition "hdr.probe.isValid()" (node_12) is false
[13:53:36.220] [bmv2] [T] [thread 40032] [35.0] [cxt 0] Applying table 'tbl_link_monitor382_0'
[13:53:36.220] [bmv2] [D] [thread 40032] [35.0] [cxt 0] Looking up key:

[13:53:36.220] [bmv2] [D] [thread 40032] [35.0] [cxt 0] Table 'tbl_link_monitor382_0': miss
[13:53:36.220] [bmv2] [D] [thread 40032] [35.0] [cxt 0] Action entry is link_monitor382_0 - 
[13:53:36.220] [bmv2] [T] [thread 40032] [35.0] [cxt 0] Action link_monitor382_0
[13:53:36.220] [bmv2] [T] [thread 40032] [35.0] [cxt 0] link_monitor.p4(382) Primitive (hdr.probe.isValid()) ? 0 : byte_cnt
[13:53:36.220] [bmv2] [T] [thread 40032] [35.0] [cxt 0] Applying table 'tbl_link_monitor383'
[13:53:36.220] [bmv2] [D] [thread 40032] [35.0] [cxt 0] Looking up key:

[13:53:36.220] [bmv2] [D] [thread 40032] [35.0] [cxt 0] Table 'tbl_link_monitor383': miss
[13:53:36.220] [bmv2] [D] [thread 40032] [35.0] [cxt 0] Action entry is link_monitor383 - 
[13:53:36.220] [bmv2] [T] [thread 40032] [35.0] [cxt 0] Action link_monitor383
[13:53:36.220] [bmv2] [T] [thread 40032] [35.0] [cxt 0] link_monitor.p4(383) Primitive (bit<32>)standard_metadata.egress_port
[13:53:36.220] [bmv2] [T] [thread 40032] [35.0] [cxt 0] link_monitor.p4(383) Primitive byte_cnt_reg.write((bit<32>)standard_metadata.egress_port, new_byte_cnt)
[13:53:36.220] [bmv2] [T] [thread 40032] [35.0] [cxt 0] Wrote register 'MyEgress.byte_cnt_reg' at index 0 with value 560
[13:53:36.220] [bmv2] [T] [thread 40032] [35.0] [cxt 0] link_monitor.p4(385) Condition "hdr.probe.isValid()" (node_16) is false
[13:53:36.220] [bmv2] [D] [thread 40032] [35.0] [cxt 0] Pipeline 'egress': end
[13:53:36.220] [bmv2] [D] [thread 40032] [35.0] [cxt 0] Deparser 'deparser': start
[13:53:36.220] [bmv2] [T] [thread 40032] [35.0] [cxt 0] Skipping checksum 'cksum' update because condition not met
[13:53:36.220] [bmv2] [D] [thread 40032] [35.0] [cxt 0] Deparsing header 'ethernet'
[13:53:36.220] [bmv2] [D] [thread 40032] [35.0] [cxt 0] Deparser 'deparser': end
[13:53:36.220] [bmv2] [D] [thread 40036] [34.0] [cxt 0] Transmitting packet of size 70 out of port 0
[13:53:36.220] [bmv2] [D] [thread 40036] [35.0] [cxt 0] Transmitting packet of size 70 out of port 0
[13:53:36.978] [bmv2] [D] [thread 40031] [36.0] [cxt 0] Processing packet received on port 1
[13:53:36.978] [bmv2] [D] [thread 40031] [36.0] [cxt 0] Parser 'parser': start
[13:53:36.978] [bmv2] [D] [thread 40031] [36.0] [cxt 0] Parser 'parser' entering state 'start'
[13:53:36.978] [bmv2] [D] [thread 40031] [36.0] [cxt 0] Extracting header 'ethernet'
[13:53:36.978] [bmv2] [D] [thread 40031] [36.0] [cxt 0] Parser state 'start': key is 86dd
[13:53:36.978] [bmv2] [T] [thread 40031] [36.0] [cxt 0] Bytes parsed: 14
[13:53:36.978] [bmv2] [D] [thread 40031] [36.0] [cxt 0] Parser 'parser': end
[13:53:36.978] [bmv2] [D] [thread 40031] [36.0] [cxt 0] Pipeline 'ingress': start
[13:53:36.978] [bmv2] [T] [thread 40031] [36.0] [cxt 0] link_monitor.p4(333) Condition "hdr.tcp.isValid()" (node_2) is false
[13:53:36.978] [bmv2] [T] [thread 40031] [36.0] [cxt 0] link_monitor.p4(337) Condition "hdr.ipv4.isValid()" (node_5) is false
[13:53:36.978] [bmv2] [T] [thread 40031] [36.0] [cxt 0] link_monitor.p4(340) Condition "hdr.probe.isValid()" (node_7) is false
[13:53:36.978] [bmv2] [D] [thread 40031] [36.0] [cxt 0] Pipeline 'ingress': end
[13:53:36.978] [bmv2] [D] [thread 40031] [36.0] [cxt 0] Egress port is 0
[13:53:36.978] [bmv2] [D] [thread 40031] [37.0] [cxt 0] Processing packet received on port 4
[13:53:36.978] [bmv2] [D] [thread 40031] [37.0] [cxt 0] Parser 'parser': start
[13:53:36.978] [bmv2] [D] [thread 40031] [37.0] [cxt 0] Parser 'parser' entering state 'start'
[13:53:36.978] [bmv2] [D] [thread 40031] [37.0] [cxt 0] Extracting header 'ethernet'
[13:53:36.978] [bmv2] [D] [thread 40031] [37.0] [cxt 0] Parser state 'start': key is 86dd
[13:53:36.978] [bmv2] [T] [thread 40031] [37.0] [cxt 0] Bytes parsed: 14
[13:53:36.978] [bmv2] [D] [thread 40031] [37.0] [cxt 0] Parser 'parser': end
[13:53:36.978] [bmv2] [D] [thread 40031] [37.0] [cxt 0] Pipeline 'ingress': start
[13:53:36.978] [bmv2] [T] [thread 40031] [37.0] [cxt 0] link_monitor.p4(333) Condition "hdr.tcp.isValid()" (node_2) is false
[13:53:36.978] [bmv2] [T] [thread 40031] [37.0] [cxt 0] link_monitor.p4(337) Condition "hdr.ipv4.isValid()" (node_5) is false
[13:53:36.978] [bmv2] [T] [thread 40031] [37.0] [cxt 0] link_monitor.p4(340) Condition "hdr.probe.isValid()" (node_7) is false
[13:53:36.978] [bmv2] [D] [thread 40031] [37.0] [cxt 0] Pipeline 'ingress': end
[13:53:36.978] [bmv2] [D] [thread 40031] [37.0] [cxt 0] Egress port is 0
[13:53:36.978] [bmv2] [D] [thread 40031] [38.0] [cxt 0] Processing packet received on port 4
[13:53:36.978] [bmv2] [D] [thread 40031] [38.0] [cxt 0] Parser 'parser': start
[13:53:36.978] [bmv2] [D] [thread 40031] [38.0] [cxt 0] Parser 'parser' entering state 'start'
[13:53:36.978] [bmv2] [D] [thread 40031] [38.0] [cxt 0] Extracting header 'ethernet'
[13:53:36.978] [bmv2] [D] [thread 40031] [38.0] [cxt 0] Parser state 'start': key is 86dd
[13:53:36.978] [bmv2] [T] [thread 40031] [38.0] [cxt 0] Bytes parsed: 14
[13:53:36.978] [bmv2] [D] [thread 40031] [38.0] [cxt 0] Parser 'parser': end
[13:53:36.978] [bmv2] [D] [thread 40031] [38.0] [cxt 0] Pipeline 'ingress': start
[13:53:36.978] [bmv2] [T] [thread 40031] [38.0] [cxt 0] link_monitor.p4(333) Condition "hdr.tcp.isValid()" (node_2) is false
[13:53:36.978] [bmv2] [T] [thread 40031] [38.0] [cxt 0] link_monitor.p4(337) Condition "hdr.ipv4.isValid()" (node_5) is false
[13:53:36.978] [bmv2] [T] [thread 40031] [38.0] [cxt 0] link_monitor.p4(340) Condition "hdr.probe.isValid()" (node_7) is false
[13:53:36.978] [bmv2] [D] [thread 40031] [38.0] [cxt 0] Pipeline 'ingress': end
[13:53:36.978] [bmv2] [D] [thread 40031] [38.0] [cxt 0] Egress port is 0
[13:53:36.978] [bmv2] [D] [thread 40032] [36.0] [cxt 0] Pipeline 'egress': start
[13:53:36.978] [bmv2] [T] [thread 40032] [36.0] [cxt 0] Applying table 'tbl_link_monitor379'
[13:53:36.978] [bmv2] [D] [thread 40032] [36.0] [cxt 0] Looking up key:

[13:53:36.978] [bmv2] [D] [thread 40032] [36.0] [cxt 0] Table 'tbl_link_monitor379': miss
[13:53:36.978] [bmv2] [D] [thread 40032] [36.0] [cxt 0] Action entry is link_monitor379 - 
[13:53:36.978] [bmv2] [T] [thread 40032] [36.0] [cxt 0] Action link_monitor379
[13:53:36.978] [bmv2] [T] [thread 40032] [36.0] [cxt 0] link_monitor.p4(379) Primitive (bit<32>)standard_metadata.egress_port
[13:53:36.978] [bmv2] [T] [thread 40032] [36.0] [cxt 0] link_monitor.p4(379) Primitive byte_cnt_reg.read(byte_cnt, (bit<32>)standard_metadata.egress_port)
[13:53:36.978] [bmv2] [T] [thread 40032] [36.0] [cxt 0] Read register 'MyEgress.byte_cnt_reg' at index 0 read value 560
[13:53:36.978] [bmv2] [T] [thread 40032] [36.0] [cxt 0] link_monitor.p4(380) Primitive byte_cnt = byte_cnt + standard_metadata.packet_length
[13:53:36.978] [bmv2] [T] [thread 40032] [36.0] [cxt 0] link_monitor.p4(382) Condition "hdr.probe.isValid()" (node_12) is false
[13:53:36.978] [bmv2] [T] [thread 40032] [36.0] [cxt 0] Applying table 'tbl_link_monitor382_0'
[13:53:36.978] [bmv2] [D] [thread 40032] [36.0] [cxt 0] Looking up key:

[13:53:36.978] [bmv2] [D] [thread 40032] [36.0] [cxt 0] Table 'tbl_link_monitor382_0': miss
[13:53:36.978] [bmv2] [D] [thread 40032] [36.0] [cxt 0] Action entry is link_monitor382_0 - 
[13:53:36.978] [bmv2] [T] [thread 40032] [36.0] [cxt 0] Action link_monitor382_0
[13:53:36.978] [bmv2] [T] [thread 40032] [36.0] [cxt 0] link_monitor.p4(382) Primitive (hdr.probe.isValid()) ? 0 : byte_cnt
[13:53:36.978] [bmv2] [T] [thread 40032] [36.0] [cxt 0] Applying table 'tbl_link_monitor383'
[13:53:36.978] [bmv2] [D] [thread 40032] [36.0] [cxt 0] Looking up key:

[13:53:36.978] [bmv2] [D] [thread 40032] [36.0] [cxt 0] Table 'tbl_link_monitor383': miss
[13:53:36.978] [bmv2] [D] [thread 40032] [36.0] [cxt 0] Action entry is link_monitor383 - 
[13:53:36.978] [bmv2] [T] [thread 40032] [36.0] [cxt 0] Action link_monitor383
[13:53:36.978] [bmv2] [T] [thread 40032] [36.0] [cxt 0] link_monitor.p4(383) Primitive (bit<32>)standard_metadata.egress_port
[13:53:36.978] [bmv2] [T] [thread 40032] [36.0] [cxt 0] link_monitor.p4(383) Primitive byte_cnt_reg.write((bit<32>)standard_metadata.egress_port, new_byte_cnt)
[13:53:36.978] [bmv2] [T] [thread 40032] [36.0] [cxt 0] Wrote register 'MyEgress.byte_cnt_reg' at index 0 with value 630
[13:53:36.978] [bmv2] [T] [thread 40032] [36.0] [cxt 0] link_monitor.p4(385) Condition "hdr.probe.isValid()" (node_16) is false
[13:53:36.978] [bmv2] [D] [thread 40032] [36.0] [cxt 0] Pipeline 'egress': end
[13:53:36.978] [bmv2] [D] [thread 40032] [36.0] [cxt 0] Deparser 'deparser': start
[13:53:36.978] [bmv2] [T] [thread 40032] [36.0] [cxt 0] Skipping checksum 'cksum' update because condition not met
[13:53:36.978] [bmv2] [D] [thread 40032] [36.0] [cxt 0] Deparsing header 'ethernet'
[13:53:36.978] [bmv2] [D] [thread 40032] [36.0] [cxt 0] Deparser 'deparser': end
[13:53:36.978] [bmv2] [D] [thread 40032] [37.0] [cxt 0] Pipeline 'egress': start
[13:53:36.978] [bmv2] [T] [thread 40032] [37.0] [cxt 0] Applying table 'tbl_link_monitor379'
[13:53:36.978] [bmv2] [D] [thread 40032] [37.0] [cxt 0] Looking up key:

[13:53:36.978] [bmv2] [D] [thread 40032] [37.0] [cxt 0] Table 'tbl_link_monitor379': miss
[13:53:36.978] [bmv2] [D] [thread 40032] [37.0] [cxt 0] Action entry is link_monitor379 - 
[13:53:36.978] [bmv2] [T] [thread 40032] [37.0] [cxt 0] Action link_monitor379
[13:53:36.978] [bmv2] [T] [thread 40032] [37.0] [cxt 0] link_monitor.p4(379) Primitive (bit<32>)standard_metadata.egress_port
[13:53:36.978] [bmv2] [T] [thread 40032] [37.0] [cxt 0] link_monitor.p4(379) Primitive byte_cnt_reg.read(byte_cnt, (bit<32>)standard_metadata.egress_port)
[13:53:36.978] [bmv2] [T] [thread 40032] [37.0] [cxt 0] Read register 'MyEgress.byte_cnt_reg' at index 0 read value 630
[13:53:36.978] [bmv2] [T] [thread 40032] [37.0] [cxt 0] link_monitor.p4(380) Primitive byte_cnt = byte_cnt + standard_metadata.packet_length
[13:53:36.978] [bmv2] [T] [thread 40032] [37.0] [cxt 0] link_monitor.p4(382) Condition "hdr.probe.isValid()" (node_12) is false
[13:53:36.978] [bmv2] [T] [thread 40032] [37.0] [cxt 0] Applying table 'tbl_link_monitor382_0'
[13:53:36.978] [bmv2] [D] [thread 40032] [37.0] [cxt 0] Looking up key:

[13:53:36.978] [bmv2] [D] [thread 40032] [37.0] [cxt 0] Table 'tbl_link_monitor382_0': miss
[13:53:36.978] [bmv2] [D] [thread 40032] [37.0] [cxt 0] Action entry is link_monitor382_0 - 
[13:53:36.978] [bmv2] [T] [thread 40032] [37.0] [cxt 0] Action link_monitor382_0
[13:53:36.978] [bmv2] [T] [thread 40032] [37.0] [cxt 0] link_monitor.p4(382) Primitive (hdr.probe.isValid()) ? 0 : byte_cnt
[13:53:36.978] [bmv2] [T] [thread 40032] [37.0] [cxt 0] Applying table 'tbl_link_monitor383'
[13:53:36.978] [bmv2] [D] [thread 40032] [37.0] [cxt 0] Looking up key:

[13:53:36.978] [bmv2] [D] [thread 40032] [37.0] [cxt 0] Table 'tbl_link_monitor383': miss
[13:53:36.978] [bmv2] [D] [thread 40032] [37.0] [cxt 0] Action entry is link_monitor383 - 
[13:53:36.978] [bmv2] [T] [thread 40032] [37.0] [cxt 0] Action link_monitor383
[13:53:36.978] [bmv2] [T] [thread 40032] [37.0] [cxt 0] link_monitor.p4(383) Primitive (bit<32>)standard_metadata.egress_port
[13:53:36.978] [bmv2] [T] [thread 40032] [37.0] [cxt 0] link_monitor.p4(383) Primitive byte_cnt_reg.write((bit<32>)standard_metadata.egress_port, new_byte_cnt)
[13:53:36.978] [bmv2] [T] [thread 40032] [37.0] [cxt 0] Wrote register 'MyEgress.byte_cnt_reg' at index 0 with value 700
[13:53:36.978] [bmv2] [T] [thread 40032] [37.0] [cxt 0] link_monitor.p4(385) Condition "hdr.probe.isValid()" (node_16) is false
[13:53:36.978] [bmv2] [D] [thread 40032] [37.0] [cxt 0] Pipeline 'egress': end
[13:53:36.978] [bmv2] [D] [thread 40032] [37.0] [cxt 0] Deparser 'deparser': start
[13:53:36.978] [bmv2] [T] [thread 40032] [37.0] [cxt 0] Skipping checksum 'cksum' update because condition not met
[13:53:36.978] [bmv2] [D] [thread 40032] [37.0] [cxt 0] Deparsing header 'ethernet'
[13:53:36.978] [bmv2] [D] [thread 40032] [37.0] [cxt 0] Deparser 'deparser': end
[13:53:36.978] [bmv2] [D] [thread 40032] [38.0] [cxt 0] Pipeline 'egress': start
[13:53:36.978] [bmv2] [T] [thread 40032] [38.0] [cxt 0] Applying table 'tbl_link_monitor379'
[13:53:36.979] [bmv2] [D] [thread 40032] [38.0] [cxt 0] Looking up key:

[13:53:36.979] [bmv2] [D] [thread 40032] [38.0] [cxt 0] Table 'tbl_link_monitor379': miss
[13:53:36.979] [bmv2] [D] [thread 40032] [38.0] [cxt 0] Action entry is link_monitor379 - 
[13:53:36.979] [bmv2] [T] [thread 40032] [38.0] [cxt 0] Action link_monitor379
[13:53:36.979] [bmv2] [T] [thread 40032] [38.0] [cxt 0] link_monitor.p4(379) Primitive (bit<32>)standard_metadata.egress_port
[13:53:36.979] [bmv2] [T] [thread 40032] [38.0] [cxt 0] link_monitor.p4(379) Primitive byte_cnt_reg.read(byte_cnt, (bit<32>)standard_metadata.egress_port)
[13:53:36.979] [bmv2] [T] [thread 40032] [38.0] [cxt 0] Read register 'MyEgress.byte_cnt_reg' at index 0 read value 700
[13:53:36.979] [bmv2] [T] [thread 40032] [38.0] [cxt 0] link_monitor.p4(380) Primitive byte_cnt = byte_cnt + standard_metadata.packet_length
[13:53:36.979] [bmv2] [T] [thread 40032] [38.0] [cxt 0] link_monitor.p4(382) Condition "hdr.probe.isValid()" (node_12) is false
[13:53:36.979] [bmv2] [T] [thread 40032] [38.0] [cxt 0] Applying table 'tbl_link_monitor382_0'
[13:53:36.979] [bmv2] [D] [thread 40032] [38.0] [cxt 0] Looking up key:

[13:53:36.979] [bmv2] [D] [thread 40032] [38.0] [cxt 0] Table 'tbl_link_monitor382_0': miss
[13:53:36.979] [bmv2] [D] [thread 40032] [38.0] [cxt 0] Action entry is link_monitor382_0 - 
[13:53:36.979] [bmv2] [T] [thread 40032] [38.0] [cxt 0] Action link_monitor382_0
[13:53:36.979] [bmv2] [T] [thread 40032] [38.0] [cxt 0] link_monitor.p4(382) Primitive (hdr.probe.isValid()) ? 0 : byte_cnt
[13:53:36.979] [bmv2] [T] [thread 40032] [38.0] [cxt 0] Applying table 'tbl_link_monitor383'
[13:53:36.979] [bmv2] [D] [thread 40032] [38.0] [cxt 0] Looking up key:

[13:53:36.979] [bmv2] [D] [thread 40032] [38.0] [cxt 0] Table 'tbl_link_monitor383': miss
[13:53:36.979] [bmv2] [D] [thread 40032] [38.0] [cxt 0] Action entry is link_monitor383 - 
[13:53:36.979] [bmv2] [T] [thread 40032] [38.0] [cxt 0] Action link_monitor383
[13:53:36.979] [bmv2] [T] [thread 40032] [38.0] [cxt 0] link_monitor.p4(383) Primitive (bit<32>)standard_metadata.egress_port
[13:53:36.979] [bmv2] [T] [thread 40032] [38.0] [cxt 0] link_monitor.p4(383) Primitive byte_cnt_reg.write((bit<32>)standard_metadata.egress_port, new_byte_cnt)
[13:53:36.979] [bmv2] [T] [thread 40032] [38.0] [cxt 0] Wrote register 'MyEgress.byte_cnt_reg' at index 0 with value 770
[13:53:36.979] [bmv2] [T] [thread 40032] [38.0] [cxt 0] link_monitor.p4(385) Condition "hdr.probe.isValid()" (node_16) is false
[13:53:36.979] [bmv2] [D] [thread 40032] [38.0] [cxt 0] Pipeline 'egress': end
[13:53:36.979] [bmv2] [D] [thread 40032] [38.0] [cxt 0] Deparser 'deparser': start
[13:53:36.979] [bmv2] [T] [thread 40032] [38.0] [cxt 0] Skipping checksum 'cksum' update because condition not met
[13:53:36.979] [bmv2] [D] [thread 40032] [38.0] [cxt 0] Deparsing header 'ethernet'
[13:53:36.979] [bmv2] [D] [thread 40032] [38.0] [cxt 0] Deparser 'deparser': end
[13:53:36.979] [bmv2] [D] [thread 40036] [36.0] [cxt 0] Transmitting packet of size 70 out of port 0
[13:53:36.979] [bmv2] [D] [thread 40036] [37.0] [cxt 0] Transmitting packet of size 70 out of port 0
[13:53:36.979] [bmv2] [D] [thread 40036] [38.0] [cxt 0] Transmitting packet of size 70 out of port 0
[13:53:37.234] [bmv2] [D] [thread 40031] [39.0] [cxt 0] Processing packet received on port 3
[13:53:37.234] [bmv2] [D] [thread 40031] [39.0] [cxt 0] Parser 'parser': start
[13:53:37.234] [bmv2] [D] [thread 40031] [39.0] [cxt 0] Parser 'parser' entering state 'start'
[13:53:37.234] [bmv2] [D] [thread 40031] [39.0] [cxt 0] Extracting header 'ethernet'
[13:53:37.234] [bmv2] [D] [thread 40031] [39.0] [cxt 0] Parser state 'start': key is 86dd
[13:53:37.234] [bmv2] [T] [thread 40031] [39.0] [cxt 0] Bytes parsed: 14
[13:53:37.234] [bmv2] [D] [thread 40031] [39.0] [cxt 0] Parser 'parser': end
[13:53:37.234] [bmv2] [D] [thread 40031] [39.0] [cxt 0] Pipeline 'ingress': start
[13:53:37.234] [bmv2] [T] [thread 40031] [39.0] [cxt 0] link_monitor.p4(333) Condition "hdr.tcp.isValid()" (node_2) is false
[13:53:37.234] [bmv2] [T] [thread 40031] [39.0] [cxt 0] link_monitor.p4(337) Condition "hdr.ipv4.isValid()" (node_5) is false
[13:53:37.234] [bmv2] [T] [thread 40031] [39.0] [cxt 0] link_monitor.p4(340) Condition "hdr.probe.isValid()" (node_7) is false
[13:53:37.234] [bmv2] [D] [thread 40031] [39.0] [cxt 0] Pipeline 'ingress': end
[13:53:37.234] [bmv2] [D] [thread 40031] [39.0] [cxt 0] Egress port is 0
[13:53:37.234] [bmv2] [D] [thread 40032] [39.0] [cxt 0] Pipeline 'egress': start
[13:53:37.234] [bmv2] [T] [thread 40032] [39.0] [cxt 0] Applying table 'tbl_link_monitor379'
[13:53:37.234] [bmv2] [D] [thread 40032] [39.0] [cxt 0] Looking up key:

[13:53:37.234] [bmv2] [D] [thread 40032] [39.0] [cxt 0] Table 'tbl_link_monitor379': miss
[13:53:37.234] [bmv2] [D] [thread 40032] [39.0] [cxt 0] Action entry is link_monitor379 - 
[13:53:37.234] [bmv2] [T] [thread 40032] [39.0] [cxt 0] Action link_monitor379
[13:53:37.234] [bmv2] [T] [thread 40032] [39.0] [cxt 0] link_monitor.p4(379) Primitive (bit<32>)standard_metadata.egress_port
[13:53:37.234] [bmv2] [T] [thread 40032] [39.0] [cxt 0] link_monitor.p4(379) Primitive byte_cnt_reg.read(byte_cnt, (bit<32>)standard_metadata.egress_port)
[13:53:37.234] [bmv2] [T] [thread 40032] [39.0] [cxt 0] Read register 'MyEgress.byte_cnt_reg' at index 0 read value 770
[13:53:37.234] [bmv2] [T] [thread 40032] [39.0] [cxt 0] link_monitor.p4(380) Primitive byte_cnt = byte_cnt + standard_metadata.packet_length
[13:53:37.234] [bmv2] [T] [thread 40032] [39.0] [cxt 0] link_monitor.p4(382) Condition "hdr.probe.isValid()" (node_12) is false
[13:53:37.234] [bmv2] [T] [thread 40032] [39.0] [cxt 0] Applying table 'tbl_link_monitor382_0'
[13:53:37.234] [bmv2] [D] [thread 40032] [39.0] [cxt 0] Looking up key:

[13:53:37.234] [bmv2] [D] [thread 40032] [39.0] [cxt 0] Table 'tbl_link_monitor382_0': miss
[13:53:37.234] [bmv2] [D] [thread 40032] [39.0] [cxt 0] Action entry is link_monitor382_0 - 
[13:53:37.234] [bmv2] [T] [thread 40032] [39.0] [cxt 0] Action link_monitor382_0
[13:53:37.234] [bmv2] [T] [thread 40032] [39.0] [cxt 0] link_monitor.p4(382) Primitive (hdr.probe.isValid()) ? 0 : byte_cnt
[13:53:37.234] [bmv2] [T] [thread 40032] [39.0] [cxt 0] Applying table 'tbl_link_monitor383'
[13:53:37.234] [bmv2] [D] [thread 40032] [39.0] [cxt 0] Looking up key:

[13:53:37.234] [bmv2] [D] [thread 40032] [39.0] [cxt 0] Table 'tbl_link_monitor383': miss
[13:53:37.234] [bmv2] [D] [thread 40032] [39.0] [cxt 0] Action entry is link_monitor383 - 
[13:53:37.234] [bmv2] [T] [thread 40032] [39.0] [cxt 0] Action link_monitor383
[13:53:37.234] [bmv2] [T] [thread 40032] [39.0] [cxt 0] link_monitor.p4(383) Primitive (bit<32>)standard_metadata.egress_port
[13:53:37.234] [bmv2] [T] [thread 40032] [39.0] [cxt 0] link_monitor.p4(383) Primitive byte_cnt_reg.write((bit<32>)standard_metadata.egress_port, new_byte_cnt)
[13:53:37.234] [bmv2] [T] [thread 40032] [39.0] [cxt 0] Wrote register 'MyEgress.byte_cnt_reg' at index 0 with value 840
[13:53:37.234] [bmv2] [T] [thread 40032] [39.0] [cxt 0] link_monitor.p4(385) Condition "hdr.probe.isValid()" (node_16) is false
[13:53:37.234] [bmv2] [D] [thread 40032] [39.0] [cxt 0] Pipeline 'egress': end
[13:53:37.234] [bmv2] [D] [thread 40032] [39.0] [cxt 0] Deparser 'deparser': start
[13:53:37.234] [bmv2] [T] [thread 40032] [39.0] [cxt 0] Skipping checksum 'cksum' update because condition not met
[13:53:37.234] [bmv2] [D] [thread 40032] [39.0] [cxt 0] Deparsing header 'ethernet'
[13:53:37.234] [bmv2] [D] [thread 40032] [39.0] [cxt 0] Deparser 'deparser': end
[13:53:37.234] [bmv2] [D] [thread 40036] [39.0] [cxt 0] Transmitting packet of size 70 out of port 0
[13:53:50.290] [bmv2] [D] [thread 40031] [40.0] [cxt 0] Processing packet received on port 3
[13:53:50.290] [bmv2] [D] [thread 40031] [40.0] [cxt 0] Parser 'parser': start
[13:53:50.290] [bmv2] [D] [thread 40031] [40.0] [cxt 0] Parser 'parser' entering state 'start'
[13:53:50.290] [bmv2] [D] [thread 40031] [40.0] [cxt 0] Extracting header 'ethernet'
[13:53:50.290] [bmv2] [D] [thread 40031] [40.0] [cxt 0] Parser state 'start': key is 86dd
[13:53:50.290] [bmv2] [T] [thread 40031] [40.0] [cxt 0] Bytes parsed: 14
[13:53:50.290] [bmv2] [D] [thread 40031] [40.0] [cxt 0] Parser 'parser': end
[13:53:50.290] [bmv2] [D] [thread 40031] [40.0] [cxt 0] Pipeline 'ingress': start
[13:53:50.290] [bmv2] [T] [thread 40031] [40.0] [cxt 0] link_monitor.p4(333) Condition "hdr.tcp.isValid()" (node_2) is false
[13:53:50.290] [bmv2] [T] [thread 40031] [40.0] [cxt 0] link_monitor.p4(337) Condition "hdr.ipv4.isValid()" (node_5) is false
[13:53:50.290] [bmv2] [T] [thread 40031] [40.0] [cxt 0] link_monitor.p4(340) Condition "hdr.probe.isValid()" (node_7) is false
[13:53:50.290] [bmv2] [D] [thread 40031] [40.0] [cxt 0] Pipeline 'ingress': end
[13:53:50.290] [bmv2] [D] [thread 40031] [40.0] [cxt 0] Egress port is 0
[13:53:50.290] [bmv2] [D] [thread 40032] [40.0] [cxt 0] Pipeline 'egress': start
[13:53:50.290] [bmv2] [T] [thread 40032] [40.0] [cxt 0] Applying table 'tbl_link_monitor379'
[13:53:50.290] [bmv2] [D] [thread 40032] [40.0] [cxt 0] Looking up key:

[13:53:50.290] [bmv2] [D] [thread 40032] [40.0] [cxt 0] Table 'tbl_link_monitor379': miss
[13:53:50.290] [bmv2] [D] [thread 40032] [40.0] [cxt 0] Action entry is link_monitor379 - 
[13:53:50.290] [bmv2] [T] [thread 40032] [40.0] [cxt 0] Action link_monitor379
[13:53:50.290] [bmv2] [T] [thread 40032] [40.0] [cxt 0] link_monitor.p4(379) Primitive (bit<32>)standard_metadata.egress_port
[13:53:50.290] [bmv2] [T] [thread 40032] [40.0] [cxt 0] link_monitor.p4(379) Primitive byte_cnt_reg.read(byte_cnt, (bit<32>)standard_metadata.egress_port)
[13:53:50.290] [bmv2] [T] [thread 40032] [40.0] [cxt 0] Read register 'MyEgress.byte_cnt_reg' at index 0 read value 840
[13:53:50.290] [bmv2] [T] [thread 40032] [40.0] [cxt 0] link_monitor.p4(380) Primitive byte_cnt = byte_cnt + standard_metadata.packet_length
[13:53:50.290] [bmv2] [T] [thread 40032] [40.0] [cxt 0] link_monitor.p4(382) Condition "hdr.probe.isValid()" (node_12) is false
[13:53:50.290] [bmv2] [T] [thread 40032] [40.0] [cxt 0] Applying table 'tbl_link_monitor382_0'
[13:53:50.290] [bmv2] [D] [thread 40032] [40.0] [cxt 0] Looking up key:

[13:53:50.290] [bmv2] [D] [thread 40032] [40.0] [cxt 0] Table 'tbl_link_monitor382_0': miss
[13:53:50.290] [bmv2] [D] [thread 40032] [40.0] [cxt 0] Action entry is link_monitor382_0 - 
[13:53:50.290] [bmv2] [T] [thread 40032] [40.0] [cxt 0] Action link_monitor382_0
[13:53:50.290] [bmv2] [T] [thread 40032] [40.0] [cxt 0] link_monitor.p4(382) Primitive (hdr.probe.isValid()) ? 0 : byte_cnt
[13:53:50.290] [bmv2] [T] [thread 40032] [40.0] [cxt 0] Applying table 'tbl_link_monitor383'
[13:53:50.290] [bmv2] [D] [thread 40032] [40.0] [cxt 0] Looking up key:

[13:53:50.290] [bmv2] [D] [thread 40032] [40.0] [cxt 0] Table 'tbl_link_monitor383': miss
[13:53:50.290] [bmv2] [D] [thread 40032] [40.0] [cxt 0] Action entry is link_monitor383 - 
[13:53:50.290] [bmv2] [T] [thread 40032] [40.0] [cxt 0] Action link_monitor383
[13:53:50.290] [bmv2] [T] [thread 40032] [40.0] [cxt 0] link_monitor.p4(383) Primitive (bit<32>)standard_metadata.egress_port
[13:53:50.290] [bmv2] [T] [thread 40032] [40.0] [cxt 0] link_monitor.p4(383) Primitive byte_cnt_reg.write((bit<32>)standard_metadata.egress_port, new_byte_cnt)
[13:53:50.290] [bmv2] [T] [thread 40032] [40.0] [cxt 0] Wrote register 'MyEgress.byte_cnt_reg' at index 0 with value 910
[13:53:50.291] [bmv2] [T] [thread 40032] [40.0] [cxt 0] link_monitor.p4(385) Condition "hdr.probe.isValid()" (node_16) is false
[13:53:50.291] [bmv2] [D] [thread 40032] [40.0] [cxt 0] Pipeline 'egress': end
[13:53:50.291] [bmv2] [D] [thread 40032] [40.0] [cxt 0] Deparser 'deparser': start
[13:53:50.291] [bmv2] [T] [thread 40032] [40.0] [cxt 0] Skipping checksum 'cksum' update because condition not met
[13:53:50.291] [bmv2] [D] [thread 40032] [40.0] [cxt 0] Deparsing header 'ethernet'
[13:53:50.291] [bmv2] [D] [thread 40032] [40.0] [cxt 0] Deparser 'deparser': end
[13:53:50.291] [bmv2] [D] [thread 40036] [40.0] [cxt 0] Transmitting packet of size 70 out of port 0
[13:53:51.573] [bmv2] [D] [thread 40031] [41.0] [cxt 0] Processing packet received on port 2
[13:53:51.573] [bmv2] [D] [thread 40031] [41.0] [cxt 0] Parser 'parser': start
[13:53:51.573] [bmv2] [D] [thread 40031] [41.0] [cxt 0] Parser 'parser' entering state 'start'
[13:53:51.573] [bmv2] [D] [thread 40031] [41.0] [cxt 0] Extracting header 'ethernet'
[13:53:51.573] [bmv2] [D] [thread 40031] [41.0] [cxt 0] Parser state 'start': key is 86dd
[13:53:51.573] [bmv2] [T] [thread 40031] [41.0] [cxt 0] Bytes parsed: 14
[13:53:51.573] [bmv2] [D] [thread 40031] [41.0] [cxt 0] Parser 'parser': end
[13:53:51.573] [bmv2] [D] [thread 40031] [41.0] [cxt 0] Pipeline 'ingress': start
[13:53:51.573] [bmv2] [T] [thread 40031] [41.0] [cxt 0] link_monitor.p4(333) Condition "hdr.tcp.isValid()" (node_2) is false
[13:53:51.573] [bmv2] [T] [thread 40031] [41.0] [cxt 0] link_monitor.p4(337) Condition "hdr.ipv4.isValid()" (node_5) is false
[13:53:51.573] [bmv2] [T] [thread 40031] [41.0] [cxt 0] link_monitor.p4(340) Condition "hdr.probe.isValid()" (node_7) is false
[13:53:51.573] [bmv2] [D] [thread 40031] [41.0] [cxt 0] Pipeline 'ingress': end
[13:53:51.573] [bmv2] [D] [thread 40031] [41.0] [cxt 0] Egress port is 0
[13:53:51.574] [bmv2] [D] [thread 40032] [41.0] [cxt 0] Pipeline 'egress': start
[13:53:51.574] [bmv2] [T] [thread 40032] [41.0] [cxt 0] Applying table 'tbl_link_monitor379'
[13:53:51.574] [bmv2] [D] [thread 40032] [41.0] [cxt 0] Looking up key:

[13:53:51.574] [bmv2] [D] [thread 40032] [41.0] [cxt 0] Table 'tbl_link_monitor379': miss
[13:53:51.574] [bmv2] [D] [thread 40032] [41.0] [cxt 0] Action entry is link_monitor379 - 
[13:53:51.574] [bmv2] [T] [thread 40032] [41.0] [cxt 0] Action link_monitor379
[13:53:51.574] [bmv2] [T] [thread 40032] [41.0] [cxt 0] link_monitor.p4(379) Primitive (bit<32>)standard_metadata.egress_port
[13:53:51.574] [bmv2] [T] [thread 40032] [41.0] [cxt 0] link_monitor.p4(379) Primitive byte_cnt_reg.read(byte_cnt, (bit<32>)standard_metadata.egress_port)
[13:53:51.574] [bmv2] [T] [thread 40032] [41.0] [cxt 0] Read register 'MyEgress.byte_cnt_reg' at index 0 read value 910
[13:53:51.574] [bmv2] [T] [thread 40032] [41.0] [cxt 0] link_monitor.p4(380) Primitive byte_cnt = byte_cnt + standard_metadata.packet_length
[13:53:51.574] [bmv2] [T] [thread 40032] [41.0] [cxt 0] link_monitor.p4(382) Condition "hdr.probe.isValid()" (node_12) is false
[13:53:51.574] [bmv2] [T] [thread 40032] [41.0] [cxt 0] Applying table 'tbl_link_monitor382_0'
[13:53:51.574] [bmv2] [D] [thread 40032] [41.0] [cxt 0] Looking up key:

[13:53:51.574] [bmv2] [D] [thread 40032] [41.0] [cxt 0] Table 'tbl_link_monitor382_0': miss
[13:53:51.574] [bmv2] [D] [thread 40032] [41.0] [cxt 0] Action entry is link_monitor382_0 - 
[13:53:51.574] [bmv2] [T] [thread 40032] [41.0] [cxt 0] Action link_monitor382_0
[13:53:51.574] [bmv2] [T] [thread 40032] [41.0] [cxt 0] link_monitor.p4(382) Primitive (hdr.probe.isValid()) ? 0 : byte_cnt
[13:53:51.574] [bmv2] [T] [thread 40032] [41.0] [cxt 0] Applying table 'tbl_link_monitor383'
[13:53:51.574] [bmv2] [D] [thread 40032] [41.0] [cxt 0] Looking up key:

[13:53:51.574] [bmv2] [D] [thread 40032] [41.0] [cxt 0] Table 'tbl_link_monitor383': miss
[13:53:51.574] [bmv2] [D] [thread 40032] [41.0] [cxt 0] Action entry is link_monitor383 - 
[13:53:51.574] [bmv2] [T] [thread 40032] [41.0] [cxt 0] Action link_monitor383
[13:53:51.574] [bmv2] [T] [thread 40032] [41.0] [cxt 0] link_monitor.p4(383) Primitive (bit<32>)standard_metadata.egress_port
[13:53:51.574] [bmv2] [T] [thread 40032] [41.0] [cxt 0] link_monitor.p4(383) Primitive byte_cnt_reg.write((bit<32>)standard_metadata.egress_port, new_byte_cnt)
[13:53:51.574] [bmv2] [T] [thread 40032] [41.0] [cxt 0] Wrote register 'MyEgress.byte_cnt_reg' at index 0 with value 980
[13:53:51.574] [bmv2] [T] [thread 40032] [41.0] [cxt 0] link_monitor.p4(385) Condition "hdr.probe.isValid()" (node_16) is false
[13:53:51.574] [bmv2] [D] [thread 40032] [41.0] [cxt 0] Pipeline 'egress': end
[13:53:51.574] [bmv2] [D] [thread 40032] [41.0] [cxt 0] Deparser 'deparser': start
[13:53:51.574] [bmv2] [T] [thread 40032] [41.0] [cxt 0] Skipping checksum 'cksum' update because condition not met
[13:53:51.574] [bmv2] [D] [thread 40032] [41.0] [cxt 0] Deparsing header 'ethernet'
[13:53:51.574] [bmv2] [D] [thread 40032] [41.0] [cxt 0] Deparser 'deparser': end
[13:53:51.574] [bmv2] [D] [thread 40036] [41.0] [cxt 0] Transmitting packet of size 70 out of port 0
[13:53:52.050] [bmv2] [D] [thread 40031] [42.0] [cxt 0] Processing packet received on port 1
[13:53:52.050] [bmv2] [D] [thread 40031] [42.0] [cxt 0] Parser 'parser': start
[13:53:52.050] [bmv2] [D] [thread 40031] [42.0] [cxt 0] Parser 'parser' entering state 'start'
[13:53:52.050] [bmv2] [D] [thread 40031] [42.0] [cxt 0] Extracting header 'ethernet'
[13:53:52.050] [bmv2] [D] [thread 40031] [42.0] [cxt 0] Parser state 'start': key is 0800
[13:53:52.050] [bmv2] [T] [thread 40031] [42.0] [cxt 0] Bytes parsed: 14
[13:53:52.050] [bmv2] [D] [thread 40031] [42.0] [cxt 0] Parser 'parser' entering state 'parse_ipv4'
[13:53:52.050] [bmv2] [D] [thread 40031] [42.0] [cxt 0] Extracting header 'ipv4'
[13:53:52.050] [bmv2] [D] [thread 40031] [42.0] [cxt 0] Parser state 'parse_ipv4': key is 06
[13:53:52.050] [bmv2] [T] [thread 40031] [42.0] [cxt 0] Bytes parsed: 34
[13:53:52.050] [bmv2] [D] [thread 40031] [42.0] [cxt 0] Parser 'parser' entering state 'parse_tcp'
[13:53:52.050] [bmv2] [D] [thread 40031] [42.0] [cxt 0] Extracting header 'tcp'
[13:53:52.050] [bmv2] [D] [thread 40031] [42.0] [cxt 0] Parser state 'parse_tcp' has no switch, going to default next state
[13:53:52.050] [bmv2] [T] [thread 40031] [42.0] [cxt 0] Bytes parsed: 54
[13:53:52.050] [bmv2] [D] [thread 40031] [42.0] [cxt 0] Parser 'parser': end
[13:53:52.050] [bmv2] [D] [thread 40031] [42.0] [cxt 0] Pipeline 'ingress': start
[13:53:52.050] [bmv2] [T] [thread 40031] [42.0] [cxt 0] link_monitor.p4(333) Condition "hdr.tcp.isValid()" (node_2) is true
[13:53:52.050] [bmv2] [T] [thread 40031] [42.0] [cxt 0] Applying table 'MyIngress.tcp_lb'
[13:53:52.050] [bmv2] [D] [thread 40031] [42.0] [cxt 0] Looking up key:
* hdr.ipv4.dstAddr    : 0a000202

[13:53:52.050] [bmv2] [D] [thread 40031] [42.0] [cxt 0] Table 'MyIngress.tcp_lb': hit with handle 1
[13:53:52.050] [bmv2] [D] [thread 40031] [42.0] [cxt 0] Dumping entry 1
Match key:
* hdr.ipv4.dstAddr    : LPM       0a000202/32
Action entry: MyIngress.tcp_lb_action - 2,2,

[13:53:52.050] [bmv2] [D] [thread 40031] [42.0] [cxt 0] Action entry is MyIngress.tcp_lb_action - 2,2,
[13:53:52.050] [bmv2] [T] [thread 40031] [42.0] [cxt 0] Action MyIngress.tcp_lb_action
[13:53:52.050] [bmv2] [T] [thread 40031] [42.0] [cxt 0] link_monitor.p4(280) Primitive meta.lb_port = selected_port
[13:53:52.050] [bmv2] [T] [thread 40031] [42.0] [cxt 0] link_monitor.p4(281) Primitive standard_metadata.egress_spec = selected_port
[13:53:52.050] [bmv2] [T] [thread 40031] [42.0] [cxt 0] Applying table 'MyIngress.tcp_lb_nhop'
[13:53:52.050] [bmv2] [D] [thread 40031] [42.0] [cxt 0] Looking up key:
* meta.lb_port        : 0002

[13:53:52.050] [bmv2] [D] [thread 40031] [42.0] [cxt 0] Table 'MyIngress.tcp_lb_nhop': hit with handle 1
[13:53:52.050] [bmv2] [D] [thread 40031] [42.0] [cxt 0] Dumping entry 1
Match key:
* meta.lb_port        : EXACT     0002
Action entry: MyIngress.tcp_lb_nhop_action - 80000000222,

[13:53:52.050] [bmv2] [D] [thread 40031] [42.0] [cxt 0] Action entry is MyIngress.tcp_lb_nhop_action - 80000000222,
[13:53:52.050] [bmv2] [T] [thread 40031] [42.0] [cxt 0] Action MyIngress.tcp_lb_nhop_action
[13:53:52.050] [bmv2] [T] [thread 40031] [42.0] [cxt 0] link_monitor.p4(286) Primitive hdr.ethernet.srcAddr = hdr.ethernet.dstAddr
[13:53:52.050] [bmv2] [T] [thread 40031] [42.0] [cxt 0] link_monitor.p4(287) Primitive hdr.ethernet.dstAddr = dstAddr
[13:53:52.050] [bmv2] [T] [thread 40031] [42.0] [cxt 0] link_monitor.p4(288) Primitive hdr.ipv4.ttl = hdr.ipv4.ttl - 1
[13:53:52.050] [bmv2] [D] [thread 40031] [42.0] [cxt 0] Pipeline 'ingress': end
[13:53:52.050] [bmv2] [D] [thread 40031] [42.0] [cxt 0] Egress port is 2
[13:53:52.050] [bmv2] [D] [thread 40034] [42.0] [cxt 0] Pipeline 'egress': start
[13:53:52.050] [bmv2] [T] [thread 40034] [42.0] [cxt 0] Applying table 'tbl_link_monitor379'
[13:53:52.050] [bmv2] [D] [thread 40034] [42.0] [cxt 0] Looking up key:

[13:53:52.050] [bmv2] [D] [thread 40034] [42.0] [cxt 0] Table 'tbl_link_monitor379': miss
[13:53:52.050] [bmv2] [D] [thread 40034] [42.0] [cxt 0] Action entry is link_monitor379 - 
[13:53:52.050] [bmv2] [T] [thread 40034] [42.0] [cxt 0] Action link_monitor379
[13:53:52.050] [bmv2] [T] [thread 40034] [42.0] [cxt 0] link_monitor.p4(379) Primitive (bit<32>)standard_metadata.egress_port
[13:53:52.050] [bmv2] [T] [thread 40034] [42.0] [cxt 0] link_monitor.p4(379) Primitive byte_cnt_reg.read(byte_cnt, (bit<32>)standard_metadata.egress_port)
[13:53:52.050] [bmv2] [T] [thread 40034] [42.0] [cxt 0] Read register 'MyEgress.byte_cnt_reg' at index 2 read value 0
[13:53:52.050] [bmv2] [T] [thread 40034] [42.0] [cxt 0] link_monitor.p4(380) Primitive byte_cnt = byte_cnt + standard_metadata.packet_length
[13:53:52.050] [bmv2] [T] [thread 40034] [42.0] [cxt 0] link_monitor.p4(382) Condition "hdr.probe.isValid()" (node_12) is false
[13:53:52.050] [bmv2] [T] [thread 40034] [42.0] [cxt 0] Applying table 'tbl_link_monitor382_0'
[13:53:52.050] [bmv2] [D] [thread 40034] [42.0] [cxt 0] Looking up key:

[13:53:52.050] [bmv2] [D] [thread 40034] [42.0] [cxt 0] Table 'tbl_link_monitor382_0': miss
[13:53:52.050] [bmv2] [D] [thread 40034] [42.0] [cxt 0] Action entry is link_monitor382_0 - 
[13:53:52.050] [bmv2] [T] [thread 40034] [42.0] [cxt 0] Action link_monitor382_0
[13:53:52.050] [bmv2] [T] [thread 40034] [42.0] [cxt 0] link_monitor.p4(382) Primitive (hdr.probe.isValid()) ? 0 : byte_cnt
[13:53:52.050] [bmv2] [T] [thread 40034] [42.0] [cxt 0] Applying table 'tbl_link_monitor383'
[13:53:52.050] [bmv2] [D] [thread 40034] [42.0] [cxt 0] Looking up key:

[13:53:52.050] [bmv2] [D] [thread 40034] [42.0] [cxt 0] Table 'tbl_link_monitor383': miss
[13:53:52.050] [bmv2] [D] [thread 40034] [42.0] [cxt 0] Action entry is link_monitor383 - 
[13:53:52.050] [bmv2] [T] [thread 40034] [42.0] [cxt 0] Action link_monitor383
[13:53:52.050] [bmv2] [T] [thread 40034] [42.0] [cxt 0] link_monitor.p4(383) Primitive (bit<32>)standard_metadata.egress_port
[13:53:52.050] [bmv2] [T] [thread 40034] [42.0] [cxt 0] link_monitor.p4(383) Primitive byte_cnt_reg.write((bit<32>)standard_metadata.egress_port, new_byte_cnt)
[13:53:52.050] [bmv2] [T] [thread 40034] [42.0] [cxt 0] Wrote register 'MyEgress.byte_cnt_reg' at index 2 with value 74
[13:53:52.050] [bmv2] [T] [thread 40034] [42.0] [cxt 0] link_monitor.p4(385) Condition "hdr.probe.isValid()" (node_16) is false
[13:53:52.050] [bmv2] [D] [thread 40034] [42.0] [cxt 0] Pipeline 'egress': end
[13:53:52.050] [bmv2] [D] [thread 40034] [42.0] [cxt 0] Deparser 'deparser': start
[13:53:52.050] [bmv2] [D] [thread 40034] [42.0] [cxt 0] Updating checksum 'cksum'
[13:53:52.050] [bmv2] [D] [thread 40034] [42.0] [cxt 0] Deparsing header 'ethernet'
[13:53:52.050] [bmv2] [D] [thread 40034] [42.0] [cxt 0] Deparsing header 'ipv4'
[13:53:52.050] [bmv2] [D] [thread 40034] [42.0] [cxt 0] Deparser 'deparser': end
[13:53:52.050] [bmv2] [D] [thread 40036] [42.0] [cxt 0] Transmitting packet of size 54 out of port 2
[13:53:52.081] [bmv2] [D] [thread 40031] [43.0] [cxt 0] Processing packet received on port 4
[13:53:52.081] [bmv2] [D] [thread 40031] [43.0] [cxt 0] Parser 'parser': start
[13:53:52.081] [bmv2] [D] [thread 40031] [43.0] [cxt 0] Parser 'parser' entering state 'start'
[13:53:52.081] [bmv2] [D] [thread 40031] [43.0] [cxt 0] Extracting header 'ethernet'
[13:53:52.081] [bmv2] [D] [thread 40031] [43.0] [cxt 0] Parser state 'start': key is 86dd
[13:53:52.081] [bmv2] [T] [thread 40031] [43.0] [cxt 0] Bytes parsed: 14
[13:53:52.081] [bmv2] [D] [thread 40031] [43.0] [cxt 0] Parser 'parser': end
[13:53:52.081] [bmv2] [D] [thread 40031] [43.0] [cxt 0] Pipeline 'ingress': start
[13:53:52.081] [bmv2] [T] [thread 40031] [43.0] [cxt 0] link_monitor.p4(333) Condition "hdr.tcp.isValid()" (node_2) is false
[13:53:52.081] [bmv2] [T] [thread 40031] [43.0] [cxt 0] link_monitor.p4(337) Condition "hdr.ipv4.isValid()" (node_5) is false
[13:53:52.081] [bmv2] [T] [thread 40031] [43.0] [cxt 0] link_monitor.p4(340) Condition "hdr.probe.isValid()" (node_7) is false
[13:53:52.081] [bmv2] [D] [thread 40031] [43.0] [cxt 0] Pipeline 'ingress': end
[13:53:52.081] [bmv2] [D] [thread 40031] [43.0] [cxt 0] Egress port is 0
[13:53:52.081] [bmv2] [D] [thread 40032] [43.0] [cxt 0] Pipeline 'egress': start
[13:53:52.081] [bmv2] [T] [thread 40032] [43.0] [cxt 0] Applying table 'tbl_link_monitor379'
[13:53:52.081] [bmv2] [D] [thread 40032] [43.0] [cxt 0] Looking up key:

[13:53:52.081] [bmv2] [D] [thread 40032] [43.0] [cxt 0] Table 'tbl_link_monitor379': miss
[13:53:52.081] [bmv2] [D] [thread 40032] [43.0] [cxt 0] Action entry is link_monitor379 - 
[13:53:52.081] [bmv2] [T] [thread 40032] [43.0] [cxt 0] Action link_monitor379
[13:53:52.081] [bmv2] [T] [thread 40032] [43.0] [cxt 0] link_monitor.p4(379) Primitive (bit<32>)standard_metadata.egress_port
[13:53:52.081] [bmv2] [T] [thread 40032] [43.0] [cxt 0] link_monitor.p4(379) Primitive byte_cnt_reg.read(byte_cnt, (bit<32>)standard_metadata.egress_port)
[13:53:52.081] [bmv2] [T] [thread 40032] [43.0] [cxt 0] Read register 'MyEgress.byte_cnt_reg' at index 0 read value 980
[13:53:52.081] [bmv2] [T] [thread 40032] [43.0] [cxt 0] link_monitor.p4(380) Primitive byte_cnt = byte_cnt + standard_metadata.packet_length
[13:53:52.081] [bmv2] [T] [thread 40032] [43.0] [cxt 0] link_monitor.p4(382) Condition "hdr.probe.isValid()" (node_12) is false
[13:53:52.081] [bmv2] [T] [thread 40032] [43.0] [cxt 0] Applying table 'tbl_link_monitor382_0'
[13:53:52.081] [bmv2] [D] [thread 40032] [43.0] [cxt 0] Looking up key:

[13:53:52.081] [bmv2] [D] [thread 40032] [43.0] [cxt 0] Table 'tbl_link_monitor382_0': miss
[13:53:52.081] [bmv2] [D] [thread 40032] [43.0] [cxt 0] Action entry is link_monitor382_0 - 
[13:53:52.081] [bmv2] [T] [thread 40032] [43.0] [cxt 0] Action link_monitor382_0
[13:53:52.081] [bmv2] [T] [thread 40032] [43.0] [cxt 0] link_monitor.p4(382) Primitive (hdr.probe.isValid()) ? 0 : byte_cnt
[13:53:52.081] [bmv2] [T] [thread 40032] [43.0] [cxt 0] Applying table 'tbl_link_monitor383'
[13:53:52.081] [bmv2] [D] [thread 40032] [43.0] [cxt 0] Looking up key:

[13:53:52.081] [bmv2] [D] [thread 40032] [43.0] [cxt 0] Table 'tbl_link_monitor383': miss
[13:53:52.081] [bmv2] [D] [thread 40032] [43.0] [cxt 0] Action entry is link_monitor383 - 
[13:53:52.081] [bmv2] [T] [thread 40032] [43.0] [cxt 0] Action link_monitor383
[13:53:52.081] [bmv2] [T] [thread 40032] [43.0] [cxt 0] link_monitor.p4(383) Primitive (bit<32>)standard_metadata.egress_port
[13:53:52.081] [bmv2] [T] [thread 40032] [43.0] [cxt 0] link_monitor.p4(383) Primitive byte_cnt_reg.write((bit<32>)standard_metadata.egress_port, new_byte_cnt)
[13:53:52.081] [bmv2] [T] [thread 40032] [43.0] [cxt 0] Wrote register 'MyEgress.byte_cnt_reg' at index 0 with value 1050
[13:53:52.081] [bmv2] [T] [thread 40032] [43.0] [cxt 0] link_monitor.p4(385) Condition "hdr.probe.isValid()" (node_16) is false
[13:53:52.081] [bmv2] [D] [thread 40032] [43.0] [cxt 0] Pipeline 'egress': end
[13:53:52.081] [bmv2] [D] [thread 40032] [43.0] [cxt 0] Deparser 'deparser': start
[13:53:52.081] [bmv2] [T] [thread 40032] [43.0] [cxt 0] Skipping checksum 'cksum' update because condition not met
[13:53:52.081] [bmv2] [D] [thread 40032] [43.0] [cxt 0] Deparsing header 'ethernet'
[13:53:52.081] [bmv2] [D] [thread 40032] [43.0] [cxt 0] Deparser 'deparser': end
[13:53:52.081] [bmv2] [D] [thread 40036] [43.0] [cxt 0] Transmitting packet of size 70 out of port 0
[13:53:52.337] [bmv2] [D] [thread 40031] [44.0] [cxt 0] Processing packet received on port 4
[13:53:52.337] [bmv2] [D] [thread 40031] [44.0] [cxt 0] Parser 'parser': start
[13:53:52.337] [bmv2] [D] [thread 40031] [44.0] [cxt 0] Parser 'parser' entering state 'start'
[13:53:52.337] [bmv2] [D] [thread 40031] [44.0] [cxt 0] Extracting header 'ethernet'
[13:53:52.337] [bmv2] [D] [thread 40031] [44.0] [cxt 0] Parser state 'start': key is 86dd
[13:53:52.337] [bmv2] [T] [thread 40031] [44.0] [cxt 0] Bytes parsed: 14
[13:53:52.337] [bmv2] [D] [thread 40031] [44.0] [cxt 0] Parser 'parser': end
[13:53:52.337] [bmv2] [D] [thread 40031] [44.0] [cxt 0] Pipeline 'ingress': start
[13:53:52.337] [bmv2] [T] [thread 40031] [44.0] [cxt 0] link_monitor.p4(333) Condition "hdr.tcp.isValid()" (node_2) is false
[13:53:52.337] [bmv2] [T] [thread 40031] [44.0] [cxt 0] link_monitor.p4(337) Condition "hdr.ipv4.isValid()" (node_5) is false
[13:53:52.337] [bmv2] [T] [thread 40031] [44.0] [cxt 0] link_monitor.p4(340) Condition "hdr.probe.isValid()" (node_7) is false
[13:53:52.337] [bmv2] [D] [thread 40031] [44.0] [cxt 0] Pipeline 'ingress': end
[13:53:52.337] [bmv2] [D] [thread 40031] [44.0] [cxt 0] Egress port is 0
[13:53:52.337] [bmv2] [D] [thread 40032] [44.0] [cxt 0] Pipeline 'egress': start
[13:53:52.337] [bmv2] [T] [thread 40032] [44.0] [cxt 0] Applying table 'tbl_link_monitor379'
[13:53:52.337] [bmv2] [D] [thread 40032] [44.0] [cxt 0] Looking up key:

[13:53:52.337] [bmv2] [D] [thread 40032] [44.0] [cxt 0] Table 'tbl_link_monitor379': miss
[13:53:52.337] [bmv2] [D] [thread 40032] [44.0] [cxt 0] Action entry is link_monitor379 - 
[13:53:52.337] [bmv2] [T] [thread 40032] [44.0] [cxt 0] Action link_monitor379
[13:53:52.337] [bmv2] [T] [thread 40032] [44.0] [cxt 0] link_monitor.p4(379) Primitive (bit<32>)standard_metadata.egress_port
[13:53:52.337] [bmv2] [T] [thread 40032] [44.0] [cxt 0] link_monitor.p4(379) Primitive byte_cnt_reg.read(byte_cnt, (bit<32>)standard_metadata.egress_port)
[13:53:52.337] [bmv2] [T] [thread 40032] [44.0] [cxt 0] Read register 'MyEgress.byte_cnt_reg' at index 0 read value 1050
[13:53:52.337] [bmv2] [T] [thread 40032] [44.0] [cxt 0] link_monitor.p4(380) Primitive byte_cnt = byte_cnt + standard_metadata.packet_length
[13:53:52.337] [bmv2] [T] [thread 40032] [44.0] [cxt 0] link_monitor.p4(382) Condition "hdr.probe.isValid()" (node_12) is false
[13:53:52.337] [bmv2] [T] [thread 40032] [44.0] [cxt 0] Applying table 'tbl_link_monitor382_0'
[13:53:52.337] [bmv2] [D] [thread 40032] [44.0] [cxt 0] Looking up key:

[13:53:52.337] [bmv2] [D] [thread 40032] [44.0] [cxt 0] Table 'tbl_link_monitor382_0': miss
[13:53:52.337] [bmv2] [D] [thread 40032] [44.0] [cxt 0] Action entry is link_monitor382_0 - 
[13:53:52.337] [bmv2] [T] [thread 40032] [44.0] [cxt 0] Action link_monitor382_0
[13:53:52.337] [bmv2] [T] [thread 40032] [44.0] [cxt 0] link_monitor.p4(382) Primitive (hdr.probe.isValid()) ? 0 : byte_cnt
[13:53:52.337] [bmv2] [T] [thread 40032] [44.0] [cxt 0] Applying table 'tbl_link_monitor383'
[13:53:52.337] [bmv2] [D] [thread 40032] [44.0] [cxt 0] Looking up key:

[13:53:52.337] [bmv2] [D] [thread 40032] [44.0] [cxt 0] Table 'tbl_link_monitor383': miss
[13:53:52.337] [bmv2] [D] [thread 40032] [44.0] [cxt 0] Action entry is link_monitor383 - 
[13:53:52.337] [bmv2] [T] [thread 40032] [44.0] [cxt 0] Action link_monitor383
[13:53:52.337] [bmv2] [T] [thread 40032] [44.0] [cxt 0] link_monitor.p4(383) Primitive (bit<32>)standard_metadata.egress_port
[13:53:52.337] [bmv2] [T] [thread 40032] [44.0] [cxt 0] link_monitor.p4(383) Primitive byte_cnt_reg.write((bit<32>)standard_metadata.egress_port, new_byte_cnt)
[13:53:52.337] [bmv2] [T] [thread 40032] [44.0] [cxt 0] Wrote register 'MyEgress.byte_cnt_reg' at index 0 with value 1120
[13:53:52.337] [bmv2] [T] [thread 40032] [44.0] [cxt 0] link_monitor.p4(385) Condition "hdr.probe.isValid()" (node_16) is false
[13:53:52.337] [bmv2] [D] [thread 40032] [44.0] [cxt 0] Pipeline 'egress': end
[13:53:52.337] [bmv2] [D] [thread 40032] [44.0] [cxt 0] Deparser 'deparser': start
[13:53:52.337] [bmv2] [T] [thread 40032] [44.0] [cxt 0] Skipping checksum 'cksum' update because condition not met
[13:53:52.337] [bmv2] [D] [thread 40032] [44.0] [cxt 0] Deparsing header 'ethernet'
[13:53:52.337] [bmv2] [D] [thread 40032] [44.0] [cxt 0] Deparser 'deparser': end
[13:53:52.337] [bmv2] [D] [thread 40036] [44.0] [cxt 0] Transmitting packet of size 70 out of port 0
[13:53:52.854] [bmv2] [D] [thread 40031] [45.0] [cxt 0] Processing packet received on port 3
[13:53:52.854] [bmv2] [D] [thread 40031] [45.0] [cxt 0] Parser 'parser': start
[13:53:52.854] [bmv2] [D] [thread 40031] [45.0] [cxt 0] Parser 'parser' entering state 'start'
[13:53:52.854] [bmv2] [D] [thread 40031] [45.0] [cxt 0] Extracting header 'ethernet'
[13:53:52.854] [bmv2] [D] [thread 40031] [45.0] [cxt 0] Parser state 'start': key is 86dd
[13:53:52.854] [bmv2] [T] [thread 40031] [45.0] [cxt 0] Bytes parsed: 14
[13:53:52.854] [bmv2] [D] [thread 40031] [45.0] [cxt 0] Parser 'parser': end
[13:53:52.854] [bmv2] [D] [thread 40031] [45.0] [cxt 0] Pipeline 'ingress': start
[13:53:52.854] [bmv2] [T] [thread 40031] [45.0] [cxt 0] link_monitor.p4(333) Condition "hdr.tcp.isValid()" (node_2) is false
[13:53:52.854] [bmv2] [T] [thread 40031] [45.0] [cxt 0] link_monitor.p4(337) Condition "hdr.ipv4.isValid()" (node_5) is false
[13:53:52.854] [bmv2] [T] [thread 40031] [45.0] [cxt 0] link_monitor.p4(340) Condition "hdr.probe.isValid()" (node_7) is false
[13:53:52.854] [bmv2] [D] [thread 40031] [45.0] [cxt 0] Pipeline 'ingress': end
[13:53:52.854] [bmv2] [D] [thread 40031] [45.0] [cxt 0] Egress port is 0
[13:53:52.854] [bmv2] [D] [thread 40032] [45.0] [cxt 0] Pipeline 'egress': start
[13:53:52.854] [bmv2] [T] [thread 40032] [45.0] [cxt 0] Applying table 'tbl_link_monitor379'
[13:53:52.854] [bmv2] [D] [thread 40032] [45.0] [cxt 0] Looking up key:

[13:53:52.854] [bmv2] [D] [thread 40032] [45.0] [cxt 0] Table 'tbl_link_monitor379': miss
[13:53:52.854] [bmv2] [D] [thread 40032] [45.0] [cxt 0] Action entry is link_monitor379 - 
[13:53:52.854] [bmv2] [T] [thread 40032] [45.0] [cxt 0] Action link_monitor379
[13:53:52.854] [bmv2] [T] [thread 40032] [45.0] [cxt 0] link_monitor.p4(379) Primitive (bit<32>)standard_metadata.egress_port
[13:53:52.854] [bmv2] [T] [thread 40032] [45.0] [cxt 0] link_monitor.p4(379) Primitive byte_cnt_reg.read(byte_cnt, (bit<32>)standard_metadata.egress_port)
[13:53:52.854] [bmv2] [T] [thread 40032] [45.0] [cxt 0] Read register 'MyEgress.byte_cnt_reg' at index 0 read value 1120
[13:53:52.854] [bmv2] [T] [thread 40032] [45.0] [cxt 0] link_monitor.p4(380) Primitive byte_cnt = byte_cnt + standard_metadata.packet_length
[13:53:52.854] [bmv2] [T] [thread 40032] [45.0] [cxt 0] link_monitor.p4(382) Condition "hdr.probe.isValid()" (node_12) is false
[13:53:52.854] [bmv2] [T] [thread 40032] [45.0] [cxt 0] Applying table 'tbl_link_monitor382_0'
[13:53:52.854] [bmv2] [D] [thread 40032] [45.0] [cxt 0] Looking up key:

[13:53:52.854] [bmv2] [D] [thread 40032] [45.0] [cxt 0] Table 'tbl_link_monitor382_0': miss
[13:53:52.854] [bmv2] [D] [thread 40032] [45.0] [cxt 0] Action entry is link_monitor382_0 - 
[13:53:52.854] [bmv2] [T] [thread 40032] [45.0] [cxt 0] Action link_monitor382_0
[13:53:52.854] [bmv2] [T] [thread 40032] [45.0] [cxt 0] link_monitor.p4(382) Primitive (hdr.probe.isValid()) ? 0 : byte_cnt
[13:53:52.854] [bmv2] [T] [thread 40032] [45.0] [cxt 0] Applying table 'tbl_link_monitor383'
[13:53:52.854] [bmv2] [D] [thread 40032] [45.0] [cxt 0] Looking up key:

[13:53:52.854] [bmv2] [D] [thread 40032] [45.0] [cxt 0] Table 'tbl_link_monitor383': miss
[13:53:52.854] [bmv2] [D] [thread 40032] [45.0] [cxt 0] Action entry is link_monitor383 - 
[13:53:52.854] [bmv2] [T] [thread 40032] [45.0] [cxt 0] Action link_monitor383
[13:53:52.854] [bmv2] [T] [thread 40032] [45.0] [cxt 0] link_monitor.p4(383) Primitive (bit<32>)standard_metadata.egress_port
[13:53:52.854] [bmv2] [T] [thread 40032] [45.0] [cxt 0] link_monitor.p4(383) Primitive byte_cnt_reg.write((bit<32>)standard_metadata.egress_port, new_byte_cnt)
[13:53:52.854] [bmv2] [T] [thread 40032] [45.0] [cxt 0] Wrote register 'MyEgress.byte_cnt_reg' at index 0 with value 1190
[13:53:52.854] [bmv2] [T] [thread 40032] [45.0] [cxt 0] link_monitor.p4(385) Condition "hdr.probe.isValid()" (node_16) is false
[13:53:52.854] [bmv2] [D] [thread 40032] [45.0] [cxt 0] Pipeline 'egress': end
[13:53:52.854] [bmv2] [D] [thread 40032] [45.0] [cxt 0] Deparser 'deparser': start
[13:53:52.854] [bmv2] [T] [thread 40032] [45.0] [cxt 0] Skipping checksum 'cksum' update because condition not met
[13:53:52.854] [bmv2] [D] [thread 40032] [45.0] [cxt 0] Deparsing header 'ethernet'
[13:53:52.854] [bmv2] [D] [thread 40032] [45.0] [cxt 0] Deparser 'deparser': end
[13:53:52.854] [bmv2] [D] [thread 40036] [45.0] [cxt 0] Transmitting packet of size 70 out of port 0
[13:53:53.074] [bmv2] [D] [thread 40031] [46.0] [cxt 0] Processing packet received on port 1
[13:53:53.074] [bmv2] [D] [thread 40031] [46.0] [cxt 0] Parser 'parser': start
[13:53:53.074] [bmv2] [D] [thread 40031] [46.0] [cxt 0] Parser 'parser' entering state 'start'
[13:53:53.074] [bmv2] [D] [thread 40031] [46.0] [cxt 0] Extracting header 'ethernet'
[13:53:53.074] [bmv2] [D] [thread 40031] [46.0] [cxt 0] Parser state 'start': key is 0800
[13:53:53.074] [bmv2] [T] [thread 40031] [46.0] [cxt 0] Bytes parsed: 14
[13:53:53.074] [bmv2] [D] [thread 40031] [46.0] [cxt 0] Parser 'parser' entering state 'parse_ipv4'
[13:53:53.074] [bmv2] [D] [thread 40031] [46.0] [cxt 0] Extracting header 'ipv4'
[13:53:53.074] [bmv2] [D] [thread 40031] [46.0] [cxt 0] Parser state 'parse_ipv4': key is 06
[13:53:53.074] [bmv2] [T] [thread 40031] [46.0] [cxt 0] Bytes parsed: 34
[13:53:53.074] [bmv2] [D] [thread 40031] [46.0] [cxt 0] Parser 'parser' entering state 'parse_tcp'
[13:53:53.074] [bmv2] [D] [thread 40031] [46.0] [cxt 0] Extracting header 'tcp'
[13:53:53.074] [bmv2] [D] [thread 40031] [46.0] [cxt 0] Parser state 'parse_tcp' has no switch, going to default next state
[13:53:53.074] [bmv2] [T] [thread 40031] [46.0] [cxt 0] Bytes parsed: 54
[13:53:53.074] [bmv2] [D] [thread 40031] [46.0] [cxt 0] Parser 'parser': end
[13:53:53.074] [bmv2] [D] [thread 40031] [46.0] [cxt 0] Pipeline 'ingress': start
[13:53:53.074] [bmv2] [T] [thread 40031] [46.0] [cxt 0] link_monitor.p4(333) Condition "hdr.tcp.isValid()" (node_2) is true
[13:53:53.074] [bmv2] [T] [thread 40031] [46.0] [cxt 0] Applying table 'MyIngress.tcp_lb'
[13:53:53.074] [bmv2] [D] [thread 40031] [46.0] [cxt 0] Looking up key:
* hdr.ipv4.dstAddr    : 0a000202

[13:53:53.074] [bmv2] [D] [thread 40031] [46.0] [cxt 0] Table 'MyIngress.tcp_lb': hit with handle 1
[13:53:53.074] [bmv2] [D] [thread 40031] [46.0] [cxt 0] Dumping entry 1
Match key:
* hdr.ipv4.dstAddr    : LPM       0a000202/32
Action entry: MyIngress.tcp_lb_action - 2,2,

[13:53:53.074] [bmv2] [D] [thread 40031] [46.0] [cxt 0] Action entry is MyIngress.tcp_lb_action - 2,2,
[13:53:53.074] [bmv2] [T] [thread 40031] [46.0] [cxt 0] Action MyIngress.tcp_lb_action
[13:53:53.074] [bmv2] [T] [thread 40031] [46.0] [cxt 0] link_monitor.p4(280) Primitive meta.lb_port = selected_port
[13:53:53.074] [bmv2] [T] [thread 40031] [46.0] [cxt 0] link_monitor.p4(281) Primitive standard_metadata.egress_spec = selected_port
[13:53:53.074] [bmv2] [T] [thread 40031] [46.0] [cxt 0] Applying table 'MyIngress.tcp_lb_nhop'
[13:53:53.074] [bmv2] [D] [thread 40031] [46.0] [cxt 0] Looking up key:
* meta.lb_port        : 0002

[13:53:53.074] [bmv2] [D] [thread 40031] [46.0] [cxt 0] Table 'MyIngress.tcp_lb_nhop': hit with handle 1
[13:53:53.074] [bmv2] [D] [thread 40031] [46.0] [cxt 0] Dumping entry 1
Match key:
* meta.lb_port        : EXACT     0002
Action entry: MyIngress.tcp_lb_nhop_action - 80000000222,

[13:53:53.074] [bmv2] [D] [thread 40031] [46.0] [cxt 0] Action entry is MyIngress.tcp_lb_nhop_action - 80000000222,
[13:53:53.074] [bmv2] [T] [thread 40031] [46.0] [cxt 0] Action MyIngress.tcp_lb_nhop_action
[13:53:53.074] [bmv2] [T] [thread 40031] [46.0] [cxt 0] link_monitor.p4(286) Primitive hdr.ethernet.srcAddr = hdr.ethernet.dstAddr
[13:53:53.074] [bmv2] [T] [thread 40031] [46.0] [cxt 0] link_monitor.p4(287) Primitive hdr.ethernet.dstAddr = dstAddr
[13:53:53.074] [bmv2] [T] [thread 40031] [46.0] [cxt 0] link_monitor.p4(288) Primitive hdr.ipv4.ttl = hdr.ipv4.ttl - 1
[13:53:53.074] [bmv2] [D] [thread 40031] [46.0] [cxt 0] Pipeline 'ingress': end
[13:53:53.074] [bmv2] [D] [thread 40031] [46.0] [cxt 0] Egress port is 2
[13:53:53.074] [bmv2] [D] [thread 40034] [46.0] [cxt 0] Pipeline 'egress': start
[13:53:53.074] [bmv2] [T] [thread 40034] [46.0] [cxt 0] Applying table 'tbl_link_monitor379'
[13:53:53.074] [bmv2] [D] [thread 40034] [46.0] [cxt 0] Looking up key:

[13:53:53.074] [bmv2] [D] [thread 40034] [46.0] [cxt 0] Table 'tbl_link_monitor379': miss
[13:53:53.074] [bmv2] [D] [thread 40034] [46.0] [cxt 0] Action entry is link_monitor379 - 
[13:53:53.074] [bmv2] [T] [thread 40034] [46.0] [cxt 0] Action link_monitor379
[13:53:53.074] [bmv2] [T] [thread 40034] [46.0] [cxt 0] link_monitor.p4(379) Primitive (bit<32>)standard_metadata.egress_port
[13:53:53.074] [bmv2] [T] [thread 40034] [46.0] [cxt 0] link_monitor.p4(379) Primitive byte_cnt_reg.read(byte_cnt, (bit<32>)standard_metadata.egress_port)
[13:53:53.074] [bmv2] [T] [thread 40034] [46.0] [cxt 0] Read register 'MyEgress.byte_cnt_reg' at index 2 read value 74
[13:53:53.074] [bmv2] [T] [thread 40034] [46.0] [cxt 0] link_monitor.p4(380) Primitive byte_cnt = byte_cnt + standard_metadata.packet_length
[13:53:53.074] [bmv2] [T] [thread 40034] [46.0] [cxt 0] link_monitor.p4(382) Condition "hdr.probe.isValid()" (node_12) is false
[13:53:53.074] [bmv2] [T] [thread 40034] [46.0] [cxt 0] Applying table 'tbl_link_monitor382_0'
[13:53:53.074] [bmv2] [D] [thread 40034] [46.0] [cxt 0] Looking up key:

[13:53:53.074] [bmv2] [D] [thread 40034] [46.0] [cxt 0] Table 'tbl_link_monitor382_0': miss
[13:53:53.074] [bmv2] [D] [thread 40034] [46.0] [cxt 0] Action entry is link_monitor382_0 - 
[13:53:53.074] [bmv2] [T] [thread 40034] [46.0] [cxt 0] Action link_monitor382_0
[13:53:53.074] [bmv2] [T] [thread 40034] [46.0] [cxt 0] link_monitor.p4(382) Primitive (hdr.probe.isValid()) ? 0 : byte_cnt
[13:53:53.074] [bmv2] [T] [thread 40034] [46.0] [cxt 0] Applying table 'tbl_link_monitor383'
[13:53:53.074] [bmv2] [D] [thread 40034] [46.0] [cxt 0] Looking up key:

[13:53:53.074] [bmv2] [D] [thread 40034] [46.0] [cxt 0] Table 'tbl_link_monitor383': miss
[13:53:53.074] [bmv2] [D] [thread 40034] [46.0] [cxt 0] Action entry is link_monitor383 - 
[13:53:53.074] [bmv2] [T] [thread 40034] [46.0] [cxt 0] Action link_monitor383
[13:53:53.074] [bmv2] [T] [thread 40034] [46.0] [cxt 0] link_monitor.p4(383) Primitive (bit<32>)standard_metadata.egress_port
[13:53:53.074] [bmv2] [T] [thread 40034] [46.0] [cxt 0] link_monitor.p4(383) Primitive byte_cnt_reg.write((bit<32>)standard_metadata.egress_port, new_byte_cnt)
[13:53:53.074] [bmv2] [T] [thread 40034] [46.0] [cxt 0] Wrote register 'MyEgress.byte_cnt_reg' at index 2 with value 148
[13:53:53.074] [bmv2] [T] [thread 40034] [46.0] [cxt 0] link_monitor.p4(385) Condition "hdr.probe.isValid()" (node_16) is false
[13:53:53.074] [bmv2] [D] [thread 40034] [46.0] [cxt 0] Pipeline 'egress': end
[13:53:53.074] [bmv2] [D] [thread 40034] [46.0] [cxt 0] Deparser 'deparser': start
[13:53:53.074] [bmv2] [D] [thread 40034] [46.0] [cxt 0] Updating checksum 'cksum'
[13:53:53.074] [bmv2] [D] [thread 40034] [46.0] [cxt 0] Deparsing header 'ethernet'
[13:53:53.074] [bmv2] [D] [thread 40034] [46.0] [cxt 0] Deparsing header 'ipv4'
[13:53:53.074] [bmv2] [D] [thread 40034] [46.0] [cxt 0] Deparser 'deparser': end
[13:53:53.074] [bmv2] [D] [thread 40036] [46.0] [cxt 0] Transmitting packet of size 54 out of port 2
[13:53:55.090] [bmv2] [D] [thread 40031] [47.0] [cxt 0] Processing packet received on port 1
[13:53:55.090] [bmv2] [D] [thread 40031] [47.0] [cxt 0] Parser 'parser': start
[13:53:55.090] [bmv2] [D] [thread 40031] [47.0] [cxt 0] Parser 'parser' entering state 'start'
[13:53:55.090] [bmv2] [D] [thread 40031] [47.0] [cxt 0] Extracting header 'ethernet'
[13:53:55.090] [bmv2] [D] [thread 40031] [47.0] [cxt 0] Parser state 'start': key is 0800
[13:53:55.090] [bmv2] [T] [thread 40031] [47.0] [cxt 0] Bytes parsed: 14
[13:53:55.090] [bmv2] [D] [thread 40031] [47.0] [cxt 0] Parser 'parser' entering state 'parse_ipv4'
[13:53:55.090] [bmv2] [D] [thread 40031] [47.0] [cxt 0] Extracting header 'ipv4'
[13:53:55.090] [bmv2] [D] [thread 40031] [47.0] [cxt 0] Parser state 'parse_ipv4': key is 06
[13:53:55.090] [bmv2] [T] [thread 40031] [47.0] [cxt 0] Bytes parsed: 34
[13:53:55.090] [bmv2] [D] [thread 40031] [47.0] [cxt 0] Parser 'parser' entering state 'parse_tcp'
[13:53:55.090] [bmv2] [D] [thread 40031] [47.0] [cxt 0] Extracting header 'tcp'
[13:53:55.090] [bmv2] [D] [thread 40031] [47.0] [cxt 0] Parser state 'parse_tcp' has no switch, going to default next state
[13:53:55.090] [bmv2] [T] [thread 40031] [47.0] [cxt 0] Bytes parsed: 54
[13:53:55.090] [bmv2] [D] [thread 40031] [47.0] [cxt 0] Parser 'parser': end
[13:53:55.090] [bmv2] [D] [thread 40031] [47.0] [cxt 0] Pipeline 'ingress': start
[13:53:55.090] [bmv2] [T] [thread 40031] [47.0] [cxt 0] link_monitor.p4(333) Condition "hdr.tcp.isValid()" (node_2) is true
[13:53:55.090] [bmv2] [T] [thread 40031] [47.0] [cxt 0] Applying table 'MyIngress.tcp_lb'
[13:53:55.090] [bmv2] [D] [thread 40031] [47.0] [cxt 0] Looking up key:
* hdr.ipv4.dstAddr    : 0a000202

[13:53:55.090] [bmv2] [D] [thread 40031] [47.0] [cxt 0] Table 'MyIngress.tcp_lb': hit with handle 1
[13:53:55.090] [bmv2] [D] [thread 40031] [47.0] [cxt 0] Dumping entry 1
Match key:
* hdr.ipv4.dstAddr    : LPM       0a000202/32
Action entry: MyIngress.tcp_lb_action - 2,2,

[13:53:55.090] [bmv2] [D] [thread 40031] [47.0] [cxt 0] Action entry is MyIngress.tcp_lb_action - 2,2,
[13:53:55.090] [bmv2] [T] [thread 40031] [47.0] [cxt 0] Action MyIngress.tcp_lb_action
[13:53:55.090] [bmv2] [T] [thread 40031] [47.0] [cxt 0] link_monitor.p4(280) Primitive meta.lb_port = selected_port
[13:53:55.090] [bmv2] [T] [thread 40031] [47.0] [cxt 0] link_monitor.p4(281) Primitive standard_metadata.egress_spec = selected_port
[13:53:55.090] [bmv2] [T] [thread 40031] [47.0] [cxt 0] Applying table 'MyIngress.tcp_lb_nhop'
[13:53:55.090] [bmv2] [D] [thread 40031] [47.0] [cxt 0] Looking up key:
* meta.lb_port        : 0002

[13:53:55.090] [bmv2] [D] [thread 40031] [47.0] [cxt 0] Table 'MyIngress.tcp_lb_nhop': hit with handle 1
[13:53:55.090] [bmv2] [D] [thread 40031] [47.0] [cxt 0] Dumping entry 1
Match key:
* meta.lb_port        : EXACT     0002
Action entry: MyIngress.tcp_lb_nhop_action - 80000000222,

[13:53:55.090] [bmv2] [D] [thread 40031] [47.0] [cxt 0] Action entry is MyIngress.tcp_lb_nhop_action - 80000000222,
[13:53:55.090] [bmv2] [T] [thread 40031] [47.0] [cxt 0] Action MyIngress.tcp_lb_nhop_action
[13:53:55.090] [bmv2] [T] [thread 40031] [47.0] [cxt 0] link_monitor.p4(286) Primitive hdr.ethernet.srcAddr = hdr.ethernet.dstAddr
[13:53:55.090] [bmv2] [T] [thread 40031] [47.0] [cxt 0] link_monitor.p4(287) Primitive hdr.ethernet.dstAddr = dstAddr
[13:53:55.090] [bmv2] [T] [thread 40031] [47.0] [cxt 0] link_monitor.p4(288) Primitive hdr.ipv4.ttl = hdr.ipv4.ttl - 1
[13:53:55.090] [bmv2] [D] [thread 40031] [47.0] [cxt 0] Pipeline 'ingress': end
[13:53:55.090] [bmv2] [D] [thread 40031] [47.0] [cxt 0] Egress port is 2
[13:53:55.090] [bmv2] [D] [thread 40034] [47.0] [cxt 0] Pipeline 'egress': start
[13:53:55.090] [bmv2] [T] [thread 40034] [47.0] [cxt 0] Applying table 'tbl_link_monitor379'
[13:53:55.090] [bmv2] [D] [thread 40034] [47.0] [cxt 0] Looking up key:

[13:53:55.090] [bmv2] [D] [thread 40034] [47.0] [cxt 0] Table 'tbl_link_monitor379': miss
[13:53:55.090] [bmv2] [D] [thread 40034] [47.0] [cxt 0] Action entry is link_monitor379 - 
[13:53:55.090] [bmv2] [T] [thread 40034] [47.0] [cxt 0] Action link_monitor379
[13:53:55.090] [bmv2] [T] [thread 40034] [47.0] [cxt 0] link_monitor.p4(379) Primitive (bit<32>)standard_metadata.egress_port
[13:53:55.090] [bmv2] [T] [thread 40034] [47.0] [cxt 0] link_monitor.p4(379) Primitive byte_cnt_reg.read(byte_cnt, (bit<32>)standard_metadata.egress_port)
[13:53:55.090] [bmv2] [T] [thread 40034] [47.0] [cxt 0] Read register 'MyEgress.byte_cnt_reg' at index 2 read value 148
[13:53:55.090] [bmv2] [T] [thread 40034] [47.0] [cxt 0] link_monitor.p4(380) Primitive byte_cnt = byte_cnt + standard_metadata.packet_length
[13:53:55.090] [bmv2] [T] [thread 40034] [47.0] [cxt 0] link_monitor.p4(382) Condition "hdr.probe.isValid()" (node_12) is false
[13:53:55.090] [bmv2] [T] [thread 40034] [47.0] [cxt 0] Applying table 'tbl_link_monitor382_0'
[13:53:55.090] [bmv2] [D] [thread 40034] [47.0] [cxt 0] Looking up key:

[13:53:55.090] [bmv2] [D] [thread 40034] [47.0] [cxt 0] Table 'tbl_link_monitor382_0': miss
[13:53:55.090] [bmv2] [D] [thread 40034] [47.0] [cxt 0] Action entry is link_monitor382_0 - 
[13:53:55.090] [bmv2] [T] [thread 40034] [47.0] [cxt 0] Action link_monitor382_0
[13:53:55.090] [bmv2] [T] [thread 40034] [47.0] [cxt 0] link_monitor.p4(382) Primitive (hdr.probe.isValid()) ? 0 : byte_cnt
[13:53:55.090] [bmv2] [T] [thread 40034] [47.0] [cxt 0] Applying table 'tbl_link_monitor383'
[13:53:55.090] [bmv2] [D] [thread 40034] [47.0] [cxt 0] Looking up key:

[13:53:55.090] [bmv2] [D] [thread 40034] [47.0] [cxt 0] Table 'tbl_link_monitor383': miss
[13:53:55.090] [bmv2] [D] [thread 40034] [47.0] [cxt 0] Action entry is link_monitor383 - 
[13:53:55.090] [bmv2] [T] [thread 40034] [47.0] [cxt 0] Action link_monitor383
[13:53:55.090] [bmv2] [T] [thread 40034] [47.0] [cxt 0] link_monitor.p4(383) Primitive (bit<32>)standard_metadata.egress_port
[13:53:55.090] [bmv2] [T] [thread 40034] [47.0] [cxt 0] link_monitor.p4(383) Primitive byte_cnt_reg.write((bit<32>)standard_metadata.egress_port, new_byte_cnt)
[13:53:55.090] [bmv2] [T] [thread 40034] [47.0] [cxt 0] Wrote register 'MyEgress.byte_cnt_reg' at index 2 with value 222
[13:53:55.090] [bmv2] [T] [thread 40034] [47.0] [cxt 0] link_monitor.p4(385) Condition "hdr.probe.isValid()" (node_16) is false
[13:53:55.090] [bmv2] [D] [thread 40034] [47.0] [cxt 0] Pipeline 'egress': end
[13:53:55.090] [bmv2] [D] [thread 40034] [47.0] [cxt 0] Deparser 'deparser': start
[13:53:55.090] [bmv2] [D] [thread 40034] [47.0] [cxt 0] Updating checksum 'cksum'
[13:53:55.091] [bmv2] [D] [thread 40034] [47.0] [cxt 0] Deparsing header 'ethernet'
[13:53:55.091] [bmv2] [D] [thread 40034] [47.0] [cxt 0] Deparsing header 'ipv4'
[13:53:55.091] [bmv2] [D] [thread 40034] [47.0] [cxt 0] Deparser 'deparser': end
[13:53:55.091] [bmv2] [D] [thread 40036] [47.0] [cxt 0] Transmitting packet of size 54 out of port 2
[13:53:55.181] [bmv2] [D] [thread 40031] [48.0] [cxt 0] Processing packet received on port 1
[13:53:55.181] [bmv2] [D] [thread 40031] [48.0] [cxt 0] Parser 'parser': start
[13:53:55.181] [bmv2] [D] [thread 40031] [48.0] [cxt 0] Parser 'parser' entering state 'start'
[13:53:55.181] [bmv2] [D] [thread 40031] [48.0] [cxt 0] Extracting header 'ethernet'
[13:53:55.181] [bmv2] [D] [thread 40031] [48.0] [cxt 0] Parser state 'start': key is 86dd
[13:53:55.181] [bmv2] [T] [thread 40031] [48.0] [cxt 0] Bytes parsed: 14
[13:53:55.181] [bmv2] [D] [thread 40031] [48.0] [cxt 0] Parser 'parser': end
[13:53:55.181] [bmv2] [D] [thread 40031] [48.0] [cxt 0] Pipeline 'ingress': start
[13:53:55.181] [bmv2] [T] [thread 40031] [48.0] [cxt 0] link_monitor.p4(333) Condition "hdr.tcp.isValid()" (node_2) is false
[13:53:55.181] [bmv2] [T] [thread 40031] [48.0] [cxt 0] link_monitor.p4(337) Condition "hdr.ipv4.isValid()" (node_5) is false
[13:53:55.181] [bmv2] [T] [thread 40031] [48.0] [cxt 0] link_monitor.p4(340) Condition "hdr.probe.isValid()" (node_7) is false
[13:53:55.181] [bmv2] [D] [thread 40031] [48.0] [cxt 0] Pipeline 'ingress': end
[13:53:55.181] [bmv2] [D] [thread 40031] [48.0] [cxt 0] Egress port is 0
[13:53:55.181] [bmv2] [D] [thread 40032] [48.0] [cxt 0] Pipeline 'egress': start
[13:53:55.181] [bmv2] [T] [thread 40032] [48.0] [cxt 0] Applying table 'tbl_link_monitor379'
[13:53:55.181] [bmv2] [D] [thread 40032] [48.0] [cxt 0] Looking up key:

[13:53:55.181] [bmv2] [D] [thread 40032] [48.0] [cxt 0] Table 'tbl_link_monitor379': miss
[13:53:55.181] [bmv2] [D] [thread 40032] [48.0] [cxt 0] Action entry is link_monitor379 - 
[13:53:55.181] [bmv2] [T] [thread 40032] [48.0] [cxt 0] Action link_monitor379
[13:53:55.181] [bmv2] [T] [thread 40032] [48.0] [cxt 0] link_monitor.p4(379) Primitive (bit<32>)standard_metadata.egress_port
[13:53:55.181] [bmv2] [T] [thread 40032] [48.0] [cxt 0] link_monitor.p4(379) Primitive byte_cnt_reg.read(byte_cnt, (bit<32>)standard_metadata.egress_port)
[13:53:55.181] [bmv2] [T] [thread 40032] [48.0] [cxt 0] Read register 'MyEgress.byte_cnt_reg' at index 0 read value 1190
[13:53:55.181] [bmv2] [T] [thread 40032] [48.0] [cxt 0] link_monitor.p4(380) Primitive byte_cnt = byte_cnt + standard_metadata.packet_length
[13:53:55.181] [bmv2] [T] [thread 40032] [48.0] [cxt 0] link_monitor.p4(382) Condition "hdr.probe.isValid()" (node_12) is false
[13:53:55.181] [bmv2] [T] [thread 40032] [48.0] [cxt 0] Applying table 'tbl_link_monitor382_0'
[13:53:55.181] [bmv2] [D] [thread 40032] [48.0] [cxt 0] Looking up key:

[13:53:55.181] [bmv2] [D] [thread 40032] [48.0] [cxt 0] Table 'tbl_link_monitor382_0': miss
[13:53:55.181] [bmv2] [D] [thread 40032] [48.0] [cxt 0] Action entry is link_monitor382_0 - 
[13:53:55.181] [bmv2] [T] [thread 40032] [48.0] [cxt 0] Action link_monitor382_0
[13:53:55.181] [bmv2] [T] [thread 40032] [48.0] [cxt 0] link_monitor.p4(382) Primitive (hdr.probe.isValid()) ? 0 : byte_cnt
[13:53:55.181] [bmv2] [T] [thread 40032] [48.0] [cxt 0] Applying table 'tbl_link_monitor383'
[13:53:55.181] [bmv2] [D] [thread 40032] [48.0] [cxt 0] Looking up key:

[13:53:55.181] [bmv2] [D] [thread 40032] [48.0] [cxt 0] Table 'tbl_link_monitor383': miss
[13:53:55.181] [bmv2] [D] [thread 40032] [48.0] [cxt 0] Action entry is link_monitor383 - 
[13:53:55.181] [bmv2] [T] [thread 40032] [48.0] [cxt 0] Action link_monitor383
[13:53:55.181] [bmv2] [T] [thread 40032] [48.0] [cxt 0] link_monitor.p4(383) Primitive (bit<32>)standard_metadata.egress_port
[13:53:55.181] [bmv2] [T] [thread 40032] [48.0] [cxt 0] link_monitor.p4(383) Primitive byte_cnt_reg.write((bit<32>)standard_metadata.egress_port, new_byte_cnt)
[13:53:55.181] [bmv2] [T] [thread 40032] [48.0] [cxt 0] Wrote register 'MyEgress.byte_cnt_reg' at index 0 with value 1260
[13:53:55.181] [bmv2] [T] [thread 40032] [48.0] [cxt 0] link_monitor.p4(385) Condition "hdr.probe.isValid()" (node_16) is false
[13:53:55.181] [bmv2] [D] [thread 40032] [48.0] [cxt 0] Pipeline 'egress': end
[13:53:55.181] [bmv2] [D] [thread 40032] [48.0] [cxt 0] Deparser 'deparser': start
[13:53:55.181] [bmv2] [T] [thread 40032] [48.0] [cxt 0] Skipping checksum 'cksum' update because condition not met
[13:53:55.181] [bmv2] [D] [thread 40032] [48.0] [cxt 0] Deparsing header 'ethernet'
[13:53:55.181] [bmv2] [D] [thread 40032] [48.0] [cxt 0] Deparser 'deparser': end
[13:53:55.181] [bmv2] [D] [thread 40036] [48.0] [cxt 0] Transmitting packet of size 70 out of port 0
[13:53:59.249] [bmv2] [D] [thread 40031] [49.0] [cxt 0] Processing packet received on port 1
[13:53:59.249] [bmv2] [D] [thread 40031] [49.0] [cxt 0] Parser 'parser': start
[13:53:59.249] [bmv2] [D] [thread 40031] [49.0] [cxt 0] Parser 'parser' entering state 'start'
[13:53:59.249] [bmv2] [D] [thread 40031] [49.0] [cxt 0] Extracting header 'ethernet'
[13:53:59.250] [bmv2] [D] [thread 40031] [49.0] [cxt 0] Parser state 'start': key is 0800
[13:53:59.250] [bmv2] [T] [thread 40031] [49.0] [cxt 0] Bytes parsed: 14
[13:53:59.250] [bmv2] [D] [thread 40031] [49.0] [cxt 0] Parser 'parser' entering state 'parse_ipv4'
[13:53:59.250] [bmv2] [D] [thread 40031] [49.0] [cxt 0] Extracting header 'ipv4'
[13:53:59.250] [bmv2] [D] [thread 40031] [49.0] [cxt 0] Parser state 'parse_ipv4': key is 06
[13:53:59.250] [bmv2] [T] [thread 40031] [49.0] [cxt 0] Bytes parsed: 34
[13:53:59.250] [bmv2] [D] [thread 40031] [49.0] [cxt 0] Parser 'parser' entering state 'parse_tcp'
[13:53:59.250] [bmv2] [D] [thread 40031] [49.0] [cxt 0] Extracting header 'tcp'
[13:53:59.250] [bmv2] [D] [thread 40031] [49.0] [cxt 0] Parser state 'parse_tcp' has no switch, going to default next state
[13:53:59.250] [bmv2] [T] [thread 40031] [49.0] [cxt 0] Bytes parsed: 54
[13:53:59.250] [bmv2] [D] [thread 40031] [49.0] [cxt 0] Parser 'parser': end
[13:53:59.250] [bmv2] [D] [thread 40031] [49.0] [cxt 0] Pipeline 'ingress': start
[13:53:59.250] [bmv2] [T] [thread 40031] [49.0] [cxt 0] link_monitor.p4(333) Condition "hdr.tcp.isValid()" (node_2) is true
[13:53:59.250] [bmv2] [T] [thread 40031] [49.0] [cxt 0] Applying table 'MyIngress.tcp_lb'
[13:53:59.250] [bmv2] [D] [thread 40031] [49.0] [cxt 0] Looking up key:
* hdr.ipv4.dstAddr    : 0a000202

[13:53:59.250] [bmv2] [D] [thread 40031] [49.0] [cxt 0] Table 'MyIngress.tcp_lb': hit with handle 1
[13:53:59.250] [bmv2] [D] [thread 40031] [49.0] [cxt 0] Dumping entry 1
Match key:
* hdr.ipv4.dstAddr    : LPM       0a000202/32
Action entry: MyIngress.tcp_lb_action - 2,2,

[13:53:59.250] [bmv2] [D] [thread 40031] [49.0] [cxt 0] Action entry is MyIngress.tcp_lb_action - 2,2,
[13:53:59.250] [bmv2] [T] [thread 40031] [49.0] [cxt 0] Action MyIngress.tcp_lb_action
[13:53:59.250] [bmv2] [T] [thread 40031] [49.0] [cxt 0] link_monitor.p4(280) Primitive meta.lb_port = selected_port
[13:53:59.250] [bmv2] [T] [thread 40031] [49.0] [cxt 0] link_monitor.p4(281) Primitive standard_metadata.egress_spec = selected_port
[13:53:59.250] [bmv2] [T] [thread 40031] [49.0] [cxt 0] Applying table 'MyIngress.tcp_lb_nhop'
[13:53:59.250] [bmv2] [D] [thread 40031] [49.0] [cxt 0] Looking up key:
* meta.lb_port        : 0002

[13:53:59.250] [bmv2] [D] [thread 40031] [49.0] [cxt 0] Table 'MyIngress.tcp_lb_nhop': hit with handle 1
[13:53:59.250] [bmv2] [D] [thread 40031] [49.0] [cxt 0] Dumping entry 1
Match key:
* meta.lb_port        : EXACT     0002
Action entry: MyIngress.tcp_lb_nhop_action - 80000000222,

[13:53:59.250] [bmv2] [D] [thread 40031] [49.0] [cxt 0] Action entry is MyIngress.tcp_lb_nhop_action - 80000000222,
[13:53:59.250] [bmv2] [T] [thread 40031] [49.0] [cxt 0] Action MyIngress.tcp_lb_nhop_action
[13:53:59.250] [bmv2] [T] [thread 40031] [49.0] [cxt 0] link_monitor.p4(286) Primitive hdr.ethernet.srcAddr = hdr.ethernet.dstAddr
[13:53:59.250] [bmv2] [T] [thread 40031] [49.0] [cxt 0] link_monitor.p4(287) Primitive hdr.ethernet.dstAddr = dstAddr
[13:53:59.250] [bmv2] [T] [thread 40031] [49.0] [cxt 0] link_monitor.p4(288) Primitive hdr.ipv4.ttl = hdr.ipv4.ttl - 1
[13:53:59.250] [bmv2] [D] [thread 40031] [49.0] [cxt 0] Pipeline 'ingress': end
[13:53:59.250] [bmv2] [D] [thread 40031] [49.0] [cxt 0] Egress port is 2
[13:53:59.250] [bmv2] [D] [thread 40034] [49.0] [cxt 0] Pipeline 'egress': start
[13:53:59.250] [bmv2] [T] [thread 40034] [49.0] [cxt 0] Applying table 'tbl_link_monitor379'
[13:53:59.250] [bmv2] [D] [thread 40034] [49.0] [cxt 0] Looking up key:

[13:53:59.250] [bmv2] [D] [thread 40034] [49.0] [cxt 0] Table 'tbl_link_monitor379': miss
[13:53:59.250] [bmv2] [D] [thread 40034] [49.0] [cxt 0] Action entry is link_monitor379 - 
[13:53:59.250] [bmv2] [T] [thread 40034] [49.0] [cxt 0] Action link_monitor379
[13:53:59.250] [bmv2] [T] [thread 40034] [49.0] [cxt 0] link_monitor.p4(379) Primitive (bit<32>)standard_metadata.egress_port
[13:53:59.250] [bmv2] [T] [thread 40034] [49.0] [cxt 0] link_monitor.p4(379) Primitive byte_cnt_reg.read(byte_cnt, (bit<32>)standard_metadata.egress_port)
[13:53:59.250] [bmv2] [T] [thread 40034] [49.0] [cxt 0] Read register 'MyEgress.byte_cnt_reg' at index 2 read value 222
[13:53:59.250] [bmv2] [T] [thread 40034] [49.0] [cxt 0] link_monitor.p4(380) Primitive byte_cnt = byte_cnt + standard_metadata.packet_length
[13:53:59.250] [bmv2] [T] [thread 40034] [49.0] [cxt 0] link_monitor.p4(382) Condition "hdr.probe.isValid()" (node_12) is false
[13:53:59.250] [bmv2] [T] [thread 40034] [49.0] [cxt 0] Applying table 'tbl_link_monitor382_0'
[13:53:59.250] [bmv2] [D] [thread 40034] [49.0] [cxt 0] Looking up key:

[13:53:59.250] [bmv2] [D] [thread 40034] [49.0] [cxt 0] Table 'tbl_link_monitor382_0': miss
[13:53:59.250] [bmv2] [D] [thread 40034] [49.0] [cxt 0] Action entry is link_monitor382_0 - 
[13:53:59.250] [bmv2] [T] [thread 40034] [49.0] [cxt 0] Action link_monitor382_0
[13:53:59.250] [bmv2] [T] [thread 40034] [49.0] [cxt 0] link_monitor.p4(382) Primitive (hdr.probe.isValid()) ? 0 : byte_cnt
[13:53:59.250] [bmv2] [T] [thread 40034] [49.0] [cxt 0] Applying table 'tbl_link_monitor383'
[13:53:59.250] [bmv2] [D] [thread 40034] [49.0] [cxt 0] Looking up key:

[13:53:59.250] [bmv2] [D] [thread 40034] [49.0] [cxt 0] Table 'tbl_link_monitor383': miss
[13:53:59.250] [bmv2] [D] [thread 40034] [49.0] [cxt 0] Action entry is link_monitor383 - 
[13:53:59.250] [bmv2] [T] [thread 40034] [49.0] [cxt 0] Action link_monitor383
[13:53:59.250] [bmv2] [T] [thread 40034] [49.0] [cxt 0] link_monitor.p4(383) Primitive (bit<32>)standard_metadata.egress_port
[13:53:59.250] [bmv2] [T] [thread 40034] [49.0] [cxt 0] link_monitor.p4(383) Primitive byte_cnt_reg.write((bit<32>)standard_metadata.egress_port, new_byte_cnt)
[13:53:59.250] [bmv2] [T] [thread 40034] [49.0] [cxt 0] Wrote register 'MyEgress.byte_cnt_reg' at index 2 with value 296
[13:53:59.250] [bmv2] [T] [thread 40034] [49.0] [cxt 0] link_monitor.p4(385) Condition "hdr.probe.isValid()" (node_16) is false
[13:53:59.250] [bmv2] [D] [thread 40034] [49.0] [cxt 0] Pipeline 'egress': end
[13:53:59.250] [bmv2] [D] [thread 40034] [49.0] [cxt 0] Deparser 'deparser': start
[13:53:59.250] [bmv2] [D] [thread 40034] [49.0] [cxt 0] Updating checksum 'cksum'
[13:53:59.250] [bmv2] [D] [thread 40034] [49.0] [cxt 0] Deparsing header 'ethernet'
[13:53:59.250] [bmv2] [D] [thread 40034] [49.0] [cxt 0] Deparsing header 'ipv4'
[13:53:59.250] [bmv2] [D] [thread 40034] [49.0] [cxt 0] Deparser 'deparser': end
[13:53:59.250] [bmv2] [D] [thread 40036] [49.0] [cxt 0] Transmitting packet of size 54 out of port 2
[13:54:07.445] [bmv2] [D] [thread 40031] [50.0] [cxt 0] Processing packet received on port 1
[13:54:07.445] [bmv2] [D] [thread 40031] [50.0] [cxt 0] Parser 'parser': start
[13:54:07.445] [bmv2] [D] [thread 40031] [50.0] [cxt 0] Parser 'parser' entering state 'start'
[13:54:07.445] [bmv2] [D] [thread 40031] [50.0] [cxt 0] Extracting header 'ethernet'
[13:54:07.445] [bmv2] [D] [thread 40031] [50.0] [cxt 0] Parser state 'start': key is 0800
[13:54:07.445] [bmv2] [T] [thread 40031] [50.0] [cxt 0] Bytes parsed: 14
[13:54:07.445] [bmv2] [D] [thread 40031] [50.0] [cxt 0] Parser 'parser' entering state 'parse_ipv4'
[13:54:07.445] [bmv2] [D] [thread 40031] [50.0] [cxt 0] Extracting header 'ipv4'
[13:54:07.445] [bmv2] [D] [thread 40031] [50.0] [cxt 0] Parser state 'parse_ipv4': key is 06
[13:54:07.445] [bmv2] [T] [thread 40031] [50.0] [cxt 0] Bytes parsed: 34
[13:54:07.445] [bmv2] [D] [thread 40031] [50.0] [cxt 0] Parser 'parser' entering state 'parse_tcp'
[13:54:07.445] [bmv2] [D] [thread 40031] [50.0] [cxt 0] Extracting header 'tcp'
[13:54:07.445] [bmv2] [D] [thread 40031] [50.0] [cxt 0] Parser state 'parse_tcp' has no switch, going to default next state
[13:54:07.445] [bmv2] [T] [thread 40031] [50.0] [cxt 0] Bytes parsed: 54
[13:54:07.445] [bmv2] [D] [thread 40031] [50.0] [cxt 0] Parser 'parser': end
[13:54:07.445] [bmv2] [D] [thread 40031] [50.0] [cxt 0] Pipeline 'ingress': start
[13:54:07.445] [bmv2] [T] [thread 40031] [50.0] [cxt 0] link_monitor.p4(333) Condition "hdr.tcp.isValid()" (node_2) is true
[13:54:07.445] [bmv2] [T] [thread 40031] [50.0] [cxt 0] Applying table 'MyIngress.tcp_lb'
[13:54:07.445] [bmv2] [D] [thread 40031] [50.0] [cxt 0] Looking up key:
* hdr.ipv4.dstAddr    : 0a000202

[13:54:07.445] [bmv2] [D] [thread 40031] [50.0] [cxt 0] Table 'MyIngress.tcp_lb': hit with handle 1
[13:54:07.445] [bmv2] [D] [thread 40031] [50.0] [cxt 0] Dumping entry 1
Match key:
* hdr.ipv4.dstAddr    : LPM       0a000202/32
Action entry: MyIngress.tcp_lb_action - 2,2,

[13:54:07.445] [bmv2] [D] [thread 40031] [50.0] [cxt 0] Action entry is MyIngress.tcp_lb_action - 2,2,
[13:54:07.445] [bmv2] [T] [thread 40031] [50.0] [cxt 0] Action MyIngress.tcp_lb_action
[13:54:07.445] [bmv2] [T] [thread 40031] [50.0] [cxt 0] link_monitor.p4(280) Primitive meta.lb_port = selected_port
[13:54:07.445] [bmv2] [T] [thread 40031] [50.0] [cxt 0] link_monitor.p4(281) Primitive standard_metadata.egress_spec = selected_port
[13:54:07.445] [bmv2] [T] [thread 40031] [50.0] [cxt 0] Applying table 'MyIngress.tcp_lb_nhop'
[13:54:07.445] [bmv2] [D] [thread 40031] [50.0] [cxt 0] Looking up key:
* meta.lb_port        : 0002

[13:54:07.445] [bmv2] [D] [thread 40031] [50.0] [cxt 0] Table 'MyIngress.tcp_lb_nhop': hit with handle 1
[13:54:07.445] [bmv2] [D] [thread 40031] [50.0] [cxt 0] Dumping entry 1
Match key:
* meta.lb_port        : EXACT     0002
Action entry: MyIngress.tcp_lb_nhop_action - 80000000222,

[13:54:07.445] [bmv2] [D] [thread 40031] [50.0] [cxt 0] Action entry is MyIngress.tcp_lb_nhop_action - 80000000222,
[13:54:07.445] [bmv2] [T] [thread 40031] [50.0] [cxt 0] Action MyIngress.tcp_lb_nhop_action
[13:54:07.445] [bmv2] [T] [thread 40031] [50.0] [cxt 0] link_monitor.p4(286) Primitive hdr.ethernet.srcAddr = hdr.ethernet.dstAddr
[13:54:07.445] [bmv2] [T] [thread 40031] [50.0] [cxt 0] link_monitor.p4(287) Primitive hdr.ethernet.dstAddr = dstAddr
[13:54:07.445] [bmv2] [T] [thread 40031] [50.0] [cxt 0] link_monitor.p4(288) Primitive hdr.ipv4.ttl = hdr.ipv4.ttl - 1
[13:54:07.445] [bmv2] [D] [thread 40031] [50.0] [cxt 0] Pipeline 'ingress': end
[13:54:07.445] [bmv2] [D] [thread 40031] [50.0] [cxt 0] Egress port is 2
[13:54:07.445] [bmv2] [D] [thread 40034] [50.0] [cxt 0] Pipeline 'egress': start
[13:54:07.445] [bmv2] [T] [thread 40034] [50.0] [cxt 0] Applying table 'tbl_link_monitor379'
[13:54:07.445] [bmv2] [D] [thread 40034] [50.0] [cxt 0] Looking up key:

[13:54:07.445] [bmv2] [D] [thread 40034] [50.0] [cxt 0] Table 'tbl_link_monitor379': miss
[13:54:07.445] [bmv2] [D] [thread 40034] [50.0] [cxt 0] Action entry is link_monitor379 - 
[13:54:07.445] [bmv2] [T] [thread 40034] [50.0] [cxt 0] Action link_monitor379
[13:54:07.445] [bmv2] [T] [thread 40034] [50.0] [cxt 0] link_monitor.p4(379) Primitive (bit<32>)standard_metadata.egress_port
[13:54:07.445] [bmv2] [T] [thread 40034] [50.0] [cxt 0] link_monitor.p4(379) Primitive byte_cnt_reg.read(byte_cnt, (bit<32>)standard_metadata.egress_port)
[13:54:07.445] [bmv2] [T] [thread 40034] [50.0] [cxt 0] Read register 'MyEgress.byte_cnt_reg' at index 2 read value 296
[13:54:07.445] [bmv2] [T] [thread 40034] [50.0] [cxt 0] link_monitor.p4(380) Primitive byte_cnt = byte_cnt + standard_metadata.packet_length
[13:54:07.445] [bmv2] [T] [thread 40034] [50.0] [cxt 0] link_monitor.p4(382) Condition "hdr.probe.isValid()" (node_12) is false
[13:54:07.445] [bmv2] [T] [thread 40034] [50.0] [cxt 0] Applying table 'tbl_link_monitor382_0'
[13:54:07.445] [bmv2] [D] [thread 40034] [50.0] [cxt 0] Looking up key:

[13:54:07.445] [bmv2] [D] [thread 40034] [50.0] [cxt 0] Table 'tbl_link_monitor382_0': miss
[13:54:07.445] [bmv2] [D] [thread 40034] [50.0] [cxt 0] Action entry is link_monitor382_0 - 
[13:54:07.445] [bmv2] [T] [thread 40034] [50.0] [cxt 0] Action link_monitor382_0
[13:54:07.445] [bmv2] [T] [thread 40034] [50.0] [cxt 0] link_monitor.p4(382) Primitive (hdr.probe.isValid()) ? 0 : byte_cnt
[13:54:07.445] [bmv2] [T] [thread 40034] [50.0] [cxt 0] Applying table 'tbl_link_monitor383'
[13:54:07.445] [bmv2] [D] [thread 40034] [50.0] [cxt 0] Looking up key:

[13:54:07.445] [bmv2] [D] [thread 40034] [50.0] [cxt 0] Table 'tbl_link_monitor383': miss
[13:54:07.445] [bmv2] [D] [thread 40034] [50.0] [cxt 0] Action entry is link_monitor383 - 
[13:54:07.445] [bmv2] [T] [thread 40034] [50.0] [cxt 0] Action link_monitor383
[13:54:07.445] [bmv2] [T] [thread 40034] [50.0] [cxt 0] link_monitor.p4(383) Primitive (bit<32>)standard_metadata.egress_port
[13:54:07.445] [bmv2] [T] [thread 40034] [50.0] [cxt 0] link_monitor.p4(383) Primitive byte_cnt_reg.write((bit<32>)standard_metadata.egress_port, new_byte_cnt)
[13:54:07.445] [bmv2] [T] [thread 40034] [50.0] [cxt 0] Wrote register 'MyEgress.byte_cnt_reg' at index 2 with value 370
[13:54:07.445] [bmv2] [T] [thread 40034] [50.0] [cxt 0] link_monitor.p4(385) Condition "hdr.probe.isValid()" (node_16) is false
[13:54:07.445] [bmv2] [D] [thread 40034] [50.0] [cxt 0] Pipeline 'egress': end
[13:54:07.445] [bmv2] [D] [thread 40034] [50.0] [cxt 0] Deparser 'deparser': start
[13:54:07.445] [bmv2] [D] [thread 40034] [50.0] [cxt 0] Updating checksum 'cksum'
[13:54:07.445] [bmv2] [D] [thread 40034] [50.0] [cxt 0] Deparsing header 'ethernet'
[13:54:07.445] [bmv2] [D] [thread 40034] [50.0] [cxt 0] Deparsing header 'ipv4'
[13:54:07.445] [bmv2] [D] [thread 40034] [50.0] [cxt 0] Deparser 'deparser': end
[13:54:07.445] [bmv2] [D] [thread 40036] [50.0] [cxt 0] Transmitting packet of size 54 out of port 2
[13:54:19.730] [bmv2] [D] [thread 40031] [51.0] [cxt 0] Processing packet received on port 3
[13:54:19.730] [bmv2] [D] [thread 40031] [51.0] [cxt 0] Parser 'parser': start
[13:54:19.730] [bmv2] [D] [thread 40031] [51.0] [cxt 0] Parser 'parser' entering state 'start'
[13:54:19.730] [bmv2] [D] [thread 40031] [51.0] [cxt 0] Extracting header 'ethernet'
[13:54:19.730] [bmv2] [D] [thread 40031] [51.0] [cxt 0] Parser state 'start': key is 86dd
[13:54:19.730] [bmv2] [T] [thread 40031] [51.0] [cxt 0] Bytes parsed: 14
[13:54:19.730] [bmv2] [D] [thread 40031] [51.0] [cxt 0] Parser 'parser': end
[13:54:19.730] [bmv2] [D] [thread 40031] [51.0] [cxt 0] Pipeline 'ingress': start
[13:54:19.730] [bmv2] [T] [thread 40031] [51.0] [cxt 0] link_monitor.p4(333) Condition "hdr.tcp.isValid()" (node_2) is false
[13:54:19.730] [bmv2] [T] [thread 40031] [51.0] [cxt 0] link_monitor.p4(337) Condition "hdr.ipv4.isValid()" (node_5) is false
[13:54:19.730] [bmv2] [T] [thread 40031] [51.0] [cxt 0] link_monitor.p4(340) Condition "hdr.probe.isValid()" (node_7) is false
[13:54:19.730] [bmv2] [D] [thread 40031] [51.0] [cxt 0] Pipeline 'ingress': end
[13:54:19.730] [bmv2] [D] [thread 40031] [51.0] [cxt 0] Egress port is 0
[13:54:19.730] [bmv2] [D] [thread 40032] [51.0] [cxt 0] Pipeline 'egress': start
[13:54:19.730] [bmv2] [T] [thread 40032] [51.0] [cxt 0] Applying table 'tbl_link_monitor379'
[13:54:19.730] [bmv2] [D] [thread 40032] [51.0] [cxt 0] Looking up key:

[13:54:19.730] [bmv2] [D] [thread 40032] [51.0] [cxt 0] Table 'tbl_link_monitor379': miss
[13:54:19.730] [bmv2] [D] [thread 40032] [51.0] [cxt 0] Action entry is link_monitor379 - 
[13:54:19.730] [bmv2] [T] [thread 40032] [51.0] [cxt 0] Action link_monitor379
[13:54:19.730] [bmv2] [T] [thread 40032] [51.0] [cxt 0] link_monitor.p4(379) Primitive (bit<32>)standard_metadata.egress_port
[13:54:19.730] [bmv2] [T] [thread 40032] [51.0] [cxt 0] link_monitor.p4(379) Primitive byte_cnt_reg.read(byte_cnt, (bit<32>)standard_metadata.egress_port)
[13:54:19.730] [bmv2] [T] [thread 40032] [51.0] [cxt 0] Read register 'MyEgress.byte_cnt_reg' at index 0 read value 1260
[13:54:19.730] [bmv2] [T] [thread 40032] [51.0] [cxt 0] link_monitor.p4(380) Primitive byte_cnt = byte_cnt + standard_metadata.packet_length
[13:54:19.730] [bmv2] [T] [thread 40032] [51.0] [cxt 0] link_monitor.p4(382) Condition "hdr.probe.isValid()" (node_12) is false
[13:54:19.730] [bmv2] [T] [thread 40032] [51.0] [cxt 0] Applying table 'tbl_link_monitor382_0'
[13:54:19.730] [bmv2] [D] [thread 40032] [51.0] [cxt 0] Looking up key:

[13:54:19.730] [bmv2] [D] [thread 40032] [51.0] [cxt 0] Table 'tbl_link_monitor382_0': miss
[13:54:19.730] [bmv2] [D] [thread 40032] [51.0] [cxt 0] Action entry is link_monitor382_0 - 
[13:54:19.730] [bmv2] [T] [thread 40032] [51.0] [cxt 0] Action link_monitor382_0
[13:54:19.730] [bmv2] [T] [thread 40032] [51.0] [cxt 0] link_monitor.p4(382) Primitive (hdr.probe.isValid()) ? 0 : byte_cnt
[13:54:19.730] [bmv2] [T] [thread 40032] [51.0] [cxt 0] Applying table 'tbl_link_monitor383'
[13:54:19.730] [bmv2] [D] [thread 40032] [51.0] [cxt 0] Looking up key:

[13:54:19.730] [bmv2] [D] [thread 40032] [51.0] [cxt 0] Table 'tbl_link_monitor383': miss
[13:54:19.730] [bmv2] [D] [thread 40032] [51.0] [cxt 0] Action entry is link_monitor383 - 
[13:54:19.730] [bmv2] [T] [thread 40032] [51.0] [cxt 0] Action link_monitor383
[13:54:19.730] [bmv2] [T] [thread 40032] [51.0] [cxt 0] link_monitor.p4(383) Primitive (bit<32>)standard_metadata.egress_port
[13:54:19.730] [bmv2] [T] [thread 40032] [51.0] [cxt 0] link_monitor.p4(383) Primitive byte_cnt_reg.write((bit<32>)standard_metadata.egress_port, new_byte_cnt)
[13:54:19.730] [bmv2] [T] [thread 40032] [51.0] [cxt 0] Wrote register 'MyEgress.byte_cnt_reg' at index 0 with value 1330
[13:54:19.730] [bmv2] [T] [thread 40032] [51.0] [cxt 0] link_monitor.p4(385) Condition "hdr.probe.isValid()" (node_16) is false
[13:54:19.730] [bmv2] [D] [thread 40032] [51.0] [cxt 0] Pipeline 'egress': end
[13:54:19.730] [bmv2] [D] [thread 40032] [51.0] [cxt 0] Deparser 'deparser': start
[13:54:19.730] [bmv2] [T] [thread 40032] [51.0] [cxt 0] Skipping checksum 'cksum' update because condition not met
[13:54:19.730] [bmv2] [D] [thread 40032] [51.0] [cxt 0] Deparsing header 'ethernet'
[13:54:19.730] [bmv2] [D] [thread 40032] [51.0] [cxt 0] Deparser 'deparser': end
[13:54:19.730] [bmv2] [D] [thread 40036] [51.0] [cxt 0] Transmitting packet of size 70 out of port 0
[13:54:21.778] [bmv2] [D] [thread 40031] [52.0] [cxt 0] Processing packet received on port 2
[13:54:21.778] [bmv2] [D] [thread 40031] [52.0] [cxt 0] Parser 'parser': start
[13:54:21.778] [bmv2] [D] [thread 40031] [52.0] [cxt 0] Parser 'parser' entering state 'start'
[13:54:21.779] [bmv2] [D] [thread 40031] [52.0] [cxt 0] Extracting header 'ethernet'
[13:54:21.779] [bmv2] [D] [thread 40031] [52.0] [cxt 0] Parser state 'start': key is 86dd
[13:54:21.779] [bmv2] [T] [thread 40031] [52.0] [cxt 0] Bytes parsed: 14
[13:54:21.779] [bmv2] [D] [thread 40031] [52.0] [cxt 0] Parser 'parser': end
[13:54:21.779] [bmv2] [D] [thread 40031] [52.0] [cxt 0] Pipeline 'ingress': start
[13:54:21.779] [bmv2] [T] [thread 40031] [52.0] [cxt 0] link_monitor.p4(333) Condition "hdr.tcp.isValid()" (node_2) is false
[13:54:21.779] [bmv2] [T] [thread 40031] [52.0] [cxt 0] link_monitor.p4(337) Condition "hdr.ipv4.isValid()" (node_5) is false
[13:54:21.779] [bmv2] [T] [thread 40031] [52.0] [cxt 0] link_monitor.p4(340) Condition "hdr.probe.isValid()" (node_7) is false
[13:54:21.779] [bmv2] [D] [thread 40031] [52.0] [cxt 0] Pipeline 'ingress': end
[13:54:21.779] [bmv2] [D] [thread 40031] [52.0] [cxt 0] Egress port is 0
[13:54:21.779] [bmv2] [D] [thread 40032] [52.0] [cxt 0] Pipeline 'egress': start
[13:54:21.779] [bmv2] [T] [thread 40032] [52.0] [cxt 0] Applying table 'tbl_link_monitor379'
[13:54:21.779] [bmv2] [D] [thread 40032] [52.0] [cxt 0] Looking up key:

[13:54:21.779] [bmv2] [D] [thread 40032] [52.0] [cxt 0] Table 'tbl_link_monitor379': miss
[13:54:21.779] [bmv2] [D] [thread 40032] [52.0] [cxt 0] Action entry is link_monitor379 - 
[13:54:21.779] [bmv2] [T] [thread 40032] [52.0] [cxt 0] Action link_monitor379
[13:54:21.779] [bmv2] [T] [thread 40032] [52.0] [cxt 0] link_monitor.p4(379) Primitive (bit<32>)standard_metadata.egress_port
[13:54:21.779] [bmv2] [T] [thread 40032] [52.0] [cxt 0] link_monitor.p4(379) Primitive byte_cnt_reg.read(byte_cnt, (bit<32>)standard_metadata.egress_port)
[13:54:21.779] [bmv2] [T] [thread 40032] [52.0] [cxt 0] Read register 'MyEgress.byte_cnt_reg' at index 0 read value 1330
[13:54:21.779] [bmv2] [T] [thread 40032] [52.0] [cxt 0] link_monitor.p4(380) Primitive byte_cnt = byte_cnt + standard_metadata.packet_length
[13:54:21.779] [bmv2] [T] [thread 40032] [52.0] [cxt 0] link_monitor.p4(382) Condition "hdr.probe.isValid()" (node_12) is false
[13:54:21.779] [bmv2] [T] [thread 40032] [52.0] [cxt 0] Applying table 'tbl_link_monitor382_0'
[13:54:21.779] [bmv2] [D] [thread 40032] [52.0] [cxt 0] Looking up key:

[13:54:21.779] [bmv2] [D] [thread 40032] [52.0] [cxt 0] Table 'tbl_link_monitor382_0': miss
[13:54:21.779] [bmv2] [D] [thread 40032] [52.0] [cxt 0] Action entry is link_monitor382_0 - 
[13:54:21.779] [bmv2] [T] [thread 40032] [52.0] [cxt 0] Action link_monitor382_0
[13:54:21.779] [bmv2] [T] [thread 40032] [52.0] [cxt 0] link_monitor.p4(382) Primitive (hdr.probe.isValid()) ? 0 : byte_cnt
[13:54:21.779] [bmv2] [T] [thread 40032] [52.0] [cxt 0] Applying table 'tbl_link_monitor383'
[13:54:21.779] [bmv2] [D] [thread 40032] [52.0] [cxt 0] Looking up key:

[13:54:21.779] [bmv2] [D] [thread 40032] [52.0] [cxt 0] Table 'tbl_link_monitor383': miss
[13:54:21.779] [bmv2] [D] [thread 40032] [52.0] [cxt 0] Action entry is link_monitor383 - 
[13:54:21.779] [bmv2] [T] [thread 40032] [52.0] [cxt 0] Action link_monitor383
[13:54:21.779] [bmv2] [T] [thread 40032] [52.0] [cxt 0] link_monitor.p4(383) Primitive (bit<32>)standard_metadata.egress_port
[13:54:21.779] [bmv2] [T] [thread 40032] [52.0] [cxt 0] link_monitor.p4(383) Primitive byte_cnt_reg.write((bit<32>)standard_metadata.egress_port, new_byte_cnt)
[13:54:21.779] [bmv2] [T] [thread 40032] [52.0] [cxt 0] Wrote register 'MyEgress.byte_cnt_reg' at index 0 with value 1400
[13:54:21.779] [bmv2] [T] [thread 40032] [52.0] [cxt 0] link_monitor.p4(385) Condition "hdr.probe.isValid()" (node_16) is false
[13:54:21.779] [bmv2] [D] [thread 40032] [52.0] [cxt 0] Pipeline 'egress': end
[13:54:21.779] [bmv2] [D] [thread 40032] [52.0] [cxt 0] Deparser 'deparser': start
[13:54:21.779] [bmv2] [T] [thread 40032] [52.0] [cxt 0] Skipping checksum 'cksum' update because condition not met
[13:54:21.779] [bmv2] [D] [thread 40032] [52.0] [cxt 0] Deparsing header 'ethernet'
[13:54:21.779] [bmv2] [D] [thread 40032] [52.0] [cxt 0] Deparser 'deparser': end
[13:54:21.779] [bmv2] [D] [thread 40036] [52.0] [cxt 0] Transmitting packet of size 70 out of port 0
[13:54:23.581] [bmv2] [D] [thread 40031] [53.0] [cxt 0] Processing packet received on port 1
[13:54:23.581] [bmv2] [D] [thread 40031] [53.0] [cxt 0] Parser 'parser': start
[13:54:23.581] [bmv2] [D] [thread 40031] [53.0] [cxt 0] Parser 'parser' entering state 'start'
[13:54:23.581] [bmv2] [D] [thread 40031] [53.0] [cxt 0] Extracting header 'ethernet'
[13:54:23.581] [bmv2] [D] [thread 40031] [53.0] [cxt 0] Parser state 'start': key is 0800
[13:54:23.581] [bmv2] [T] [thread 40031] [53.0] [cxt 0] Bytes parsed: 14
[13:54:23.581] [bmv2] [D] [thread 40031] [53.0] [cxt 0] Parser 'parser' entering state 'parse_ipv4'
[13:54:23.581] [bmv2] [D] [thread 40031] [53.0] [cxt 0] Extracting header 'ipv4'
[13:54:23.581] [bmv2] [D] [thread 40031] [53.0] [cxt 0] Parser state 'parse_ipv4': key is 06
[13:54:23.581] [bmv2] [T] [thread 40031] [53.0] [cxt 0] Bytes parsed: 34
[13:54:23.581] [bmv2] [D] [thread 40031] [53.0] [cxt 0] Parser 'parser' entering state 'parse_tcp'
[13:54:23.581] [bmv2] [D] [thread 40031] [53.0] [cxt 0] Extracting header 'tcp'
[13:54:23.581] [bmv2] [D] [thread 40031] [53.0] [cxt 0] Parser state 'parse_tcp' has no switch, going to default next state
[13:54:23.581] [bmv2] [T] [thread 40031] [53.0] [cxt 0] Bytes parsed: 54
[13:54:23.581] [bmv2] [D] [thread 40031] [53.0] [cxt 0] Parser 'parser': end
[13:54:23.581] [bmv2] [D] [thread 40031] [53.0] [cxt 0] Pipeline 'ingress': start
[13:54:23.581] [bmv2] [T] [thread 40031] [53.0] [cxt 0] link_monitor.p4(333) Condition "hdr.tcp.isValid()" (node_2) is true
[13:54:23.581] [bmv2] [T] [thread 40031] [53.0] [cxt 0] Applying table 'MyIngress.tcp_lb'
[13:54:23.581] [bmv2] [D] [thread 40031] [53.0] [cxt 0] Looking up key:
* hdr.ipv4.dstAddr    : 0a000202

[13:54:23.582] [bmv2] [D] [thread 40031] [53.0] [cxt 0] Table 'MyIngress.tcp_lb': hit with handle 1
[13:54:23.582] [bmv2] [D] [thread 40031] [53.0] [cxt 0] Dumping entry 1
Match key:
* hdr.ipv4.dstAddr    : LPM       0a000202/32
Action entry: MyIngress.tcp_lb_action - 2,2,

[13:54:23.582] [bmv2] [D] [thread 40031] [53.0] [cxt 0] Action entry is MyIngress.tcp_lb_action - 2,2,
[13:54:23.582] [bmv2] [T] [thread 40031] [53.0] [cxt 0] Action MyIngress.tcp_lb_action
[13:54:23.582] [bmv2] [T] [thread 40031] [53.0] [cxt 0] link_monitor.p4(280) Primitive meta.lb_port = selected_port
[13:54:23.582] [bmv2] [T] [thread 40031] [53.0] [cxt 0] link_monitor.p4(281) Primitive standard_metadata.egress_spec = selected_port
[13:54:23.582] [bmv2] [T] [thread 40031] [53.0] [cxt 0] Applying table 'MyIngress.tcp_lb_nhop'
[13:54:23.582] [bmv2] [D] [thread 40031] [53.0] [cxt 0] Looking up key:
* meta.lb_port        : 0002

[13:54:23.582] [bmv2] [D] [thread 40031] [53.0] [cxt 0] Table 'MyIngress.tcp_lb_nhop': hit with handle 1
[13:54:23.582] [bmv2] [D] [thread 40031] [53.0] [cxt 0] Dumping entry 1
Match key:
* meta.lb_port        : EXACT     0002
Action entry: MyIngress.tcp_lb_nhop_action - 80000000222,

[13:54:23.582] [bmv2] [D] [thread 40031] [53.0] [cxt 0] Action entry is MyIngress.tcp_lb_nhop_action - 80000000222,
[13:54:23.582] [bmv2] [T] [thread 40031] [53.0] [cxt 0] Action MyIngress.tcp_lb_nhop_action
[13:54:23.582] [bmv2] [T] [thread 40031] [53.0] [cxt 0] link_monitor.p4(286) Primitive hdr.ethernet.srcAddr = hdr.ethernet.dstAddr
[13:54:23.582] [bmv2] [T] [thread 40031] [53.0] [cxt 0] link_monitor.p4(287) Primitive hdr.ethernet.dstAddr = dstAddr
[13:54:23.582] [bmv2] [T] [thread 40031] [53.0] [cxt 0] link_monitor.p4(288) Primitive hdr.ipv4.ttl = hdr.ipv4.ttl - 1
[13:54:23.582] [bmv2] [D] [thread 40031] [53.0] [cxt 0] Pipeline 'ingress': end
[13:54:23.582] [bmv2] [D] [thread 40031] [53.0] [cxt 0] Egress port is 2
[13:54:23.582] [bmv2] [D] [thread 40034] [53.0] [cxt 0] Pipeline 'egress': start
[13:54:23.582] [bmv2] [T] [thread 40034] [53.0] [cxt 0] Applying table 'tbl_link_monitor379'
[13:54:23.582] [bmv2] [D] [thread 40034] [53.0] [cxt 0] Looking up key:

[13:54:23.582] [bmv2] [D] [thread 40034] [53.0] [cxt 0] Table 'tbl_link_monitor379': miss
[13:54:23.582] [bmv2] [D] [thread 40034] [53.0] [cxt 0] Action entry is link_monitor379 - 
[13:54:23.582] [bmv2] [T] [thread 40034] [53.0] [cxt 0] Action link_monitor379
[13:54:23.582] [bmv2] [T] [thread 40034] [53.0] [cxt 0] link_monitor.p4(379) Primitive (bit<32>)standard_metadata.egress_port
[13:54:23.582] [bmv2] [T] [thread 40034] [53.0] [cxt 0] link_monitor.p4(379) Primitive byte_cnt_reg.read(byte_cnt, (bit<32>)standard_metadata.egress_port)
[13:54:23.582] [bmv2] [T] [thread 40034] [53.0] [cxt 0] Read register 'MyEgress.byte_cnt_reg' at index 2 read value 370
[13:54:23.582] [bmv2] [T] [thread 40034] [53.0] [cxt 0] link_monitor.p4(380) Primitive byte_cnt = byte_cnt + standard_metadata.packet_length
[13:54:23.582] [bmv2] [T] [thread 40034] [53.0] [cxt 0] link_monitor.p4(382) Condition "hdr.probe.isValid()" (node_12) is false
[13:54:23.582] [bmv2] [T] [thread 40034] [53.0] [cxt 0] Applying table 'tbl_link_monitor382_0'
[13:54:23.582] [bmv2] [D] [thread 40034] [53.0] [cxt 0] Looking up key:

[13:54:23.582] [bmv2] [D] [thread 40034] [53.0] [cxt 0] Table 'tbl_link_monitor382_0': miss
[13:54:23.582] [bmv2] [D] [thread 40034] [53.0] [cxt 0] Action entry is link_monitor382_0 - 
[13:54:23.582] [bmv2] [T] [thread 40034] [53.0] [cxt 0] Action link_monitor382_0
[13:54:23.582] [bmv2] [T] [thread 40034] [53.0] [cxt 0] link_monitor.p4(382) Primitive (hdr.probe.isValid()) ? 0 : byte_cnt
[13:54:23.582] [bmv2] [T] [thread 40034] [53.0] [cxt 0] Applying table 'tbl_link_monitor383'
[13:54:23.582] [bmv2] [D] [thread 40034] [53.0] [cxt 0] Looking up key:

[13:54:23.582] [bmv2] [D] [thread 40034] [53.0] [cxt 0] Table 'tbl_link_monitor383': miss
[13:54:23.582] [bmv2] [D] [thread 40034] [53.0] [cxt 0] Action entry is link_monitor383 - 
[13:54:23.582] [bmv2] [T] [thread 40034] [53.0] [cxt 0] Action link_monitor383
[13:54:23.582] [bmv2] [T] [thread 40034] [53.0] [cxt 0] link_monitor.p4(383) Primitive (bit<32>)standard_metadata.egress_port
[13:54:23.582] [bmv2] [T] [thread 40034] [53.0] [cxt 0] link_monitor.p4(383) Primitive byte_cnt_reg.write((bit<32>)standard_metadata.egress_port, new_byte_cnt)
[13:54:23.582] [bmv2] [T] [thread 40034] [53.0] [cxt 0] Wrote register 'MyEgress.byte_cnt_reg' at index 2 with value 444
[13:54:23.582] [bmv2] [T] [thread 40034] [53.0] [cxt 0] link_monitor.p4(385) Condition "hdr.probe.isValid()" (node_16) is false
[13:54:23.582] [bmv2] [D] [thread 40034] [53.0] [cxt 0] Pipeline 'egress': end
[13:54:23.582] [bmv2] [D] [thread 40034] [53.0] [cxt 0] Deparser 'deparser': start
[13:54:23.582] [bmv2] [D] [thread 40034] [53.0] [cxt 0] Updating checksum 'cksum'
[13:54:23.582] [bmv2] [D] [thread 40034] [53.0] [cxt 0] Deparsing header 'ethernet'
[13:54:23.582] [bmv2] [D] [thread 40034] [53.0] [cxt 0] Deparsing header 'ipv4'
[13:54:23.582] [bmv2] [D] [thread 40034] [53.0] [cxt 0] Deparser 'deparser': end
[13:54:23.582] [bmv2] [D] [thread 40036] [53.0] [cxt 0] Transmitting packet of size 54 out of port 2
[13:54:23.827] [bmv2] [D] [thread 40031] [54.0] [cxt 0] Processing packet received on port 3
[13:54:23.827] [bmv2] [D] [thread 40031] [54.0] [cxt 0] Parser 'parser': start
[13:54:23.827] [bmv2] [D] [thread 40031] [54.0] [cxt 0] Parser 'parser' entering state 'start'
[13:54:23.827] [bmv2] [D] [thread 40031] [54.0] [cxt 0] Extracting header 'ethernet'
[13:54:23.827] [bmv2] [D] [thread 40031] [54.0] [cxt 0] Parser state 'start': key is 86dd
[13:54:23.827] [bmv2] [T] [thread 40031] [54.0] [cxt 0] Bytes parsed: 14
[13:54:23.827] [bmv2] [D] [thread 40031] [54.0] [cxt 0] Parser 'parser': end
[13:54:23.827] [bmv2] [D] [thread 40031] [54.0] [cxt 0] Pipeline 'ingress': start
[13:54:23.827] [bmv2] [T] [thread 40031] [54.0] [cxt 0] link_monitor.p4(333) Condition "hdr.tcp.isValid()" (node_2) is false
[13:54:23.827] [bmv2] [T] [thread 40031] [54.0] [cxt 0] link_monitor.p4(337) Condition "hdr.ipv4.isValid()" (node_5) is false
[13:54:23.827] [bmv2] [T] [thread 40031] [54.0] [cxt 0] link_monitor.p4(340) Condition "hdr.probe.isValid()" (node_7) is false
[13:54:23.827] [bmv2] [D] [thread 40031] [54.0] [cxt 0] Pipeline 'ingress': end
[13:54:23.827] [bmv2] [D] [thread 40031] [54.0] [cxt 0] Egress port is 0
[13:54:23.827] [bmv2] [D] [thread 40031] [55.0] [cxt 0] Processing packet received on port 4
[13:54:23.827] [bmv2] [D] [thread 40031] [55.0] [cxt 0] Parser 'parser': start
[13:54:23.827] [bmv2] [D] [thread 40031] [55.0] [cxt 0] Parser 'parser' entering state 'start'
[13:54:23.827] [bmv2] [D] [thread 40031] [55.0] [cxt 0] Extracting header 'ethernet'
[13:54:23.827] [bmv2] [D] [thread 40031] [55.0] [cxt 0] Parser state 'start': key is 86dd
[13:54:23.827] [bmv2] [T] [thread 40031] [55.0] [cxt 0] Bytes parsed: 14
[13:54:23.827] [bmv2] [D] [thread 40031] [55.0] [cxt 0] Parser 'parser': end
[13:54:23.827] [bmv2] [D] [thread 40031] [55.0] [cxt 0] Pipeline 'ingress': start
[13:54:23.827] [bmv2] [T] [thread 40031] [55.0] [cxt 0] link_monitor.p4(333) Condition "hdr.tcp.isValid()" (node_2) is false
[13:54:23.827] [bmv2] [T] [thread 40031] [55.0] [cxt 0] link_monitor.p4(337) Condition "hdr.ipv4.isValid()" (node_5) is false
[13:54:23.827] [bmv2] [T] [thread 40031] [55.0] [cxt 0] link_monitor.p4(340) Condition "hdr.probe.isValid()" (node_7) is false
[13:54:23.827] [bmv2] [D] [thread 40031] [55.0] [cxt 0] Pipeline 'ingress': end
[13:54:23.827] [bmv2] [D] [thread 40031] [55.0] [cxt 0] Egress port is 0
[13:54:23.827] [bmv2] [D] [thread 40031] [56.0] [cxt 0] Processing packet received on port 4
[13:54:23.827] [bmv2] [D] [thread 40031] [56.0] [cxt 0] Parser 'parser': start
[13:54:23.827] [bmv2] [D] [thread 40031] [56.0] [cxt 0] Parser 'parser' entering state 'start'
[13:54:23.827] [bmv2] [D] [thread 40031] [56.0] [cxt 0] Extracting header 'ethernet'
[13:54:23.827] [bmv2] [D] [thread 40031] [56.0] [cxt 0] Parser state 'start': key is 86dd
[13:54:23.827] [bmv2] [T] [thread 40031] [56.0] [cxt 0] Bytes parsed: 14
[13:54:23.827] [bmv2] [D] [thread 40031] [56.0] [cxt 0] Parser 'parser': end
[13:54:23.827] [bmv2] [D] [thread 40031] [56.0] [cxt 0] Pipeline 'ingress': start
[13:54:23.827] [bmv2] [T] [thread 40031] [56.0] [cxt 0] link_monitor.p4(333) Condition "hdr.tcp.isValid()" (node_2) is false
[13:54:23.827] [bmv2] [T] [thread 40031] [56.0] [cxt 0] link_monitor.p4(337) Condition "hdr.ipv4.isValid()" (node_5) is false
[13:54:23.827] [bmv2] [T] [thread 40031] [56.0] [cxt 0] link_monitor.p4(340) Condition "hdr.probe.isValid()" (node_7) is false
[13:54:23.827] [bmv2] [D] [thread 40031] [56.0] [cxt 0] Pipeline 'ingress': end
[13:54:23.827] [bmv2] [D] [thread 40031] [56.0] [cxt 0] Egress port is 0
[13:54:23.827] [bmv2] [D] [thread 40032] [54.0] [cxt 0] Pipeline 'egress': start
[13:54:23.827] [bmv2] [T] [thread 40032] [54.0] [cxt 0] Applying table 'tbl_link_monitor379'
[13:54:23.827] [bmv2] [D] [thread 40032] [54.0] [cxt 0] Looking up key:

[13:54:23.827] [bmv2] [D] [thread 40032] [54.0] [cxt 0] Table 'tbl_link_monitor379': miss
[13:54:23.827] [bmv2] [D] [thread 40032] [54.0] [cxt 0] Action entry is link_monitor379 - 
[13:54:23.827] [bmv2] [T] [thread 40032] [54.0] [cxt 0] Action link_monitor379
[13:54:23.827] [bmv2] [T] [thread 40032] [54.0] [cxt 0] link_monitor.p4(379) Primitive (bit<32>)standard_metadata.egress_port
[13:54:23.827] [bmv2] [T] [thread 40032] [54.0] [cxt 0] link_monitor.p4(379) Primitive byte_cnt_reg.read(byte_cnt, (bit<32>)standard_metadata.egress_port)
[13:54:23.827] [bmv2] [T] [thread 40032] [54.0] [cxt 0] Read register 'MyEgress.byte_cnt_reg' at index 0 read value 1400
[13:54:23.827] [bmv2] [T] [thread 40032] [54.0] [cxt 0] link_monitor.p4(380) Primitive byte_cnt = byte_cnt + standard_metadata.packet_length
[13:54:23.827] [bmv2] [T] [thread 40032] [54.0] [cxt 0] link_monitor.p4(382) Condition "hdr.probe.isValid()" (node_12) is false
[13:54:23.827] [bmv2] [T] [thread 40032] [54.0] [cxt 0] Applying table 'tbl_link_monitor382_0'
[13:54:23.827] [bmv2] [D] [thread 40032] [54.0] [cxt 0] Looking up key:

[13:54:23.827] [bmv2] [D] [thread 40032] [54.0] [cxt 0] Table 'tbl_link_monitor382_0': miss
[13:54:23.827] [bmv2] [D] [thread 40032] [54.0] [cxt 0] Action entry is link_monitor382_0 - 
[13:54:23.827] [bmv2] [T] [thread 40032] [54.0] [cxt 0] Action link_monitor382_0
[13:54:23.827] [bmv2] [T] [thread 40032] [54.0] [cxt 0] link_monitor.p4(382) Primitive (hdr.probe.isValid()) ? 0 : byte_cnt
[13:54:23.827] [bmv2] [T] [thread 40032] [54.0] [cxt 0] Applying table 'tbl_link_monitor383'
[13:54:23.827] [bmv2] [D] [thread 40032] [54.0] [cxt 0] Looking up key:

[13:54:23.827] [bmv2] [D] [thread 40032] [54.0] [cxt 0] Table 'tbl_link_monitor383': miss
[13:54:23.827] [bmv2] [D] [thread 40032] [54.0] [cxt 0] Action entry is link_monitor383 - 
[13:54:23.827] [bmv2] [T] [thread 40032] [54.0] [cxt 0] Action link_monitor383
[13:54:23.827] [bmv2] [T] [thread 40032] [54.0] [cxt 0] link_monitor.p4(383) Primitive (bit<32>)standard_metadata.egress_port
[13:54:23.827] [bmv2] [T] [thread 40032] [54.0] [cxt 0] link_monitor.p4(383) Primitive byte_cnt_reg.write((bit<32>)standard_metadata.egress_port, new_byte_cnt)
[13:54:23.827] [bmv2] [T] [thread 40032] [54.0] [cxt 0] Wrote register 'MyEgress.byte_cnt_reg' at index 0 with value 1470
[13:54:23.827] [bmv2] [T] [thread 40032] [54.0] [cxt 0] link_monitor.p4(385) Condition "hdr.probe.isValid()" (node_16) is false
[13:54:23.827] [bmv2] [D] [thread 40032] [54.0] [cxt 0] Pipeline 'egress': end
[13:54:23.827] [bmv2] [D] [thread 40032] [54.0] [cxt 0] Deparser 'deparser': start
[13:54:23.827] [bmv2] [T] [thread 40032] [54.0] [cxt 0] Skipping checksum 'cksum' update because condition not met
[13:54:23.827] [bmv2] [D] [thread 40032] [54.0] [cxt 0] Deparsing header 'ethernet'
[13:54:23.827] [bmv2] [D] [thread 40032] [54.0] [cxt 0] Deparser 'deparser': end
[13:54:23.827] [bmv2] [D] [thread 40032] [55.0] [cxt 0] Pipeline 'egress': start
[13:54:23.827] [bmv2] [T] [thread 40032] [55.0] [cxt 0] Applying table 'tbl_link_monitor379'
[13:54:23.827] [bmv2] [D] [thread 40032] [55.0] [cxt 0] Looking up key:

[13:54:23.827] [bmv2] [D] [thread 40032] [55.0] [cxt 0] Table 'tbl_link_monitor379': miss
[13:54:23.827] [bmv2] [D] [thread 40032] [55.0] [cxt 0] Action entry is link_monitor379 - 
[13:54:23.827] [bmv2] [T] [thread 40032] [55.0] [cxt 0] Action link_monitor379
[13:54:23.827] [bmv2] [T] [thread 40032] [55.0] [cxt 0] link_monitor.p4(379) Primitive (bit<32>)standard_metadata.egress_port
[13:54:23.827] [bmv2] [T] [thread 40032] [55.0] [cxt 0] link_monitor.p4(379) Primitive byte_cnt_reg.read(byte_cnt, (bit<32>)standard_metadata.egress_port)
[13:54:23.827] [bmv2] [T] [thread 40032] [55.0] [cxt 0] Read register 'MyEgress.byte_cnt_reg' at index 0 read value 1470
[13:54:23.827] [bmv2] [T] [thread 40032] [55.0] [cxt 0] link_monitor.p4(380) Primitive byte_cnt = byte_cnt + standard_metadata.packet_length
[13:54:23.827] [bmv2] [T] [thread 40032] [55.0] [cxt 0] link_monitor.p4(382) Condition "hdr.probe.isValid()" (node_12) is false
[13:54:23.827] [bmv2] [T] [thread 40032] [55.0] [cxt 0] Applying table 'tbl_link_monitor382_0'
[13:54:23.827] [bmv2] [D] [thread 40032] [55.0] [cxt 0] Looking up key:

[13:54:23.827] [bmv2] [D] [thread 40032] [55.0] [cxt 0] Table 'tbl_link_monitor382_0': miss
[13:54:23.827] [bmv2] [D] [thread 40032] [55.0] [cxt 0] Action entry is link_monitor382_0 - 
[13:54:23.827] [bmv2] [T] [thread 40032] [55.0] [cxt 0] Action link_monitor382_0
[13:54:23.827] [bmv2] [T] [thread 40032] [55.0] [cxt 0] link_monitor.p4(382) Primitive (hdr.probe.isValid()) ? 0 : byte_cnt
[13:54:23.827] [bmv2] [T] [thread 40032] [55.0] [cxt 0] Applying table 'tbl_link_monitor383'
[13:54:23.827] [bmv2] [D] [thread 40032] [55.0] [cxt 0] Looking up key:

[13:54:23.827] [bmv2] [D] [thread 40032] [55.0] [cxt 0] Table 'tbl_link_monitor383': miss
[13:54:23.827] [bmv2] [D] [thread 40032] [55.0] [cxt 0] Action entry is link_monitor383 - 
[13:54:23.827] [bmv2] [T] [thread 40032] [55.0] [cxt 0] Action link_monitor383
[13:54:23.827] [bmv2] [T] [thread 40032] [55.0] [cxt 0] link_monitor.p4(383) Primitive (bit<32>)standard_metadata.egress_port
[13:54:23.827] [bmv2] [T] [thread 40032] [55.0] [cxt 0] link_monitor.p4(383) Primitive byte_cnt_reg.write((bit<32>)standard_metadata.egress_port, new_byte_cnt)
[13:54:23.827] [bmv2] [T] [thread 40032] [55.0] [cxt 0] Wrote register 'MyEgress.byte_cnt_reg' at index 0 with value 1540
[13:54:23.827] [bmv2] [T] [thread 40032] [55.0] [cxt 0] link_monitor.p4(385) Condition "hdr.probe.isValid()" (node_16) is false
[13:54:23.827] [bmv2] [D] [thread 40032] [55.0] [cxt 0] Pipeline 'egress': end
[13:54:23.827] [bmv2] [D] [thread 40032] [55.0] [cxt 0] Deparser 'deparser': start
[13:54:23.827] [bmv2] [T] [thread 40032] [55.0] [cxt 0] Skipping checksum 'cksum' update because condition not met
[13:54:23.827] [bmv2] [D] [thread 40032] [55.0] [cxt 0] Deparsing header 'ethernet'
[13:54:23.827] [bmv2] [D] [thread 40032] [55.0] [cxt 0] Deparser 'deparser': end
[13:54:23.827] [bmv2] [D] [thread 40032] [56.0] [cxt 0] Pipeline 'egress': start
[13:54:23.827] [bmv2] [T] [thread 40032] [56.0] [cxt 0] Applying table 'tbl_link_monitor379'
[13:54:23.827] [bmv2] [D] [thread 40032] [56.0] [cxt 0] Looking up key:

[13:54:23.827] [bmv2] [D] [thread 40032] [56.0] [cxt 0] Table 'tbl_link_monitor379': miss
[13:54:23.827] [bmv2] [D] [thread 40032] [56.0] [cxt 0] Action entry is link_monitor379 - 
[13:54:23.827] [bmv2] [T] [thread 40032] [56.0] [cxt 0] Action link_monitor379
[13:54:23.827] [bmv2] [T] [thread 40032] [56.0] [cxt 0] link_monitor.p4(379) Primitive (bit<32>)standard_metadata.egress_port
[13:54:23.827] [bmv2] [T] [thread 40032] [56.0] [cxt 0] link_monitor.p4(379) Primitive byte_cnt_reg.read(byte_cnt, (bit<32>)standard_metadata.egress_port)
[13:54:23.827] [bmv2] [T] [thread 40032] [56.0] [cxt 0] Read register 'MyEgress.byte_cnt_reg' at index 0 read value 1540
[13:54:23.827] [bmv2] [T] [thread 40032] [56.0] [cxt 0] link_monitor.p4(380) Primitive byte_cnt = byte_cnt + standard_metadata.packet_length
[13:54:23.827] [bmv2] [T] [thread 40032] [56.0] [cxt 0] link_monitor.p4(382) Condition "hdr.probe.isValid()" (node_12) is false
[13:54:23.827] [bmv2] [T] [thread 40032] [56.0] [cxt 0] Applying table 'tbl_link_monitor382_0'
[13:54:23.827] [bmv2] [D] [thread 40032] [56.0] [cxt 0] Looking up key:

[13:54:23.827] [bmv2] [D] [thread 40032] [56.0] [cxt 0] Table 'tbl_link_monitor382_0': miss
[13:54:23.827] [bmv2] [D] [thread 40032] [56.0] [cxt 0] Action entry is link_monitor382_0 - 
[13:54:23.827] [bmv2] [T] [thread 40032] [56.0] [cxt 0] Action link_monitor382_0
[13:54:23.827] [bmv2] [T] [thread 40032] [56.0] [cxt 0] link_monitor.p4(382) Primitive (hdr.probe.isValid()) ? 0 : byte_cnt
[13:54:23.827] [bmv2] [T] [thread 40032] [56.0] [cxt 0] Applying table 'tbl_link_monitor383'
[13:54:23.827] [bmv2] [D] [thread 40032] [56.0] [cxt 0] Looking up key:

[13:54:23.827] [bmv2] [D] [thread 40032] [56.0] [cxt 0] Table 'tbl_link_monitor383': miss
[13:54:23.827] [bmv2] [D] [thread 40032] [56.0] [cxt 0] Action entry is link_monitor383 - 
[13:54:23.827] [bmv2] [T] [thread 40032] [56.0] [cxt 0] Action link_monitor383
[13:54:23.827] [bmv2] [T] [thread 40032] [56.0] [cxt 0] link_monitor.p4(383) Primitive (bit<32>)standard_metadata.egress_port
[13:54:23.827] [bmv2] [T] [thread 40032] [56.0] [cxt 0] link_monitor.p4(383) Primitive byte_cnt_reg.write((bit<32>)standard_metadata.egress_port, new_byte_cnt)
[13:54:23.827] [bmv2] [T] [thread 40032] [56.0] [cxt 0] Wrote register 'MyEgress.byte_cnt_reg' at index 0 with value 1610
[13:54:23.827] [bmv2] [T] [thread 40032] [56.0] [cxt 0] link_monitor.p4(385) Condition "hdr.probe.isValid()" (node_16) is false
[13:54:23.827] [bmv2] [D] [thread 40032] [56.0] [cxt 0] Pipeline 'egress': end
[13:54:23.827] [bmv2] [D] [thread 40032] [56.0] [cxt 0] Deparser 'deparser': start
[13:54:23.827] [bmv2] [T] [thread 40032] [56.0] [cxt 0] Skipping checksum 'cksum' update because condition not met
[13:54:23.827] [bmv2] [D] [thread 40032] [56.0] [cxt 0] Deparsing header 'ethernet'
[13:54:23.827] [bmv2] [D] [thread 40032] [56.0] [cxt 0] Deparser 'deparser': end
[13:54:23.827] [bmv2] [D] [thread 40036] [54.0] [cxt 0] Transmitting packet of size 70 out of port 0
[13:54:23.827] [bmv2] [D] [thread 40036] [55.0] [cxt 0] Transmitting packet of size 70 out of port 0
[13:54:23.827] [bmv2] [D] [thread 40036] [56.0] [cxt 0] Transmitting packet of size 70 out of port 0
[13:54:29.971] [bmv2] [D] [thread 40031] [57.0] [cxt 0] Processing packet received on port 1
[13:54:29.971] [bmv2] [D] [thread 40031] [57.0] [cxt 0] Parser 'parser': start
[13:54:29.971] [bmv2] [D] [thread 40031] [57.0] [cxt 0] Parser 'parser' entering state 'start'
[13:54:29.971] [bmv2] [D] [thread 40031] [57.0] [cxt 0] Extracting header 'ethernet'
[13:54:29.971] [bmv2] [D] [thread 40031] [57.0] [cxt 0] Parser state 'start': key is 86dd
[13:54:29.971] [bmv2] [T] [thread 40031] [57.0] [cxt 0] Bytes parsed: 14
[13:54:29.971] [bmv2] [D] [thread 40031] [57.0] [cxt 0] Parser 'parser': end
[13:54:29.971] [bmv2] [D] [thread 40031] [57.0] [cxt 0] Pipeline 'ingress': start
[13:54:29.971] [bmv2] [T] [thread 40031] [57.0] [cxt 0] link_monitor.p4(333) Condition "hdr.tcp.isValid()" (node_2) is false
[13:54:29.971] [bmv2] [T] [thread 40031] [57.0] [cxt 0] link_monitor.p4(337) Condition "hdr.ipv4.isValid()" (node_5) is false
[13:54:29.971] [bmv2] [T] [thread 40031] [57.0] [cxt 0] link_monitor.p4(340) Condition "hdr.probe.isValid()" (node_7) is false
[13:54:29.971] [bmv2] [D] [thread 40031] [57.0] [cxt 0] Pipeline 'ingress': end
[13:54:29.971] [bmv2] [D] [thread 40031] [57.0] [cxt 0] Egress port is 0
[13:54:29.971] [bmv2] [D] [thread 40032] [57.0] [cxt 0] Pipeline 'egress': start
[13:54:29.971] [bmv2] [T] [thread 40032] [57.0] [cxt 0] Applying table 'tbl_link_monitor379'
[13:54:29.971] [bmv2] [D] [thread 40032] [57.0] [cxt 0] Looking up key:

[13:54:29.971] [bmv2] [D] [thread 40032] [57.0] [cxt 0] Table 'tbl_link_monitor379': miss
[13:54:29.971] [bmv2] [D] [thread 40032] [57.0] [cxt 0] Action entry is link_monitor379 - 
[13:54:29.971] [bmv2] [T] [thread 40032] [57.0] [cxt 0] Action link_monitor379
[13:54:29.971] [bmv2] [T] [thread 40032] [57.0] [cxt 0] link_monitor.p4(379) Primitive (bit<32>)standard_metadata.egress_port
[13:54:29.971] [bmv2] [T] [thread 40032] [57.0] [cxt 0] link_monitor.p4(379) Primitive byte_cnt_reg.read(byte_cnt, (bit<32>)standard_metadata.egress_port)
[13:54:29.971] [bmv2] [T] [thread 40032] [57.0] [cxt 0] Read register 'MyEgress.byte_cnt_reg' at index 0 read value 1610
[13:54:29.971] [bmv2] [T] [thread 40032] [57.0] [cxt 0] link_monitor.p4(380) Primitive byte_cnt = byte_cnt + standard_metadata.packet_length
[13:54:29.971] [bmv2] [T] [thread 40032] [57.0] [cxt 0] link_monitor.p4(382) Condition "hdr.probe.isValid()" (node_12) is false
[13:54:29.971] [bmv2] [T] [thread 40032] [57.0] [cxt 0] Applying table 'tbl_link_monitor382_0'
[13:54:29.971] [bmv2] [D] [thread 40032] [57.0] [cxt 0] Looking up key:

[13:54:29.971] [bmv2] [D] [thread 40032] [57.0] [cxt 0] Table 'tbl_link_monitor382_0': miss
[13:54:29.971] [bmv2] [D] [thread 40032] [57.0] [cxt 0] Action entry is link_monitor382_0 - 
[13:54:29.971] [bmv2] [T] [thread 40032] [57.0] [cxt 0] Action link_monitor382_0
[13:54:29.971] [bmv2] [T] [thread 40032] [57.0] [cxt 0] link_monitor.p4(382) Primitive (hdr.probe.isValid()) ? 0 : byte_cnt
[13:54:29.971] [bmv2] [T] [thread 40032] [57.0] [cxt 0] Applying table 'tbl_link_monitor383'
[13:54:29.971] [bmv2] [D] [thread 40032] [57.0] [cxt 0] Looking up key:

[13:54:29.971] [bmv2] [D] [thread 40032] [57.0] [cxt 0] Table 'tbl_link_monitor383': miss
[13:54:29.971] [bmv2] [D] [thread 40032] [57.0] [cxt 0] Action entry is link_monitor383 - 
[13:54:29.971] [bmv2] [T] [thread 40032] [57.0] [cxt 0] Action link_monitor383
[13:54:29.971] [bmv2] [T] [thread 40032] [57.0] [cxt 0] link_monitor.p4(383) Primitive (bit<32>)standard_metadata.egress_port
[13:54:29.971] [bmv2] [T] [thread 40032] [57.0] [cxt 0] link_monitor.p4(383) Primitive byte_cnt_reg.write((bit<32>)standard_metadata.egress_port, new_byte_cnt)
[13:54:29.971] [bmv2] [T] [thread 40032] [57.0] [cxt 0] Wrote register 'MyEgress.byte_cnt_reg' at index 0 with value 1680
[13:54:29.971] [bmv2] [T] [thread 40032] [57.0] [cxt 0] link_monitor.p4(385) Condition "hdr.probe.isValid()" (node_16) is false
[13:54:29.971] [bmv2] [D] [thread 40032] [57.0] [cxt 0] Pipeline 'egress': end
[13:54:29.971] [bmv2] [D] [thread 40032] [57.0] [cxt 0] Deparser 'deparser': start
[13:54:29.971] [bmv2] [T] [thread 40032] [57.0] [cxt 0] Skipping checksum 'cksum' update because condition not met
[13:54:29.971] [bmv2] [D] [thread 40032] [57.0] [cxt 0] Deparsing header 'ethernet'
[13:54:29.971] [bmv2] [D] [thread 40032] [57.0] [cxt 0] Deparser 'deparser': end
[13:54:29.971] [bmv2] [D] [thread 40036] [57.0] [cxt 0] Transmitting packet of size 70 out of port 0
[13:54:56.670] [bmv2] [D] [thread 40031] [58.0] [cxt 0] Processing packet received on port 1
[13:54:56.670] [bmv2] [D] [thread 40031] [58.0] [cxt 0] Parser 'parser': start
[13:54:56.670] [bmv2] [D] [thread 40031] [58.0] [cxt 0] Parser 'parser' entering state 'start'
[13:54:56.670] [bmv2] [D] [thread 40031] [58.0] [cxt 0] Extracting header 'ethernet'
[13:54:56.670] [bmv2] [D] [thread 40031] [58.0] [cxt 0] Parser state 'start': key is 0800
[13:54:56.670] [bmv2] [T] [thread 40031] [58.0] [cxt 0] Bytes parsed: 14
[13:54:56.670] [bmv2] [D] [thread 40031] [58.0] [cxt 0] Parser 'parser' entering state 'parse_ipv4'
[13:54:56.670] [bmv2] [D] [thread 40031] [58.0] [cxt 0] Extracting header 'ipv4'
[13:54:56.670] [bmv2] [D] [thread 40031] [58.0] [cxt 0] Parser state 'parse_ipv4': key is 06
[13:54:56.670] [bmv2] [T] [thread 40031] [58.0] [cxt 0] Bytes parsed: 34
[13:54:56.670] [bmv2] [D] [thread 40031] [58.0] [cxt 0] Parser 'parser' entering state 'parse_tcp'
[13:54:56.670] [bmv2] [D] [thread 40031] [58.0] [cxt 0] Extracting header 'tcp'
[13:54:56.670] [bmv2] [D] [thread 40031] [58.0] [cxt 0] Parser state 'parse_tcp' has no switch, going to default next state
[13:54:56.670] [bmv2] [T] [thread 40031] [58.0] [cxt 0] Bytes parsed: 54
[13:54:56.670] [bmv2] [D] [thread 40031] [58.0] [cxt 0] Parser 'parser': end
[13:54:56.670] [bmv2] [D] [thread 40031] [58.0] [cxt 0] Pipeline 'ingress': start
[13:54:56.670] [bmv2] [T] [thread 40031] [58.0] [cxt 0] link_monitor.p4(333) Condition "hdr.tcp.isValid()" (node_2) is true
[13:54:56.670] [bmv2] [T] [thread 40031] [58.0] [cxt 0] Applying table 'MyIngress.tcp_lb'
[13:54:56.670] [bmv2] [D] [thread 40031] [58.0] [cxt 0] Looking up key:
* hdr.ipv4.dstAddr    : 0a000202

[13:54:56.670] [bmv2] [D] [thread 40031] [58.0] [cxt 0] Table 'MyIngress.tcp_lb': hit with handle 1
[13:54:56.670] [bmv2] [D] [thread 40031] [58.0] [cxt 0] Dumping entry 1
Match key:
* hdr.ipv4.dstAddr    : LPM       0a000202/32
Action entry: MyIngress.tcp_lb_action - 2,2,

[13:54:56.670] [bmv2] [D] [thread 40031] [58.0] [cxt 0] Action entry is MyIngress.tcp_lb_action - 2,2,
[13:54:56.670] [bmv2] [T] [thread 40031] [58.0] [cxt 0] Action MyIngress.tcp_lb_action
[13:54:56.670] [bmv2] [T] [thread 40031] [58.0] [cxt 0] link_monitor.p4(280) Primitive meta.lb_port = selected_port
[13:54:56.670] [bmv2] [T] [thread 40031] [58.0] [cxt 0] link_monitor.p4(281) Primitive standard_metadata.egress_spec = selected_port
[13:54:56.670] [bmv2] [T] [thread 40031] [58.0] [cxt 0] Applying table 'MyIngress.tcp_lb_nhop'
[13:54:56.670] [bmv2] [D] [thread 40031] [58.0] [cxt 0] Looking up key:
* meta.lb_port        : 0002

[13:54:56.670] [bmv2] [D] [thread 40031] [58.0] [cxt 0] Table 'MyIngress.tcp_lb_nhop': hit with handle 1
[13:54:56.670] [bmv2] [D] [thread 40031] [58.0] [cxt 0] Dumping entry 1
Match key:
* meta.lb_port        : EXACT     0002
Action entry: MyIngress.tcp_lb_nhop_action - 80000000222,

[13:54:56.670] [bmv2] [D] [thread 40031] [58.0] [cxt 0] Action entry is MyIngress.tcp_lb_nhop_action - 80000000222,
[13:54:56.670] [bmv2] [T] [thread 40031] [58.0] [cxt 0] Action MyIngress.tcp_lb_nhop_action
[13:54:56.670] [bmv2] [T] [thread 40031] [58.0] [cxt 0] link_monitor.p4(286) Primitive hdr.ethernet.srcAddr = hdr.ethernet.dstAddr
[13:54:56.670] [bmv2] [T] [thread 40031] [58.0] [cxt 0] link_monitor.p4(287) Primitive hdr.ethernet.dstAddr = dstAddr
[13:54:56.670] [bmv2] [T] [thread 40031] [58.0] [cxt 0] link_monitor.p4(288) Primitive hdr.ipv4.ttl = hdr.ipv4.ttl - 1
[13:54:56.670] [bmv2] [D] [thread 40031] [58.0] [cxt 0] Pipeline 'ingress': end
[13:54:56.670] [bmv2] [D] [thread 40031] [58.0] [cxt 0] Egress port is 2
[13:54:56.670] [bmv2] [D] [thread 40034] [58.0] [cxt 0] Pipeline 'egress': start
[13:54:56.670] [bmv2] [T] [thread 40034] [58.0] [cxt 0] Applying table 'tbl_link_monitor379'
[13:54:56.670] [bmv2] [D] [thread 40034] [58.0] [cxt 0] Looking up key:

[13:54:56.670] [bmv2] [D] [thread 40034] [58.0] [cxt 0] Table 'tbl_link_monitor379': miss
[13:54:56.670] [bmv2] [D] [thread 40034] [58.0] [cxt 0] Action entry is link_monitor379 - 
[13:54:56.670] [bmv2] [T] [thread 40034] [58.0] [cxt 0] Action link_monitor379
[13:54:56.670] [bmv2] [T] [thread 40034] [58.0] [cxt 0] link_monitor.p4(379) Primitive (bit<32>)standard_metadata.egress_port
[13:54:56.670] [bmv2] [T] [thread 40034] [58.0] [cxt 0] link_monitor.p4(379) Primitive byte_cnt_reg.read(byte_cnt, (bit<32>)standard_metadata.egress_port)
[13:54:56.670] [bmv2] [T] [thread 40034] [58.0] [cxt 0] Read register 'MyEgress.byte_cnt_reg' at index 2 read value 444
[13:54:56.670] [bmv2] [T] [thread 40034] [58.0] [cxt 0] link_monitor.p4(380) Primitive byte_cnt = byte_cnt + standard_metadata.packet_length
[13:54:56.670] [bmv2] [T] [thread 40034] [58.0] [cxt 0] link_monitor.p4(382) Condition "hdr.probe.isValid()" (node_12) is false
[13:54:56.670] [bmv2] [T] [thread 40034] [58.0] [cxt 0] Applying table 'tbl_link_monitor382_0'
[13:54:56.670] [bmv2] [D] [thread 40034] [58.0] [cxt 0] Looking up key:

[13:54:56.670] [bmv2] [D] [thread 40034] [58.0] [cxt 0] Table 'tbl_link_monitor382_0': miss
[13:54:56.670] [bmv2] [D] [thread 40034] [58.0] [cxt 0] Action entry is link_monitor382_0 - 
[13:54:56.670] [bmv2] [T] [thread 40034] [58.0] [cxt 0] Action link_monitor382_0
[13:54:56.670] [bmv2] [T] [thread 40034] [58.0] [cxt 0] link_monitor.p4(382) Primitive (hdr.probe.isValid()) ? 0 : byte_cnt
[13:54:56.670] [bmv2] [T] [thread 40034] [58.0] [cxt 0] Applying table 'tbl_link_monitor383'
[13:54:56.670] [bmv2] [D] [thread 40034] [58.0] [cxt 0] Looking up key:

[13:54:56.670] [bmv2] [D] [thread 40034] [58.0] [cxt 0] Table 'tbl_link_monitor383': miss
[13:54:56.670] [bmv2] [D] [thread 40034] [58.0] [cxt 0] Action entry is link_monitor383 - 
[13:54:56.670] [bmv2] [T] [thread 40034] [58.0] [cxt 0] Action link_monitor383
[13:54:56.670] [bmv2] [T] [thread 40034] [58.0] [cxt 0] link_monitor.p4(383) Primitive (bit<32>)standard_metadata.egress_port
[13:54:56.670] [bmv2] [T] [thread 40034] [58.0] [cxt 0] link_monitor.p4(383) Primitive byte_cnt_reg.write((bit<32>)standard_metadata.egress_port, new_byte_cnt)
[13:54:56.670] [bmv2] [T] [thread 40034] [58.0] [cxt 0] Wrote register 'MyEgress.byte_cnt_reg' at index 2 with value 518
[13:54:56.670] [bmv2] [T] [thread 40034] [58.0] [cxt 0] link_monitor.p4(385) Condition "hdr.probe.isValid()" (node_16) is false
[13:54:56.670] [bmv2] [D] [thread 40034] [58.0] [cxt 0] Pipeline 'egress': end
[13:54:56.670] [bmv2] [D] [thread 40034] [58.0] [cxt 0] Deparser 'deparser': start
[13:54:56.670] [bmv2] [D] [thread 40034] [58.0] [cxt 0] Updating checksum 'cksum'
[13:54:56.670] [bmv2] [D] [thread 40034] [58.0] [cxt 0] Deparsing header 'ethernet'
[13:54:56.670] [bmv2] [D] [thread 40034] [58.0] [cxt 0] Deparsing header 'ipv4'
[13:54:56.670] [bmv2] [D] [thread 40034] [58.0] [cxt 0] Deparser 'deparser': end
[13:54:56.670] [bmv2] [D] [thread 40036] [58.0] [cxt 0] Transmitting packet of size 54 out of port 2
[13:55:19.121] [bmv2] [D] [thread 40031] [59.0] [cxt 0] Processing packet received on port 2
[13:55:19.121] [bmv2] [D] [thread 40031] [59.0] [cxt 0] Parser 'parser': start
[13:55:19.121] [bmv2] [D] [thread 40031] [59.0] [cxt 0] Parser 'parser' entering state 'start'
[13:55:19.121] [bmv2] [D] [thread 40031] [59.0] [cxt 0] Extracting header 'ethernet'
[13:55:19.121] [bmv2] [D] [thread 40031] [59.0] [cxt 0] Parser state 'start': key is 86dd
[13:55:19.121] [bmv2] [T] [thread 40031] [59.0] [cxt 0] Bytes parsed: 14
[13:55:19.121] [bmv2] [D] [thread 40031] [59.0] [cxt 0] Parser 'parser': end
[13:55:19.121] [bmv2] [D] [thread 40031] [59.0] [cxt 0] Pipeline 'ingress': start
[13:55:19.121] [bmv2] [T] [thread 40031] [59.0] [cxt 0] link_monitor.p4(333) Condition "hdr.tcp.isValid()" (node_2) is false
[13:55:19.121] [bmv2] [T] [thread 40031] [59.0] [cxt 0] link_monitor.p4(337) Condition "hdr.ipv4.isValid()" (node_5) is false
[13:55:19.121] [bmv2] [T] [thread 40031] [59.0] [cxt 0] link_monitor.p4(340) Condition "hdr.probe.isValid()" (node_7) is false
[13:55:19.121] [bmv2] [D] [thread 40031] [59.0] [cxt 0] Pipeline 'ingress': end
[13:55:19.121] [bmv2] [D] [thread 40031] [59.0] [cxt 0] Egress port is 0
[13:55:19.121] [bmv2] [D] [thread 40031] [60.0] [cxt 0] Processing packet received on port 3
[13:55:19.121] [bmv2] [D] [thread 40031] [60.0] [cxt 0] Parser 'parser': start
[13:55:19.121] [bmv2] [D] [thread 40031] [60.0] [cxt 0] Parser 'parser' entering state 'start'
[13:55:19.121] [bmv2] [D] [thread 40031] [60.0] [cxt 0] Extracting header 'ethernet'
[13:55:19.121] [bmv2] [D] [thread 40031] [60.0] [cxt 0] Parser state 'start': key is 86dd
[13:55:19.121] [bmv2] [T] [thread 40031] [60.0] [cxt 0] Bytes parsed: 14
[13:55:19.121] [bmv2] [D] [thread 40031] [60.0] [cxt 0] Parser 'parser': end
[13:55:19.121] [bmv2] [D] [thread 40031] [60.0] [cxt 0] Pipeline 'ingress': start
[13:55:19.121] [bmv2] [T] [thread 40031] [60.0] [cxt 0] link_monitor.p4(333) Condition "hdr.tcp.isValid()" (node_2) is false
[13:55:19.121] [bmv2] [T] [thread 40031] [60.0] [cxt 0] link_monitor.p4(337) Condition "hdr.ipv4.isValid()" (node_5) is false
[13:55:19.121] [bmv2] [T] [thread 40031] [60.0] [cxt 0] link_monitor.p4(340) Condition "hdr.probe.isValid()" (node_7) is false
[13:55:19.121] [bmv2] [D] [thread 40031] [60.0] [cxt 0] Pipeline 'ingress': end
[13:55:19.121] [bmv2] [D] [thread 40031] [60.0] [cxt 0] Egress port is 0
[13:55:19.122] [bmv2] [D] [thread 40032] [59.0] [cxt 0] Pipeline 'egress': start
[13:55:19.122] [bmv2] [T] [thread 40032] [59.0] [cxt 0] Applying table 'tbl_link_monitor379'
[13:55:19.122] [bmv2] [D] [thread 40032] [59.0] [cxt 0] Looking up key:

[13:55:19.122] [bmv2] [D] [thread 40032] [59.0] [cxt 0] Table 'tbl_link_monitor379': miss
[13:55:19.122] [bmv2] [D] [thread 40032] [59.0] [cxt 0] Action entry is link_monitor379 - 
[13:55:19.122] [bmv2] [T] [thread 40032] [59.0] [cxt 0] Action link_monitor379
[13:55:19.122] [bmv2] [T] [thread 40032] [59.0] [cxt 0] link_monitor.p4(379) Primitive (bit<32>)standard_metadata.egress_port
[13:55:19.122] [bmv2] [T] [thread 40032] [59.0] [cxt 0] link_monitor.p4(379) Primitive byte_cnt_reg.read(byte_cnt, (bit<32>)standard_metadata.egress_port)
[13:55:19.122] [bmv2] [T] [thread 40032] [59.0] [cxt 0] Read register 'MyEgress.byte_cnt_reg' at index 0 read value 1680
[13:55:19.122] [bmv2] [T] [thread 40032] [59.0] [cxt 0] link_monitor.p4(380) Primitive byte_cnt = byte_cnt + standard_metadata.packet_length
[13:55:19.122] [bmv2] [T] [thread 40032] [59.0] [cxt 0] link_monitor.p4(382) Condition "hdr.probe.isValid()" (node_12) is false
[13:55:19.122] [bmv2] [T] [thread 40032] [59.0] [cxt 0] Applying table 'tbl_link_monitor382_0'
[13:55:19.122] [bmv2] [D] [thread 40032] [59.0] [cxt 0] Looking up key:

[13:55:19.122] [bmv2] [D] [thread 40032] [59.0] [cxt 0] Table 'tbl_link_monitor382_0': miss
[13:55:19.122] [bmv2] [D] [thread 40032] [59.0] [cxt 0] Action entry is link_monitor382_0 - 
[13:55:19.122] [bmv2] [T] [thread 40032] [59.0] [cxt 0] Action link_monitor382_0
[13:55:19.122] [bmv2] [T] [thread 40032] [59.0] [cxt 0] link_monitor.p4(382) Primitive (hdr.probe.isValid()) ? 0 : byte_cnt
[13:55:19.122] [bmv2] [T] [thread 40032] [59.0] [cxt 0] Applying table 'tbl_link_monitor383'
[13:55:19.122] [bmv2] [D] [thread 40032] [59.0] [cxt 0] Looking up key:

[13:55:19.122] [bmv2] [D] [thread 40032] [59.0] [cxt 0] Table 'tbl_link_monitor383': miss
[13:55:19.122] [bmv2] [D] [thread 40032] [59.0] [cxt 0] Action entry is link_monitor383 - 
[13:55:19.122] [bmv2] [T] [thread 40032] [59.0] [cxt 0] Action link_monitor383
[13:55:19.122] [bmv2] [T] [thread 40032] [59.0] [cxt 0] link_monitor.p4(383) Primitive (bit<32>)standard_metadata.egress_port
[13:55:19.122] [bmv2] [T] [thread 40032] [59.0] [cxt 0] link_monitor.p4(383) Primitive byte_cnt_reg.write((bit<32>)standard_metadata.egress_port, new_byte_cnt)
[13:55:19.122] [bmv2] [T] [thread 40032] [59.0] [cxt 0] Wrote register 'MyEgress.byte_cnt_reg' at index 0 with value 1750
[13:55:19.122] [bmv2] [T] [thread 40032] [59.0] [cxt 0] link_monitor.p4(385) Condition "hdr.probe.isValid()" (node_16) is false
[13:55:19.122] [bmv2] [D] [thread 40032] [59.0] [cxt 0] Pipeline 'egress': end
[13:55:19.122] [bmv2] [D] [thread 40032] [59.0] [cxt 0] Deparser 'deparser': start
[13:55:19.122] [bmv2] [T] [thread 40032] [59.0] [cxt 0] Skipping checksum 'cksum' update because condition not met
[13:55:19.122] [bmv2] [D] [thread 40032] [59.0] [cxt 0] Deparsing header 'ethernet'
[13:55:19.122] [bmv2] [D] [thread 40032] [59.0] [cxt 0] Deparser 'deparser': end
[13:55:19.122] [bmv2] [D] [thread 40032] [60.0] [cxt 0] Pipeline 'egress': start
[13:55:19.122] [bmv2] [T] [thread 40032] [60.0] [cxt 0] Applying table 'tbl_link_monitor379'
[13:55:19.122] [bmv2] [D] [thread 40032] [60.0] [cxt 0] Looking up key:

[13:55:19.122] [bmv2] [D] [thread 40032] [60.0] [cxt 0] Table 'tbl_link_monitor379': miss
[13:55:19.122] [bmv2] [D] [thread 40032] [60.0] [cxt 0] Action entry is link_monitor379 - 
[13:55:19.122] [bmv2] [T] [thread 40032] [60.0] [cxt 0] Action link_monitor379
[13:55:19.122] [bmv2] [T] [thread 40032] [60.0] [cxt 0] link_monitor.p4(379) Primitive (bit<32>)standard_metadata.egress_port
[13:55:19.122] [bmv2] [T] [thread 40032] [60.0] [cxt 0] link_monitor.p4(379) Primitive byte_cnt_reg.read(byte_cnt, (bit<32>)standard_metadata.egress_port)
[13:55:19.122] [bmv2] [T] [thread 40032] [60.0] [cxt 0] Read register 'MyEgress.byte_cnt_reg' at index 0 read value 1750
[13:55:19.122] [bmv2] [T] [thread 40032] [60.0] [cxt 0] link_monitor.p4(380) Primitive byte_cnt = byte_cnt + standard_metadata.packet_length
[13:55:19.122] [bmv2] [T] [thread 40032] [60.0] [cxt 0] link_monitor.p4(382) Condition "hdr.probe.isValid()" (node_12) is false
[13:55:19.122] [bmv2] [T] [thread 40032] [60.0] [cxt 0] Applying table 'tbl_link_monitor382_0'
[13:55:19.122] [bmv2] [D] [thread 40032] [60.0] [cxt 0] Looking up key:

[13:55:19.122] [bmv2] [D] [thread 40032] [60.0] [cxt 0] Table 'tbl_link_monitor382_0': miss
[13:55:19.122] [bmv2] [D] [thread 40032] [60.0] [cxt 0] Action entry is link_monitor382_0 - 
[13:55:19.122] [bmv2] [T] [thread 40032] [60.0] [cxt 0] Action link_monitor382_0
[13:55:19.122] [bmv2] [T] [thread 40032] [60.0] [cxt 0] link_monitor.p4(382) Primitive (hdr.probe.isValid()) ? 0 : byte_cnt
[13:55:19.122] [bmv2] [T] [thread 40032] [60.0] [cxt 0] Applying table 'tbl_link_monitor383'
[13:55:19.122] [bmv2] [D] [thread 40032] [60.0] [cxt 0] Looking up key:

[13:55:19.122] [bmv2] [D] [thread 40032] [60.0] [cxt 0] Table 'tbl_link_monitor383': miss
[13:55:19.122] [bmv2] [D] [thread 40032] [60.0] [cxt 0] Action entry is link_monitor383 - 
[13:55:19.122] [bmv2] [T] [thread 40032] [60.0] [cxt 0] Action link_monitor383
[13:55:19.122] [bmv2] [T] [thread 40032] [60.0] [cxt 0] link_monitor.p4(383) Primitive (bit<32>)standard_metadata.egress_port
[13:55:19.122] [bmv2] [T] [thread 40032] [60.0] [cxt 0] link_monitor.p4(383) Primitive byte_cnt_reg.write((bit<32>)standard_metadata.egress_port, new_byte_cnt)
[13:55:19.122] [bmv2] [T] [thread 40032] [60.0] [cxt 0] Wrote register 'MyEgress.byte_cnt_reg' at index 0 with value 1820
[13:55:19.122] [bmv2] [T] [thread 40032] [60.0] [cxt 0] link_monitor.p4(385) Condition "hdr.probe.isValid()" (node_16) is false
[13:55:19.122] [bmv2] [D] [thread 40032] [60.0] [cxt 0] Pipeline 'egress': end
[13:55:19.122] [bmv2] [D] [thread 40032] [60.0] [cxt 0] Deparser 'deparser': start
[13:55:19.122] [bmv2] [T] [thread 40032] [60.0] [cxt 0] Skipping checksum 'cksum' update because condition not met
[13:55:19.122] [bmv2] [D] [thread 40032] [60.0] [cxt 0] Deparsing header 'ethernet'
[13:55:19.122] [bmv2] [D] [thread 40032] [60.0] [cxt 0] Deparser 'deparser': end
[13:55:19.122] [bmv2] [D] [thread 40036] [59.0] [cxt 0] Transmitting packet of size 70 out of port 0
[13:55:19.122] [bmv2] [D] [thread 40036] [60.0] [cxt 0] Transmitting packet of size 70 out of port 0
[13:55:27.314] [bmv2] [D] [thread 40031] [61.0] [cxt 0] Processing packet received on port 3
[13:55:27.314] [bmv2] [D] [thread 40031] [61.0] [cxt 0] Parser 'parser': start
[13:55:27.314] [bmv2] [D] [thread 40031] [61.0] [cxt 0] Parser 'parser' entering state 'start'
[13:55:27.314] [bmv2] [D] [thread 40031] [61.0] [cxt 0] Extracting header 'ethernet'
[13:55:27.314] [bmv2] [D] [thread 40031] [61.0] [cxt 0] Parser state 'start': key is 86dd
[13:55:27.314] [bmv2] [T] [thread 40031] [61.0] [cxt 0] Bytes parsed: 14
[13:55:27.314] [bmv2] [D] [thread 40031] [61.0] [cxt 0] Parser 'parser': end
[13:55:27.314] [bmv2] [D] [thread 40031] [61.0] [cxt 0] Pipeline 'ingress': start
[13:55:27.314] [bmv2] [T] [thread 40031] [61.0] [cxt 0] link_monitor.p4(333) Condition "hdr.tcp.isValid()" (node_2) is false
[13:55:27.314] [bmv2] [T] [thread 40031] [61.0] [cxt 0] link_monitor.p4(337) Condition "hdr.ipv4.isValid()" (node_5) is false
[13:55:27.314] [bmv2] [T] [thread 40031] [61.0] [cxt 0] link_monitor.p4(340) Condition "hdr.probe.isValid()" (node_7) is false
[13:55:27.314] [bmv2] [D] [thread 40031] [61.0] [cxt 0] Pipeline 'ingress': end
[13:55:27.314] [bmv2] [D] [thread 40031] [61.0] [cxt 0] Egress port is 0
[13:55:27.314] [bmv2] [D] [thread 40031] [62.0] [cxt 0] Processing packet received on port 4
[13:55:27.314] [bmv2] [D] [thread 40031] [62.0] [cxt 0] Parser 'parser': start
[13:55:27.314] [bmv2] [D] [thread 40031] [62.0] [cxt 0] Parser 'parser' entering state 'start'
[13:55:27.314] [bmv2] [D] [thread 40031] [62.0] [cxt 0] Extracting header 'ethernet'
[13:55:27.314] [bmv2] [D] [thread 40031] [62.0] [cxt 0] Parser state 'start': key is 86dd
[13:55:27.314] [bmv2] [T] [thread 40031] [62.0] [cxt 0] Bytes parsed: 14
[13:55:27.314] [bmv2] [D] [thread 40031] [62.0] [cxt 0] Parser 'parser': end
[13:55:27.314] [bmv2] [D] [thread 40031] [62.0] [cxt 0] Pipeline 'ingress': start
[13:55:27.314] [bmv2] [T] [thread 40031] [62.0] [cxt 0] link_monitor.p4(333) Condition "hdr.tcp.isValid()" (node_2) is false
[13:55:27.314] [bmv2] [T] [thread 40031] [62.0] [cxt 0] link_monitor.p4(337) Condition "hdr.ipv4.isValid()" (node_5) is false
[13:55:27.314] [bmv2] [T] [thread 40031] [62.0] [cxt 0] link_monitor.p4(340) Condition "hdr.probe.isValid()" (node_7) is false
[13:55:27.314] [bmv2] [D] [thread 40031] [62.0] [cxt 0] Pipeline 'ingress': end
[13:55:27.314] [bmv2] [D] [thread 40031] [62.0] [cxt 0] Egress port is 0
[13:55:27.314] [bmv2] [D] [thread 40032] [61.0] [cxt 0] Pipeline 'egress': start
[13:55:27.314] [bmv2] [T] [thread 40032] [61.0] [cxt 0] Applying table 'tbl_link_monitor379'
[13:55:27.314] [bmv2] [D] [thread 40032] [61.0] [cxt 0] Looking up key:

[13:55:27.314] [bmv2] [D] [thread 40032] [61.0] [cxt 0] Table 'tbl_link_monitor379': miss
[13:55:27.314] [bmv2] [D] [thread 40032] [61.0] [cxt 0] Action entry is link_monitor379 - 
[13:55:27.314] [bmv2] [T] [thread 40032] [61.0] [cxt 0] Action link_monitor379
[13:55:27.314] [bmv2] [T] [thread 40032] [61.0] [cxt 0] link_monitor.p4(379) Primitive (bit<32>)standard_metadata.egress_port
[13:55:27.314] [bmv2] [T] [thread 40032] [61.0] [cxt 0] link_monitor.p4(379) Primitive byte_cnt_reg.read(byte_cnt, (bit<32>)standard_metadata.egress_port)
[13:55:27.314] [bmv2] [T] [thread 40032] [61.0] [cxt 0] Read register 'MyEgress.byte_cnt_reg' at index 0 read value 1820
[13:55:27.314] [bmv2] [T] [thread 40032] [61.0] [cxt 0] link_monitor.p4(380) Primitive byte_cnt = byte_cnt + standard_metadata.packet_length
[13:55:27.314] [bmv2] [T] [thread 40032] [61.0] [cxt 0] link_monitor.p4(382) Condition "hdr.probe.isValid()" (node_12) is false
[13:55:27.314] [bmv2] [T] [thread 40032] [61.0] [cxt 0] Applying table 'tbl_link_monitor382_0'
[13:55:27.314] [bmv2] [D] [thread 40032] [61.0] [cxt 0] Looking up key:

[13:55:27.314] [bmv2] [D] [thread 40032] [61.0] [cxt 0] Table 'tbl_link_monitor382_0': miss
[13:55:27.314] [bmv2] [D] [thread 40032] [61.0] [cxt 0] Action entry is link_monitor382_0 - 
[13:55:27.314] [bmv2] [T] [thread 40032] [61.0] [cxt 0] Action link_monitor382_0
[13:55:27.314] [bmv2] [T] [thread 40032] [61.0] [cxt 0] link_monitor.p4(382) Primitive (hdr.probe.isValid()) ? 0 : byte_cnt
[13:55:27.314] [bmv2] [T] [thread 40032] [61.0] [cxt 0] Applying table 'tbl_link_monitor383'
[13:55:27.314] [bmv2] [D] [thread 40032] [61.0] [cxt 0] Looking up key:

[13:55:27.314] [bmv2] [D] [thread 40032] [61.0] [cxt 0] Table 'tbl_link_monitor383': miss
[13:55:27.314] [bmv2] [D] [thread 40032] [61.0] [cxt 0] Action entry is link_monitor383 - 
[13:55:27.314] [bmv2] [T] [thread 40032] [61.0] [cxt 0] Action link_monitor383
[13:55:27.314] [bmv2] [T] [thread 40032] [61.0] [cxt 0] link_monitor.p4(383) Primitive (bit<32>)standard_metadata.egress_port
[13:55:27.314] [bmv2] [T] [thread 40032] [61.0] [cxt 0] link_monitor.p4(383) Primitive byte_cnt_reg.write((bit<32>)standard_metadata.egress_port, new_byte_cnt)
[13:55:27.314] [bmv2] [T] [thread 40032] [61.0] [cxt 0] Wrote register 'MyEgress.byte_cnt_reg' at index 0 with value 1890
[13:55:27.314] [bmv2] [T] [thread 40032] [61.0] [cxt 0] link_monitor.p4(385) Condition "hdr.probe.isValid()" (node_16) is false
[13:55:27.314] [bmv2] [D] [thread 40032] [61.0] [cxt 0] Pipeline 'egress': end
[13:55:27.314] [bmv2] [D] [thread 40032] [61.0] [cxt 0] Deparser 'deparser': start
[13:55:27.314] [bmv2] [T] [thread 40032] [61.0] [cxt 0] Skipping checksum 'cksum' update because condition not met
[13:55:27.314] [bmv2] [D] [thread 40032] [61.0] [cxt 0] Deparsing header 'ethernet'
[13:55:27.314] [bmv2] [D] [thread 40032] [61.0] [cxt 0] Deparser 'deparser': end
[13:55:27.314] [bmv2] [D] [thread 40032] [62.0] [cxt 0] Pipeline 'egress': start
[13:55:27.314] [bmv2] [T] [thread 40032] [62.0] [cxt 0] Applying table 'tbl_link_monitor379'
[13:55:27.314] [bmv2] [D] [thread 40032] [62.0] [cxt 0] Looking up key:

[13:55:27.314] [bmv2] [D] [thread 40032] [62.0] [cxt 0] Table 'tbl_link_monitor379': miss
[13:55:27.314] [bmv2] [D] [thread 40032] [62.0] [cxt 0] Action entry is link_monitor379 - 
[13:55:27.314] [bmv2] [T] [thread 40032] [62.0] [cxt 0] Action link_monitor379
[13:55:27.314] [bmv2] [T] [thread 40032] [62.0] [cxt 0] link_monitor.p4(379) Primitive (bit<32>)standard_metadata.egress_port
[13:55:27.314] [bmv2] [T] [thread 40032] [62.0] [cxt 0] link_monitor.p4(379) Primitive byte_cnt_reg.read(byte_cnt, (bit<32>)standard_metadata.egress_port)
[13:55:27.314] [bmv2] [T] [thread 40032] [62.0] [cxt 0] Read register 'MyEgress.byte_cnt_reg' at index 0 read value 1890
[13:55:27.314] [bmv2] [T] [thread 40032] [62.0] [cxt 0] link_monitor.p4(380) Primitive byte_cnt = byte_cnt + standard_metadata.packet_length
[13:55:27.314] [bmv2] [T] [thread 40032] [62.0] [cxt 0] link_monitor.p4(382) Condition "hdr.probe.isValid()" (node_12) is false
[13:55:27.314] [bmv2] [T] [thread 40032] [62.0] [cxt 0] Applying table 'tbl_link_monitor382_0'
[13:55:27.314] [bmv2] [D] [thread 40032] [62.0] [cxt 0] Looking up key:

[13:55:27.314] [bmv2] [D] [thread 40032] [62.0] [cxt 0] Table 'tbl_link_monitor382_0': miss
[13:55:27.314] [bmv2] [D] [thread 40032] [62.0] [cxt 0] Action entry is link_monitor382_0 - 
[13:55:27.314] [bmv2] [T] [thread 40032] [62.0] [cxt 0] Action link_monitor382_0
[13:55:27.314] [bmv2] [T] [thread 40032] [62.0] [cxt 0] link_monitor.p4(382) Primitive (hdr.probe.isValid()) ? 0 : byte_cnt
[13:55:27.314] [bmv2] [T] [thread 40032] [62.0] [cxt 0] Applying table 'tbl_link_monitor383'
[13:55:27.314] [bmv2] [D] [thread 40032] [62.0] [cxt 0] Looking up key:

[13:55:27.314] [bmv2] [D] [thread 40032] [62.0] [cxt 0] Table 'tbl_link_monitor383': miss
[13:55:27.314] [bmv2] [D] [thread 40032] [62.0] [cxt 0] Action entry is link_monitor383 - 
[13:55:27.314] [bmv2] [T] [thread 40032] [62.0] [cxt 0] Action link_monitor383
[13:55:27.314] [bmv2] [T] [thread 40032] [62.0] [cxt 0] link_monitor.p4(383) Primitive (bit<32>)standard_metadata.egress_port
[13:55:27.314] [bmv2] [T] [thread 40032] [62.0] [cxt 0] link_monitor.p4(383) Primitive byte_cnt_reg.write((bit<32>)standard_metadata.egress_port, new_byte_cnt)
[13:55:27.314] [bmv2] [T] [thread 40032] [62.0] [cxt 0] Wrote register 'MyEgress.byte_cnt_reg' at index 0 with value 1960
[13:55:27.314] [bmv2] [T] [thread 40032] [62.0] [cxt 0] link_monitor.p4(385) Condition "hdr.probe.isValid()" (node_16) is false
[13:55:27.314] [bmv2] [D] [thread 40032] [62.0] [cxt 0] Pipeline 'egress': end
[13:55:27.314] [bmv2] [D] [thread 40032] [62.0] [cxt 0] Deparser 'deparser': start
[13:55:27.314] [bmv2] [T] [thread 40032] [62.0] [cxt 0] Skipping checksum 'cksum' update because condition not met
[13:55:27.314] [bmv2] [D] [thread 40032] [62.0] [cxt 0] Deparsing header 'ethernet'
[13:55:27.314] [bmv2] [D] [thread 40032] [62.0] [cxt 0] Deparser 'deparser': end
[13:55:27.314] [bmv2] [D] [thread 40036] [61.0] [cxt 0] Transmitting packet of size 70 out of port 0
[13:55:27.314] [bmv2] [D] [thread 40036] [62.0] [cxt 0] Transmitting packet of size 70 out of port 0
[13:55:29.361] [bmv2] [D] [thread 40031] [63.0] [cxt 0] Processing packet received on port 4
[13:55:29.361] [bmv2] [D] [thread 40031] [63.0] [cxt 0] Parser 'parser': start
[13:55:29.361] [bmv2] [D] [thread 40031] [63.0] [cxt 0] Parser 'parser' entering state 'start'
[13:55:29.361] [bmv2] [D] [thread 40031] [63.0] [cxt 0] Extracting header 'ethernet'
[13:55:29.361] [bmv2] [D] [thread 40031] [63.0] [cxt 0] Parser state 'start': key is 86dd
[13:55:29.361] [bmv2] [T] [thread 40031] [63.0] [cxt 0] Bytes parsed: 14
[13:55:29.362] [bmv2] [D] [thread 40031] [63.0] [cxt 0] Parser 'parser': end
[13:55:29.362] [bmv2] [D] [thread 40031] [63.0] [cxt 0] Pipeline 'ingress': start
[13:55:29.362] [bmv2] [T] [thread 40031] [63.0] [cxt 0] link_monitor.p4(333) Condition "hdr.tcp.isValid()" (node_2) is false
[13:55:29.362] [bmv2] [T] [thread 40031] [63.0] [cxt 0] link_monitor.p4(337) Condition "hdr.ipv4.isValid()" (node_5) is false
[13:55:29.362] [bmv2] [T] [thread 40031] [63.0] [cxt 0] link_monitor.p4(340) Condition "hdr.probe.isValid()" (node_7) is false
[13:55:29.362] [bmv2] [D] [thread 40031] [63.0] [cxt 0] Pipeline 'ingress': end
[13:55:29.362] [bmv2] [D] [thread 40031] [63.0] [cxt 0] Egress port is 0
[13:55:29.362] [bmv2] [D] [thread 40032] [63.0] [cxt 0] Pipeline 'egress': start
[13:55:29.362] [bmv2] [T] [thread 40032] [63.0] [cxt 0] Applying table 'tbl_link_monitor379'
[13:55:29.362] [bmv2] [D] [thread 40032] [63.0] [cxt 0] Looking up key:

[13:55:29.362] [bmv2] [D] [thread 40032] [63.0] [cxt 0] Table 'tbl_link_monitor379': miss
[13:55:29.362] [bmv2] [D] [thread 40032] [63.0] [cxt 0] Action entry is link_monitor379 - 
[13:55:29.362] [bmv2] [T] [thread 40032] [63.0] [cxt 0] Action link_monitor379
[13:55:29.362] [bmv2] [T] [thread 40032] [63.0] [cxt 0] link_monitor.p4(379) Primitive (bit<32>)standard_metadata.egress_port
[13:55:29.362] [bmv2] [T] [thread 40032] [63.0] [cxt 0] link_monitor.p4(379) Primitive byte_cnt_reg.read(byte_cnt, (bit<32>)standard_metadata.egress_port)
[13:55:29.362] [bmv2] [T] [thread 40032] [63.0] [cxt 0] Read register 'MyEgress.byte_cnt_reg' at index 0 read value 1960
[13:55:29.362] [bmv2] [T] [thread 40032] [63.0] [cxt 0] link_monitor.p4(380) Primitive byte_cnt = byte_cnt + standard_metadata.packet_length
[13:55:29.362] [bmv2] [T] [thread 40032] [63.0] [cxt 0] link_monitor.p4(382) Condition "hdr.probe.isValid()" (node_12) is false
[13:55:29.362] [bmv2] [T] [thread 40032] [63.0] [cxt 0] Applying table 'tbl_link_monitor382_0'
[13:55:29.362] [bmv2] [D] [thread 40032] [63.0] [cxt 0] Looking up key:

[13:55:29.362] [bmv2] [D] [thread 40032] [63.0] [cxt 0] Table 'tbl_link_monitor382_0': miss
[13:55:29.362] [bmv2] [D] [thread 40032] [63.0] [cxt 0] Action entry is link_monitor382_0 - 
[13:55:29.362] [bmv2] [T] [thread 40032] [63.0] [cxt 0] Action link_monitor382_0
[13:55:29.362] [bmv2] [T] [thread 40032] [63.0] [cxt 0] link_monitor.p4(382) Primitive (hdr.probe.isValid()) ? 0 : byte_cnt
[13:55:29.362] [bmv2] [T] [thread 40032] [63.0] [cxt 0] Applying table 'tbl_link_monitor383'
[13:55:29.362] [bmv2] [D] [thread 40032] [63.0] [cxt 0] Looking up key:

[13:55:29.362] [bmv2] [D] [thread 40032] [63.0] [cxt 0] Table 'tbl_link_monitor383': miss
[13:55:29.362] [bmv2] [D] [thread 40032] [63.0] [cxt 0] Action entry is link_monitor383 - 
[13:55:29.362] [bmv2] [T] [thread 40032] [63.0] [cxt 0] Action link_monitor383
[13:55:29.362] [bmv2] [T] [thread 40032] [63.0] [cxt 0] link_monitor.p4(383) Primitive (bit<32>)standard_metadata.egress_port
[13:55:29.362] [bmv2] [T] [thread 40032] [63.0] [cxt 0] link_monitor.p4(383) Primitive byte_cnt_reg.write((bit<32>)standard_metadata.egress_port, new_byte_cnt)
[13:55:29.362] [bmv2] [T] [thread 40032] [63.0] [cxt 0] Wrote register 'MyEgress.byte_cnt_reg' at index 0 with value 2030
[13:55:29.362] [bmv2] [T] [thread 40032] [63.0] [cxt 0] link_monitor.p4(385) Condition "hdr.probe.isValid()" (node_16) is false
[13:55:29.362] [bmv2] [D] [thread 40032] [63.0] [cxt 0] Pipeline 'egress': end
[13:55:29.362] [bmv2] [D] [thread 40032] [63.0] [cxt 0] Deparser 'deparser': start
[13:55:29.362] [bmv2] [T] [thread 40032] [63.0] [cxt 0] Skipping checksum 'cksum' update because condition not met
[13:55:29.362] [bmv2] [D] [thread 40032] [63.0] [cxt 0] Deparsing header 'ethernet'
[13:55:29.362] [bmv2] [D] [thread 40032] [63.0] [cxt 0] Deparser 'deparser': end
[13:55:29.362] [bmv2] [D] [thread 40036] [63.0] [cxt 0] Transmitting packet of size 70 out of port 0
[13:55:39.602] [bmv2] [D] [thread 40031] [64.0] [cxt 0] Processing packet received on port 1
[13:55:39.602] [bmv2] [D] [thread 40031] [64.0] [cxt 0] Parser 'parser': start
[13:55:39.602] [bmv2] [D] [thread 40031] [64.0] [cxt 0] Parser 'parser' entering state 'start'
[13:55:39.602] [bmv2] [D] [thread 40031] [64.0] [cxt 0] Extracting header 'ethernet'
[13:55:39.602] [bmv2] [D] [thread 40031] [64.0] [cxt 0] Parser state 'start': key is 86dd
[13:55:39.602] [bmv2] [T] [thread 40031] [64.0] [cxt 0] Bytes parsed: 14
[13:55:39.602] [bmv2] [D] [thread 40031] [64.0] [cxt 0] Parser 'parser': end
[13:55:39.602] [bmv2] [D] [thread 40031] [64.0] [cxt 0] Pipeline 'ingress': start
[13:55:39.602] [bmv2] [T] [thread 40031] [64.0] [cxt 0] link_monitor.p4(333) Condition "hdr.tcp.isValid()" (node_2) is false
[13:55:39.602] [bmv2] [T] [thread 40031] [64.0] [cxt 0] link_monitor.p4(337) Condition "hdr.ipv4.isValid()" (node_5) is false
[13:55:39.602] [bmv2] [T] [thread 40031] [64.0] [cxt 0] link_monitor.p4(340) Condition "hdr.probe.isValid()" (node_7) is false
[13:55:39.602] [bmv2] [D] [thread 40031] [64.0] [cxt 0] Pipeline 'ingress': end
[13:55:39.602] [bmv2] [D] [thread 40031] [64.0] [cxt 0] Egress port is 0
[13:55:39.602] [bmv2] [D] [thread 40032] [64.0] [cxt 0] Pipeline 'egress': start
[13:55:39.602] [bmv2] [T] [thread 40032] [64.0] [cxt 0] Applying table 'tbl_link_monitor379'
[13:55:39.602] [bmv2] [D] [thread 40032] [64.0] [cxt 0] Looking up key:

[13:55:39.602] [bmv2] [D] [thread 40032] [64.0] [cxt 0] Table 'tbl_link_monitor379': miss
[13:55:39.602] [bmv2] [D] [thread 40032] [64.0] [cxt 0] Action entry is link_monitor379 - 
[13:55:39.602] [bmv2] [T] [thread 40032] [64.0] [cxt 0] Action link_monitor379
[13:55:39.602] [bmv2] [T] [thread 40032] [64.0] [cxt 0] link_monitor.p4(379) Primitive (bit<32>)standard_metadata.egress_port
[13:55:39.602] [bmv2] [T] [thread 40032] [64.0] [cxt 0] link_monitor.p4(379) Primitive byte_cnt_reg.read(byte_cnt, (bit<32>)standard_metadata.egress_port)
[13:55:39.602] [bmv2] [T] [thread 40032] [64.0] [cxt 0] Read register 'MyEgress.byte_cnt_reg' at index 0 read value 2030
[13:55:39.602] [bmv2] [T] [thread 40032] [64.0] [cxt 0] link_monitor.p4(380) Primitive byte_cnt = byte_cnt + standard_metadata.packet_length
[13:55:39.602] [bmv2] [T] [thread 40032] [64.0] [cxt 0] link_monitor.p4(382) Condition "hdr.probe.isValid()" (node_12) is false
[13:55:39.602] [bmv2] [T] [thread 40032] [64.0] [cxt 0] Applying table 'tbl_link_monitor382_0'
[13:55:39.602] [bmv2] [D] [thread 40032] [64.0] [cxt 0] Looking up key:

[13:55:39.602] [bmv2] [D] [thread 40032] [64.0] [cxt 0] Table 'tbl_link_monitor382_0': miss
[13:55:39.602] [bmv2] [D] [thread 40032] [64.0] [cxt 0] Action entry is link_monitor382_0 - 
[13:55:39.602] [bmv2] [T] [thread 40032] [64.0] [cxt 0] Action link_monitor382_0
[13:55:39.602] [bmv2] [T] [thread 40032] [64.0] [cxt 0] link_monitor.p4(382) Primitive (hdr.probe.isValid()) ? 0 : byte_cnt
[13:55:39.602] [bmv2] [T] [thread 40032] [64.0] [cxt 0] Applying table 'tbl_link_monitor383'
[13:55:39.602] [bmv2] [D] [thread 40032] [64.0] [cxt 0] Looking up key:

[13:55:39.602] [bmv2] [D] [thread 40032] [64.0] [cxt 0] Table 'tbl_link_monitor383': miss
[13:55:39.602] [bmv2] [D] [thread 40032] [64.0] [cxt 0] Action entry is link_monitor383 - 
[13:55:39.602] [bmv2] [T] [thread 40032] [64.0] [cxt 0] Action link_monitor383
[13:55:39.602] [bmv2] [T] [thread 40032] [64.0] [cxt 0] link_monitor.p4(383) Primitive (bit<32>)standard_metadata.egress_port
[13:55:39.602] [bmv2] [T] [thread 40032] [64.0] [cxt 0] link_monitor.p4(383) Primitive byte_cnt_reg.write((bit<32>)standard_metadata.egress_port, new_byte_cnt)
[13:55:39.602] [bmv2] [T] [thread 40032] [64.0] [cxt 0] Wrote register 'MyEgress.byte_cnt_reg' at index 0 with value 2100
[13:55:39.602] [bmv2] [T] [thread 40032] [64.0] [cxt 0] link_monitor.p4(385) Condition "hdr.probe.isValid()" (node_16) is false
[13:55:39.602] [bmv2] [D] [thread 40032] [64.0] [cxt 0] Pipeline 'egress': end
[13:55:39.602] [bmv2] [D] [thread 40032] [64.0] [cxt 0] Deparser 'deparser': start
[13:55:39.602] [bmv2] [T] [thread 40032] [64.0] [cxt 0] Skipping checksum 'cksum' update because condition not met
[13:55:39.602] [bmv2] [D] [thread 40032] [64.0] [cxt 0] Deparsing header 'ethernet'
[13:55:39.602] [bmv2] [D] [thread 40032] [64.0] [cxt 0] Deparser 'deparser': end
[13:55:39.602] [bmv2] [D] [thread 40036] [64.0] [cxt 0] Transmitting packet of size 70 out of port 0
open: No such file or directory
