Calling target program-options parser
[13:53:23.787] [bmv2] [D] [thread 40038] Set default default entry for table 'MyIngress.tcp_lb': MyIngress.drop - 
[13:53:23.787] [bmv2] [D] [thread 40038] Set default default entry for table 'MyIngress.tcp_lb_nhop': MyIngress.drop - 
[13:53:23.787] [bmv2] [D] [thread 40038] Set default default entry for table 'MyIngress.ipv4_lpm': MyIngress.drop - 
[13:53:23.787] [bmv2] [D] [thread 40038] Set default default entry for table 'tbl_link_monitor341': link_monitor341 - 
[13:53:23.788] [bmv2] [D] [thread 40038] Set default default entry for table 'tbl_link_monitor379': link_monitor379 - 
[13:53:23.788] [bmv2] [D] [thread 40038] Set default default entry for table 'tbl_link_monitor382': link_monitor382 - 
[13:53:23.788] [bmv2] [D] [thread 40038] Set default default entry for table 'tbl_link_monitor382_0': link_monitor382_0 - 
[13:53:23.788] [bmv2] [D] [thread 40038] Set default default entry for table 'tbl_link_monitor383': link_monitor383 - 
[13:53:23.788] [bmv2] [D] [thread 40038] Set default default entry for table 'tbl_link_monitor387': link_monitor387 - 
[13:53:23.788] [bmv2] [D] [thread 40038] Set default default entry for table 'tbl_link_monitor390': link_monitor390 - 
[13:53:23.788] [bmv2] [D] [thread 40038] Set default default entry for table 'tbl_link_monitor393': link_monitor393 - 
[13:53:23.788] [bmv2] [D] [thread 40038] Set default default entry for table 'MyEgress.swid': NoAction - 
[13:53:23.788] [bmv2] [D] [thread 40038] Set default default entry for table 'tbl_link_monitor398': link_monitor398 - 
Adding interface s2-eth1 as port 1
[13:53:23.788] [bmv2] [D] [thread 40038] Adding interface s2-eth1 as port 1
Adding interface s2-eth2 as port 2
[13:53:23.822] [bmv2] [D] [thread 40038] Adding interface s2-eth2 as port 2
Adding interface s2-eth3 as port 3
[13:53:23.859] [bmv2] [D] [thread 40038] Adding interface s2-eth3 as port 3
Adding interface s2-eth4 as port 4
[13:53:23.890] [bmv2] [D] [thread 40038] Adding interface s2-eth4 as port 4
Server listening on 0.0.0.0:50052
[13:53:23.932] [bmv2] [I] [thread 40038] Starting Thrift server on port 9091
[13:53:23.932] [bmv2] [I] [thread 40038] Thrift server was started
[13:53:24.147] [bmv2] [D] [thread 40048] [0.0] [cxt 0] Processing packet received on port 4
[13:53:24.147] [bmv2] [D] [thread 40048] [0.0] [cxt 0] Parser 'parser': start
[13:53:24.147] [bmv2] [D] [thread 40048] [0.0] [cxt 0] Parser 'parser' entering state 'start'
[13:53:24.147] [bmv2] [D] [thread 40048] [0.0] [cxt 0] Extracting header 'ethernet'
[13:53:24.147] [bmv2] [D] [thread 40048] [0.0] [cxt 0] Parser state 'start': key is 86dd
[13:53:24.147] [bmv2] [T] [thread 40048] [0.0] [cxt 0] Bytes parsed: 14
[13:53:24.147] [bmv2] [D] [thread 40048] [0.0] [cxt 0] Parser 'parser': end
[13:53:24.147] [bmv2] [D] [thread 40048] [0.0] [cxt 0] Pipeline 'ingress': start
[13:53:24.147] [bmv2] [T] [thread 40048] [0.0] [cxt 0] link_monitor.p4(333) Condition "hdr.tcp.isValid()" (node_2) is false
[13:53:24.147] [bmv2] [T] [thread 40048] [0.0] [cxt 0] link_monitor.p4(337) Condition "hdr.ipv4.isValid()" (node_5) is false
[13:53:24.147] [bmv2] [T] [thread 40048] [0.0] [cxt 0] link_monitor.p4(340) Condition "hdr.probe.isValid()" (node_7) is false
[13:53:24.147] [bmv2] [D] [thread 40048] [0.0] [cxt 0] Pipeline 'ingress': end
[13:53:24.147] [bmv2] [D] [thread 40048] [0.0] [cxt 0] Egress port is 0
[13:53:24.148] [bmv2] [D] [thread 40049] [0.0] [cxt 0] Pipeline 'egress': start
[13:53:24.148] [bmv2] [T] [thread 40049] [0.0] [cxt 0] Applying table 'tbl_link_monitor379'
[13:53:24.148] [bmv2] [D] [thread 40049] [0.0] [cxt 0] Looking up key:

[13:53:24.148] [bmv2] [D] [thread 40049] [0.0] [cxt 0] Table 'tbl_link_monitor379': miss
[13:53:24.148] [bmv2] [D] [thread 40049] [0.0] [cxt 0] Action entry is link_monitor379 - 
[13:53:24.148] [bmv2] [T] [thread 40049] [0.0] [cxt 0] Action link_monitor379
[13:53:24.148] [bmv2] [T] [thread 40049] [0.0] [cxt 0] link_monitor.p4(379) Primitive (bit<32>)standard_metadata.egress_port
[13:53:24.148] [bmv2] [T] [thread 40049] [0.0] [cxt 0] link_monitor.p4(379) Primitive byte_cnt_reg.read(byte_cnt, (bit<32>)standard_metadata.egress_port)
[13:53:24.148] [bmv2] [T] [thread 40049] [0.0] [cxt 0] Read register 'MyEgress.byte_cnt_reg' at index 0 read value 0
[13:53:24.148] [bmv2] [T] [thread 40049] [0.0] [cxt 0] link_monitor.p4(380) Primitive byte_cnt = byte_cnt + standard_metadata.packet_length
[13:53:24.148] [bmv2] [T] [thread 40049] [0.0] [cxt 0] link_monitor.p4(382) Condition "hdr.probe.isValid()" (node_12) is false
[13:53:24.148] [bmv2] [T] [thread 40049] [0.0] [cxt 0] Applying table 'tbl_link_monitor382_0'
[13:53:24.148] [bmv2] [D] [thread 40049] [0.0] [cxt 0] Looking up key:

[13:53:24.148] [bmv2] [D] [thread 40049] [0.0] [cxt 0] Table 'tbl_link_monitor382_0': miss
[13:53:24.148] [bmv2] [D] [thread 40049] [0.0] [cxt 0] Action entry is link_monitor382_0 - 
[13:53:24.148] [bmv2] [T] [thread 40049] [0.0] [cxt 0] Action link_monitor382_0
[13:53:24.148] [bmv2] [T] [thread 40049] [0.0] [cxt 0] link_monitor.p4(382) Primitive (hdr.probe.isValid()) ? 0 : byte_cnt
[13:53:24.148] [bmv2] [T] [thread 40049] [0.0] [cxt 0] Applying table 'tbl_link_monitor383'
[13:53:24.148] [bmv2] [D] [thread 40049] [0.0] [cxt 0] Looking up key:

[13:53:24.148] [bmv2] [D] [thread 40049] [0.0] [cxt 0] Table 'tbl_link_monitor383': miss
[13:53:24.148] [bmv2] [D] [thread 40049] [0.0] [cxt 0] Action entry is link_monitor383 - 
[13:53:24.148] [bmv2] [T] [thread 40049] [0.0] [cxt 0] Action link_monitor383
[13:53:24.148] [bmv2] [T] [thread 40049] [0.0] [cxt 0] link_monitor.p4(383) Primitive (bit<32>)standard_metadata.egress_port
[13:53:24.148] [bmv2] [T] [thread 40049] [0.0] [cxt 0] link_monitor.p4(383) Primitive byte_cnt_reg.write((bit<32>)standard_metadata.egress_port, new_byte_cnt)
[13:53:24.148] [bmv2] [T] [thread 40049] [0.0] [cxt 0] Wrote register 'MyEgress.byte_cnt_reg' at index 0 with value 86
[13:53:24.148] [bmv2] [T] [thread 40049] [0.0] [cxt 0] link_monitor.p4(385) Condition "hdr.probe.isValid()" (node_16) is false
[13:53:24.148] [bmv2] [D] [thread 40049] [0.0] [cxt 0] Pipeline 'egress': end
[13:53:24.148] [bmv2] [D] [thread 40049] [0.0] [cxt 0] Deparser 'deparser': start
[13:53:24.148] [bmv2] [T] [thread 40049] [0.0] [cxt 0] Skipping checksum 'cksum' update because condition not met
[13:53:24.148] [bmv2] [D] [thread 40049] [0.0] [cxt 0] Deparsing header 'ethernet'
[13:53:24.148] [bmv2] [D] [thread 40049] [0.0] [cxt 0] Deparser 'deparser': end
[13:53:24.148] [bmv2] [D] [thread 40053] [0.0] [cxt 0] Transmitting packet of size 86 out of port 0
[13:53:24.342] [bmv2] [D] [thread 40048] [1.0] [cxt 0] Processing packet received on port 2
[13:53:24.342] [bmv2] [D] [thread 40048] [1.0] [cxt 0] Parser 'parser': start
[13:53:24.342] [bmv2] [D] [thread 40048] [1.0] [cxt 0] Parser 'parser' entering state 'start'
[13:53:24.342] [bmv2] [D] [thread 40048] [1.0] [cxt 0] Extracting header 'ethernet'
[13:53:24.342] [bmv2] [D] [thread 40048] [1.0] [cxt 0] Parser state 'start': key is 86dd
[13:53:24.342] [bmv2] [T] [thread 40048] [1.0] [cxt 0] Bytes parsed: 14
[13:53:24.342] [bmv2] [D] [thread 40048] [1.0] [cxt 0] Parser 'parser': end
[13:53:24.342] [bmv2] [D] [thread 40048] [1.0] [cxt 0] Pipeline 'ingress': start
[13:53:24.342] [bmv2] [T] [thread 40048] [1.0] [cxt 0] link_monitor.p4(333) Condition "hdr.tcp.isValid()" (node_2) is false
[13:53:24.342] [bmv2] [T] [thread 40048] [1.0] [cxt 0] link_monitor.p4(337) Condition "hdr.ipv4.isValid()" (node_5) is false
[13:53:24.342] [bmv2] [T] [thread 40048] [1.0] [cxt 0] link_monitor.p4(340) Condition "hdr.probe.isValid()" (node_7) is false
[13:53:24.342] [bmv2] [D] [thread 40048] [1.0] [cxt 0] Pipeline 'ingress': end
[13:53:24.342] [bmv2] [D] [thread 40048] [1.0] [cxt 0] Egress port is 0
[13:53:24.342] [bmv2] [D] [thread 40048] [2.0] [cxt 0] Processing packet received on port 2
[13:53:24.342] [bmv2] [D] [thread 40048] [2.0] [cxt 0] Parser 'parser': start
[13:53:24.342] [bmv2] [D] [thread 40048] [2.0] [cxt 0] Parser 'parser' entering state 'start'
[13:53:24.342] [bmv2] [D] [thread 40048] [2.0] [cxt 0] Extracting header 'ethernet'
[13:53:24.342] [bmv2] [D] [thread 40048] [2.0] [cxt 0] Parser state 'start': key is 86dd
[13:53:24.342] [bmv2] [T] [thread 40048] [2.0] [cxt 0] Bytes parsed: 14
[13:53:24.342] [bmv2] [D] [thread 40048] [2.0] [cxt 0] Parser 'parser': end
[13:53:24.342] [bmv2] [D] [thread 40048] [2.0] [cxt 0] Pipeline 'ingress': start
[13:53:24.342] [bmv2] [T] [thread 40048] [2.0] [cxt 0] link_monitor.p4(333) Condition "hdr.tcp.isValid()" (node_2) is false
[13:53:24.342] [bmv2] [T] [thread 40048] [2.0] [cxt 0] link_monitor.p4(337) Condition "hdr.ipv4.isValid()" (node_5) is false
[13:53:24.342] [bmv2] [T] [thread 40048] [2.0] [cxt 0] link_monitor.p4(340) Condition "hdr.probe.isValid()" (node_7) is false
[13:53:24.342] [bmv2] [D] [thread 40048] [2.0] [cxt 0] Pipeline 'ingress': end
[13:53:24.342] [bmv2] [D] [thread 40048] [2.0] [cxt 0] Egress port is 0
[13:53:24.343] [bmv2] [D] [thread 40049] [1.0] [cxt 0] Pipeline 'egress': start
[13:53:24.343] [bmv2] [T] [thread 40049] [1.0] [cxt 0] Applying table 'tbl_link_monitor379'
[13:53:24.343] [bmv2] [D] [thread 40049] [1.0] [cxt 0] Looking up key:

[13:53:24.343] [bmv2] [D] [thread 40049] [1.0] [cxt 0] Table 'tbl_link_monitor379': miss
[13:53:24.343] [bmv2] [D] [thread 40049] [1.0] [cxt 0] Action entry is link_monitor379 - 
[13:53:24.343] [bmv2] [T] [thread 40049] [1.0] [cxt 0] Action link_monitor379
[13:53:24.343] [bmv2] [T] [thread 40049] [1.0] [cxt 0] link_monitor.p4(379) Primitive (bit<32>)standard_metadata.egress_port
[13:53:24.343] [bmv2] [T] [thread 40049] [1.0] [cxt 0] link_monitor.p4(379) Primitive byte_cnt_reg.read(byte_cnt, (bit<32>)standard_metadata.egress_port)
[13:53:24.343] [bmv2] [T] [thread 40049] [1.0] [cxt 0] Read register 'MyEgress.byte_cnt_reg' at index 0 read value 86
[13:53:24.343] [bmv2] [T] [thread 40049] [1.0] [cxt 0] link_monitor.p4(380) Primitive byte_cnt = byte_cnt + standard_metadata.packet_length
[13:53:24.343] [bmv2] [T] [thread 40049] [1.0] [cxt 0] link_monitor.p4(382) Condition "hdr.probe.isValid()" (node_12) is false
[13:53:24.343] [bmv2] [T] [thread 40049] [1.0] [cxt 0] Applying table 'tbl_link_monitor382_0'
[13:53:24.343] [bmv2] [D] [thread 40049] [1.0] [cxt 0] Looking up key:

[13:53:24.343] [bmv2] [D] [thread 40049] [1.0] [cxt 0] Table 'tbl_link_monitor382_0': miss
[13:53:24.343] [bmv2] [D] [thread 40049] [1.0] [cxt 0] Action entry is link_monitor382_0 - 
[13:53:24.343] [bmv2] [T] [thread 40049] [1.0] [cxt 0] Action link_monitor382_0
[13:53:24.343] [bmv2] [T] [thread 40049] [1.0] [cxt 0] link_monitor.p4(382) Primitive (hdr.probe.isValid()) ? 0 : byte_cnt
[13:53:24.343] [bmv2] [T] [thread 40049] [1.0] [cxt 0] Applying table 'tbl_link_monitor383'
[13:53:24.343] [bmv2] [D] [thread 40049] [1.0] [cxt 0] Looking up key:

[13:53:24.343] [bmv2] [D] [thread 40049] [1.0] [cxt 0] Table 'tbl_link_monitor383': miss
[13:53:24.343] [bmv2] [D] [thread 40049] [1.0] [cxt 0] Action entry is link_monitor383 - 
[13:53:24.343] [bmv2] [T] [thread 40049] [1.0] [cxt 0] Action link_monitor383
[13:53:24.343] [bmv2] [T] [thread 40049] [1.0] [cxt 0] link_monitor.p4(383) Primitive (bit<32>)standard_metadata.egress_port
[13:53:24.343] [bmv2] [T] [thread 40049] [1.0] [cxt 0] link_monitor.p4(383) Primitive byte_cnt_reg.write((bit<32>)standard_metadata.egress_port, new_byte_cnt)
[13:53:24.343] [bmv2] [T] [thread 40049] [1.0] [cxt 0] Wrote register 'MyEgress.byte_cnt_reg' at index 0 with value 176
[13:53:24.343] [bmv2] [T] [thread 40049] [1.0] [cxt 0] link_monitor.p4(385) Condition "hdr.probe.isValid()" (node_16) is false
[13:53:24.343] [bmv2] [D] [thread 40049] [1.0] [cxt 0] Pipeline 'egress': end
[13:53:24.343] [bmv2] [D] [thread 40049] [1.0] [cxt 0] Deparser 'deparser': start
[13:53:24.343] [bmv2] [T] [thread 40049] [1.0] [cxt 0] Skipping checksum 'cksum' update because condition not met
[13:53:24.343] [bmv2] [D] [thread 40049] [1.0] [cxt 0] Deparsing header 'ethernet'
[13:53:24.343] [bmv2] [D] [thread 40049] [1.0] [cxt 0] Deparser 'deparser': end
[13:53:24.343] [bmv2] [D] [thread 40049] [2.0] [cxt 0] Pipeline 'egress': start
[13:53:24.343] [bmv2] [T] [thread 40049] [2.0] [cxt 0] Applying table 'tbl_link_monitor379'
[13:53:24.343] [bmv2] [D] [thread 40049] [2.0] [cxt 0] Looking up key:

[13:53:24.343] [bmv2] [D] [thread 40049] [2.0] [cxt 0] Table 'tbl_link_monitor379': miss
[13:53:24.343] [bmv2] [D] [thread 40049] [2.0] [cxt 0] Action entry is link_monitor379 - 
[13:53:24.343] [bmv2] [T] [thread 40049] [2.0] [cxt 0] Action link_monitor379
[13:53:24.343] [bmv2] [T] [thread 40049] [2.0] [cxt 0] link_monitor.p4(379) Primitive (bit<32>)standard_metadata.egress_port
[13:53:24.343] [bmv2] [T] [thread 40049] [2.0] [cxt 0] link_monitor.p4(379) Primitive byte_cnt_reg.read(byte_cnt, (bit<32>)standard_metadata.egress_port)
[13:53:24.343] [bmv2] [T] [thread 40049] [2.0] [cxt 0] Read register 'MyEgress.byte_cnt_reg' at index 0 read value 176
[13:53:24.343] [bmv2] [T] [thread 40049] [2.0] [cxt 0] link_monitor.p4(380) Primitive byte_cnt = byte_cnt + standard_metadata.packet_length
[13:53:24.343] [bmv2] [T] [thread 40049] [2.0] [cxt 0] link_monitor.p4(382) Condition "hdr.probe.isValid()" (node_12) is false
[13:53:24.343] [bmv2] [T] [thread 40049] [2.0] [cxt 0] Applying table 'tbl_link_monitor382_0'
[13:53:24.343] [bmv2] [D] [thread 40049] [2.0] [cxt 0] Looking up key:

[13:53:24.343] [bmv2] [D] [thread 40049] [2.0] [cxt 0] Table 'tbl_link_monitor382_0': miss
[13:53:24.343] [bmv2] [D] [thread 40049] [2.0] [cxt 0] Action entry is link_monitor382_0 - 
[13:53:24.343] [bmv2] [T] [thread 40049] [2.0] [cxt 0] Action link_monitor382_0
[13:53:24.343] [bmv2] [T] [thread 40049] [2.0] [cxt 0] link_monitor.p4(382) Primitive (hdr.probe.isValid()) ? 0 : byte_cnt
[13:53:24.343] [bmv2] [T] [thread 40049] [2.0] [cxt 0] Applying table 'tbl_link_monitor383'
[13:53:24.343] [bmv2] [D] [thread 40049] [2.0] [cxt 0] Looking up key:

[13:53:24.343] [bmv2] [D] [thread 40049] [2.0] [cxt 0] Table 'tbl_link_monitor383': miss
[13:53:24.343] [bmv2] [D] [thread 40049] [2.0] [cxt 0] Action entry is link_monitor383 - 
[13:53:24.343] [bmv2] [T] [thread 40049] [2.0] [cxt 0] Action link_monitor383
[13:53:24.343] [bmv2] [T] [thread 40049] [2.0] [cxt 0] link_monitor.p4(383) Primitive (bit<32>)standard_metadata.egress_port
[13:53:24.343] [bmv2] [T] [thread 40049] [2.0] [cxt 0] link_monitor.p4(383) Primitive byte_cnt_reg.write((bit<32>)standard_metadata.egress_port, new_byte_cnt)
[13:53:24.343] [bmv2] [T] [thread 40049] [2.0] [cxt 0] Wrote register 'MyEgress.byte_cnt_reg' at index 0 with value 246
[13:53:24.343] [bmv2] [T] [thread 40049] [2.0] [cxt 0] link_monitor.p4(385) Condition "hdr.probe.isValid()" (node_16) is false
[13:53:24.343] [bmv2] [D] [thread 40049] [2.0] [cxt 0] Pipeline 'egress': end
[13:53:24.343] [bmv2] [D] [thread 40049] [2.0] [cxt 0] Deparser 'deparser': start
[13:53:24.343] [bmv2] [T] [thread 40049] [2.0] [cxt 0] Skipping checksum 'cksum' update because condition not met
[13:53:24.343] [bmv2] [D] [thread 40049] [2.0] [cxt 0] Deparsing header 'ethernet'
[13:53:24.343] [bmv2] [D] [thread 40049] [2.0] [cxt 0] Deparser 'deparser': end
[13:53:24.343] [bmv2] [D] [thread 40053] [1.0] [cxt 0] Transmitting packet of size 90 out of port 0
[13:53:24.343] [bmv2] [D] [thread 40053] [2.0] [cxt 0] Transmitting packet of size 70 out of port 0
[13:53:24.435] [bmv2] [D] [thread 40048] [3.0] [cxt 0] Processing packet received on port 1
[13:53:24.435] [bmv2] [D] [thread 40048] [3.0] [cxt 0] Parser 'parser': start
[13:53:24.435] [bmv2] [D] [thread 40048] [3.0] [cxt 0] Parser 'parser' entering state 'start'
[13:53:24.435] [bmv2] [D] [thread 40048] [3.0] [cxt 0] Extracting header 'ethernet'
[13:53:24.435] [bmv2] [D] [thread 40048] [3.0] [cxt 0] Parser state 'start': key is 86dd
[13:53:24.435] [bmv2] [T] [thread 40048] [3.0] [cxt 0] Bytes parsed: 14
[13:53:24.435] [bmv2] [D] [thread 40048] [3.0] [cxt 0] Parser 'parser': end
[13:53:24.435] [bmv2] [D] [thread 40048] [3.0] [cxt 0] Pipeline 'ingress': start
[13:53:24.435] [bmv2] [T] [thread 40048] [3.0] [cxt 0] link_monitor.p4(333) Condition "hdr.tcp.isValid()" (node_2) is false
[13:53:24.435] [bmv2] [T] [thread 40048] [3.0] [cxt 0] link_monitor.p4(337) Condition "hdr.ipv4.isValid()" (node_5) is false
[13:53:24.435] [bmv2] [T] [thread 40048] [3.0] [cxt 0] link_monitor.p4(340) Condition "hdr.probe.isValid()" (node_7) is false
[13:53:24.435] [bmv2] [D] [thread 40048] [3.0] [cxt 0] Pipeline 'ingress': end
[13:53:24.435] [bmv2] [D] [thread 40048] [3.0] [cxt 0] Egress port is 0
[13:53:24.435] [bmv2] [D] [thread 40048] [4.0] [cxt 0] Processing packet received on port 1
[13:53:24.435] [bmv2] [D] [thread 40048] [4.0] [cxt 0] Parser 'parser': start
[13:53:24.435] [bmv2] [D] [thread 40048] [4.0] [cxt 0] Parser 'parser' entering state 'start'
[13:53:24.435] [bmv2] [D] [thread 40048] [4.0] [cxt 0] Extracting header 'ethernet'
[13:53:24.435] [bmv2] [D] [thread 40048] [4.0] [cxt 0] Parser state 'start': key is 86dd
[13:53:24.435] [bmv2] [T] [thread 40048] [4.0] [cxt 0] Bytes parsed: 14
[13:53:24.435] [bmv2] [D] [thread 40048] [4.0] [cxt 0] Parser 'parser': end
[13:53:24.435] [bmv2] [D] [thread 40048] [4.0] [cxt 0] Pipeline 'ingress': start
[13:53:24.435] [bmv2] [T] [thread 40048] [4.0] [cxt 0] link_monitor.p4(333) Condition "hdr.tcp.isValid()" (node_2) is false
[13:53:24.435] [bmv2] [T] [thread 40048] [4.0] [cxt 0] link_monitor.p4(337) Condition "hdr.ipv4.isValid()" (node_5) is false
[13:53:24.435] [bmv2] [T] [thread 40048] [4.0] [cxt 0] link_monitor.p4(340) Condition "hdr.probe.isValid()" (node_7) is false
[13:53:24.435] [bmv2] [D] [thread 40048] [4.0] [cxt 0] Pipeline 'ingress': end
[13:53:24.435] [bmv2] [D] [thread 40048] [4.0] [cxt 0] Egress port is 0
[13:53:24.435] [bmv2] [D] [thread 40049] [3.0] [cxt 0] Pipeline 'egress': start
[13:53:24.435] [bmv2] [T] [thread 40049] [3.0] [cxt 0] Applying table 'tbl_link_monitor379'
[13:53:24.435] [bmv2] [D] [thread 40049] [3.0] [cxt 0] Looking up key:

[13:53:24.435] [bmv2] [D] [thread 40049] [3.0] [cxt 0] Table 'tbl_link_monitor379': miss
[13:53:24.435] [bmv2] [D] [thread 40049] [3.0] [cxt 0] Action entry is link_monitor379 - 
[13:53:24.435] [bmv2] [T] [thread 40049] [3.0] [cxt 0] Action link_monitor379
[13:53:24.435] [bmv2] [T] [thread 40049] [3.0] [cxt 0] link_monitor.p4(379) Primitive (bit<32>)standard_metadata.egress_port
[13:53:24.435] [bmv2] [T] [thread 40049] [3.0] [cxt 0] link_monitor.p4(379) Primitive byte_cnt_reg.read(byte_cnt, (bit<32>)standard_metadata.egress_port)
[13:53:24.435] [bmv2] [T] [thread 40049] [3.0] [cxt 0] Read register 'MyEgress.byte_cnt_reg' at index 0 read value 246
[13:53:24.435] [bmv2] [T] [thread 40049] [3.0] [cxt 0] link_monitor.p4(380) Primitive byte_cnt = byte_cnt + standard_metadata.packet_length
[13:53:24.435] [bmv2] [T] [thread 40049] [3.0] [cxt 0] link_monitor.p4(382) Condition "hdr.probe.isValid()" (node_12) is false
[13:53:24.435] [bmv2] [T] [thread 40049] [3.0] [cxt 0] Applying table 'tbl_link_monitor382_0'
[13:53:24.435] [bmv2] [D] [thread 40049] [3.0] [cxt 0] Looking up key:

[13:53:24.435] [bmv2] [D] [thread 40049] [3.0] [cxt 0] Table 'tbl_link_monitor382_0': miss
[13:53:24.435] [bmv2] [D] [thread 40049] [3.0] [cxt 0] Action entry is link_monitor382_0 - 
[13:53:24.435] [bmv2] [T] [thread 40049] [3.0] [cxt 0] Action link_monitor382_0
[13:53:24.435] [bmv2] [T] [thread 40049] [3.0] [cxt 0] link_monitor.p4(382) Primitive (hdr.probe.isValid()) ? 0 : byte_cnt
[13:53:24.435] [bmv2] [T] [thread 40049] [3.0] [cxt 0] Applying table 'tbl_link_monitor383'
[13:53:24.435] [bmv2] [D] [thread 40049] [3.0] [cxt 0] Looking up key:

[13:53:24.435] [bmv2] [D] [thread 40049] [3.0] [cxt 0] Table 'tbl_link_monitor383': miss
[13:53:24.435] [bmv2] [D] [thread 40049] [3.0] [cxt 0] Action entry is link_monitor383 - 
[13:53:24.435] [bmv2] [T] [thread 40049] [3.0] [cxt 0] Action link_monitor383
[13:53:24.435] [bmv2] [T] [thread 40049] [3.0] [cxt 0] link_monitor.p4(383) Primitive (bit<32>)standard_metadata.egress_port
[13:53:24.435] [bmv2] [T] [thread 40049] [3.0] [cxt 0] link_monitor.p4(383) Primitive byte_cnt_reg.write((bit<32>)standard_metadata.egress_port, new_byte_cnt)
[13:53:24.435] [bmv2] [T] [thread 40049] [3.0] [cxt 0] Wrote register 'MyEgress.byte_cnt_reg' at index 0 with value 336
[13:53:24.435] [bmv2] [T] [thread 40049] [3.0] [cxt 0] link_monitor.p4(385) Condition "hdr.probe.isValid()" (node_16) is false
[13:53:24.435] [bmv2] [D] [thread 40049] [3.0] [cxt 0] Pipeline 'egress': end
[13:53:24.435] [bmv2] [D] [thread 40049] [3.0] [cxt 0] Deparser 'deparser': start
[13:53:24.435] [bmv2] [T] [thread 40049] [3.0] [cxt 0] Skipping checksum 'cksum' update because condition not met
[13:53:24.435] [bmv2] [D] [thread 40049] [3.0] [cxt 0] Deparsing header 'ethernet'
[13:53:24.435] [bmv2] [D] [thread 40049] [3.0] [cxt 0] Deparser 'deparser': end
[13:53:24.435] [bmv2] [D] [thread 40049] [4.0] [cxt 0] Pipeline 'egress': start
[13:53:24.435] [bmv2] [T] [thread 40049] [4.0] [cxt 0] Applying table 'tbl_link_monitor379'
[13:53:24.435] [bmv2] [D] [thread 40049] [4.0] [cxt 0] Looking up key:

[13:53:24.435] [bmv2] [D] [thread 40049] [4.0] [cxt 0] Table 'tbl_link_monitor379': miss
[13:53:24.435] [bmv2] [D] [thread 40049] [4.0] [cxt 0] Action entry is link_monitor379 - 
[13:53:24.435] [bmv2] [T] [thread 40049] [4.0] [cxt 0] Action link_monitor379
[13:53:24.435] [bmv2] [T] [thread 40049] [4.0] [cxt 0] link_monitor.p4(379) Primitive (bit<32>)standard_metadata.egress_port
[13:53:24.435] [bmv2] [T] [thread 40049] [4.0] [cxt 0] link_monitor.p4(379) Primitive byte_cnt_reg.read(byte_cnt, (bit<32>)standard_metadata.egress_port)
[13:53:24.435] [bmv2] [T] [thread 40049] [4.0] [cxt 0] Read register 'MyEgress.byte_cnt_reg' at index 0 read value 336
[13:53:24.435] [bmv2] [T] [thread 40049] [4.0] [cxt 0] link_monitor.p4(380) Primitive byte_cnt = byte_cnt + standard_metadata.packet_length
[13:53:24.435] [bmv2] [T] [thread 40049] [4.0] [cxt 0] link_monitor.p4(382) Condition "hdr.probe.isValid()" (node_12) is false
[13:53:24.435] [bmv2] [T] [thread 40049] [4.0] [cxt 0] Applying table 'tbl_link_monitor382_0'
[13:53:24.435] [bmv2] [D] [thread 40049] [4.0] [cxt 0] Looking up key:

[13:53:24.435] [bmv2] [D] [thread 40049] [4.0] [cxt 0] Table 'tbl_link_monitor382_0': miss
[13:53:24.435] [bmv2] [D] [thread 40049] [4.0] [cxt 0] Action entry is link_monitor382_0 - 
[13:53:24.435] [bmv2] [T] [thread 40049] [4.0] [cxt 0] Action link_monitor382_0
[13:53:24.435] [bmv2] [T] [thread 40049] [4.0] [cxt 0] link_monitor.p4(382) Primitive (hdr.probe.isValid()) ? 0 : byte_cnt
[13:53:24.435] [bmv2] [T] [thread 40049] [4.0] [cxt 0] Applying table 'tbl_link_monitor383'
[13:53:24.435] [bmv2] [D] [thread 40049] [4.0] [cxt 0] Looking up key:

[13:53:24.435] [bmv2] [D] [thread 40049] [4.0] [cxt 0] Table 'tbl_link_monitor383': miss
[13:53:24.435] [bmv2] [D] [thread 40049] [4.0] [cxt 0] Action entry is link_monitor383 - 
[13:53:24.435] [bmv2] [T] [thread 40049] [4.0] [cxt 0] Action link_monitor383
[13:53:24.435] [bmv2] [T] [thread 40049] [4.0] [cxt 0] link_monitor.p4(383) Primitive (bit<32>)standard_metadata.egress_port
[13:53:24.435] [bmv2] [T] [thread 40049] [4.0] [cxt 0] link_monitor.p4(383) Primitive byte_cnt_reg.write((bit<32>)standard_metadata.egress_port, new_byte_cnt)
[13:53:24.435] [bmv2] [T] [thread 40049] [4.0] [cxt 0] Wrote register 'MyEgress.byte_cnt_reg' at index 0 with value 406
[13:53:24.435] [bmv2] [T] [thread 40049] [4.0] [cxt 0] link_monitor.p4(385) Condition "hdr.probe.isValid()" (node_16) is false
[13:53:24.435] [bmv2] [D] [thread 40049] [4.0] [cxt 0] Pipeline 'egress': end
[13:53:24.435] [bmv2] [D] [thread 40049] [4.0] [cxt 0] Deparser 'deparser': start
[13:53:24.435] [bmv2] [T] [thread 40049] [4.0] [cxt 0] Skipping checksum 'cksum' update because condition not met
[13:53:24.435] [bmv2] [D] [thread 40049] [4.0] [cxt 0] Deparsing header 'ethernet'
[13:53:24.435] [bmv2] [D] [thread 40049] [4.0] [cxt 0] Deparser 'deparser': end
[13:53:24.435] [bmv2] [D] [thread 40053] [3.0] [cxt 0] Transmitting packet of size 90 out of port 0
[13:53:24.435] [bmv2] [D] [thread 40053] [4.0] [cxt 0] Transmitting packet of size 70 out of port 0
[13:53:24.466] [bmv2] [D] [thread 40048] [5.0] [cxt 0] Processing packet received on port 3
[13:53:24.466] [bmv2] [D] [thread 40048] [5.0] [cxt 0] Parser 'parser': start
[13:53:24.466] [bmv2] [D] [thread 40048] [5.0] [cxt 0] Parser 'parser' entering state 'start'
[13:53:24.466] [bmv2] [D] [thread 40048] [5.0] [cxt 0] Extracting header 'ethernet'
[13:53:24.466] [bmv2] [D] [thread 40048] [5.0] [cxt 0] Parser state 'start': key is 86dd
[13:53:24.466] [bmv2] [T] [thread 40048] [5.0] [cxt 0] Bytes parsed: 14
[13:53:24.466] [bmv2] [D] [thread 40048] [5.0] [cxt 0] Parser 'parser': end
[13:53:24.466] [bmv2] [D] [thread 40048] [5.0] [cxt 0] Pipeline 'ingress': start
[13:53:24.466] [bmv2] [T] [thread 40048] [5.0] [cxt 0] link_monitor.p4(333) Condition "hdr.tcp.isValid()" (node_2) is false
[13:53:24.466] [bmv2] [T] [thread 40048] [5.0] [cxt 0] link_monitor.p4(337) Condition "hdr.ipv4.isValid()" (node_5) is false
[13:53:24.466] [bmv2] [T] [thread 40048] [5.0] [cxt 0] link_monitor.p4(340) Condition "hdr.probe.isValid()" (node_7) is false
[13:53:24.466] [bmv2] [D] [thread 40048] [5.0] [cxt 0] Pipeline 'ingress': end
[13:53:24.466] [bmv2] [D] [thread 40048] [5.0] [cxt 0] Egress port is 0
[13:53:24.466] [bmv2] [D] [thread 40048] [6.0] [cxt 0] Processing packet received on port 3
[13:53:24.466] [bmv2] [D] [thread 40048] [6.0] [cxt 0] Parser 'parser': start
[13:53:24.466] [bmv2] [D] [thread 40048] [6.0] [cxt 0] Parser 'parser' entering state 'start'
[13:53:24.466] [bmv2] [D] [thread 40048] [6.0] [cxt 0] Extracting header 'ethernet'
[13:53:24.466] [bmv2] [D] [thread 40048] [6.0] [cxt 0] Parser state 'start': key is 86dd
[13:53:24.466] [bmv2] [T] [thread 40048] [6.0] [cxt 0] Bytes parsed: 14
[13:53:24.466] [bmv2] [D] [thread 40048] [6.0] [cxt 0] Parser 'parser': end
[13:53:24.466] [bmv2] [D] [thread 40048] [6.0] [cxt 0] Pipeline 'ingress': start
[13:53:24.466] [bmv2] [T] [thread 40048] [6.0] [cxt 0] link_monitor.p4(333) Condition "hdr.tcp.isValid()" (node_2) is false
[13:53:24.466] [bmv2] [T] [thread 40048] [6.0] [cxt 0] link_monitor.p4(337) Condition "hdr.ipv4.isValid()" (node_5) is false
[13:53:24.466] [bmv2] [T] [thread 40048] [6.0] [cxt 0] link_monitor.p4(340) Condition "hdr.probe.isValid()" (node_7) is false
[13:53:24.466] [bmv2] [D] [thread 40048] [6.0] [cxt 0] Pipeline 'ingress': end
[13:53:24.466] [bmv2] [D] [thread 40048] [6.0] [cxt 0] Egress port is 0
[13:53:24.466] [bmv2] [D] [thread 40049] [5.0] [cxt 0] Pipeline 'egress': start
[13:53:24.466] [bmv2] [T] [thread 40049] [5.0] [cxt 0] Applying table 'tbl_link_monitor379'
[13:53:24.466] [bmv2] [D] [thread 40049] [5.0] [cxt 0] Looking up key:

[13:53:24.466] [bmv2] [D] [thread 40049] [5.0] [cxt 0] Table 'tbl_link_monitor379': miss
[13:53:24.466] [bmv2] [D] [thread 40049] [5.0] [cxt 0] Action entry is link_monitor379 - 
[13:53:24.466] [bmv2] [T] [thread 40049] [5.0] [cxt 0] Action link_monitor379
[13:53:24.466] [bmv2] [T] [thread 40049] [5.0] [cxt 0] link_monitor.p4(379) Primitive (bit<32>)standard_metadata.egress_port
[13:53:24.466] [bmv2] [T] [thread 40049] [5.0] [cxt 0] link_monitor.p4(379) Primitive byte_cnt_reg.read(byte_cnt, (bit<32>)standard_metadata.egress_port)
[13:53:24.466] [bmv2] [T] [thread 40049] [5.0] [cxt 0] Read register 'MyEgress.byte_cnt_reg' at index 0 read value 406
[13:53:24.466] [bmv2] [T] [thread 40049] [5.0] [cxt 0] link_monitor.p4(380) Primitive byte_cnt = byte_cnt + standard_metadata.packet_length
[13:53:24.466] [bmv2] [T] [thread 40049] [5.0] [cxt 0] link_monitor.p4(382) Condition "hdr.probe.isValid()" (node_12) is false
[13:53:24.466] [bmv2] [T] [thread 40049] [5.0] [cxt 0] Applying table 'tbl_link_monitor382_0'
[13:53:24.466] [bmv2] [D] [thread 40049] [5.0] [cxt 0] Looking up key:

[13:53:24.466] [bmv2] [D] [thread 40049] [5.0] [cxt 0] Table 'tbl_link_monitor382_0': miss
[13:53:24.466] [bmv2] [D] [thread 40049] [5.0] [cxt 0] Action entry is link_monitor382_0 - 
[13:53:24.466] [bmv2] [T] [thread 40049] [5.0] [cxt 0] Action link_monitor382_0
[13:53:24.466] [bmv2] [T] [thread 40049] [5.0] [cxt 0] link_monitor.p4(382) Primitive (hdr.probe.isValid()) ? 0 : byte_cnt
[13:53:24.466] [bmv2] [T] [thread 40049] [5.0] [cxt 0] Applying table 'tbl_link_monitor383'
[13:53:24.466] [bmv2] [D] [thread 40049] [5.0] [cxt 0] Looking up key:

[13:53:24.466] [bmv2] [D] [thread 40049] [5.0] [cxt 0] Table 'tbl_link_monitor383': miss
[13:53:24.466] [bmv2] [D] [thread 40049] [5.0] [cxt 0] Action entry is link_monitor383 - 
[13:53:24.466] [bmv2] [T] [thread 40049] [5.0] [cxt 0] Action link_monitor383
[13:53:24.466] [bmv2] [T] [thread 40049] [5.0] [cxt 0] link_monitor.p4(383) Primitive (bit<32>)standard_metadata.egress_port
[13:53:24.466] [bmv2] [T] [thread 40049] [5.0] [cxt 0] link_monitor.p4(383) Primitive byte_cnt_reg.write((bit<32>)standard_metadata.egress_port, new_byte_cnt)
[13:53:24.466] [bmv2] [T] [thread 40049] [5.0] [cxt 0] Wrote register 'MyEgress.byte_cnt_reg' at index 0 with value 496
[13:53:24.466] [bmv2] [T] [thread 40049] [5.0] [cxt 0] link_monitor.p4(385) Condition "hdr.probe.isValid()" (node_16) is false
[13:53:24.466] [bmv2] [D] [thread 40049] [5.0] [cxt 0] Pipeline 'egress': end
[13:53:24.466] [bmv2] [D] [thread 40049] [5.0] [cxt 0] Deparser 'deparser': start
[13:53:24.466] [bmv2] [T] [thread 40049] [5.0] [cxt 0] Skipping checksum 'cksum' update because condition not met
[13:53:24.466] [bmv2] [D] [thread 40049] [5.0] [cxt 0] Deparsing header 'ethernet'
[13:53:24.466] [bmv2] [D] [thread 40049] [5.0] [cxt 0] Deparser 'deparser': end
[13:53:24.466] [bmv2] [D] [thread 40049] [6.0] [cxt 0] Pipeline 'egress': start
[13:53:24.466] [bmv2] [T] [thread 40049] [6.0] [cxt 0] Applying table 'tbl_link_monitor379'
[13:53:24.466] [bmv2] [D] [thread 40049] [6.0] [cxt 0] Looking up key:

[13:53:24.466] [bmv2] [D] [thread 40049] [6.0] [cxt 0] Table 'tbl_link_monitor379': miss
[13:53:24.466] [bmv2] [D] [thread 40049] [6.0] [cxt 0] Action entry is link_monitor379 - 
[13:53:24.466] [bmv2] [T] [thread 40049] [6.0] [cxt 0] Action link_monitor379
[13:53:24.466] [bmv2] [T] [thread 40049] [6.0] [cxt 0] link_monitor.p4(379) Primitive (bit<32>)standard_metadata.egress_port
[13:53:24.466] [bmv2] [T] [thread 40049] [6.0] [cxt 0] link_monitor.p4(379) Primitive byte_cnt_reg.read(byte_cnt, (bit<32>)standard_metadata.egress_port)
[13:53:24.466] [bmv2] [T] [thread 40049] [6.0] [cxt 0] Read register 'MyEgress.byte_cnt_reg' at index 0 read value 496
[13:53:24.466] [bmv2] [T] [thread 40049] [6.0] [cxt 0] link_monitor.p4(380) Primitive byte_cnt = byte_cnt + standard_metadata.packet_length
[13:53:24.466] [bmv2] [T] [thread 40049] [6.0] [cxt 0] link_monitor.p4(382) Condition "hdr.probe.isValid()" (node_12) is false
[13:53:24.466] [bmv2] [T] [thread 40049] [6.0] [cxt 0] Applying table 'tbl_link_monitor382_0'
[13:53:24.466] [bmv2] [D] [thread 40049] [6.0] [cxt 0] Looking up key:

[13:53:24.466] [bmv2] [D] [thread 40049] [6.0] [cxt 0] Table 'tbl_link_monitor382_0': miss
[13:53:24.466] [bmv2] [D] [thread 40049] [6.0] [cxt 0] Action entry is link_monitor382_0 - 
[13:53:24.466] [bmv2] [T] [thread 40049] [6.0] [cxt 0] Action link_monitor382_0
[13:53:24.466] [bmv2] [T] [thread 40049] [6.0] [cxt 0] link_monitor.p4(382) Primitive (hdr.probe.isValid()) ? 0 : byte_cnt
[13:53:24.466] [bmv2] [T] [thread 40049] [6.0] [cxt 0] Applying table 'tbl_link_monitor383'
[13:53:24.466] [bmv2] [D] [thread 40049] [6.0] [cxt 0] Looking up key:

[13:53:24.466] [bmv2] [D] [thread 40049] [6.0] [cxt 0] Table 'tbl_link_monitor383': miss
[13:53:24.466] [bmv2] [D] [thread 40049] [6.0] [cxt 0] Action entry is link_monitor383 - 
[13:53:24.466] [bmv2] [T] [thread 40049] [6.0] [cxt 0] Action link_monitor383
[13:53:24.466] [bmv2] [T] [thread 40049] [6.0] [cxt 0] link_monitor.p4(383) Primitive (bit<32>)standard_metadata.egress_port
[13:53:24.466] [bmv2] [T] [thread 40049] [6.0] [cxt 0] link_monitor.p4(383) Primitive byte_cnt_reg.write((bit<32>)standard_metadata.egress_port, new_byte_cnt)
[13:53:24.466] [bmv2] [T] [thread 40049] [6.0] [cxt 0] Wrote register 'MyEgress.byte_cnt_reg' at index 0 with value 566
[13:53:24.466] [bmv2] [T] [thread 40049] [6.0] [cxt 0] link_monitor.p4(385) Condition "hdr.probe.isValid()" (node_16) is false
[13:53:24.466] [bmv2] [D] [thread 40049] [6.0] [cxt 0] Pipeline 'egress': end
[13:53:24.466] [bmv2] [D] [thread 40049] [6.0] [cxt 0] Deparser 'deparser': start
[13:53:24.466] [bmv2] [T] [thread 40049] [6.0] [cxt 0] Skipping checksum 'cksum' update because condition not met
[13:53:24.466] [bmv2] [D] [thread 40049] [6.0] [cxt 0] Deparsing header 'ethernet'
[13:53:24.466] [bmv2] [D] [thread 40049] [6.0] [cxt 0] Deparser 'deparser': end
[13:53:24.466] [bmv2] [D] [thread 40053] [5.0] [cxt 0] Transmitting packet of size 90 out of port 0
[13:53:24.466] [bmv2] [D] [thread 40053] [6.0] [cxt 0] Transmitting packet of size 70 out of port 0
[13:53:24.658] [bmv2] [D] [thread 40048] [7.0] [cxt 0] Processing packet received on port 3
[13:53:24.658] [bmv2] [D] [thread 40048] [7.0] [cxt 0] Parser 'parser': start
[13:53:24.658] [bmv2] [D] [thread 40048] [7.0] [cxt 0] Parser 'parser' entering state 'start'
[13:53:24.658] [bmv2] [D] [thread 40048] [7.0] [cxt 0] Extracting header 'ethernet'
[13:53:24.658] [bmv2] [D] [thread 40048] [7.0] [cxt 0] Parser state 'start': key is 86dd
[13:53:24.658] [bmv2] [T] [thread 40048] [7.0] [cxt 0] Bytes parsed: 14
[13:53:24.658] [bmv2] [D] [thread 40048] [7.0] [cxt 0] Parser 'parser': end
[13:53:24.658] [bmv2] [D] [thread 40048] [7.0] [cxt 0] Pipeline 'ingress': start
[13:53:24.658] [bmv2] [T] [thread 40048] [7.0] [cxt 0] link_monitor.p4(333) Condition "hdr.tcp.isValid()" (node_2) is false
[13:53:24.658] [bmv2] [T] [thread 40048] [7.0] [cxt 0] link_monitor.p4(337) Condition "hdr.ipv4.isValid()" (node_5) is false
[13:53:24.658] [bmv2] [T] [thread 40048] [7.0] [cxt 0] link_monitor.p4(340) Condition "hdr.probe.isValid()" (node_7) is false
[13:53:24.658] [bmv2] [D] [thread 40048] [7.0] [cxt 0] Pipeline 'ingress': end
[13:53:24.658] [bmv2] [D] [thread 40048] [7.0] [cxt 0] Egress port is 0
[13:53:24.658] [bmv2] [D] [thread 40048] [8.0] [cxt 0] Processing packet received on port 3
[13:53:24.658] [bmv2] [D] [thread 40048] [8.0] [cxt 0] Parser 'parser': start
[13:53:24.658] [bmv2] [D] [thread 40048] [8.0] [cxt 0] Parser 'parser' entering state 'start'
[13:53:24.658] [bmv2] [D] [thread 40048] [8.0] [cxt 0] Extracting header 'ethernet'
[13:53:24.658] [bmv2] [D] [thread 40048] [8.0] [cxt 0] Parser state 'start': key is 86dd
[13:53:24.658] [bmv2] [T] [thread 40048] [8.0] [cxt 0] Bytes parsed: 14
[13:53:24.658] [bmv2] [D] [thread 40048] [8.0] [cxt 0] Parser 'parser': end
[13:53:24.658] [bmv2] [D] [thread 40048] [8.0] [cxt 0] Pipeline 'ingress': start
[13:53:24.658] [bmv2] [T] [thread 40048] [8.0] [cxt 0] link_monitor.p4(333) Condition "hdr.tcp.isValid()" (node_2) is false
[13:53:24.658] [bmv2] [T] [thread 40048] [8.0] [cxt 0] link_monitor.p4(337) Condition "hdr.ipv4.isValid()" (node_5) is false
[13:53:24.658] [bmv2] [T] [thread 40048] [8.0] [cxt 0] link_monitor.p4(340) Condition "hdr.probe.isValid()" (node_7) is false
[13:53:24.658] [bmv2] [D] [thread 40048] [8.0] [cxt 0] Pipeline 'ingress': end
[13:53:24.658] [bmv2] [D] [thread 40048] [8.0] [cxt 0] Egress port is 0
[13:53:24.658] [bmv2] [D] [thread 40049] [7.0] [cxt 0] Pipeline 'egress': start
[13:53:24.658] [bmv2] [T] [thread 40049] [7.0] [cxt 0] Applying table 'tbl_link_monitor379'
[13:53:24.658] [bmv2] [D] [thread 40049] [7.0] [cxt 0] Looking up key:

[13:53:24.658] [bmv2] [D] [thread 40049] [7.0] [cxt 0] Table 'tbl_link_monitor379': miss
[13:53:24.658] [bmv2] [D] [thread 40049] [7.0] [cxt 0] Action entry is link_monitor379 - 
[13:53:24.658] [bmv2] [T] [thread 40049] [7.0] [cxt 0] Action link_monitor379
[13:53:24.658] [bmv2] [T] [thread 40049] [7.0] [cxt 0] link_monitor.p4(379) Primitive (bit<32>)standard_metadata.egress_port
[13:53:24.658] [bmv2] [T] [thread 40049] [7.0] [cxt 0] link_monitor.p4(379) Primitive byte_cnt_reg.read(byte_cnt, (bit<32>)standard_metadata.egress_port)
[13:53:24.658] [bmv2] [T] [thread 40049] [7.0] [cxt 0] Read register 'MyEgress.byte_cnt_reg' at index 0 read value 566
[13:53:24.658] [bmv2] [T] [thread 40049] [7.0] [cxt 0] link_monitor.p4(380) Primitive byte_cnt = byte_cnt + standard_metadata.packet_length
[13:53:24.658] [bmv2] [T] [thread 40049] [7.0] [cxt 0] link_monitor.p4(382) Condition "hdr.probe.isValid()" (node_12) is false
[13:53:24.658] [bmv2] [T] [thread 40049] [7.0] [cxt 0] Applying table 'tbl_link_monitor382_0'
[13:53:24.658] [bmv2] [D] [thread 40049] [7.0] [cxt 0] Looking up key:

[13:53:24.658] [bmv2] [D] [thread 40049] [7.0] [cxt 0] Table 'tbl_link_monitor382_0': miss
[13:53:24.658] [bmv2] [D] [thread 40049] [7.0] [cxt 0] Action entry is link_monitor382_0 - 
[13:53:24.658] [bmv2] [T] [thread 40049] [7.0] [cxt 0] Action link_monitor382_0
[13:53:24.658] [bmv2] [T] [thread 40049] [7.0] [cxt 0] link_monitor.p4(382) Primitive (hdr.probe.isValid()) ? 0 : byte_cnt
[13:53:24.658] [bmv2] [T] [thread 40049] [7.0] [cxt 0] Applying table 'tbl_link_monitor383'
[13:53:24.658] [bmv2] [D] [thread 40049] [7.0] [cxt 0] Looking up key:

[13:53:24.658] [bmv2] [D] [thread 40049] [7.0] [cxt 0] Table 'tbl_link_monitor383': miss
[13:53:24.658] [bmv2] [D] [thread 40049] [7.0] [cxt 0] Action entry is link_monitor383 - 
[13:53:24.658] [bmv2] [T] [thread 40049] [7.0] [cxt 0] Action link_monitor383
[13:53:24.658] [bmv2] [T] [thread 40049] [7.0] [cxt 0] link_monitor.p4(383) Primitive (bit<32>)standard_metadata.egress_port
[13:53:24.658] [bmv2] [T] [thread 40049] [7.0] [cxt 0] link_monitor.p4(383) Primitive byte_cnt_reg.write((bit<32>)standard_metadata.egress_port, new_byte_cnt)
[13:53:24.658] [bmv2] [T] [thread 40049] [7.0] [cxt 0] Wrote register 'MyEgress.byte_cnt_reg' at index 0 with value 656
[13:53:24.658] [bmv2] [T] [thread 40049] [7.0] [cxt 0] link_monitor.p4(385) Condition "hdr.probe.isValid()" (node_16) is false
[13:53:24.658] [bmv2] [D] [thread 40049] [7.0] [cxt 0] Pipeline 'egress': end
[13:53:24.658] [bmv2] [D] [thread 40049] [7.0] [cxt 0] Deparser 'deparser': start
[13:53:24.658] [bmv2] [T] [thread 40049] [7.0] [cxt 0] Skipping checksum 'cksum' update because condition not met
[13:53:24.658] [bmv2] [D] [thread 40049] [7.0] [cxt 0] Deparsing header 'ethernet'
[13:53:24.658] [bmv2] [D] [thread 40049] [7.0] [cxt 0] Deparser 'deparser': end
[13:53:24.658] [bmv2] [D] [thread 40049] [8.0] [cxt 0] Pipeline 'egress': start
[13:53:24.658] [bmv2] [T] [thread 40049] [8.0] [cxt 0] Applying table 'tbl_link_monitor379'
[13:53:24.659] [bmv2] [D] [thread 40049] [8.0] [cxt 0] Looking up key:

[13:53:24.659] [bmv2] [D] [thread 40049] [8.0] [cxt 0] Table 'tbl_link_monitor379': miss
[13:53:24.659] [bmv2] [D] [thread 40049] [8.0] [cxt 0] Action entry is link_monitor379 - 
[13:53:24.659] [bmv2] [T] [thread 40049] [8.0] [cxt 0] Action link_monitor379
[13:53:24.659] [bmv2] [T] [thread 40049] [8.0] [cxt 0] link_monitor.p4(379) Primitive (bit<32>)standard_metadata.egress_port
[13:53:24.659] [bmv2] [T] [thread 40049] [8.0] [cxt 0] link_monitor.p4(379) Primitive byte_cnt_reg.read(byte_cnt, (bit<32>)standard_metadata.egress_port)
[13:53:24.659] [bmv2] [T] [thread 40049] [8.0] [cxt 0] Read register 'MyEgress.byte_cnt_reg' at index 0 read value 656
[13:53:24.659] [bmv2] [T] [thread 40049] [8.0] [cxt 0] link_monitor.p4(380) Primitive byte_cnt = byte_cnt + standard_metadata.packet_length
[13:53:24.659] [bmv2] [T] [thread 40049] [8.0] [cxt 0] link_monitor.p4(382) Condition "hdr.probe.isValid()" (node_12) is false
[13:53:24.659] [bmv2] [T] [thread 40049] [8.0] [cxt 0] Applying table 'tbl_link_monitor382_0'
[13:53:24.659] [bmv2] [D] [thread 40049] [8.0] [cxt 0] Looking up key:

[13:53:24.659] [bmv2] [D] [thread 40049] [8.0] [cxt 0] Table 'tbl_link_monitor382_0': miss
[13:53:24.659] [bmv2] [D] [thread 40049] [8.0] [cxt 0] Action entry is link_monitor382_0 - 
[13:53:24.659] [bmv2] [T] [thread 40049] [8.0] [cxt 0] Action link_monitor382_0
[13:53:24.659] [bmv2] [T] [thread 40049] [8.0] [cxt 0] link_monitor.p4(382) Primitive (hdr.probe.isValid()) ? 0 : byte_cnt
[13:53:24.659] [bmv2] [T] [thread 40049] [8.0] [cxt 0] Applying table 'tbl_link_monitor383'
[13:53:24.659] [bmv2] [D] [thread 40049] [8.0] [cxt 0] Looking up key:

[13:53:24.659] [bmv2] [D] [thread 40049] [8.0] [cxt 0] Table 'tbl_link_monitor383': miss
[13:53:24.659] [bmv2] [D] [thread 40049] [8.0] [cxt 0] Action entry is link_monitor383 - 
[13:53:24.659] [bmv2] [T] [thread 40049] [8.0] [cxt 0] Action link_monitor383
[13:53:24.659] [bmv2] [T] [thread 40049] [8.0] [cxt 0] link_monitor.p4(383) Primitive (bit<32>)standard_metadata.egress_port
[13:53:24.659] [bmv2] [T] [thread 40049] [8.0] [cxt 0] link_monitor.p4(383) Primitive byte_cnt_reg.write((bit<32>)standard_metadata.egress_port, new_byte_cnt)
[13:53:24.659] [bmv2] [T] [thread 40049] [8.0] [cxt 0] Wrote register 'MyEgress.byte_cnt_reg' at index 0 with value 726
[13:53:24.659] [bmv2] [T] [thread 40049] [8.0] [cxt 0] link_monitor.p4(385) Condition "hdr.probe.isValid()" (node_16) is false
[13:53:24.659] [bmv2] [D] [thread 40049] [8.0] [cxt 0] Pipeline 'egress': end
[13:53:24.659] [bmv2] [D] [thread 40049] [8.0] [cxt 0] Deparser 'deparser': start
[13:53:24.659] [bmv2] [T] [thread 40049] [8.0] [cxt 0] Skipping checksum 'cksum' update because condition not met
[13:53:24.659] [bmv2] [D] [thread 40049] [8.0] [cxt 0] Deparsing header 'ethernet'
[13:53:24.659] [bmv2] [D] [thread 40049] [8.0] [cxt 0] Deparser 'deparser': end
[13:53:24.659] [bmv2] [D] [thread 40053] [7.0] [cxt 0] Transmitting packet of size 90 out of port 0
[13:53:24.659] [bmv2] [D] [thread 40053] [8.0] [cxt 0] Transmitting packet of size 70 out of port 0
[13:53:24.792] [bmv2] [D] [thread 40048] [9.0] [cxt 0] Processing packet received on port 4
[13:53:24.792] [bmv2] [D] [thread 40048] [9.0] [cxt 0] Parser 'parser': start
[13:53:24.792] [bmv2] [D] [thread 40048] [9.0] [cxt 0] Parser 'parser' entering state 'start'
[13:53:24.792] [bmv2] [D] [thread 40048] [9.0] [cxt 0] Extracting header 'ethernet'
[13:53:24.792] [bmv2] [D] [thread 40048] [9.0] [cxt 0] Parser state 'start': key is 86dd
[13:53:24.792] [bmv2] [T] [thread 40048] [9.0] [cxt 0] Bytes parsed: 14
[13:53:24.792] [bmv2] [D] [thread 40048] [9.0] [cxt 0] Parser 'parser': end
[13:53:24.792] [bmv2] [D] [thread 40048] [9.0] [cxt 0] Pipeline 'ingress': start
[13:53:24.792] [bmv2] [T] [thread 40048] [9.0] [cxt 0] link_monitor.p4(333) Condition "hdr.tcp.isValid()" (node_2) is false
[13:53:24.792] [bmv2] [T] [thread 40048] [9.0] [cxt 0] link_monitor.p4(337) Condition "hdr.ipv4.isValid()" (node_5) is false
[13:53:24.792] [bmv2] [T] [thread 40048] [9.0] [cxt 0] link_monitor.p4(340) Condition "hdr.probe.isValid()" (node_7) is false
[13:53:24.792] [bmv2] [D] [thread 40048] [9.0] [cxt 0] Pipeline 'ingress': end
[13:53:24.792] [bmv2] [D] [thread 40048] [9.0] [cxt 0] Egress port is 0
[13:53:24.792] [bmv2] [D] [thread 40048] [10.0] [cxt 0] Processing packet received on port 4
[13:53:24.792] [bmv2] [D] [thread 40048] [10.0] [cxt 0] Parser 'parser': start
[13:53:24.792] [bmv2] [D] [thread 40048] [10.0] [cxt 0] Parser 'parser' entering state 'start'
[13:53:24.792] [bmv2] [D] [thread 40048] [10.0] [cxt 0] Extracting header 'ethernet'
[13:53:24.792] [bmv2] [D] [thread 40048] [10.0] [cxt 0] Parser state 'start': key is 86dd
[13:53:24.792] [bmv2] [T] [thread 40048] [10.0] [cxt 0] Bytes parsed: 14
[13:53:24.792] [bmv2] [D] [thread 40048] [10.0] [cxt 0] Parser 'parser': end
[13:53:24.792] [bmv2] [D] [thread 40048] [10.0] [cxt 0] Pipeline 'ingress': start
[13:53:24.792] [bmv2] [T] [thread 40048] [10.0] [cxt 0] link_monitor.p4(333) Condition "hdr.tcp.isValid()" (node_2) is false
[13:53:24.792] [bmv2] [T] [thread 40048] [10.0] [cxt 0] link_monitor.p4(337) Condition "hdr.ipv4.isValid()" (node_5) is false
[13:53:24.792] [bmv2] [T] [thread 40048] [10.0] [cxt 0] link_monitor.p4(340) Condition "hdr.probe.isValid()" (node_7) is false
[13:53:24.792] [bmv2] [D] [thread 40048] [10.0] [cxt 0] Pipeline 'ingress': end
[13:53:24.792] [bmv2] [D] [thread 40048] [10.0] [cxt 0] Egress port is 0
[13:53:24.792] [bmv2] [D] [thread 40049] [9.0] [cxt 0] Pipeline 'egress': start
[13:53:24.792] [bmv2] [T] [thread 40049] [9.0] [cxt 0] Applying table 'tbl_link_monitor379'
[13:53:24.792] [bmv2] [D] [thread 40049] [9.0] [cxt 0] Looking up key:

[13:53:24.792] [bmv2] [D] [thread 40049] [9.0] [cxt 0] Table 'tbl_link_monitor379': miss
[13:53:24.792] [bmv2] [D] [thread 40049] [9.0] [cxt 0] Action entry is link_monitor379 - 
[13:53:24.792] [bmv2] [T] [thread 40049] [9.0] [cxt 0] Action link_monitor379
[13:53:24.792] [bmv2] [T] [thread 40049] [9.0] [cxt 0] link_monitor.p4(379) Primitive (bit<32>)standard_metadata.egress_port
[13:53:24.792] [bmv2] [T] [thread 40049] [9.0] [cxt 0] link_monitor.p4(379) Primitive byte_cnt_reg.read(byte_cnt, (bit<32>)standard_metadata.egress_port)
[13:53:24.792] [bmv2] [T] [thread 40049] [9.0] [cxt 0] Read register 'MyEgress.byte_cnt_reg' at index 0 read value 726
[13:53:24.792] [bmv2] [T] [thread 40049] [9.0] [cxt 0] link_monitor.p4(380) Primitive byte_cnt = byte_cnt + standard_metadata.packet_length
[13:53:24.792] [bmv2] [T] [thread 40049] [9.0] [cxt 0] link_monitor.p4(382) Condition "hdr.probe.isValid()" (node_12) is false
[13:53:24.792] [bmv2] [T] [thread 40049] [9.0] [cxt 0] Applying table 'tbl_link_monitor382_0'
[13:53:24.792] [bmv2] [D] [thread 40049] [9.0] [cxt 0] Looking up key:

[13:53:24.792] [bmv2] [D] [thread 40049] [9.0] [cxt 0] Table 'tbl_link_monitor382_0': miss
[13:53:24.792] [bmv2] [D] [thread 40049] [9.0] [cxt 0] Action entry is link_monitor382_0 - 
[13:53:24.792] [bmv2] [T] [thread 40049] [9.0] [cxt 0] Action link_monitor382_0
[13:53:24.792] [bmv2] [T] [thread 40049] [9.0] [cxt 0] link_monitor.p4(382) Primitive (hdr.probe.isValid()) ? 0 : byte_cnt
[13:53:24.792] [bmv2] [T] [thread 40049] [9.0] [cxt 0] Applying table 'tbl_link_monitor383'
[13:53:24.792] [bmv2] [D] [thread 40049] [9.0] [cxt 0] Looking up key:

[13:53:24.792] [bmv2] [D] [thread 40049] [9.0] [cxt 0] Table 'tbl_link_monitor383': miss
[13:53:24.792] [bmv2] [D] [thread 40049] [9.0] [cxt 0] Action entry is link_monitor383 - 
[13:53:24.792] [bmv2] [T] [thread 40049] [9.0] [cxt 0] Action link_monitor383
[13:53:24.792] [bmv2] [T] [thread 40049] [9.0] [cxt 0] link_monitor.p4(383) Primitive (bit<32>)standard_metadata.egress_port
[13:53:24.792] [bmv2] [T] [thread 40049] [9.0] [cxt 0] link_monitor.p4(383) Primitive byte_cnt_reg.write((bit<32>)standard_metadata.egress_port, new_byte_cnt)
[13:53:24.792] [bmv2] [T] [thread 40049] [9.0] [cxt 0] Wrote register 'MyEgress.byte_cnt_reg' at index 0 with value 816
[13:53:24.792] [bmv2] [T] [thread 40049] [9.0] [cxt 0] link_monitor.p4(385) Condition "hdr.probe.isValid()" (node_16) is false
[13:53:24.792] [bmv2] [D] [thread 40049] [9.0] [cxt 0] Pipeline 'egress': end
[13:53:24.792] [bmv2] [D] [thread 40049] [9.0] [cxt 0] Deparser 'deparser': start
[13:53:24.792] [bmv2] [T] [thread 40049] [9.0] [cxt 0] Skipping checksum 'cksum' update because condition not met
[13:53:24.792] [bmv2] [D] [thread 40049] [9.0] [cxt 0] Deparsing header 'ethernet'
[13:53:24.792] [bmv2] [D] [thread 40049] [9.0] [cxt 0] Deparser 'deparser': end
[13:53:24.792] [bmv2] [D] [thread 40049] [10.0] [cxt 0] Pipeline 'egress': start
[13:53:24.792] [bmv2] [T] [thread 40049] [10.0] [cxt 0] Applying table 'tbl_link_monitor379'
[13:53:24.792] [bmv2] [D] [thread 40049] [10.0] [cxt 0] Looking up key:

[13:53:24.792] [bmv2] [D] [thread 40049] [10.0] [cxt 0] Table 'tbl_link_monitor379': miss
[13:53:24.792] [bmv2] [D] [thread 40049] [10.0] [cxt 0] Action entry is link_monitor379 - 
[13:53:24.792] [bmv2] [T] [thread 40049] [10.0] [cxt 0] Action link_monitor379
[13:53:24.792] [bmv2] [T] [thread 40049] [10.0] [cxt 0] link_monitor.p4(379) Primitive (bit<32>)standard_metadata.egress_port
[13:53:24.792] [bmv2] [T] [thread 40049] [10.0] [cxt 0] link_monitor.p4(379) Primitive byte_cnt_reg.read(byte_cnt, (bit<32>)standard_metadata.egress_port)
[13:53:24.792] [bmv2] [T] [thread 40049] [10.0] [cxt 0] Read register 'MyEgress.byte_cnt_reg' at index 0 read value 816
[13:53:24.792] [bmv2] [T] [thread 40049] [10.0] [cxt 0] link_monitor.p4(380) Primitive byte_cnt = byte_cnt + standard_metadata.packet_length
[13:53:24.792] [bmv2] [T] [thread 40049] [10.0] [cxt 0] link_monitor.p4(382) Condition "hdr.probe.isValid()" (node_12) is false
[13:53:24.792] [bmv2] [T] [thread 40049] [10.0] [cxt 0] Applying table 'tbl_link_monitor382_0'
[13:53:24.792] [bmv2] [D] [thread 40049] [10.0] [cxt 0] Looking up key:

[13:53:24.792] [bmv2] [D] [thread 40049] [10.0] [cxt 0] Table 'tbl_link_monitor382_0': miss
[13:53:24.792] [bmv2] [D] [thread 40049] [10.0] [cxt 0] Action entry is link_monitor382_0 - 
[13:53:24.792] [bmv2] [T] [thread 40049] [10.0] [cxt 0] Action link_monitor382_0
[13:53:24.792] [bmv2] [T] [thread 40049] [10.0] [cxt 0] link_monitor.p4(382) Primitive (hdr.probe.isValid()) ? 0 : byte_cnt
[13:53:24.792] [bmv2] [T] [thread 40049] [10.0] [cxt 0] Applying table 'tbl_link_monitor383'
[13:53:24.792] [bmv2] [D] [thread 40049] [10.0] [cxt 0] Looking up key:

[13:53:24.792] [bmv2] [D] [thread 40049] [10.0] [cxt 0] Table 'tbl_link_monitor383': miss
[13:53:24.792] [bmv2] [D] [thread 40049] [10.0] [cxt 0] Action entry is link_monitor383 - 
[13:53:24.792] [bmv2] [T] [thread 40049] [10.0] [cxt 0] Action link_monitor383
[13:53:24.792] [bmv2] [T] [thread 40049] [10.0] [cxt 0] link_monitor.p4(383) Primitive (bit<32>)standard_metadata.egress_port
[13:53:24.792] [bmv2] [T] [thread 40049] [10.0] [cxt 0] link_monitor.p4(383) Primitive byte_cnt_reg.write((bit<32>)standard_metadata.egress_port, new_byte_cnt)
[13:53:24.792] [bmv2] [T] [thread 40049] [10.0] [cxt 0] Wrote register 'MyEgress.byte_cnt_reg' at index 0 with value 886
[13:53:24.792] [bmv2] [T] [thread 40049] [10.0] [cxt 0] link_monitor.p4(385) Condition "hdr.probe.isValid()" (node_16) is false
[13:53:24.792] [bmv2] [D] [thread 40049] [10.0] [cxt 0] Pipeline 'egress': end
[13:53:24.792] [bmv2] [D] [thread 40049] [10.0] [cxt 0] Deparser 'deparser': start
[13:53:24.792] [bmv2] [T] [thread 40049] [10.0] [cxt 0] Skipping checksum 'cksum' update because condition not met
[13:53:24.792] [bmv2] [D] [thread 40049] [10.0] [cxt 0] Deparsing header 'ethernet'
[13:53:24.792] [bmv2] [D] [thread 40049] [10.0] [cxt 0] Deparser 'deparser': end
[13:53:24.792] [bmv2] [D] [thread 40053] [9.0] [cxt 0] Transmitting packet of size 90 out of port 0
[13:53:24.792] [bmv2] [D] [thread 40053] [10.0] [cxt 0] Transmitting packet of size 70 out of port 0
[13:53:24.998] [bmv2] [D] [thread 40048] [11.0] [cxt 0] Processing packet received on port 4
[13:53:24.998] [bmv2] [D] [thread 40048] [11.0] [cxt 0] Parser 'parser': start
[13:53:24.998] [bmv2] [D] [thread 40048] [11.0] [cxt 0] Parser 'parser' entering state 'start'
[13:53:24.998] [bmv2] [D] [thread 40048] [11.0] [cxt 0] Extracting header 'ethernet'
[13:53:24.998] [bmv2] [D] [thread 40048] [11.0] [cxt 0] Parser state 'start': key is 86dd
[13:53:24.998] [bmv2] [T] [thread 40048] [11.0] [cxt 0] Bytes parsed: 14
[13:53:24.998] [bmv2] [D] [thread 40048] [11.0] [cxt 0] Parser 'parser': end
[13:53:24.998] [bmv2] [D] [thread 40048] [11.0] [cxt 0] Pipeline 'ingress': start
[13:53:24.998] [bmv2] [T] [thread 40048] [11.0] [cxt 0] link_monitor.p4(333) Condition "hdr.tcp.isValid()" (node_2) is false
[13:53:24.998] [bmv2] [T] [thread 40048] [11.0] [cxt 0] link_monitor.p4(337) Condition "hdr.ipv4.isValid()" (node_5) is false
[13:53:24.998] [bmv2] [T] [thread 40048] [11.0] [cxt 0] link_monitor.p4(340) Condition "hdr.probe.isValid()" (node_7) is false
[13:53:24.998] [bmv2] [D] [thread 40048] [11.0] [cxt 0] Pipeline 'ingress': end
[13:53:24.998] [bmv2] [D] [thread 40048] [11.0] [cxt 0] Egress port is 0
[13:53:24.998] [bmv2] [D] [thread 40049] [11.0] [cxt 0] Pipeline 'egress': start
[13:53:24.998] [bmv2] [T] [thread 40049] [11.0] [cxt 0] Applying table 'tbl_link_monitor379'
[13:53:24.998] [bmv2] [D] [thread 40049] [11.0] [cxt 0] Looking up key:

[13:53:24.998] [bmv2] [D] [thread 40049] [11.0] [cxt 0] Table 'tbl_link_monitor379': miss
[13:53:24.998] [bmv2] [D] [thread 40049] [11.0] [cxt 0] Action entry is link_monitor379 - 
[13:53:24.998] [bmv2] [T] [thread 40049] [11.0] [cxt 0] Action link_monitor379
[13:53:24.998] [bmv2] [T] [thread 40049] [11.0] [cxt 0] link_monitor.p4(379) Primitive (bit<32>)standard_metadata.egress_port
[13:53:24.998] [bmv2] [T] [thread 40049] [11.0] [cxt 0] link_monitor.p4(379) Primitive byte_cnt_reg.read(byte_cnt, (bit<32>)standard_metadata.egress_port)
[13:53:24.998] [bmv2] [T] [thread 40049] [11.0] [cxt 0] Read register 'MyEgress.byte_cnt_reg' at index 0 read value 886
[13:53:24.998] [bmv2] [T] [thread 40049] [11.0] [cxt 0] link_monitor.p4(380) Primitive byte_cnt = byte_cnt + standard_metadata.packet_length
[13:53:24.998] [bmv2] [T] [thread 40049] [11.0] [cxt 0] link_monitor.p4(382) Condition "hdr.probe.isValid()" (node_12) is false
[13:53:24.998] [bmv2] [T] [thread 40049] [11.0] [cxt 0] Applying table 'tbl_link_monitor382_0'
[13:53:24.998] [bmv2] [D] [thread 40049] [11.0] [cxt 0] Looking up key:

[13:53:24.998] [bmv2] [D] [thread 40049] [11.0] [cxt 0] Table 'tbl_link_monitor382_0': miss
[13:53:24.998] [bmv2] [D] [thread 40049] [11.0] [cxt 0] Action entry is link_monitor382_0 - 
[13:53:24.998] [bmv2] [T] [thread 40049] [11.0] [cxt 0] Action link_monitor382_0
[13:53:24.998] [bmv2] [T] [thread 40049] [11.0] [cxt 0] link_monitor.p4(382) Primitive (hdr.probe.isValid()) ? 0 : byte_cnt
[13:53:24.998] [bmv2] [T] [thread 40049] [11.0] [cxt 0] Applying table 'tbl_link_monitor383'
[13:53:24.998] [bmv2] [D] [thread 40049] [11.0] [cxt 0] Looking up key:

[13:53:24.998] [bmv2] [D] [thread 40049] [11.0] [cxt 0] Table 'tbl_link_monitor383': miss
[13:53:24.998] [bmv2] [D] [thread 40049] [11.0] [cxt 0] Action entry is link_monitor383 - 
[13:53:24.998] [bmv2] [T] [thread 40049] [11.0] [cxt 0] Action link_monitor383
[13:53:24.998] [bmv2] [T] [thread 40049] [11.0] [cxt 0] link_monitor.p4(383) Primitive (bit<32>)standard_metadata.egress_port
[13:53:24.998] [bmv2] [T] [thread 40049] [11.0] [cxt 0] link_monitor.p4(383) Primitive byte_cnt_reg.write((bit<32>)standard_metadata.egress_port, new_byte_cnt)
[13:53:24.998] [bmv2] [T] [thread 40049] [11.0] [cxt 0] Wrote register 'MyEgress.byte_cnt_reg' at index 0 with value 976
[13:53:24.998] [bmv2] [T] [thread 40049] [11.0] [cxt 0] link_monitor.p4(385) Condition "hdr.probe.isValid()" (node_16) is false
[13:53:24.998] [bmv2] [D] [thread 40049] [11.0] [cxt 0] Pipeline 'egress': end
[13:53:24.998] [bmv2] [D] [thread 40049] [11.0] [cxt 0] Deparser 'deparser': start
[13:53:24.998] [bmv2] [T] [thread 40049] [11.0] [cxt 0] Skipping checksum 'cksum' update because condition not met
[13:53:24.998] [bmv2] [D] [thread 40049] [11.0] [cxt 0] Deparsing header 'ethernet'
[13:53:24.998] [bmv2] [D] [thread 40049] [11.0] [cxt 0] Deparser 'deparser': end
[13:53:24.998] [bmv2] [D] [thread 40053] [11.0] [cxt 0] Transmitting packet of size 90 out of port 0
[13:53:25.037] [bmv2] [D] [thread 40048] [12.0] [cxt 0] Processing packet received on port 3
[13:53:25.037] [bmv2] [D] [thread 40048] [12.0] [cxt 0] Parser 'parser': start
[13:53:25.037] [bmv2] [D] [thread 40048] [12.0] [cxt 0] Parser 'parser' entering state 'start'
[13:53:25.037] [bmv2] [D] [thread 40048] [12.0] [cxt 0] Extracting header 'ethernet'
[13:53:25.037] [bmv2] [D] [thread 40048] [12.0] [cxt 0] Parser state 'start': key is 86dd
[13:53:25.037] [bmv2] [T] [thread 40048] [12.0] [cxt 0] Bytes parsed: 14
[13:53:25.037] [bmv2] [D] [thread 40048] [12.0] [cxt 0] Parser 'parser': end
[13:53:25.037] [bmv2] [D] [thread 40048] [12.0] [cxt 0] Pipeline 'ingress': start
[13:53:25.037] [bmv2] [T] [thread 40048] [12.0] [cxt 0] link_monitor.p4(333) Condition "hdr.tcp.isValid()" (node_2) is false
[13:53:25.037] [bmv2] [T] [thread 40048] [12.0] [cxt 0] link_monitor.p4(337) Condition "hdr.ipv4.isValid()" (node_5) is false
[13:53:25.037] [bmv2] [T] [thread 40048] [12.0] [cxt 0] link_monitor.p4(340) Condition "hdr.probe.isValid()" (node_7) is false
[13:53:25.037] [bmv2] [D] [thread 40048] [12.0] [cxt 0] Pipeline 'ingress': end
[13:53:25.037] [bmv2] [D] [thread 40048] [12.0] [cxt 0] Egress port is 0
[13:53:25.037] [bmv2] [D] [thread 40049] [12.0] [cxt 0] Pipeline 'egress': start
[13:53:25.037] [bmv2] [T] [thread 40049] [12.0] [cxt 0] Applying table 'tbl_link_monitor379'
[13:53:25.037] [bmv2] [D] [thread 40049] [12.0] [cxt 0] Looking up key:

[13:53:25.037] [bmv2] [D] [thread 40049] [12.0] [cxt 0] Table 'tbl_link_monitor379': miss
[13:53:25.037] [bmv2] [D] [thread 40049] [12.0] [cxt 0] Action entry is link_monitor379 - 
[13:53:25.037] [bmv2] [T] [thread 40049] [12.0] [cxt 0] Action link_monitor379
[13:53:25.037] [bmv2] [T] [thread 40049] [12.0] [cxt 0] link_monitor.p4(379) Primitive (bit<32>)standard_metadata.egress_port
[13:53:25.037] [bmv2] [T] [thread 40049] [12.0] [cxt 0] link_monitor.p4(379) Primitive byte_cnt_reg.read(byte_cnt, (bit<32>)standard_metadata.egress_port)
[13:53:25.037] [bmv2] [T] [thread 40049] [12.0] [cxt 0] Read register 'MyEgress.byte_cnt_reg' at index 0 read value 976
[13:53:25.037] [bmv2] [T] [thread 40049] [12.0] [cxt 0] link_monitor.p4(380) Primitive byte_cnt = byte_cnt + standard_metadata.packet_length
[13:53:25.037] [bmv2] [T] [thread 40049] [12.0] [cxt 0] link_monitor.p4(382) Condition "hdr.probe.isValid()" (node_12) is false
[13:53:25.037] [bmv2] [T] [thread 40049] [12.0] [cxt 0] Applying table 'tbl_link_monitor382_0'
[13:53:25.037] [bmv2] [D] [thread 40049] [12.0] [cxt 0] Looking up key:

[13:53:25.037] [bmv2] [D] [thread 40049] [12.0] [cxt 0] Table 'tbl_link_monitor382_0': miss
[13:53:25.037] [bmv2] [D] [thread 40049] [12.0] [cxt 0] Action entry is link_monitor382_0 - 
[13:53:25.037] [bmv2] [T] [thread 40049] [12.0] [cxt 0] Action link_monitor382_0
[13:53:25.037] [bmv2] [T] [thread 40049] [12.0] [cxt 0] link_monitor.p4(382) Primitive (hdr.probe.isValid()) ? 0 : byte_cnt
[13:53:25.037] [bmv2] [T] [thread 40049] [12.0] [cxt 0] Applying table 'tbl_link_monitor383'
[13:53:25.037] [bmv2] [D] [thread 40049] [12.0] [cxt 0] Looking up key:

[13:53:25.037] [bmv2] [D] [thread 40049] [12.0] [cxt 0] Table 'tbl_link_monitor383': miss
[13:53:25.037] [bmv2] [D] [thread 40049] [12.0] [cxt 0] Action entry is link_monitor383 - 
[13:53:25.037] [bmv2] [T] [thread 40049] [12.0] [cxt 0] Action link_monitor383
[13:53:25.037] [bmv2] [T] [thread 40049] [12.0] [cxt 0] link_monitor.p4(383) Primitive (bit<32>)standard_metadata.egress_port
[13:53:25.037] [bmv2] [T] [thread 40049] [12.0] [cxt 0] link_monitor.p4(383) Primitive byte_cnt_reg.write((bit<32>)standard_metadata.egress_port, new_byte_cnt)
[13:53:25.037] [bmv2] [T] [thread 40049] [12.0] [cxt 0] Wrote register 'MyEgress.byte_cnt_reg' at index 0 with value 1066
[13:53:25.037] [bmv2] [T] [thread 40049] [12.0] [cxt 0] link_monitor.p4(385) Condition "hdr.probe.isValid()" (node_16) is false
[13:53:25.037] [bmv2] [D] [thread 40049] [12.0] [cxt 0] Pipeline 'egress': end
[13:53:25.037] [bmv2] [D] [thread 40049] [12.0] [cxt 0] Deparser 'deparser': start
[13:53:25.037] [bmv2] [T] [thread 40049] [12.0] [cxt 0] Skipping checksum 'cksum' update because condition not met
[13:53:25.037] [bmv2] [D] [thread 40049] [12.0] [cxt 0] Deparsing header 'ethernet'
[13:53:25.037] [bmv2] [D] [thread 40049] [12.0] [cxt 0] Deparser 'deparser': end
[13:53:25.037] [bmv2] [D] [thread 40053] [12.0] [cxt 0] Transmitting packet of size 90 out of port 0
[13:53:25.093] [bmv2] [D] [thread 40048] [13.0] [cxt 0] Processing packet received on port 1
[13:53:25.093] [bmv2] [D] [thread 40048] [13.0] [cxt 0] Parser 'parser': start
[13:53:25.093] [bmv2] [D] [thread 40048] [13.0] [cxt 0] Parser 'parser' entering state 'start'
[13:53:25.093] [bmv2] [D] [thread 40048] [13.0] [cxt 0] Extracting header 'ethernet'
[13:53:25.093] [bmv2] [D] [thread 40048] [13.0] [cxt 0] Parser state 'start': key is 86dd
[13:53:25.093] [bmv2] [T] [thread 40048] [13.0] [cxt 0] Bytes parsed: 14
[13:53:25.093] [bmv2] [D] [thread 40048] [13.0] [cxt 0] Parser 'parser': end
[13:53:25.093] [bmv2] [D] [thread 40048] [13.0] [cxt 0] Pipeline 'ingress': start
[13:53:25.093] [bmv2] [T] [thread 40048] [13.0] [cxt 0] link_monitor.p4(333) Condition "hdr.tcp.isValid()" (node_2) is false
[13:53:25.093] [bmv2] [T] [thread 40048] [13.0] [cxt 0] link_monitor.p4(337) Condition "hdr.ipv4.isValid()" (node_5) is false
[13:53:25.093] [bmv2] [T] [thread 40048] [13.0] [cxt 0] link_monitor.p4(340) Condition "hdr.probe.isValid()" (node_7) is false
[13:53:25.093] [bmv2] [D] [thread 40048] [13.0] [cxt 0] Pipeline 'ingress': end
[13:53:25.093] [bmv2] [D] [thread 40048] [13.0] [cxt 0] Egress port is 0
[13:53:25.094] [bmv2] [D] [thread 40049] [13.0] [cxt 0] Pipeline 'egress': start
[13:53:25.094] [bmv2] [T] [thread 40049] [13.0] [cxt 0] Applying table 'tbl_link_monitor379'
[13:53:25.094] [bmv2] [D] [thread 40049] [13.0] [cxt 0] Looking up key:

[13:53:25.094] [bmv2] [D] [thread 40049] [13.0] [cxt 0] Table 'tbl_link_monitor379': miss
[13:53:25.094] [bmv2] [D] [thread 40049] [13.0] [cxt 0] Action entry is link_monitor379 - 
[13:53:25.094] [bmv2] [T] [thread 40049] [13.0] [cxt 0] Action link_monitor379
[13:53:25.094] [bmv2] [T] [thread 40049] [13.0] [cxt 0] link_monitor.p4(379) Primitive (bit<32>)standard_metadata.egress_port
[13:53:25.094] [bmv2] [T] [thread 40049] [13.0] [cxt 0] link_monitor.p4(379) Primitive byte_cnt_reg.read(byte_cnt, (bit<32>)standard_metadata.egress_port)
[13:53:25.094] [bmv2] [T] [thread 40049] [13.0] [cxt 0] Read register 'MyEgress.byte_cnt_reg' at index 0 read value 1066
[13:53:25.094] [bmv2] [T] [thread 40049] [13.0] [cxt 0] link_monitor.p4(380) Primitive byte_cnt = byte_cnt + standard_metadata.packet_length
[13:53:25.094] [bmv2] [T] [thread 40049] [13.0] [cxt 0] link_monitor.p4(382) Condition "hdr.probe.isValid()" (node_12) is false
[13:53:25.094] [bmv2] [T] [thread 40049] [13.0] [cxt 0] Applying table 'tbl_link_monitor382_0'
[13:53:25.094] [bmv2] [D] [thread 40049] [13.0] [cxt 0] Looking up key:

[13:53:25.094] [bmv2] [D] [thread 40049] [13.0] [cxt 0] Table 'tbl_link_monitor382_0': miss
[13:53:25.094] [bmv2] [D] [thread 40049] [13.0] [cxt 0] Action entry is link_monitor382_0 - 
[13:53:25.094] [bmv2] [T] [thread 40049] [13.0] [cxt 0] Action link_monitor382_0
[13:53:25.094] [bmv2] [T] [thread 40049] [13.0] [cxt 0] link_monitor.p4(382) Primitive (hdr.probe.isValid()) ? 0 : byte_cnt
[13:53:25.094] [bmv2] [T] [thread 40049] [13.0] [cxt 0] Applying table 'tbl_link_monitor383'
[13:53:25.094] [bmv2] [D] [thread 40049] [13.0] [cxt 0] Looking up key:

[13:53:25.094] [bmv2] [D] [thread 40049] [13.0] [cxt 0] Table 'tbl_link_monitor383': miss
[13:53:25.094] [bmv2] [D] [thread 40049] [13.0] [cxt 0] Action entry is link_monitor383 - 
[13:53:25.094] [bmv2] [T] [thread 40049] [13.0] [cxt 0] Action link_monitor383
[13:53:25.094] [bmv2] [T] [thread 40049] [13.0] [cxt 0] link_monitor.p4(383) Primitive (bit<32>)standard_metadata.egress_port
[13:53:25.094] [bmv2] [T] [thread 40049] [13.0] [cxt 0] link_monitor.p4(383) Primitive byte_cnt_reg.write((bit<32>)standard_metadata.egress_port, new_byte_cnt)
[13:53:25.094] [bmv2] [T] [thread 40049] [13.0] [cxt 0] Wrote register 'MyEgress.byte_cnt_reg' at index 0 with value 1156
[13:53:25.094] [bmv2] [T] [thread 40049] [13.0] [cxt 0] link_monitor.p4(385) Condition "hdr.probe.isValid()" (node_16) is false
[13:53:25.094] [bmv2] [D] [thread 40049] [13.0] [cxt 0] Pipeline 'egress': end
[13:53:25.094] [bmv2] [D] [thread 40049] [13.0] [cxt 0] Deparser 'deparser': start
[13:53:25.094] [bmv2] [T] [thread 40049] [13.0] [cxt 0] Skipping checksum 'cksum' update because condition not met
[13:53:25.094] [bmv2] [D] [thread 40049] [13.0] [cxt 0] Deparsing header 'ethernet'
[13:53:25.094] [bmv2] [D] [thread 40049] [13.0] [cxt 0] Deparser 'deparser': end
[13:53:25.094] [bmv2] [D] [thread 40053] [13.0] [cxt 0] Transmitting packet of size 90 out of port 0
[13:53:25.122] [bmv2] [D] [thread 40048] [14.0] [cxt 0] Processing packet received on port 3
[13:53:25.122] [bmv2] [D] [thread 40048] [14.0] [cxt 0] Parser 'parser': start
[13:53:25.122] [bmv2] [D] [thread 40048] [14.0] [cxt 0] Parser 'parser' entering state 'start'
[13:53:25.122] [bmv2] [D] [thread 40048] [14.0] [cxt 0] Extracting header 'ethernet'
[13:53:25.122] [bmv2] [D] [thread 40048] [14.0] [cxt 0] Parser state 'start': key is 86dd
[13:53:25.122] [bmv2] [T] [thread 40048] [14.0] [cxt 0] Bytes parsed: 14
[13:53:25.122] [bmv2] [D] [thread 40048] [14.0] [cxt 0] Parser 'parser': end
[13:53:25.122] [bmv2] [D] [thread 40048] [14.0] [cxt 0] Pipeline 'ingress': start
[13:53:25.122] [bmv2] [T] [thread 40048] [14.0] [cxt 0] link_monitor.p4(333) Condition "hdr.tcp.isValid()" (node_2) is false
[13:53:25.122] [bmv2] [T] [thread 40048] [14.0] [cxt 0] link_monitor.p4(337) Condition "hdr.ipv4.isValid()" (node_5) is false
[13:53:25.122] [bmv2] [T] [thread 40048] [14.0] [cxt 0] link_monitor.p4(340) Condition "hdr.probe.isValid()" (node_7) is false
[13:53:25.122] [bmv2] [D] [thread 40048] [14.0] [cxt 0] Pipeline 'ingress': end
[13:53:25.122] [bmv2] [D] [thread 40048] [14.0] [cxt 0] Egress port is 0
[13:53:25.122] [bmv2] [D] [thread 40049] [14.0] [cxt 0] Pipeline 'egress': start
[13:53:25.122] [bmv2] [T] [thread 40049] [14.0] [cxt 0] Applying table 'tbl_link_monitor379'
[13:53:25.122] [bmv2] [D] [thread 40049] [14.0] [cxt 0] Looking up key:

[13:53:25.122] [bmv2] [D] [thread 40049] [14.0] [cxt 0] Table 'tbl_link_monitor379': miss
[13:53:25.122] [bmv2] [D] [thread 40049] [14.0] [cxt 0] Action entry is link_monitor379 - 
[13:53:25.122] [bmv2] [T] [thread 40049] [14.0] [cxt 0] Action link_monitor379
[13:53:25.122] [bmv2] [T] [thread 40049] [14.0] [cxt 0] link_monitor.p4(379) Primitive (bit<32>)standard_metadata.egress_port
[13:53:25.122] [bmv2] [T] [thread 40049] [14.0] [cxt 0] link_monitor.p4(379) Primitive byte_cnt_reg.read(byte_cnt, (bit<32>)standard_metadata.egress_port)
[13:53:25.122] [bmv2] [T] [thread 40049] [14.0] [cxt 0] Read register 'MyEgress.byte_cnt_reg' at index 0 read value 1156
[13:53:25.122] [bmv2] [T] [thread 40049] [14.0] [cxt 0] link_monitor.p4(380) Primitive byte_cnt = byte_cnt + standard_metadata.packet_length
[13:53:25.122] [bmv2] [T] [thread 40049] [14.0] [cxt 0] link_monitor.p4(382) Condition "hdr.probe.isValid()" (node_12) is false
[13:53:25.122] [bmv2] [T] [thread 40049] [14.0] [cxt 0] Applying table 'tbl_link_monitor382_0'
[13:53:25.122] [bmv2] [D] [thread 40049] [14.0] [cxt 0] Looking up key:

[13:53:25.122] [bmv2] [D] [thread 40049] [14.0] [cxt 0] Table 'tbl_link_monitor382_0': miss
[13:53:25.122] [bmv2] [D] [thread 40049] [14.0] [cxt 0] Action entry is link_monitor382_0 - 
[13:53:25.122] [bmv2] [T] [thread 40049] [14.0] [cxt 0] Action link_monitor382_0
[13:53:25.122] [bmv2] [T] [thread 40049] [14.0] [cxt 0] link_monitor.p4(382) Primitive (hdr.probe.isValid()) ? 0 : byte_cnt
[13:53:25.122] [bmv2] [T] [thread 40049] [14.0] [cxt 0] Applying table 'tbl_link_monitor383'
[13:53:25.122] [bmv2] [D] [thread 40049] [14.0] [cxt 0] Looking up key:

[13:53:25.122] [bmv2] [D] [thread 40049] [14.0] [cxt 0] Table 'tbl_link_monitor383': miss
[13:53:25.122] [bmv2] [D] [thread 40049] [14.0] [cxt 0] Action entry is link_monitor383 - 
[13:53:25.122] [bmv2] [T] [thread 40049] [14.0] [cxt 0] Action link_monitor383
[13:53:25.122] [bmv2] [T] [thread 40049] [14.0] [cxt 0] link_monitor.p4(383) Primitive (bit<32>)standard_metadata.egress_port
[13:53:25.122] [bmv2] [T] [thread 40049] [14.0] [cxt 0] link_monitor.p4(383) Primitive byte_cnt_reg.write((bit<32>)standard_metadata.egress_port, new_byte_cnt)
[13:53:25.122] [bmv2] [T] [thread 40049] [14.0] [cxt 0] Wrote register 'MyEgress.byte_cnt_reg' at index 0 with value 1246
[13:53:25.122] [bmv2] [T] [thread 40049] [14.0] [cxt 0] link_monitor.p4(385) Condition "hdr.probe.isValid()" (node_16) is false
[13:53:25.122] [bmv2] [D] [thread 40049] [14.0] [cxt 0] Pipeline 'egress': end
[13:53:25.122] [bmv2] [D] [thread 40049] [14.0] [cxt 0] Deparser 'deparser': start
[13:53:25.122] [bmv2] [T] [thread 40049] [14.0] [cxt 0] Skipping checksum 'cksum' update because condition not met
[13:53:25.122] [bmv2] [D] [thread 40049] [14.0] [cxt 0] Deparsing header 'ethernet'
[13:53:25.122] [bmv2] [D] [thread 40049] [14.0] [cxt 0] Deparser 'deparser': end
[13:53:25.122] [bmv2] [D] [thread 40053] [14.0] [cxt 0] Transmitting packet of size 90 out of port 0
[13:53:25.171] [bmv2] [D] [thread 40048] [15.0] [cxt 0] Processing packet received on port 4
[13:53:25.171] [bmv2] [D] [thread 40048] [15.0] [cxt 0] Parser 'parser': start
[13:53:25.171] [bmv2] [D] [thread 40048] [15.0] [cxt 0] Parser 'parser' entering state 'start'
[13:53:25.171] [bmv2] [D] [thread 40048] [15.0] [cxt 0] Extracting header 'ethernet'
[13:53:25.171] [bmv2] [D] [thread 40048] [15.0] [cxt 0] Parser state 'start': key is 86dd
[13:53:25.171] [bmv2] [T] [thread 40048] [15.0] [cxt 0] Bytes parsed: 14
[13:53:25.171] [bmv2] [D] [thread 40048] [15.0] [cxt 0] Parser 'parser': end
[13:53:25.171] [bmv2] [D] [thread 40048] [15.0] [cxt 0] Pipeline 'ingress': start
[13:53:25.171] [bmv2] [T] [thread 40048] [15.0] [cxt 0] link_monitor.p4(333) Condition "hdr.tcp.isValid()" (node_2) is false
[13:53:25.171] [bmv2] [T] [thread 40048] [15.0] [cxt 0] link_monitor.p4(337) Condition "hdr.ipv4.isValid()" (node_5) is false
[13:53:25.171] [bmv2] [T] [thread 40048] [15.0] [cxt 0] link_monitor.p4(340) Condition "hdr.probe.isValid()" (node_7) is false
[13:53:25.171] [bmv2] [D] [thread 40048] [15.0] [cxt 0] Pipeline 'ingress': end
[13:53:25.171] [bmv2] [D] [thread 40048] [15.0] [cxt 0] Egress port is 0
[13:53:25.171] [bmv2] [D] [thread 40048] [16.0] [cxt 0] Processing packet received on port 4
[13:53:25.171] [bmv2] [D] [thread 40048] [16.0] [cxt 0] Parser 'parser': start
[13:53:25.171] [bmv2] [D] [thread 40048] [16.0] [cxt 0] Parser 'parser' entering state 'start'
[13:53:25.171] [bmv2] [D] [thread 40048] [16.0] [cxt 0] Extracting header 'ethernet'
[13:53:25.171] [bmv2] [D] [thread 40048] [16.0] [cxt 0] Parser state 'start': key is 86dd
[13:53:25.171] [bmv2] [T] [thread 40048] [16.0] [cxt 0] Bytes parsed: 14
[13:53:25.171] [bmv2] [D] [thread 40048] [16.0] [cxt 0] Parser 'parser': end
[13:53:25.171] [bmv2] [D] [thread 40048] [16.0] [cxt 0] Pipeline 'ingress': start
[13:53:25.171] [bmv2] [T] [thread 40048] [16.0] [cxt 0] link_monitor.p4(333) Condition "hdr.tcp.isValid()" (node_2) is false
[13:53:25.171] [bmv2] [T] [thread 40048] [16.0] [cxt 0] link_monitor.p4(337) Condition "hdr.ipv4.isValid()" (node_5) is false
[13:53:25.171] [bmv2] [T] [thread 40048] [16.0] [cxt 0] link_monitor.p4(340) Condition "hdr.probe.isValid()" (node_7) is false
[13:53:25.171] [bmv2] [D] [thread 40048] [16.0] [cxt 0] Pipeline 'ingress': end
[13:53:25.171] [bmv2] [D] [thread 40048] [16.0] [cxt 0] Egress port is 0
[13:53:25.172] [bmv2] [D] [thread 40049] [15.0] [cxt 0] Pipeline 'egress': start
[13:53:25.172] [bmv2] [T] [thread 40049] [15.0] [cxt 0] Applying table 'tbl_link_monitor379'
[13:53:25.172] [bmv2] [D] [thread 40049] [15.0] [cxt 0] Looking up key:

[13:53:25.172] [bmv2] [D] [thread 40049] [15.0] [cxt 0] Table 'tbl_link_monitor379': miss
[13:53:25.172] [bmv2] [D] [thread 40049] [15.0] [cxt 0] Action entry is link_monitor379 - 
[13:53:25.172] [bmv2] [T] [thread 40049] [15.0] [cxt 0] Action link_monitor379
[13:53:25.172] [bmv2] [T] [thread 40049] [15.0] [cxt 0] link_monitor.p4(379) Primitive (bit<32>)standard_metadata.egress_port
[13:53:25.172] [bmv2] [T] [thread 40049] [15.0] [cxt 0] link_monitor.p4(379) Primitive byte_cnt_reg.read(byte_cnt, (bit<32>)standard_metadata.egress_port)
[13:53:25.172] [bmv2] [T] [thread 40049] [15.0] [cxt 0] Read register 'MyEgress.byte_cnt_reg' at index 0 read value 1246
[13:53:25.172] [bmv2] [T] [thread 40049] [15.0] [cxt 0] link_monitor.p4(380) Primitive byte_cnt = byte_cnt + standard_metadata.packet_length
[13:53:25.172] [bmv2] [T] [thread 40049] [15.0] [cxt 0] link_monitor.p4(382) Condition "hdr.probe.isValid()" (node_12) is false
[13:53:25.172] [bmv2] [T] [thread 40049] [15.0] [cxt 0] Applying table 'tbl_link_monitor382_0'
[13:53:25.172] [bmv2] [D] [thread 40049] [15.0] [cxt 0] Looking up key:

[13:53:25.172] [bmv2] [D] [thread 40049] [15.0] [cxt 0] Table 'tbl_link_monitor382_0': miss
[13:53:25.172] [bmv2] [D] [thread 40049] [15.0] [cxt 0] Action entry is link_monitor382_0 - 
[13:53:25.172] [bmv2] [T] [thread 40049] [15.0] [cxt 0] Action link_monitor382_0
[13:53:25.172] [bmv2] [T] [thread 40049] [15.0] [cxt 0] link_monitor.p4(382) Primitive (hdr.probe.isValid()) ? 0 : byte_cnt
[13:53:25.172] [bmv2] [T] [thread 40049] [15.0] [cxt 0] Applying table 'tbl_link_monitor383'
[13:53:25.172] [bmv2] [D] [thread 40049] [15.0] [cxt 0] Looking up key:

[13:53:25.172] [bmv2] [D] [thread 40049] [15.0] [cxt 0] Table 'tbl_link_monitor383': miss
[13:53:25.172] [bmv2] [D] [thread 40049] [15.0] [cxt 0] Action entry is link_monitor383 - 
[13:53:25.172] [bmv2] [T] [thread 40049] [15.0] [cxt 0] Action link_monitor383
[13:53:25.172] [bmv2] [T] [thread 40049] [15.0] [cxt 0] link_monitor.p4(383) Primitive (bit<32>)standard_metadata.egress_port
[13:53:25.172] [bmv2] [T] [thread 40049] [15.0] [cxt 0] link_monitor.p4(383) Primitive byte_cnt_reg.write((bit<32>)standard_metadata.egress_port, new_byte_cnt)
[13:53:25.172] [bmv2] [T] [thread 40049] [15.0] [cxt 0] Wrote register 'MyEgress.byte_cnt_reg' at index 0 with value 1336
[13:53:25.172] [bmv2] [T] [thread 40049] [15.0] [cxt 0] link_monitor.p4(385) Condition "hdr.probe.isValid()" (node_16) is false
[13:53:25.172] [bmv2] [D] [thread 40049] [15.0] [cxt 0] Pipeline 'egress': end
[13:53:25.172] [bmv2] [D] [thread 40049] [15.0] [cxt 0] Deparser 'deparser': start
[13:53:25.172] [bmv2] [T] [thread 40049] [15.0] [cxt 0] Skipping checksum 'cksum' update because condition not met
[13:53:25.172] [bmv2] [D] [thread 40049] [15.0] [cxt 0] Deparsing header 'ethernet'
[13:53:25.172] [bmv2] [D] [thread 40049] [15.0] [cxt 0] Deparser 'deparser': end
[13:53:25.172] [bmv2] [D] [thread 40049] [16.0] [cxt 0] Pipeline 'egress': start
[13:53:25.172] [bmv2] [T] [thread 40049] [16.0] [cxt 0] Applying table 'tbl_link_monitor379'
[13:53:25.172] [bmv2] [D] [thread 40049] [16.0] [cxt 0] Looking up key:

[13:53:25.172] [bmv2] [D] [thread 40049] [16.0] [cxt 0] Table 'tbl_link_monitor379': miss
[13:53:25.172] [bmv2] [D] [thread 40049] [16.0] [cxt 0] Action entry is link_monitor379 - 
[13:53:25.172] [bmv2] [T] [thread 40049] [16.0] [cxt 0] Action link_monitor379
[13:53:25.172] [bmv2] [T] [thread 40049] [16.0] [cxt 0] link_monitor.p4(379) Primitive (bit<32>)standard_metadata.egress_port
[13:53:25.172] [bmv2] [T] [thread 40049] [16.0] [cxt 0] link_monitor.p4(379) Primitive byte_cnt_reg.read(byte_cnt, (bit<32>)standard_metadata.egress_port)
[13:53:25.172] [bmv2] [T] [thread 40049] [16.0] [cxt 0] Read register 'MyEgress.byte_cnt_reg' at index 0 read value 1336
[13:53:25.172] [bmv2] [T] [thread 40049] [16.0] [cxt 0] link_monitor.p4(380) Primitive byte_cnt = byte_cnt + standard_metadata.packet_length
[13:53:25.172] [bmv2] [T] [thread 40049] [16.0] [cxt 0] link_monitor.p4(382) Condition "hdr.probe.isValid()" (node_12) is false
[13:53:25.172] [bmv2] [T] [thread 40049] [16.0] [cxt 0] Applying table 'tbl_link_monitor382_0'
[13:53:25.172] [bmv2] [D] [thread 40049] [16.0] [cxt 0] Looking up key:

[13:53:25.172] [bmv2] [D] [thread 40049] [16.0] [cxt 0] Table 'tbl_link_monitor382_0': miss
[13:53:25.172] [bmv2] [D] [thread 40049] [16.0] [cxt 0] Action entry is link_monitor382_0 - 
[13:53:25.172] [bmv2] [T] [thread 40049] [16.0] [cxt 0] Action link_monitor382_0
[13:53:25.172] [bmv2] [T] [thread 40049] [16.0] [cxt 0] link_monitor.p4(382) Primitive (hdr.probe.isValid()) ? 0 : byte_cnt
[13:53:25.172] [bmv2] [T] [thread 40049] [16.0] [cxt 0] Applying table 'tbl_link_monitor383'
[13:53:25.172] [bmv2] [D] [thread 40049] [16.0] [cxt 0] Looking up key:

[13:53:25.172] [bmv2] [D] [thread 40049] [16.0] [cxt 0] Table 'tbl_link_monitor383': miss
[13:53:25.172] [bmv2] [D] [thread 40049] [16.0] [cxt 0] Action entry is link_monitor383 - 
[13:53:25.172] [bmv2] [T] [thread 40049] [16.0] [cxt 0] Action link_monitor383
[13:53:25.172] [bmv2] [T] [thread 40049] [16.0] [cxt 0] link_monitor.p4(383) Primitive (bit<32>)standard_metadata.egress_port
[13:53:25.172] [bmv2] [T] [thread 40049] [16.0] [cxt 0] link_monitor.p4(383) Primitive byte_cnt_reg.write((bit<32>)standard_metadata.egress_port, new_byte_cnt)
[13:53:25.172] [bmv2] [T] [thread 40049] [16.0] [cxt 0] Wrote register 'MyEgress.byte_cnt_reg' at index 0 with value 1406
[13:53:25.172] [bmv2] [T] [thread 40049] [16.0] [cxt 0] link_monitor.p4(385) Condition "hdr.probe.isValid()" (node_16) is false
[13:53:25.172] [bmv2] [D] [thread 40049] [16.0] [cxt 0] Pipeline 'egress': end
[13:53:25.172] [bmv2] [D] [thread 40049] [16.0] [cxt 0] Deparser 'deparser': start
[13:53:25.172] [bmv2] [T] [thread 40049] [16.0] [cxt 0] Skipping checksum 'cksum' update because condition not met
[13:53:25.172] [bmv2] [D] [thread 40049] [16.0] [cxt 0] Deparsing header 'ethernet'
[13:53:25.172] [bmv2] [D] [thread 40049] [16.0] [cxt 0] Deparser 'deparser': end
[13:53:25.172] [bmv2] [D] [thread 40053] [15.0] [cxt 0] Transmitting packet of size 90 out of port 0
[13:53:25.172] [bmv2] [D] [thread 40053] [16.0] [cxt 0] Transmitting packet of size 70 out of port 0
[13:53:25.205] [bmv2] [D] [thread 40048] [17.0] [cxt 0] Processing packet received on port 2
[13:53:25.205] [bmv2] [D] [thread 40048] [17.0] [cxt 0] Parser 'parser': start
[13:53:25.205] [bmv2] [D] [thread 40048] [17.0] [cxt 0] Parser 'parser' entering state 'start'
[13:53:25.205] [bmv2] [D] [thread 40048] [17.0] [cxt 0] Extracting header 'ethernet'
[13:53:25.205] [bmv2] [D] [thread 40048] [17.0] [cxt 0] Parser state 'start': key is 86dd
[13:53:25.205] [bmv2] [T] [thread 40048] [17.0] [cxt 0] Bytes parsed: 14
[13:53:25.205] [bmv2] [D] [thread 40048] [17.0] [cxt 0] Parser 'parser': end
[13:53:25.205] [bmv2] [D] [thread 40048] [17.0] [cxt 0] Pipeline 'ingress': start
[13:53:25.205] [bmv2] [T] [thread 40048] [17.0] [cxt 0] link_monitor.p4(333) Condition "hdr.tcp.isValid()" (node_2) is false
[13:53:25.205] [bmv2] [T] [thread 40048] [17.0] [cxt 0] link_monitor.p4(337) Condition "hdr.ipv4.isValid()" (node_5) is false
[13:53:25.205] [bmv2] [T] [thread 40048] [17.0] [cxt 0] link_monitor.p4(340) Condition "hdr.probe.isValid()" (node_7) is false
[13:53:25.205] [bmv2] [D] [thread 40048] [17.0] [cxt 0] Pipeline 'ingress': end
[13:53:25.205] [bmv2] [D] [thread 40048] [17.0] [cxt 0] Egress port is 0
[13:53:25.206] [bmv2] [D] [thread 40049] [17.0] [cxt 0] Pipeline 'egress': start
[13:53:25.206] [bmv2] [T] [thread 40049] [17.0] [cxt 0] Applying table 'tbl_link_monitor379'
[13:53:25.206] [bmv2] [D] [thread 40049] [17.0] [cxt 0] Looking up key:

[13:53:25.206] [bmv2] [D] [thread 40049] [17.0] [cxt 0] Table 'tbl_link_monitor379': miss
[13:53:25.206] [bmv2] [D] [thread 40049] [17.0] [cxt 0] Action entry is link_monitor379 - 
[13:53:25.206] [bmv2] [T] [thread 40049] [17.0] [cxt 0] Action link_monitor379
[13:53:25.206] [bmv2] [T] [thread 40049] [17.0] [cxt 0] link_monitor.p4(379) Primitive (bit<32>)standard_metadata.egress_port
[13:53:25.206] [bmv2] [T] [thread 40049] [17.0] [cxt 0] link_monitor.p4(379) Primitive byte_cnt_reg.read(byte_cnt, (bit<32>)standard_metadata.egress_port)
[13:53:25.206] [bmv2] [T] [thread 40049] [17.0] [cxt 0] Read register 'MyEgress.byte_cnt_reg' at index 0 read value 1406
[13:53:25.206] [bmv2] [T] [thread 40049] [17.0] [cxt 0] link_monitor.p4(380) Primitive byte_cnt = byte_cnt + standard_metadata.packet_length
[13:53:25.206] [bmv2] [T] [thread 40049] [17.0] [cxt 0] link_monitor.p4(382) Condition "hdr.probe.isValid()" (node_12) is false
[13:53:25.206] [bmv2] [T] [thread 40049] [17.0] [cxt 0] Applying table 'tbl_link_monitor382_0'
[13:53:25.206] [bmv2] [D] [thread 40049] [17.0] [cxt 0] Looking up key:

[13:53:25.206] [bmv2] [D] [thread 40049] [17.0] [cxt 0] Table 'tbl_link_monitor382_0': miss
[13:53:25.206] [bmv2] [D] [thread 40049] [17.0] [cxt 0] Action entry is link_monitor382_0 - 
[13:53:25.206] [bmv2] [T] [thread 40049] [17.0] [cxt 0] Action link_monitor382_0
[13:53:25.206] [bmv2] [T] [thread 40049] [17.0] [cxt 0] link_monitor.p4(382) Primitive (hdr.probe.isValid()) ? 0 : byte_cnt
[13:53:25.206] [bmv2] [T] [thread 40049] [17.0] [cxt 0] Applying table 'tbl_link_monitor383'
[13:53:25.206] [bmv2] [D] [thread 40049] [17.0] [cxt 0] Looking up key:

[13:53:25.206] [bmv2] [D] [thread 40049] [17.0] [cxt 0] Table 'tbl_link_monitor383': miss
[13:53:25.206] [bmv2] [D] [thread 40049] [17.0] [cxt 0] Action entry is link_monitor383 - 
[13:53:25.206] [bmv2] [T] [thread 40049] [17.0] [cxt 0] Action link_monitor383
[13:53:25.206] [bmv2] [T] [thread 40049] [17.0] [cxt 0] link_monitor.p4(383) Primitive (bit<32>)standard_metadata.egress_port
[13:53:25.206] [bmv2] [T] [thread 40049] [17.0] [cxt 0] link_monitor.p4(383) Primitive byte_cnt_reg.write((bit<32>)standard_metadata.egress_port, new_byte_cnt)
[13:53:25.206] [bmv2] [T] [thread 40049] [17.0] [cxt 0] Wrote register 'MyEgress.byte_cnt_reg' at index 0 with value 1496
[13:53:25.206] [bmv2] [T] [thread 40049] [17.0] [cxt 0] link_monitor.p4(385) Condition "hdr.probe.isValid()" (node_16) is false
[13:53:25.206] [bmv2] [D] [thread 40049] [17.0] [cxt 0] Pipeline 'egress': end
[13:53:25.206] [bmv2] [D] [thread 40049] [17.0] [cxt 0] Deparser 'deparser': start
[13:53:25.206] [bmv2] [T] [thread 40049] [17.0] [cxt 0] Skipping checksum 'cksum' update because condition not met
[13:53:25.206] [bmv2] [D] [thread 40049] [17.0] [cxt 0] Deparsing header 'ethernet'
[13:53:25.206] [bmv2] [D] [thread 40049] [17.0] [cxt 0] Deparser 'deparser': end
[13:53:25.206] [bmv2] [D] [thread 40053] [17.0] [cxt 0] Transmitting packet of size 90 out of port 0
[13:53:25.981] [bmv2] [D] [thread 40048] [18.0] [cxt 0] Processing packet received on port 4
[13:53:25.981] [bmv2] [D] [thread 40048] [18.0] [cxt 0] Parser 'parser': start
[13:53:25.981] [bmv2] [D] [thread 40048] [18.0] [cxt 0] Parser 'parser' entering state 'start'
[13:53:25.981] [bmv2] [D] [thread 40048] [18.0] [cxt 0] Extracting header 'ethernet'
[13:53:25.981] [bmv2] [D] [thread 40048] [18.0] [cxt 0] Parser state 'start': key is 86dd
[13:53:25.981] [bmv2] [T] [thread 40048] [18.0] [cxt 0] Bytes parsed: 14
[13:53:25.981] [bmv2] [D] [thread 40048] [18.0] [cxt 0] Parser 'parser': end
[13:53:25.981] [bmv2] [D] [thread 40048] [18.0] [cxt 0] Pipeline 'ingress': start
[13:53:25.981] [bmv2] [T] [thread 40048] [18.0] [cxt 0] link_monitor.p4(333) Condition "hdr.tcp.isValid()" (node_2) is false
[13:53:25.981] [bmv2] [T] [thread 40048] [18.0] [cxt 0] link_monitor.p4(337) Condition "hdr.ipv4.isValid()" (node_5) is false
[13:53:25.981] [bmv2] [T] [thread 40048] [18.0] [cxt 0] link_monitor.p4(340) Condition "hdr.probe.isValid()" (node_7) is false
[13:53:25.981] [bmv2] [D] [thread 40048] [18.0] [cxt 0] Pipeline 'ingress': end
[13:53:25.981] [bmv2] [D] [thread 40048] [18.0] [cxt 0] Egress port is 0
[13:53:25.981] [bmv2] [D] [thread 40049] [18.0] [cxt 0] Pipeline 'egress': start
[13:53:25.981] [bmv2] [T] [thread 40049] [18.0] [cxt 0] Applying table 'tbl_link_monitor379'
[13:53:25.981] [bmv2] [D] [thread 40049] [18.0] [cxt 0] Looking up key:

[13:53:25.981] [bmv2] [D] [thread 40049] [18.0] [cxt 0] Table 'tbl_link_monitor379': miss
[13:53:25.981] [bmv2] [D] [thread 40049] [18.0] [cxt 0] Action entry is link_monitor379 - 
[13:53:25.981] [bmv2] [T] [thread 40049] [18.0] [cxt 0] Action link_monitor379
[13:53:25.981] [bmv2] [T] [thread 40049] [18.0] [cxt 0] link_monitor.p4(379) Primitive (bit<32>)standard_metadata.egress_port
[13:53:25.981] [bmv2] [T] [thread 40049] [18.0] [cxt 0] link_monitor.p4(379) Primitive byte_cnt_reg.read(byte_cnt, (bit<32>)standard_metadata.egress_port)
[13:53:25.981] [bmv2] [T] [thread 40049] [18.0] [cxt 0] Read register 'MyEgress.byte_cnt_reg' at index 0 read value 1496
[13:53:25.981] [bmv2] [T] [thread 40049] [18.0] [cxt 0] link_monitor.p4(380) Primitive byte_cnt = byte_cnt + standard_metadata.packet_length
[13:53:25.981] [bmv2] [T] [thread 40049] [18.0] [cxt 0] link_monitor.p4(382) Condition "hdr.probe.isValid()" (node_12) is false
[13:53:25.981] [bmv2] [T] [thread 40049] [18.0] [cxt 0] Applying table 'tbl_link_monitor382_0'
[13:53:25.981] [bmv2] [D] [thread 40049] [18.0] [cxt 0] Looking up key:

[13:53:25.981] [bmv2] [D] [thread 40049] [18.0] [cxt 0] Table 'tbl_link_monitor382_0': miss
[13:53:25.981] [bmv2] [D] [thread 40049] [18.0] [cxt 0] Action entry is link_monitor382_0 - 
[13:53:25.981] [bmv2] [T] [thread 40049] [18.0] [cxt 0] Action link_monitor382_0
[13:53:25.981] [bmv2] [T] [thread 40049] [18.0] [cxt 0] link_monitor.p4(382) Primitive (hdr.probe.isValid()) ? 0 : byte_cnt
[13:53:25.981] [bmv2] [T] [thread 40049] [18.0] [cxt 0] Applying table 'tbl_link_monitor383'
[13:53:25.981] [bmv2] [D] [thread 40049] [18.0] [cxt 0] Looking up key:

[13:53:25.981] [bmv2] [D] [thread 40049] [18.0] [cxt 0] Table 'tbl_link_monitor383': miss
[13:53:25.981] [bmv2] [D] [thread 40049] [18.0] [cxt 0] Action entry is link_monitor383 - 
[13:53:25.981] [bmv2] [T] [thread 40049] [18.0] [cxt 0] Action link_monitor383
[13:53:25.981] [bmv2] [T] [thread 40049] [18.0] [cxt 0] link_monitor.p4(383) Primitive (bit<32>)standard_metadata.egress_port
[13:53:25.981] [bmv2] [T] [thread 40049] [18.0] [cxt 0] link_monitor.p4(383) Primitive byte_cnt_reg.write((bit<32>)standard_metadata.egress_port, new_byte_cnt)
[13:53:25.981] [bmv2] [T] [thread 40049] [18.0] [cxt 0] Wrote register 'MyEgress.byte_cnt_reg' at index 0 with value 1586
[13:53:25.981] [bmv2] [T] [thread 40049] [18.0] [cxt 0] link_monitor.p4(385) Condition "hdr.probe.isValid()" (node_16) is false
[13:53:25.981] [bmv2] [D] [thread 40049] [18.0] [cxt 0] Pipeline 'egress': end
[13:53:25.981] [bmv2] [D] [thread 40049] [18.0] [cxt 0] Deparser 'deparser': start
[13:53:25.981] [bmv2] [T] [thread 40049] [18.0] [cxt 0] Skipping checksum 'cksum' update because condition not met
[13:53:25.981] [bmv2] [D] [thread 40049] [18.0] [cxt 0] Deparsing header 'ethernet'
[13:53:25.981] [bmv2] [D] [thread 40049] [18.0] [cxt 0] Deparser 'deparser': end
[13:53:25.981] [bmv2] [D] [thread 40053] [18.0] [cxt 0] Transmitting packet of size 90 out of port 0
[13:53:26.441] [bmv2] [W] [thread 40115] [P4Runtime] p4::tmp::P4DeviceConfig is deprecated
[13:53:26.443] [bmv2] [D] [thread 40115] Set default default entry for table 'MyIngress.tcp_lb': MyIngress.drop - 
[13:53:26.443] [bmv2] [D] [thread 40115] Set default default entry for table 'MyIngress.tcp_lb_nhop': MyIngress.drop - 
[13:53:26.443] [bmv2] [D] [thread 40115] Set default default entry for table 'MyIngress.ipv4_lpm': MyIngress.drop - 
[13:53:26.443] [bmv2] [D] [thread 40115] Set default default entry for table 'tbl_link_monitor341': link_monitor341 - 
[13:53:26.445] [bmv2] [D] [thread 40115] Set default default entry for table 'tbl_link_monitor379': link_monitor379 - 
[13:53:26.445] [bmv2] [D] [thread 40115] Set default default entry for table 'tbl_link_monitor382': link_monitor382 - 
[13:53:26.445] [bmv2] [D] [thread 40115] Set default default entry for table 'tbl_link_monitor382_0': link_monitor382_0 - 
[13:53:26.445] [bmv2] [D] [thread 40115] Set default default entry for table 'tbl_link_monitor383': link_monitor383 - 
[13:53:26.445] [bmv2] [D] [thread 40115] Set default default entry for table 'tbl_link_monitor387': link_monitor387 - 
[13:53:26.445] [bmv2] [D] [thread 40115] Set default default entry for table 'tbl_link_monitor390': link_monitor390 - 
[13:53:26.445] [bmv2] [D] [thread 40115] Set default default entry for table 'tbl_link_monitor393': link_monitor393 - 
[13:53:26.445] [bmv2] [D] [thread 40115] Set default default entry for table 'MyEgress.swid': NoAction - 
[13:53:26.445] [bmv2] [D] [thread 40115] Set default default entry for table 'tbl_link_monitor398': link_monitor398 - 
[13:53:26.449] [bmv2] [D] [thread 40115] simple_switch target has been notified of a config swap
[13:53:26.451] [bmv2] [D] [thread 40116] Set default entry for table 'MyEgress.swid': MyEgress.set_swid - 2,
[13:53:26.451] [bmv2] [D] [thread 40115] Set default entry for table 'MyIngress.ipv4_lpm': MyIngress.drop - 
[13:53:26.451] [bmv2] [D] [thread 40116] Set default entry for table 'MyIngress.tcp_lb': MyIngress.drop - 
[13:53:26.452] [bmv2] [D] [thread 40115] Set default entry for table 'MyIngress.tcp_lb_nhop': MyIngress.drop - 
[13:53:26.452] [bmv2] [D] [thread 40116] Entry 0 added to table 'MyIngress.ipv4_lpm'
[13:53:26.452] [bmv2] [D] [thread 40116] Dumping entry 0
Match key:
* hdr.ipv4.dstAddr    : LPM       0a000101/32
Action entry: MyIngress.ipv4_forward - 80000000300,4,

[13:53:26.453] [bmv2] [D] [thread 40115] Entry 1 added to table 'MyIngress.ipv4_lpm'
[13:53:26.453] [bmv2] [D] [thread 40115] Dumping entry 1
Match key:
* hdr.ipv4.dstAddr    : LPM       0a000202/32
Action entry: MyIngress.ipv4_forward - 80000000400,3,

[13:53:26.453] [bmv2] [D] [thread 40116] Entry 2 added to table 'MyIngress.ipv4_lpm'
[13:53:26.453] [bmv2] [D] [thread 40116] Dumping entry 2
Match key:
* hdr.ipv4.dstAddr    : LPM       0a000303/32
Action entry: MyIngress.ipv4_forward - 80000000333,1,

[13:53:26.454] [bmv2] [D] [thread 40115] Entry 3 added to table 'MyIngress.ipv4_lpm'
[13:53:26.454] [bmv2] [D] [thread 40115] Dumping entry 3
Match key:
* hdr.ipv4.dstAddr    : LPM       0a000404/32
Action entry: MyIngress.ipv4_forward - 80000000444,2,

[13:53:26.454] [bmv2] [D] [thread 40116] Entry 0 added to table 'MyIngress.tcp_lb'
[13:53:26.454] [bmv2] [D] [thread 40116] Dumping entry 0
Match key:
* hdr.ipv4.dstAddr    : LPM       0a000101/32
Action entry: MyIngress.tcp_lb_action - 3,4,

[13:53:26.455] [bmv2] [D] [thread 40115] Entry 1 added to table 'MyIngress.tcp_lb'
[13:53:26.455] [bmv2] [D] [thread 40115] Dumping entry 1
Match key:
* hdr.ipv4.dstAddr    : LPM       0a000202/32
Action entry: MyIngress.tcp_lb_action - 3,4,

[13:53:26.455] [bmv2] [D] [thread 40116] Entry 2 added to table 'MyIngress.tcp_lb'
[13:53:26.455] [bmv2] [D] [thread 40116] Dumping entry 2
Match key:
* hdr.ipv4.dstAddr    : LPM       0a000303/32
Action entry: MyIngress.tcp_lb_action - 1,1,

[13:53:26.456] [bmv2] [D] [thread 40115] Entry 3 added to table 'MyIngress.tcp_lb'
[13:53:26.456] [bmv2] [D] [thread 40115] Dumping entry 3
Match key:
* hdr.ipv4.dstAddr    : LPM       0a000404/32
Action entry: MyIngress.tcp_lb_action - 2,2,

[13:53:26.456] [bmv2] [D] [thread 40116] Entry 0 added to table 'MyIngress.tcp_lb_nhop'
[13:53:26.456] [bmv2] [D] [thread 40116] Dumping entry 0
Match key:
* meta.lb_port        : EXACT     0001
Action entry: MyIngress.tcp_lb_nhop_action - 80000000333,

[13:53:26.457] [bmv2] [D] [thread 40115] Entry 1 added to table 'MyIngress.tcp_lb_nhop'
[13:53:26.457] [bmv2] [D] [thread 40115] Dumping entry 1
Match key:
* meta.lb_port        : EXACT     0002
Action entry: MyIngress.tcp_lb_nhop_action - 80000000444,

[13:53:26.457] [bmv2] [D] [thread 40116] Entry 2 added to table 'MyIngress.tcp_lb_nhop'
[13:53:26.457] [bmv2] [D] [thread 40116] Dumping entry 2
Match key:
* meta.lb_port        : EXACT     0003
Action entry: MyIngress.tcp_lb_nhop_action - 80000000400,

[13:53:26.458] [bmv2] [D] [thread 40115] Entry 3 added to table 'MyIngress.tcp_lb_nhop'
[13:53:26.458] [bmv2] [D] [thread 40115] Dumping entry 3
Match key:
* meta.lb_port        : EXACT     0004
Action entry: MyIngress.tcp_lb_nhop_action - 80000000300,

[13:53:28.275] [bmv2] [D] [thread 40048] [19.0] [cxt 0] Processing packet received on port 2
[13:53:28.275] [bmv2] [D] [thread 40048] [19.0] [cxt 0] Parser 'parser': start
[13:53:28.275] [bmv2] [D] [thread 40048] [19.0] [cxt 0] Parser 'parser' entering state 'start'
[13:53:28.275] [bmv2] [D] [thread 40048] [19.0] [cxt 0] Extracting header 'ethernet'
[13:53:28.275] [bmv2] [D] [thread 40048] [19.0] [cxt 0] Parser state 'start': key is 86dd
[13:53:28.275] [bmv2] [T] [thread 40048] [19.0] [cxt 0] Bytes parsed: 14
[13:53:28.275] [bmv2] [D] [thread 40048] [19.0] [cxt 0] Parser 'parser': end
[13:53:28.275] [bmv2] [D] [thread 40048] [19.0] [cxt 0] Pipeline 'ingress': start
[13:53:28.275] [bmv2] [T] [thread 40048] [19.0] [cxt 0] link_monitor.p4(333) Condition "hdr.tcp.isValid()" (node_2) is false
[13:53:28.275] [bmv2] [T] [thread 40048] [19.0] [cxt 0] link_monitor.p4(337) Condition "hdr.ipv4.isValid()" (node_5) is false
[13:53:28.275] [bmv2] [T] [thread 40048] [19.0] [cxt 0] link_monitor.p4(340) Condition "hdr.probe.isValid()" (node_7) is false
[13:53:28.275] [bmv2] [D] [thread 40048] [19.0] [cxt 0] Pipeline 'ingress': end
[13:53:28.275] [bmv2] [D] [thread 40048] [19.0] [cxt 0] Egress port is 0
[13:53:28.275] [bmv2] [D] [thread 40049] [19.0] [cxt 0] Pipeline 'egress': start
[13:53:28.275] [bmv2] [T] [thread 40049] [19.0] [cxt 0] Applying table 'tbl_link_monitor379'
[13:53:28.275] [bmv2] [D] [thread 40049] [19.0] [cxt 0] Looking up key:

[13:53:28.275] [bmv2] [D] [thread 40049] [19.0] [cxt 0] Table 'tbl_link_monitor379': miss
[13:53:28.275] [bmv2] [D] [thread 40049] [19.0] [cxt 0] Action entry is link_monitor379 - 
[13:53:28.275] [bmv2] [T] [thread 40049] [19.0] [cxt 0] Action link_monitor379
[13:53:28.275] [bmv2] [T] [thread 40049] [19.0] [cxt 0] link_monitor.p4(379) Primitive (bit<32>)standard_metadata.egress_port
[13:53:28.275] [bmv2] [T] [thread 40049] [19.0] [cxt 0] link_monitor.p4(379) Primitive byte_cnt_reg.read(byte_cnt, (bit<32>)standard_metadata.egress_port)
[13:53:28.275] [bmv2] [T] [thread 40049] [19.0] [cxt 0] Read register 'MyEgress.byte_cnt_reg' at index 0 read value 0
[13:53:28.275] [bmv2] [T] [thread 40049] [19.0] [cxt 0] link_monitor.p4(380) Primitive byte_cnt = byte_cnt + standard_metadata.packet_length
[13:53:28.275] [bmv2] [T] [thread 40049] [19.0] [cxt 0] link_monitor.p4(382) Condition "hdr.probe.isValid()" (node_12) is false
[13:53:28.275] [bmv2] [T] [thread 40049] [19.0] [cxt 0] Applying table 'tbl_link_monitor382_0'
[13:53:28.275] [bmv2] [D] [thread 40049] [19.0] [cxt 0] Looking up key:

[13:53:28.275] [bmv2] [D] [thread 40049] [19.0] [cxt 0] Table 'tbl_link_monitor382_0': miss
[13:53:28.275] [bmv2] [D] [thread 40049] [19.0] [cxt 0] Action entry is link_monitor382_0 - 
[13:53:28.275] [bmv2] [T] [thread 40049] [19.0] [cxt 0] Action link_monitor382_0
[13:53:28.275] [bmv2] [T] [thread 40049] [19.0] [cxt 0] link_monitor.p4(382) Primitive (hdr.probe.isValid()) ? 0 : byte_cnt
[13:53:28.275] [bmv2] [T] [thread 40049] [19.0] [cxt 0] Applying table 'tbl_link_monitor383'
[13:53:28.275] [bmv2] [D] [thread 40049] [19.0] [cxt 0] Looking up key:

[13:53:28.275] [bmv2] [D] [thread 40049] [19.0] [cxt 0] Table 'tbl_link_monitor383': miss
[13:53:28.275] [bmv2] [D] [thread 40049] [19.0] [cxt 0] Action entry is link_monitor383 - 
[13:53:28.275] [bmv2] [T] [thread 40049] [19.0] [cxt 0] Action link_monitor383
[13:53:28.275] [bmv2] [T] [thread 40049] [19.0] [cxt 0] link_monitor.p4(383) Primitive (bit<32>)standard_metadata.egress_port
[13:53:28.275] [bmv2] [T] [thread 40049] [19.0] [cxt 0] link_monitor.p4(383) Primitive byte_cnt_reg.write((bit<32>)standard_metadata.egress_port, new_byte_cnt)
[13:53:28.275] [bmv2] [T] [thread 40049] [19.0] [cxt 0] Wrote register 'MyEgress.byte_cnt_reg' at index 0 with value 70
[13:53:28.275] [bmv2] [T] [thread 40049] [19.0] [cxt 0] link_monitor.p4(385) Condition "hdr.probe.isValid()" (node_16) is false
[13:53:28.275] [bmv2] [D] [thread 40049] [19.0] [cxt 0] Pipeline 'egress': end
[13:53:28.275] [bmv2] [D] [thread 40049] [19.0] [cxt 0] Deparser 'deparser': start
[13:53:28.275] [bmv2] [T] [thread 40049] [19.0] [cxt 0] Skipping checksum 'cksum' update because condition not met
[13:53:28.275] [bmv2] [D] [thread 40049] [19.0] [cxt 0] Deparsing header 'ethernet'
[13:53:28.275] [bmv2] [D] [thread 40049] [19.0] [cxt 0] Deparser 'deparser': end
[13:53:28.275] [bmv2] [D] [thread 40053] [19.0] [cxt 0] Transmitting packet of size 70 out of port 0
[13:53:28.530] [bmv2] [D] [thread 40048] [20.0] [cxt 0] Processing packet received on port 3
[13:53:28.530] [bmv2] [D] [thread 40048] [20.0] [cxt 0] Parser 'parser': start
[13:53:28.530] [bmv2] [D] [thread 40048] [20.0] [cxt 0] Parser 'parser' entering state 'start'
[13:53:28.530] [bmv2] [D] [thread 40048] [20.0] [cxt 0] Extracting header 'ethernet'
[13:53:28.530] [bmv2] [D] [thread 40048] [20.0] [cxt 0] Parser state 'start': key is 86dd
[13:53:28.530] [bmv2] [T] [thread 40048] [20.0] [cxt 0] Bytes parsed: 14
[13:53:28.530] [bmv2] [D] [thread 40048] [20.0] [cxt 0] Parser 'parser': end
[13:53:28.530] [bmv2] [D] [thread 40048] [20.0] [cxt 0] Pipeline 'ingress': start
[13:53:28.530] [bmv2] [T] [thread 40048] [20.0] [cxt 0] link_monitor.p4(333) Condition "hdr.tcp.isValid()" (node_2) is false
[13:53:28.530] [bmv2] [T] [thread 40048] [20.0] [cxt 0] link_monitor.p4(337) Condition "hdr.ipv4.isValid()" (node_5) is false
[13:53:28.530] [bmv2] [T] [thread 40048] [20.0] [cxt 0] link_monitor.p4(340) Condition "hdr.probe.isValid()" (node_7) is false
[13:53:28.530] [bmv2] [D] [thread 40048] [20.0] [cxt 0] Pipeline 'ingress': end
[13:53:28.530] [bmv2] [D] [thread 40048] [20.0] [cxt 0] Egress port is 0
[13:53:28.530] [bmv2] [D] [thread 40049] [20.0] [cxt 0] Pipeline 'egress': start
[13:53:28.530] [bmv2] [T] [thread 40049] [20.0] [cxt 0] Applying table 'tbl_link_monitor379'
[13:53:28.530] [bmv2] [D] [thread 40049] [20.0] [cxt 0] Looking up key:

[13:53:28.530] [bmv2] [D] [thread 40049] [20.0] [cxt 0] Table 'tbl_link_monitor379': miss
[13:53:28.530] [bmv2] [D] [thread 40049] [20.0] [cxt 0] Action entry is link_monitor379 - 
[13:53:28.530] [bmv2] [T] [thread 40049] [20.0] [cxt 0] Action link_monitor379
[13:53:28.530] [bmv2] [T] [thread 40049] [20.0] [cxt 0] link_monitor.p4(379) Primitive (bit<32>)standard_metadata.egress_port
[13:53:28.530] [bmv2] [T] [thread 40049] [20.0] [cxt 0] link_monitor.p4(379) Primitive byte_cnt_reg.read(byte_cnt, (bit<32>)standard_metadata.egress_port)
[13:53:28.530] [bmv2] [T] [thread 40049] [20.0] [cxt 0] Read register 'MyEgress.byte_cnt_reg' at index 0 read value 70
[13:53:28.530] [bmv2] [T] [thread 40049] [20.0] [cxt 0] link_monitor.p4(380) Primitive byte_cnt = byte_cnt + standard_metadata.packet_length
[13:53:28.530] [bmv2] [T] [thread 40049] [20.0] [cxt 0] link_monitor.p4(382) Condition "hdr.probe.isValid()" (node_12) is false
[13:53:28.530] [bmv2] [T] [thread 40049] [20.0] [cxt 0] Applying table 'tbl_link_monitor382_0'
[13:53:28.530] [bmv2] [D] [thread 40049] [20.0] [cxt 0] Looking up key:

[13:53:28.530] [bmv2] [D] [thread 40049] [20.0] [cxt 0] Table 'tbl_link_monitor382_0': miss
[13:53:28.530] [bmv2] [D] [thread 40049] [20.0] [cxt 0] Action entry is link_monitor382_0 - 
[13:53:28.530] [bmv2] [T] [thread 40049] [20.0] [cxt 0] Action link_monitor382_0
[13:53:28.530] [bmv2] [T] [thread 40049] [20.0] [cxt 0] link_monitor.p4(382) Primitive (hdr.probe.isValid()) ? 0 : byte_cnt
[13:53:28.531] [bmv2] [T] [thread 40049] [20.0] [cxt 0] Applying table 'tbl_link_monitor383'
[13:53:28.531] [bmv2] [D] [thread 40049] [20.0] [cxt 0] Looking up key:

[13:53:28.531] [bmv2] [D] [thread 40049] [20.0] [cxt 0] Table 'tbl_link_monitor383': miss
[13:53:28.531] [bmv2] [D] [thread 40049] [20.0] [cxt 0] Action entry is link_monitor383 - 
[13:53:28.531] [bmv2] [T] [thread 40049] [20.0] [cxt 0] Action link_monitor383
[13:53:28.531] [bmv2] [T] [thread 40049] [20.0] [cxt 0] link_monitor.p4(383) Primitive (bit<32>)standard_metadata.egress_port
[13:53:28.531] [bmv2] [T] [thread 40049] [20.0] [cxt 0] link_monitor.p4(383) Primitive byte_cnt_reg.write((bit<32>)standard_metadata.egress_port, new_byte_cnt)
[13:53:28.531] [bmv2] [T] [thread 40049] [20.0] [cxt 0] Wrote register 'MyEgress.byte_cnt_reg' at index 0 with value 140
[13:53:28.531] [bmv2] [T] [thread 40049] [20.0] [cxt 0] link_monitor.p4(385) Condition "hdr.probe.isValid()" (node_16) is false
[13:53:28.531] [bmv2] [D] [thread 40049] [20.0] [cxt 0] Pipeline 'egress': end
[13:53:28.531] [bmv2] [D] [thread 40049] [20.0] [cxt 0] Deparser 'deparser': start
[13:53:28.531] [bmv2] [T] [thread 40049] [20.0] [cxt 0] Skipping checksum 'cksum' update because condition not met
[13:53:28.531] [bmv2] [D] [thread 40049] [20.0] [cxt 0] Deparsing header 'ethernet'
[13:53:28.531] [bmv2] [D] [thread 40049] [20.0] [cxt 0] Deparser 'deparser': end
[13:53:28.531] [bmv2] [D] [thread 40053] [20.0] [cxt 0] Transmitting packet of size 70 out of port 0
[13:53:28.787] [bmv2] [D] [thread 40048] [21.0] [cxt 0] Processing packet received on port 1
[13:53:28.787] [bmv2] [D] [thread 40048] [21.0] [cxt 0] Parser 'parser': start
[13:53:28.787] [bmv2] [D] [thread 40048] [21.0] [cxt 0] Parser 'parser' entering state 'start'
[13:53:28.787] [bmv2] [D] [thread 40048] [21.0] [cxt 0] Extracting header 'ethernet'
[13:53:28.787] [bmv2] [D] [thread 40048] [21.0] [cxt 0] Parser state 'start': key is 86dd
[13:53:28.787] [bmv2] [T] [thread 40048] [21.0] [cxt 0] Bytes parsed: 14
[13:53:28.787] [bmv2] [D] [thread 40048] [21.0] [cxt 0] Parser 'parser': end
[13:53:28.787] [bmv2] [D] [thread 40048] [21.0] [cxt 0] Pipeline 'ingress': start
[13:53:28.787] [bmv2] [T] [thread 40048] [21.0] [cxt 0] link_monitor.p4(333) Condition "hdr.tcp.isValid()" (node_2) is false
[13:53:28.787] [bmv2] [T] [thread 40048] [21.0] [cxt 0] link_monitor.p4(337) Condition "hdr.ipv4.isValid()" (node_5) is false
[13:53:28.787] [bmv2] [T] [thread 40048] [21.0] [cxt 0] link_monitor.p4(340) Condition "hdr.probe.isValid()" (node_7) is false
[13:53:28.787] [bmv2] [D] [thread 40048] [21.0] [cxt 0] Pipeline 'ingress': end
[13:53:28.787] [bmv2] [D] [thread 40048] [21.0] [cxt 0] Egress port is 0
[13:53:28.787] [bmv2] [D] [thread 40048] [22.0] [cxt 0] Processing packet received on port 3
[13:53:28.787] [bmv2] [D] [thread 40048] [22.0] [cxt 0] Parser 'parser': start
[13:53:28.787] [bmv2] [D] [thread 40048] [22.0] [cxt 0] Parser 'parser' entering state 'start'
[13:53:28.787] [bmv2] [D] [thread 40048] [22.0] [cxt 0] Extracting header 'ethernet'
[13:53:28.787] [bmv2] [D] [thread 40048] [22.0] [cxt 0] Parser state 'start': key is 86dd
[13:53:28.787] [bmv2] [T] [thread 40048] [22.0] [cxt 0] Bytes parsed: 14
[13:53:28.787] [bmv2] [D] [thread 40048] [22.0] [cxt 0] Parser 'parser': end
[13:53:28.787] [bmv2] [D] [thread 40048] [22.0] [cxt 0] Pipeline 'ingress': start
[13:53:28.787] [bmv2] [T] [thread 40048] [22.0] [cxt 0] link_monitor.p4(333) Condition "hdr.tcp.isValid()" (node_2) is false
[13:53:28.787] [bmv2] [T] [thread 40048] [22.0] [cxt 0] link_monitor.p4(337) Condition "hdr.ipv4.isValid()" (node_5) is false
[13:53:28.787] [bmv2] [T] [thread 40048] [22.0] [cxt 0] link_monitor.p4(340) Condition "hdr.probe.isValid()" (node_7) is false
[13:53:28.787] [bmv2] [D] [thread 40048] [22.0] [cxt 0] Pipeline 'ingress': end
[13:53:28.787] [bmv2] [D] [thread 40048] [22.0] [cxt 0] Egress port is 0
[13:53:28.787] [bmv2] [D] [thread 40049] [21.0] [cxt 0] Pipeline 'egress': start
[13:53:28.787] [bmv2] [T] [thread 40049] [21.0] [cxt 0] Applying table 'tbl_link_monitor379'
[13:53:28.787] [bmv2] [D] [thread 40049] [21.0] [cxt 0] Looking up key:

[13:53:28.787] [bmv2] [D] [thread 40049] [21.0] [cxt 0] Table 'tbl_link_monitor379': miss
[13:53:28.787] [bmv2] [D] [thread 40049] [21.0] [cxt 0] Action entry is link_monitor379 - 
[13:53:28.787] [bmv2] [T] [thread 40049] [21.0] [cxt 0] Action link_monitor379
[13:53:28.787] [bmv2] [T] [thread 40049] [21.0] [cxt 0] link_monitor.p4(379) Primitive (bit<32>)standard_metadata.egress_port
[13:53:28.787] [bmv2] [T] [thread 40049] [21.0] [cxt 0] link_monitor.p4(379) Primitive byte_cnt_reg.read(byte_cnt, (bit<32>)standard_metadata.egress_port)
[13:53:28.787] [bmv2] [T] [thread 40049] [21.0] [cxt 0] Read register 'MyEgress.byte_cnt_reg' at index 0 read value 140
[13:53:28.787] [bmv2] [T] [thread 40049] [21.0] [cxt 0] link_monitor.p4(380) Primitive byte_cnt = byte_cnt + standard_metadata.packet_length
[13:53:28.787] [bmv2] [T] [thread 40049] [21.0] [cxt 0] link_monitor.p4(382) Condition "hdr.probe.isValid()" (node_12) is false
[13:53:28.787] [bmv2] [T] [thread 40049] [21.0] [cxt 0] Applying table 'tbl_link_monitor382_0'
[13:53:28.787] [bmv2] [D] [thread 40049] [21.0] [cxt 0] Looking up key:

[13:53:28.787] [bmv2] [D] [thread 40049] [21.0] [cxt 0] Table 'tbl_link_monitor382_0': miss
[13:53:28.787] [bmv2] [D] [thread 40049] [21.0] [cxt 0] Action entry is link_monitor382_0 - 
[13:53:28.787] [bmv2] [T] [thread 40049] [21.0] [cxt 0] Action link_monitor382_0
[13:53:28.787] [bmv2] [T] [thread 40049] [21.0] [cxt 0] link_monitor.p4(382) Primitive (hdr.probe.isValid()) ? 0 : byte_cnt
[13:53:28.787] [bmv2] [T] [thread 40049] [21.0] [cxt 0] Applying table 'tbl_link_monitor383'
[13:53:28.787] [bmv2] [D] [thread 40049] [21.0] [cxt 0] Looking up key:

[13:53:28.787] [bmv2] [D] [thread 40049] [21.0] [cxt 0] Table 'tbl_link_monitor383': miss
[13:53:28.787] [bmv2] [D] [thread 40049] [21.0] [cxt 0] Action entry is link_monitor383 - 
[13:53:28.787] [bmv2] [T] [thread 40049] [21.0] [cxt 0] Action link_monitor383
[13:53:28.787] [bmv2] [T] [thread 40049] [21.0] [cxt 0] link_monitor.p4(383) Primitive (bit<32>)standard_metadata.egress_port
[13:53:28.787] [bmv2] [T] [thread 40049] [21.0] [cxt 0] link_monitor.p4(383) Primitive byte_cnt_reg.write((bit<32>)standard_metadata.egress_port, new_byte_cnt)
[13:53:28.787] [bmv2] [T] [thread 40049] [21.0] [cxt 0] Wrote register 'MyEgress.byte_cnt_reg' at index 0 with value 210
[13:53:28.787] [bmv2] [T] [thread 40049] [21.0] [cxt 0] link_monitor.p4(385) Condition "hdr.probe.isValid()" (node_16) is false
[13:53:28.787] [bmv2] [D] [thread 40049] [21.0] [cxt 0] Pipeline 'egress': end
[13:53:28.787] [bmv2] [D] [thread 40049] [21.0] [cxt 0] Deparser 'deparser': start
[13:53:28.787] [bmv2] [T] [thread 40049] [21.0] [cxt 0] Skipping checksum 'cksum' update because condition not met
[13:53:28.787] [bmv2] [D] [thread 40049] [21.0] [cxt 0] Deparsing header 'ethernet'
[13:53:28.787] [bmv2] [D] [thread 40049] [21.0] [cxt 0] Deparser 'deparser': end
[13:53:28.787] [bmv2] [D] [thread 40049] [22.0] [cxt 0] Pipeline 'egress': start
[13:53:28.787] [bmv2] [T] [thread 40049] [22.0] [cxt 0] Applying table 'tbl_link_monitor379'
[13:53:28.787] [bmv2] [D] [thread 40049] [22.0] [cxt 0] Looking up key:

[13:53:28.787] [bmv2] [D] [thread 40049] [22.0] [cxt 0] Table 'tbl_link_monitor379': miss
[13:53:28.787] [bmv2] [D] [thread 40049] [22.0] [cxt 0] Action entry is link_monitor379 - 
[13:53:28.787] [bmv2] [T] [thread 40049] [22.0] [cxt 0] Action link_monitor379
[13:53:28.787] [bmv2] [T] [thread 40049] [22.0] [cxt 0] link_monitor.p4(379) Primitive (bit<32>)standard_metadata.egress_port
[13:53:28.787] [bmv2] [T] [thread 40049] [22.0] [cxt 0] link_monitor.p4(379) Primitive byte_cnt_reg.read(byte_cnt, (bit<32>)standard_metadata.egress_port)
[13:53:28.787] [bmv2] [T] [thread 40049] [22.0] [cxt 0] Read register 'MyEgress.byte_cnt_reg' at index 0 read value 210
[13:53:28.787] [bmv2] [T] [thread 40049] [22.0] [cxt 0] link_monitor.p4(380) Primitive byte_cnt = byte_cnt + standard_metadata.packet_length
[13:53:28.787] [bmv2] [T] [thread 40049] [22.0] [cxt 0] link_monitor.p4(382) Condition "hdr.probe.isValid()" (node_12) is false
[13:53:28.787] [bmv2] [T] [thread 40049] [22.0] [cxt 0] Applying table 'tbl_link_monitor382_0'
[13:53:28.787] [bmv2] [D] [thread 40049] [22.0] [cxt 0] Looking up key:

[13:53:28.787] [bmv2] [D] [thread 40049] [22.0] [cxt 0] Table 'tbl_link_monitor382_0': miss
[13:53:28.787] [bmv2] [D] [thread 40049] [22.0] [cxt 0] Action entry is link_monitor382_0 - 
[13:53:28.787] [bmv2] [T] [thread 40049] [22.0] [cxt 0] Action link_monitor382_0
[13:53:28.787] [bmv2] [T] [thread 40049] [22.0] [cxt 0] link_monitor.p4(382) Primitive (hdr.probe.isValid()) ? 0 : byte_cnt
[13:53:28.787] [bmv2] [T] [thread 40049] [22.0] [cxt 0] Applying table 'tbl_link_monitor383'
[13:53:28.787] [bmv2] [D] [thread 40049] [22.0] [cxt 0] Looking up key:

[13:53:28.787] [bmv2] [D] [thread 40049] [22.0] [cxt 0] Table 'tbl_link_monitor383': miss
[13:53:28.787] [bmv2] [D] [thread 40049] [22.0] [cxt 0] Action entry is link_monitor383 - 
[13:53:28.787] [bmv2] [T] [thread 40049] [22.0] [cxt 0] Action link_monitor383
[13:53:28.787] [bmv2] [T] [thread 40049] [22.0] [cxt 0] link_monitor.p4(383) Primitive (bit<32>)standard_metadata.egress_port
[13:53:28.787] [bmv2] [T] [thread 40049] [22.0] [cxt 0] link_monitor.p4(383) Primitive byte_cnt_reg.write((bit<32>)standard_metadata.egress_port, new_byte_cnt)
[13:53:28.787] [bmv2] [T] [thread 40049] [22.0] [cxt 0] Wrote register 'MyEgress.byte_cnt_reg' at index 0 with value 280
[13:53:28.787] [bmv2] [T] [thread 40049] [22.0] [cxt 0] link_monitor.p4(385) Condition "hdr.probe.isValid()" (node_16) is false
[13:53:28.787] [bmv2] [D] [thread 40049] [22.0] [cxt 0] Pipeline 'egress': end
[13:53:28.787] [bmv2] [D] [thread 40049] [22.0] [cxt 0] Deparser 'deparser': start
[13:53:28.787] [bmv2] [T] [thread 40049] [22.0] [cxt 0] Skipping checksum 'cksum' update because condition not met
[13:53:28.787] [bmv2] [D] [thread 40049] [22.0] [cxt 0] Deparsing header 'ethernet'
[13:53:28.787] [bmv2] [D] [thread 40049] [22.0] [cxt 0] Deparser 'deparser': end
[13:53:28.787] [bmv2] [D] [thread 40053] [21.0] [cxt 0] Transmitting packet of size 70 out of port 0
[13:53:28.787] [bmv2] [D] [thread 40053] [22.0] [cxt 0] Transmitting packet of size 70 out of port 0
[13:53:29.042] [bmv2] [D] [thread 40048] [23.0] [cxt 0] Processing packet received on port 4
[13:53:29.042] [bmv2] [D] [thread 40048] [23.0] [cxt 0] Parser 'parser': start
[13:53:29.042] [bmv2] [D] [thread 40048] [23.0] [cxt 0] Parser 'parser' entering state 'start'
[13:53:29.042] [bmv2] [D] [thread 40048] [23.0] [cxt 0] Extracting header 'ethernet'
[13:53:29.042] [bmv2] [D] [thread 40048] [23.0] [cxt 0] Parser state 'start': key is 86dd
[13:53:29.042] [bmv2] [T] [thread 40048] [23.0] [cxt 0] Bytes parsed: 14
[13:53:29.042] [bmv2] [D] [thread 40048] [23.0] [cxt 0] Parser 'parser': end
[13:53:29.042] [bmv2] [D] [thread 40048] [23.0] [cxt 0] Pipeline 'ingress': start
[13:53:29.042] [bmv2] [T] [thread 40048] [23.0] [cxt 0] link_monitor.p4(333) Condition "hdr.tcp.isValid()" (node_2) is false
[13:53:29.042] [bmv2] [T] [thread 40048] [23.0] [cxt 0] link_monitor.p4(337) Condition "hdr.ipv4.isValid()" (node_5) is false
[13:53:29.042] [bmv2] [T] [thread 40048] [23.0] [cxt 0] link_monitor.p4(340) Condition "hdr.probe.isValid()" (node_7) is false
[13:53:29.042] [bmv2] [D] [thread 40048] [23.0] [cxt 0] Pipeline 'ingress': end
[13:53:29.042] [bmv2] [D] [thread 40048] [23.0] [cxt 0] Egress port is 0
[13:53:29.042] [bmv2] [D] [thread 40048] [24.0] [cxt 0] Processing packet received on port 4
[13:53:29.042] [bmv2] [D] [thread 40048] [24.0] [cxt 0] Parser 'parser': start
[13:53:29.042] [bmv2] [D] [thread 40048] [24.0] [cxt 0] Parser 'parser' entering state 'start'
[13:53:29.042] [bmv2] [D] [thread 40048] [24.0] [cxt 0] Extracting header 'ethernet'
[13:53:29.042] [bmv2] [D] [thread 40048] [24.0] [cxt 0] Parser state 'start': key is 86dd
[13:53:29.042] [bmv2] [T] [thread 40048] [24.0] [cxt 0] Bytes parsed: 14
[13:53:29.042] [bmv2] [D] [thread 40048] [24.0] [cxt 0] Parser 'parser': end
[13:53:29.042] [bmv2] [D] [thread 40048] [24.0] [cxt 0] Pipeline 'ingress': start
[13:53:29.042] [bmv2] [T] [thread 40048] [24.0] [cxt 0] link_monitor.p4(333) Condition "hdr.tcp.isValid()" (node_2) is false
[13:53:29.042] [bmv2] [T] [thread 40048] [24.0] [cxt 0] link_monitor.p4(337) Condition "hdr.ipv4.isValid()" (node_5) is false
[13:53:29.042] [bmv2] [T] [thread 40048] [24.0] [cxt 0] link_monitor.p4(340) Condition "hdr.probe.isValid()" (node_7) is false
[13:53:29.042] [bmv2] [D] [thread 40048] [24.0] [cxt 0] Pipeline 'ingress': end
[13:53:29.042] [bmv2] [D] [thread 40048] [24.0] [cxt 0] Egress port is 0
[13:53:29.042] [bmv2] [D] [thread 40049] [23.0] [cxt 0] Pipeline 'egress': start
[13:53:29.042] [bmv2] [T] [thread 40049] [23.0] [cxt 0] Applying table 'tbl_link_monitor379'
[13:53:29.042] [bmv2] [D] [thread 40049] [23.0] [cxt 0] Looking up key:

[13:53:29.042] [bmv2] [D] [thread 40049] [23.0] [cxt 0] Table 'tbl_link_monitor379': miss
[13:53:29.042] [bmv2] [D] [thread 40049] [23.0] [cxt 0] Action entry is link_monitor379 - 
[13:53:29.042] [bmv2] [T] [thread 40049] [23.0] [cxt 0] Action link_monitor379
[13:53:29.042] [bmv2] [T] [thread 40049] [23.0] [cxt 0] link_monitor.p4(379) Primitive (bit<32>)standard_metadata.egress_port
[13:53:29.042] [bmv2] [T] [thread 40049] [23.0] [cxt 0] link_monitor.p4(379) Primitive byte_cnt_reg.read(byte_cnt, (bit<32>)standard_metadata.egress_port)
[13:53:29.042] [bmv2] [T] [thread 40049] [23.0] [cxt 0] Read register 'MyEgress.byte_cnt_reg' at index 0 read value 280
[13:53:29.042] [bmv2] [T] [thread 40049] [23.0] [cxt 0] link_monitor.p4(380) Primitive byte_cnt = byte_cnt + standard_metadata.packet_length
[13:53:29.042] [bmv2] [T] [thread 40049] [23.0] [cxt 0] link_monitor.p4(382) Condition "hdr.probe.isValid()" (node_12) is false
[13:53:29.042] [bmv2] [T] [thread 40049] [23.0] [cxt 0] Applying table 'tbl_link_monitor382_0'
[13:53:29.042] [bmv2] [D] [thread 40049] [23.0] [cxt 0] Looking up key:

[13:53:29.042] [bmv2] [D] [thread 40049] [23.0] [cxt 0] Table 'tbl_link_monitor382_0': miss
[13:53:29.042] [bmv2] [D] [thread 40049] [23.0] [cxt 0] Action entry is link_monitor382_0 - 
[13:53:29.042] [bmv2] [T] [thread 40049] [23.0] [cxt 0] Action link_monitor382_0
[13:53:29.042] [bmv2] [T] [thread 40049] [23.0] [cxt 0] link_monitor.p4(382) Primitive (hdr.probe.isValid()) ? 0 : byte_cnt
[13:53:29.042] [bmv2] [T] [thread 40049] [23.0] [cxt 0] Applying table 'tbl_link_monitor383'
[13:53:29.042] [bmv2] [D] [thread 40049] [23.0] [cxt 0] Looking up key:

[13:53:29.042] [bmv2] [D] [thread 40049] [23.0] [cxt 0] Table 'tbl_link_monitor383': miss
[13:53:29.042] [bmv2] [D] [thread 40049] [23.0] [cxt 0] Action entry is link_monitor383 - 
[13:53:29.042] [bmv2] [T] [thread 40049] [23.0] [cxt 0] Action link_monitor383
[13:53:29.042] [bmv2] [T] [thread 40049] [23.0] [cxt 0] link_monitor.p4(383) Primitive (bit<32>)standard_metadata.egress_port
[13:53:29.042] [bmv2] [T] [thread 40049] [23.0] [cxt 0] link_monitor.p4(383) Primitive byte_cnt_reg.write((bit<32>)standard_metadata.egress_port, new_byte_cnt)
[13:53:29.042] [bmv2] [T] [thread 40049] [23.0] [cxt 0] Wrote register 'MyEgress.byte_cnt_reg' at index 0 with value 350
[13:53:29.042] [bmv2] [T] [thread 40049] [23.0] [cxt 0] link_monitor.p4(385) Condition "hdr.probe.isValid()" (node_16) is false
[13:53:29.042] [bmv2] [D] [thread 40049] [23.0] [cxt 0] Pipeline 'egress': end
[13:53:29.042] [bmv2] [D] [thread 40049] [23.0] [cxt 0] Deparser 'deparser': start
[13:53:29.042] [bmv2] [T] [thread 40049] [23.0] [cxt 0] Skipping checksum 'cksum' update because condition not met
[13:53:29.042] [bmv2] [D] [thread 40049] [23.0] [cxt 0] Deparsing header 'ethernet'
[13:53:29.042] [bmv2] [D] [thread 40049] [23.0] [cxt 0] Deparser 'deparser': end
[13:53:29.042] [bmv2] [D] [thread 40049] [24.0] [cxt 0] Pipeline 'egress': start
[13:53:29.042] [bmv2] [T] [thread 40049] [24.0] [cxt 0] Applying table 'tbl_link_monitor379'
[13:53:29.042] [bmv2] [D] [thread 40049] [24.0] [cxt 0] Looking up key:

[13:53:29.042] [bmv2] [D] [thread 40049] [24.0] [cxt 0] Table 'tbl_link_monitor379': miss
[13:53:29.042] [bmv2] [D] [thread 40049] [24.0] [cxt 0] Action entry is link_monitor379 - 
[13:53:29.042] [bmv2] [T] [thread 40049] [24.0] [cxt 0] Action link_monitor379
[13:53:29.042] [bmv2] [T] [thread 40049] [24.0] [cxt 0] link_monitor.p4(379) Primitive (bit<32>)standard_metadata.egress_port
[13:53:29.042] [bmv2] [T] [thread 40049] [24.0] [cxt 0] link_monitor.p4(379) Primitive byte_cnt_reg.read(byte_cnt, (bit<32>)standard_metadata.egress_port)
[13:53:29.042] [bmv2] [T] [thread 40049] [24.0] [cxt 0] Read register 'MyEgress.byte_cnt_reg' at index 0 read value 350
[13:53:29.042] [bmv2] [T] [thread 40049] [24.0] [cxt 0] link_monitor.p4(380) Primitive byte_cnt = byte_cnt + standard_metadata.packet_length
[13:53:29.042] [bmv2] [T] [thread 40049] [24.0] [cxt 0] link_monitor.p4(382) Condition "hdr.probe.isValid()" (node_12) is false
[13:53:29.042] [bmv2] [T] [thread 40049] [24.0] [cxt 0] Applying table 'tbl_link_monitor382_0'
[13:53:29.042] [bmv2] [D] [thread 40049] [24.0] [cxt 0] Looking up key:

[13:53:29.042] [bmv2] [D] [thread 40049] [24.0] [cxt 0] Table 'tbl_link_monitor382_0': miss
[13:53:29.042] [bmv2] [D] [thread 40049] [24.0] [cxt 0] Action entry is link_monitor382_0 - 
[13:53:29.042] [bmv2] [T] [thread 40049] [24.0] [cxt 0] Action link_monitor382_0
[13:53:29.042] [bmv2] [T] [thread 40049] [24.0] [cxt 0] link_monitor.p4(382) Primitive (hdr.probe.isValid()) ? 0 : byte_cnt
[13:53:29.042] [bmv2] [T] [thread 40049] [24.0] [cxt 0] Applying table 'tbl_link_monitor383'
[13:53:29.042] [bmv2] [D] [thread 40049] [24.0] [cxt 0] Looking up key:

[13:53:29.042] [bmv2] [D] [thread 40049] [24.0] [cxt 0] Table 'tbl_link_monitor383': miss
[13:53:29.042] [bmv2] [D] [thread 40049] [24.0] [cxt 0] Action entry is link_monitor383 - 
[13:53:29.042] [bmv2] [T] [thread 40049] [24.0] [cxt 0] Action link_monitor383
[13:53:29.042] [bmv2] [T] [thread 40049] [24.0] [cxt 0] link_monitor.p4(383) Primitive (bit<32>)standard_metadata.egress_port
[13:53:29.042] [bmv2] [T] [thread 40049] [24.0] [cxt 0] link_monitor.p4(383) Primitive byte_cnt_reg.write((bit<32>)standard_metadata.egress_port, new_byte_cnt)
[13:53:29.042] [bmv2] [T] [thread 40049] [24.0] [cxt 0] Wrote register 'MyEgress.byte_cnt_reg' at index 0 with value 420
[13:53:29.042] [bmv2] [T] [thread 40049] [24.0] [cxt 0] link_monitor.p4(385) Condition "hdr.probe.isValid()" (node_16) is false
[13:53:29.042] [bmv2] [D] [thread 40049] [24.0] [cxt 0] Pipeline 'egress': end
[13:53:29.042] [bmv2] [D] [thread 40049] [24.0] [cxt 0] Deparser 'deparser': start
[13:53:29.042] [bmv2] [T] [thread 40049] [24.0] [cxt 0] Skipping checksum 'cksum' update because condition not met
[13:53:29.042] [bmv2] [D] [thread 40049] [24.0] [cxt 0] Deparsing header 'ethernet'
[13:53:29.042] [bmv2] [D] [thread 40049] [24.0] [cxt 0] Deparser 'deparser': end
[13:53:29.043] [bmv2] [D] [thread 40053] [23.0] [cxt 0] Transmitting packet of size 70 out of port 0
[13:53:29.043] [bmv2] [D] [thread 40053] [24.0] [cxt 0] Transmitting packet of size 70 out of port 0
[13:53:36.219] [bmv2] [D] [thread 40048] [25.0] [cxt 0] Processing packet received on port 3
[13:53:36.219] [bmv2] [D] [thread 40048] [25.0] [cxt 0] Parser 'parser': start
[13:53:36.219] [bmv2] [D] [thread 40048] [25.0] [cxt 0] Parser 'parser' entering state 'start'
[13:53:36.219] [bmv2] [D] [thread 40048] [25.0] [cxt 0] Extracting header 'ethernet'
[13:53:36.219] [bmv2] [D] [thread 40048] [25.0] [cxt 0] Parser state 'start': key is 86dd
[13:53:36.219] [bmv2] [T] [thread 40048] [25.0] [cxt 0] Bytes parsed: 14
[13:53:36.219] [bmv2] [D] [thread 40048] [25.0] [cxt 0] Parser 'parser': end
[13:53:36.219] [bmv2] [D] [thread 40048] [25.0] [cxt 0] Pipeline 'ingress': start
[13:53:36.219] [bmv2] [T] [thread 40048] [25.0] [cxt 0] link_monitor.p4(333) Condition "hdr.tcp.isValid()" (node_2) is false
[13:53:36.219] [bmv2] [T] [thread 40048] [25.0] [cxt 0] link_monitor.p4(337) Condition "hdr.ipv4.isValid()" (node_5) is false
[13:53:36.219] [bmv2] [T] [thread 40048] [25.0] [cxt 0] link_monitor.p4(340) Condition "hdr.probe.isValid()" (node_7) is false
[13:53:36.219] [bmv2] [D] [thread 40048] [25.0] [cxt 0] Pipeline 'ingress': end
[13:53:36.219] [bmv2] [D] [thread 40048] [25.0] [cxt 0] Egress port is 0
[13:53:36.219] [bmv2] [D] [thread 40049] [25.0] [cxt 0] Pipeline 'egress': start
[13:53:36.219] [bmv2] [T] [thread 40049] [25.0] [cxt 0] Applying table 'tbl_link_monitor379'
[13:53:36.219] [bmv2] [D] [thread 40049] [25.0] [cxt 0] Looking up key:

[13:53:36.219] [bmv2] [D] [thread 40049] [25.0] [cxt 0] Table 'tbl_link_monitor379': miss
[13:53:36.219] [bmv2] [D] [thread 40049] [25.0] [cxt 0] Action entry is link_monitor379 - 
[13:53:36.219] [bmv2] [T] [thread 40049] [25.0] [cxt 0] Action link_monitor379
[13:53:36.219] [bmv2] [T] [thread 40049] [25.0] [cxt 0] link_monitor.p4(379) Primitive (bit<32>)standard_metadata.egress_port
[13:53:36.219] [bmv2] [T] [thread 40049] [25.0] [cxt 0] link_monitor.p4(379) Primitive byte_cnt_reg.read(byte_cnt, (bit<32>)standard_metadata.egress_port)
[13:53:36.219] [bmv2] [T] [thread 40049] [25.0] [cxt 0] Read register 'MyEgress.byte_cnt_reg' at index 0 read value 420
[13:53:36.219] [bmv2] [T] [thread 40049] [25.0] [cxt 0] link_monitor.p4(380) Primitive byte_cnt = byte_cnt + standard_metadata.packet_length
[13:53:36.219] [bmv2] [T] [thread 40049] [25.0] [cxt 0] link_monitor.p4(382) Condition "hdr.probe.isValid()" (node_12) is false
[13:53:36.219] [bmv2] [T] [thread 40049] [25.0] [cxt 0] Applying table 'tbl_link_monitor382_0'
[13:53:36.219] [bmv2] [D] [thread 40049] [25.0] [cxt 0] Looking up key:

[13:53:36.219] [bmv2] [D] [thread 40049] [25.0] [cxt 0] Table 'tbl_link_monitor382_0': miss
[13:53:36.219] [bmv2] [D] [thread 40049] [25.0] [cxt 0] Action entry is link_monitor382_0 - 
[13:53:36.219] [bmv2] [T] [thread 40049] [25.0] [cxt 0] Action link_monitor382_0
[13:53:36.219] [bmv2] [T] [thread 40049] [25.0] [cxt 0] link_monitor.p4(382) Primitive (hdr.probe.isValid()) ? 0 : byte_cnt
[13:53:36.219] [bmv2] [T] [thread 40049] [25.0] [cxt 0] Applying table 'tbl_link_monitor383'
[13:53:36.219] [bmv2] [D] [thread 40049] [25.0] [cxt 0] Looking up key:

[13:53:36.219] [bmv2] [D] [thread 40049] [25.0] [cxt 0] Table 'tbl_link_monitor383': miss
[13:53:36.219] [bmv2] [D] [thread 40049] [25.0] [cxt 0] Action entry is link_monitor383 - 
[13:53:36.219] [bmv2] [T] [thread 40049] [25.0] [cxt 0] Action link_monitor383
[13:53:36.219] [bmv2] [T] [thread 40049] [25.0] [cxt 0] link_monitor.p4(383) Primitive (bit<32>)standard_metadata.egress_port
[13:53:36.219] [bmv2] [T] [thread 40049] [25.0] [cxt 0] link_monitor.p4(383) Primitive byte_cnt_reg.write((bit<32>)standard_metadata.egress_port, new_byte_cnt)
[13:53:36.219] [bmv2] [T] [thread 40049] [25.0] [cxt 0] Wrote register 'MyEgress.byte_cnt_reg' at index 0 with value 490
[13:53:36.219] [bmv2] [T] [thread 40049] [25.0] [cxt 0] link_monitor.p4(385) Condition "hdr.probe.isValid()" (node_16) is false
[13:53:36.219] [bmv2] [D] [thread 40049] [25.0] [cxt 0] Pipeline 'egress': end
[13:53:36.219] [bmv2] [D] [thread 40049] [25.0] [cxt 0] Deparser 'deparser': start
[13:53:36.219] [bmv2] [T] [thread 40049] [25.0] [cxt 0] Skipping checksum 'cksum' update because condition not met
[13:53:36.219] [bmv2] [D] [thread 40049] [25.0] [cxt 0] Deparsing header 'ethernet'
[13:53:36.219] [bmv2] [D] [thread 40049] [25.0] [cxt 0] Deparser 'deparser': end
[13:53:36.219] [bmv2] [D] [thread 40053] [25.0] [cxt 0] Transmitting packet of size 70 out of port 0
[13:53:36.219] [bmv2] [D] [thread 40048] [26.0] [cxt 0] Processing packet received on port 2
[13:53:36.219] [bmv2] [D] [thread 40048] [26.0] [cxt 0] Parser 'parser': start
[13:53:36.219] [bmv2] [D] [thread 40048] [26.0] [cxt 0] Parser 'parser' entering state 'start'
[13:53:36.219] [bmv2] [D] [thread 40048] [26.0] [cxt 0] Extracting header 'ethernet'
[13:53:36.219] [bmv2] [D] [thread 40048] [26.0] [cxt 0] Parser state 'start': key is 86dd
[13:53:36.219] [bmv2] [T] [thread 40048] [26.0] [cxt 0] Bytes parsed: 14
[13:53:36.219] [bmv2] [D] [thread 40048] [26.0] [cxt 0] Parser 'parser': end
[13:53:36.219] [bmv2] [D] [thread 40048] [26.0] [cxt 0] Pipeline 'ingress': start
[13:53:36.219] [bmv2] [T] [thread 40048] [26.0] [cxt 0] link_monitor.p4(333) Condition "hdr.tcp.isValid()" (node_2) is false
[13:53:36.219] [bmv2] [T] [thread 40048] [26.0] [cxt 0] link_monitor.p4(337) Condition "hdr.ipv4.isValid()" (node_5) is false
[13:53:36.219] [bmv2] [T] [thread 40048] [26.0] [cxt 0] link_monitor.p4(340) Condition "hdr.probe.isValid()" (node_7) is false
[13:53:36.219] [bmv2] [D] [thread 40048] [26.0] [cxt 0] Pipeline 'ingress': end
[13:53:36.219] [bmv2] [D] [thread 40048] [26.0] [cxt 0] Egress port is 0
[13:53:36.219] [bmv2] [D] [thread 40049] [26.0] [cxt 0] Pipeline 'egress': start
[13:53:36.219] [bmv2] [T] [thread 40049] [26.0] [cxt 0] Applying table 'tbl_link_monitor379'
[13:53:36.219] [bmv2] [D] [thread 40049] [26.0] [cxt 0] Looking up key:

[13:53:36.219] [bmv2] [D] [thread 40049] [26.0] [cxt 0] Table 'tbl_link_monitor379': miss
[13:53:36.219] [bmv2] [D] [thread 40049] [26.0] [cxt 0] Action entry is link_monitor379 - 
[13:53:36.219] [bmv2] [T] [thread 40049] [26.0] [cxt 0] Action link_monitor379
[13:53:36.219] [bmv2] [T] [thread 40049] [26.0] [cxt 0] link_monitor.p4(379) Primitive (bit<32>)standard_metadata.egress_port
[13:53:36.219] [bmv2] [T] [thread 40049] [26.0] [cxt 0] link_monitor.p4(379) Primitive byte_cnt_reg.read(byte_cnt, (bit<32>)standard_metadata.egress_port)
[13:53:36.219] [bmv2] [T] [thread 40049] [26.0] [cxt 0] Read register 'MyEgress.byte_cnt_reg' at index 0 read value 490
[13:53:36.219] [bmv2] [T] [thread 40049] [26.0] [cxt 0] link_monitor.p4(380) Primitive byte_cnt = byte_cnt + standard_metadata.packet_length
[13:53:36.219] [bmv2] [T] [thread 40049] [26.0] [cxt 0] link_monitor.p4(382) Condition "hdr.probe.isValid()" (node_12) is false
[13:53:36.219] [bmv2] [T] [thread 40049] [26.0] [cxt 0] Applying table 'tbl_link_monitor382_0'
[13:53:36.219] [bmv2] [D] [thread 40049] [26.0] [cxt 0] Looking up key:

[13:53:36.219] [bmv2] [D] [thread 40049] [26.0] [cxt 0] Table 'tbl_link_monitor382_0': miss
[13:53:36.219] [bmv2] [D] [thread 40049] [26.0] [cxt 0] Action entry is link_monitor382_0 - 
[13:53:36.219] [bmv2] [T] [thread 40049] [26.0] [cxt 0] Action link_monitor382_0
[13:53:36.219] [bmv2] [T] [thread 40049] [26.0] [cxt 0] link_monitor.p4(382) Primitive (hdr.probe.isValid()) ? 0 : byte_cnt
[13:53:36.219] [bmv2] [T] [thread 40049] [26.0] [cxt 0] Applying table 'tbl_link_monitor383'
[13:53:36.219] [bmv2] [D] [thread 40049] [26.0] [cxt 0] Looking up key:

[13:53:36.219] [bmv2] [D] [thread 40049] [26.0] [cxt 0] Table 'tbl_link_monitor383': miss
[13:53:36.219] [bmv2] [D] [thread 40049] [26.0] [cxt 0] Action entry is link_monitor383 - 
[13:53:36.219] [bmv2] [T] [thread 40049] [26.0] [cxt 0] Action link_monitor383
[13:53:36.219] [bmv2] [T] [thread 40049] [26.0] [cxt 0] link_monitor.p4(383) Primitive (bit<32>)standard_metadata.egress_port
[13:53:36.219] [bmv2] [T] [thread 40049] [26.0] [cxt 0] link_monitor.p4(383) Primitive byte_cnt_reg.write((bit<32>)standard_metadata.egress_port, new_byte_cnt)
[13:53:36.219] [bmv2] [T] [thread 40049] [26.0] [cxt 0] Wrote register 'MyEgress.byte_cnt_reg' at index 0 with value 560
[13:53:36.219] [bmv2] [T] [thread 40049] [26.0] [cxt 0] link_monitor.p4(385) Condition "hdr.probe.isValid()" (node_16) is false
[13:53:36.219] [bmv2] [D] [thread 40049] [26.0] [cxt 0] Pipeline 'egress': end
[13:53:36.219] [bmv2] [D] [thread 40049] [26.0] [cxt 0] Deparser 'deparser': start
[13:53:36.219] [bmv2] [T] [thread 40049] [26.0] [cxt 0] Skipping checksum 'cksum' update because condition not met
[13:53:36.219] [bmv2] [D] [thread 40049] [26.0] [cxt 0] Deparsing header 'ethernet'
[13:53:36.219] [bmv2] [D] [thread 40049] [26.0] [cxt 0] Deparser 'deparser': end
[13:53:36.219] [bmv2] [D] [thread 40053] [26.0] [cxt 0] Transmitting packet of size 70 out of port 0
[13:53:36.721] [bmv2] [D] [thread 40048] [27.0] [cxt 0] Processing packet received on port 4
[13:53:36.721] [bmv2] [D] [thread 40048] [27.0] [cxt 0] Parser 'parser': start
[13:53:36.721] [bmv2] [D] [thread 40048] [27.0] [cxt 0] Parser 'parser' entering state 'start'
[13:53:36.721] [bmv2] [D] [thread 40048] [27.0] [cxt 0] Extracting header 'ethernet'
[13:53:36.721] [bmv2] [D] [thread 40048] [27.0] [cxt 0] Parser state 'start': key is 86dd
[13:53:36.721] [bmv2] [T] [thread 40048] [27.0] [cxt 0] Bytes parsed: 14
[13:53:36.721] [bmv2] [D] [thread 40048] [27.0] [cxt 0] Parser 'parser': end
[13:53:36.721] [bmv2] [D] [thread 40048] [27.0] [cxt 0] Pipeline 'ingress': start
[13:53:36.721] [bmv2] [T] [thread 40048] [27.0] [cxt 0] link_monitor.p4(333) Condition "hdr.tcp.isValid()" (node_2) is false
[13:53:36.721] [bmv2] [T] [thread 40048] [27.0] [cxt 0] link_monitor.p4(337) Condition "hdr.ipv4.isValid()" (node_5) is false
[13:53:36.721] [bmv2] [T] [thread 40048] [27.0] [cxt 0] link_monitor.p4(340) Condition "hdr.probe.isValid()" (node_7) is false
[13:53:36.721] [bmv2] [D] [thread 40048] [27.0] [cxt 0] Pipeline 'ingress': end
[13:53:36.721] [bmv2] [D] [thread 40048] [27.0] [cxt 0] Egress port is 0
[13:53:36.722] [bmv2] [D] [thread 40049] [27.0] [cxt 0] Pipeline 'egress': start
[13:53:36.722] [bmv2] [T] [thread 40049] [27.0] [cxt 0] Applying table 'tbl_link_monitor379'
[13:53:36.722] [bmv2] [D] [thread 40049] [27.0] [cxt 0] Looking up key:

[13:53:36.722] [bmv2] [D] [thread 40049] [27.0] [cxt 0] Table 'tbl_link_monitor379': miss
[13:53:36.722] [bmv2] [D] [thread 40049] [27.0] [cxt 0] Action entry is link_monitor379 - 
[13:53:36.722] [bmv2] [T] [thread 40049] [27.0] [cxt 0] Action link_monitor379
[13:53:36.722] [bmv2] [T] [thread 40049] [27.0] [cxt 0] link_monitor.p4(379) Primitive (bit<32>)standard_metadata.egress_port
[13:53:36.722] [bmv2] [T] [thread 40049] [27.0] [cxt 0] link_monitor.p4(379) Primitive byte_cnt_reg.read(byte_cnt, (bit<32>)standard_metadata.egress_port)
[13:53:36.722] [bmv2] [T] [thread 40049] [27.0] [cxt 0] Read register 'MyEgress.byte_cnt_reg' at index 0 read value 560
[13:53:36.722] [bmv2] [T] [thread 40049] [27.0] [cxt 0] link_monitor.p4(380) Primitive byte_cnt = byte_cnt + standard_metadata.packet_length
[13:53:36.722] [bmv2] [T] [thread 40049] [27.0] [cxt 0] link_monitor.p4(382) Condition "hdr.probe.isValid()" (node_12) is false
[13:53:36.722] [bmv2] [T] [thread 40049] [27.0] [cxt 0] Applying table 'tbl_link_monitor382_0'
[13:53:36.722] [bmv2] [D] [thread 40049] [27.0] [cxt 0] Looking up key:

[13:53:36.722] [bmv2] [D] [thread 40049] [27.0] [cxt 0] Table 'tbl_link_monitor382_0': miss
[13:53:36.722] [bmv2] [D] [thread 40049] [27.0] [cxt 0] Action entry is link_monitor382_0 - 
[13:53:36.722] [bmv2] [T] [thread 40049] [27.0] [cxt 0] Action link_monitor382_0
[13:53:36.722] [bmv2] [T] [thread 40049] [27.0] [cxt 0] link_monitor.p4(382) Primitive (hdr.probe.isValid()) ? 0 : byte_cnt
[13:53:36.722] [bmv2] [T] [thread 40049] [27.0] [cxt 0] Applying table 'tbl_link_monitor383'
[13:53:36.722] [bmv2] [D] [thread 40049] [27.0] [cxt 0] Looking up key:

[13:53:36.722] [bmv2] [D] [thread 40049] [27.0] [cxt 0] Table 'tbl_link_monitor383': miss
[13:53:36.722] [bmv2] [D] [thread 40049] [27.0] [cxt 0] Action entry is link_monitor383 - 
[13:53:36.722] [bmv2] [T] [thread 40049] [27.0] [cxt 0] Action link_monitor383
[13:53:36.722] [bmv2] [T] [thread 40049] [27.0] [cxt 0] link_monitor.p4(383) Primitive (bit<32>)standard_metadata.egress_port
[13:53:36.722] [bmv2] [T] [thread 40049] [27.0] [cxt 0] link_monitor.p4(383) Primitive byte_cnt_reg.write((bit<32>)standard_metadata.egress_port, new_byte_cnt)
[13:53:36.722] [bmv2] [T] [thread 40049] [27.0] [cxt 0] Wrote register 'MyEgress.byte_cnt_reg' at index 0 with value 630
[13:53:36.722] [bmv2] [T] [thread 40049] [27.0] [cxt 0] link_monitor.p4(385) Condition "hdr.probe.isValid()" (node_16) is false
[13:53:36.722] [bmv2] [D] [thread 40049] [27.0] [cxt 0] Pipeline 'egress': end
[13:53:36.722] [bmv2] [D] [thread 40049] [27.0] [cxt 0] Deparser 'deparser': start
[13:53:36.722] [bmv2] [T] [thread 40049] [27.0] [cxt 0] Skipping checksum 'cksum' update because condition not met
[13:53:36.722] [bmv2] [D] [thread 40049] [27.0] [cxt 0] Deparsing header 'ethernet'
[13:53:36.722] [bmv2] [D] [thread 40049] [27.0] [cxt 0] Deparser 'deparser': end
[13:53:36.722] [bmv2] [D] [thread 40053] [27.0] [cxt 0] Transmitting packet of size 70 out of port 0
[13:53:37.244] [bmv2] [D] [thread 40048] [28.0] [cxt 0] Processing packet received on port 3
[13:53:37.244] [bmv2] [D] [thread 40048] [28.0] [cxt 0] Parser 'parser': start
[13:53:37.244] [bmv2] [D] [thread 40048] [28.0] [cxt 0] Parser 'parser' entering state 'start'
[13:53:37.244] [bmv2] [D] [thread 40048] [28.0] [cxt 0] Extracting header 'ethernet'
[13:53:37.244] [bmv2] [D] [thread 40048] [28.0] [cxt 0] Parser state 'start': key is 86dd
[13:53:37.244] [bmv2] [T] [thread 40048] [28.0] [cxt 0] Bytes parsed: 14
[13:53:37.244] [bmv2] [D] [thread 40048] [28.0] [cxt 0] Parser 'parser': end
[13:53:37.244] [bmv2] [D] [thread 40048] [28.0] [cxt 0] Pipeline 'ingress': start
[13:53:37.244] [bmv2] [T] [thread 40048] [28.0] [cxt 0] link_monitor.p4(333) Condition "hdr.tcp.isValid()" (node_2) is false
[13:53:37.244] [bmv2] [T] [thread 40048] [28.0] [cxt 0] link_monitor.p4(337) Condition "hdr.ipv4.isValid()" (node_5) is false
[13:53:37.244] [bmv2] [T] [thread 40048] [28.0] [cxt 0] link_monitor.p4(340) Condition "hdr.probe.isValid()" (node_7) is false
[13:53:37.244] [bmv2] [D] [thread 40048] [28.0] [cxt 0] Pipeline 'ingress': end
[13:53:37.244] [bmv2] [D] [thread 40048] [28.0] [cxt 0] Egress port is 0
[13:53:37.244] [bmv2] [D] [thread 40049] [28.0] [cxt 0] Pipeline 'egress': start
[13:53:37.244] [bmv2] [T] [thread 40049] [28.0] [cxt 0] Applying table 'tbl_link_monitor379'
[13:53:37.244] [bmv2] [D] [thread 40049] [28.0] [cxt 0] Looking up key:

[13:53:37.244] [bmv2] [D] [thread 40049] [28.0] [cxt 0] Table 'tbl_link_monitor379': miss
[13:53:37.244] [bmv2] [D] [thread 40049] [28.0] [cxt 0] Action entry is link_monitor379 - 
[13:53:37.244] [bmv2] [T] [thread 40049] [28.0] [cxt 0] Action link_monitor379
[13:53:37.244] [bmv2] [T] [thread 40049] [28.0] [cxt 0] link_monitor.p4(379) Primitive (bit<32>)standard_metadata.egress_port
[13:53:37.244] [bmv2] [T] [thread 40049] [28.0] [cxt 0] link_monitor.p4(379) Primitive byte_cnt_reg.read(byte_cnt, (bit<32>)standard_metadata.egress_port)
[13:53:37.244] [bmv2] [T] [thread 40049] [28.0] [cxt 0] Read register 'MyEgress.byte_cnt_reg' at index 0 read value 630
[13:53:37.244] [bmv2] [T] [thread 40049] [28.0] [cxt 0] link_monitor.p4(380) Primitive byte_cnt = byte_cnt + standard_metadata.packet_length
[13:53:37.244] [bmv2] [T] [thread 40049] [28.0] [cxt 0] link_monitor.p4(382) Condition "hdr.probe.isValid()" (node_12) is false
[13:53:37.244] [bmv2] [T] [thread 40049] [28.0] [cxt 0] Applying table 'tbl_link_monitor382_0'
[13:53:37.244] [bmv2] [D] [thread 40049] [28.0] [cxt 0] Looking up key:

[13:53:37.244] [bmv2] [D] [thread 40049] [28.0] [cxt 0] Table 'tbl_link_monitor382_0': miss
[13:53:37.244] [bmv2] [D] [thread 40049] [28.0] [cxt 0] Action entry is link_monitor382_0 - 
[13:53:37.244] [bmv2] [T] [thread 40049] [28.0] [cxt 0] Action link_monitor382_0
[13:53:37.244] [bmv2] [T] [thread 40049] [28.0] [cxt 0] link_monitor.p4(382) Primitive (hdr.probe.isValid()) ? 0 : byte_cnt
[13:53:37.244] [bmv2] [T] [thread 40049] [28.0] [cxt 0] Applying table 'tbl_link_monitor383'
[13:53:37.244] [bmv2] [D] [thread 40049] [28.0] [cxt 0] Looking up key:

[13:53:37.244] [bmv2] [D] [thread 40049] [28.0] [cxt 0] Table 'tbl_link_monitor383': miss
[13:53:37.244] [bmv2] [D] [thread 40049] [28.0] [cxt 0] Action entry is link_monitor383 - 
[13:53:37.244] [bmv2] [T] [thread 40049] [28.0] [cxt 0] Action link_monitor383
[13:53:37.244] [bmv2] [T] [thread 40049] [28.0] [cxt 0] link_monitor.p4(383) Primitive (bit<32>)standard_metadata.egress_port
[13:53:37.244] [bmv2] [T] [thread 40049] [28.0] [cxt 0] link_monitor.p4(383) Primitive byte_cnt_reg.write((bit<32>)standard_metadata.egress_port, new_byte_cnt)
[13:53:37.244] [bmv2] [T] [thread 40049] [28.0] [cxt 0] Wrote register 'MyEgress.byte_cnt_reg' at index 0 with value 700
[13:53:37.244] [bmv2] [T] [thread 40049] [28.0] [cxt 0] link_monitor.p4(385) Condition "hdr.probe.isValid()" (node_16) is false
[13:53:37.244] [bmv2] [D] [thread 40049] [28.0] [cxt 0] Pipeline 'egress': end
[13:53:37.244] [bmv2] [D] [thread 40049] [28.0] [cxt 0] Deparser 'deparser': start
[13:53:37.244] [bmv2] [T] [thread 40049] [28.0] [cxt 0] Skipping checksum 'cksum' update because condition not met
[13:53:37.244] [bmv2] [D] [thread 40049] [28.0] [cxt 0] Deparsing header 'ethernet'
[13:53:37.244] [bmv2] [D] [thread 40049] [28.0] [cxt 0] Deparser 'deparser': end
[13:53:37.244] [bmv2] [D] [thread 40053] [28.0] [cxt 0] Transmitting packet of size 70 out of port 0
[13:53:37.494] [bmv2] [D] [thread 40048] [29.0] [cxt 0] Processing packet received on port 1
[13:53:37.494] [bmv2] [D] [thread 40048] [29.0] [cxt 0] Parser 'parser': start
[13:53:37.494] [bmv2] [D] [thread 40048] [29.0] [cxt 0] Parser 'parser' entering state 'start'
[13:53:37.494] [bmv2] [D] [thread 40048] [29.0] [cxt 0] Extracting header 'ethernet'
[13:53:37.494] [bmv2] [D] [thread 40048] [29.0] [cxt 0] Parser state 'start': key is 86dd
[13:53:37.494] [bmv2] [T] [thread 40048] [29.0] [cxt 0] Bytes parsed: 14
[13:53:37.494] [bmv2] [D] [thread 40048] [29.0] [cxt 0] Parser 'parser': end
[13:53:37.494] [bmv2] [D] [thread 40048] [29.0] [cxt 0] Pipeline 'ingress': start
[13:53:37.494] [bmv2] [T] [thread 40048] [29.0] [cxt 0] link_monitor.p4(333) Condition "hdr.tcp.isValid()" (node_2) is false
[13:53:37.494] [bmv2] [T] [thread 40048] [29.0] [cxt 0] link_monitor.p4(337) Condition "hdr.ipv4.isValid()" (node_5) is false
[13:53:37.494] [bmv2] [T] [thread 40048] [29.0] [cxt 0] link_monitor.p4(340) Condition "hdr.probe.isValid()" (node_7) is false
[13:53:37.494] [bmv2] [D] [thread 40048] [29.0] [cxt 0] Pipeline 'ingress': end
[13:53:37.494] [bmv2] [D] [thread 40048] [29.0] [cxt 0] Egress port is 0
[13:53:37.494] [bmv2] [D] [thread 40048] [30.0] [cxt 0] Processing packet received on port 4
[13:53:37.494] [bmv2] [D] [thread 40048] [30.0] [cxt 0] Parser 'parser': start
[13:53:37.494] [bmv2] [D] [thread 40048] [30.0] [cxt 0] Parser 'parser' entering state 'start'
[13:53:37.494] [bmv2] [D] [thread 40048] [30.0] [cxt 0] Extracting header 'ethernet'
[13:53:37.494] [bmv2] [D] [thread 40048] [30.0] [cxt 0] Parser state 'start': key is 86dd
[13:53:37.494] [bmv2] [T] [thread 40048] [30.0] [cxt 0] Bytes parsed: 14
[13:53:37.494] [bmv2] [D] [thread 40048] [30.0] [cxt 0] Parser 'parser': end
[13:53:37.494] [bmv2] [D] [thread 40048] [30.0] [cxt 0] Pipeline 'ingress': start
[13:53:37.494] [bmv2] [T] [thread 40048] [30.0] [cxt 0] link_monitor.p4(333) Condition "hdr.tcp.isValid()" (node_2) is false
[13:53:37.494] [bmv2] [T] [thread 40048] [30.0] [cxt 0] link_monitor.p4(337) Condition "hdr.ipv4.isValid()" (node_5) is false
[13:53:37.494] [bmv2] [T] [thread 40048] [30.0] [cxt 0] link_monitor.p4(340) Condition "hdr.probe.isValid()" (node_7) is false
[13:53:37.494] [bmv2] [D] [thread 40048] [30.0] [cxt 0] Pipeline 'ingress': end
[13:53:37.494] [bmv2] [D] [thread 40048] [30.0] [cxt 0] Egress port is 0
[13:53:37.494] [bmv2] [D] [thread 40049] [29.0] [cxt 0] Pipeline 'egress': start
[13:53:37.494] [bmv2] [T] [thread 40049] [29.0] [cxt 0] Applying table 'tbl_link_monitor379'
[13:53:37.494] [bmv2] [D] [thread 40049] [29.0] [cxt 0] Looking up key:

[13:53:37.494] [bmv2] [D] [thread 40049] [29.0] [cxt 0] Table 'tbl_link_monitor379': miss
[13:53:37.494] [bmv2] [D] [thread 40049] [29.0] [cxt 0] Action entry is link_monitor379 - 
[13:53:37.494] [bmv2] [T] [thread 40049] [29.0] [cxt 0] Action link_monitor379
[13:53:37.494] [bmv2] [T] [thread 40049] [29.0] [cxt 0] link_monitor.p4(379) Primitive (bit<32>)standard_metadata.egress_port
[13:53:37.494] [bmv2] [T] [thread 40049] [29.0] [cxt 0] link_monitor.p4(379) Primitive byte_cnt_reg.read(byte_cnt, (bit<32>)standard_metadata.egress_port)
[13:53:37.494] [bmv2] [T] [thread 40049] [29.0] [cxt 0] Read register 'MyEgress.byte_cnt_reg' at index 0 read value 700
[13:53:37.494] [bmv2] [T] [thread 40049] [29.0] [cxt 0] link_monitor.p4(380) Primitive byte_cnt = byte_cnt + standard_metadata.packet_length
[13:53:37.494] [bmv2] [T] [thread 40049] [29.0] [cxt 0] link_monitor.p4(382) Condition "hdr.probe.isValid()" (node_12) is false
[13:53:37.494] [bmv2] [T] [thread 40049] [29.0] [cxt 0] Applying table 'tbl_link_monitor382_0'
[13:53:37.494] [bmv2] [D] [thread 40049] [29.0] [cxt 0] Looking up key:

[13:53:37.494] [bmv2] [D] [thread 40049] [29.0] [cxt 0] Table 'tbl_link_monitor382_0': miss
[13:53:37.494] [bmv2] [D] [thread 40049] [29.0] [cxt 0] Action entry is link_monitor382_0 - 
[13:53:37.494] [bmv2] [T] [thread 40049] [29.0] [cxt 0] Action link_monitor382_0
[13:53:37.494] [bmv2] [T] [thread 40049] [29.0] [cxt 0] link_monitor.p4(382) Primitive (hdr.probe.isValid()) ? 0 : byte_cnt
[13:53:37.494] [bmv2] [T] [thread 40049] [29.0] [cxt 0] Applying table 'tbl_link_monitor383'
[13:53:37.494] [bmv2] [D] [thread 40049] [29.0] [cxt 0] Looking up key:

[13:53:37.494] [bmv2] [D] [thread 40049] [29.0] [cxt 0] Table 'tbl_link_monitor383': miss
[13:53:37.494] [bmv2] [D] [thread 40049] [29.0] [cxt 0] Action entry is link_monitor383 - 
[13:53:37.494] [bmv2] [T] [thread 40049] [29.0] [cxt 0] Action link_monitor383
[13:53:37.494] [bmv2] [T] [thread 40049] [29.0] [cxt 0] link_monitor.p4(383) Primitive (bit<32>)standard_metadata.egress_port
[13:53:37.494] [bmv2] [T] [thread 40049] [29.0] [cxt 0] link_monitor.p4(383) Primitive byte_cnt_reg.write((bit<32>)standard_metadata.egress_port, new_byte_cnt)
[13:53:37.494] [bmv2] [T] [thread 40049] [29.0] [cxt 0] Wrote register 'MyEgress.byte_cnt_reg' at index 0 with value 770
[13:53:37.494] [bmv2] [T] [thread 40049] [29.0] [cxt 0] link_monitor.p4(385) Condition "hdr.probe.isValid()" (node_16) is false
[13:53:37.494] [bmv2] [D] [thread 40049] [29.0] [cxt 0] Pipeline 'egress': end
[13:53:37.494] [bmv2] [D] [thread 40049] [29.0] [cxt 0] Deparser 'deparser': start
[13:53:37.494] [bmv2] [T] [thread 40049] [29.0] [cxt 0] Skipping checksum 'cksum' update because condition not met
[13:53:37.494] [bmv2] [D] [thread 40049] [29.0] [cxt 0] Deparsing header 'ethernet'
[13:53:37.494] [bmv2] [D] [thread 40049] [29.0] [cxt 0] Deparser 'deparser': end
[13:53:37.494] [bmv2] [D] [thread 40049] [30.0] [cxt 0] Pipeline 'egress': start
[13:53:37.494] [bmv2] [T] [thread 40049] [30.0] [cxt 0] Applying table 'tbl_link_monitor379'
[13:53:37.494] [bmv2] [D] [thread 40049] [30.0] [cxt 0] Looking up key:

[13:53:37.494] [bmv2] [D] [thread 40049] [30.0] [cxt 0] Table 'tbl_link_monitor379': miss
[13:53:37.494] [bmv2] [D] [thread 40049] [30.0] [cxt 0] Action entry is link_monitor379 - 
[13:53:37.494] [bmv2] [T] [thread 40049] [30.0] [cxt 0] Action link_monitor379
[13:53:37.494] [bmv2] [T] [thread 40049] [30.0] [cxt 0] link_monitor.p4(379) Primitive (bit<32>)standard_metadata.egress_port
[13:53:37.494] [bmv2] [T] [thread 40049] [30.0] [cxt 0] link_monitor.p4(379) Primitive byte_cnt_reg.read(byte_cnt, (bit<32>)standard_metadata.egress_port)
[13:53:37.494] [bmv2] [T] [thread 40049] [30.0] [cxt 0] Read register 'MyEgress.byte_cnt_reg' at index 0 read value 770
[13:53:37.494] [bmv2] [T] [thread 40049] [30.0] [cxt 0] link_monitor.p4(380) Primitive byte_cnt = byte_cnt + standard_metadata.packet_length
[13:53:37.494] [bmv2] [T] [thread 40049] [30.0] [cxt 0] link_monitor.p4(382) Condition "hdr.probe.isValid()" (node_12) is false
[13:53:37.494] [bmv2] [T] [thread 40049] [30.0] [cxt 0] Applying table 'tbl_link_monitor382_0'
[13:53:37.494] [bmv2] [D] [thread 40049] [30.0] [cxt 0] Looking up key:

[13:53:37.494] [bmv2] [D] [thread 40049] [30.0] [cxt 0] Table 'tbl_link_monitor382_0': miss
[13:53:37.494] [bmv2] [D] [thread 40049] [30.0] [cxt 0] Action entry is link_monitor382_0 - 
[13:53:37.494] [bmv2] [T] [thread 40049] [30.0] [cxt 0] Action link_monitor382_0
[13:53:37.494] [bmv2] [T] [thread 40049] [30.0] [cxt 0] link_monitor.p4(382) Primitive (hdr.probe.isValid()) ? 0 : byte_cnt
[13:53:37.494] [bmv2] [T] [thread 40049] [30.0] [cxt 0] Applying table 'tbl_link_monitor383'
[13:53:37.494] [bmv2] [D] [thread 40049] [30.0] [cxt 0] Looking up key:

[13:53:37.494] [bmv2] [D] [thread 40049] [30.0] [cxt 0] Table 'tbl_link_monitor383': miss
[13:53:37.494] [bmv2] [D] [thread 40049] [30.0] [cxt 0] Action entry is link_monitor383 - 
[13:53:37.494] [bmv2] [T] [thread 40049] [30.0] [cxt 0] Action link_monitor383
[13:53:37.494] [bmv2] [T] [thread 40049] [30.0] [cxt 0] link_monitor.p4(383) Primitive (bit<32>)standard_metadata.egress_port
[13:53:37.494] [bmv2] [T] [thread 40049] [30.0] [cxt 0] link_monitor.p4(383) Primitive byte_cnt_reg.write((bit<32>)standard_metadata.egress_port, new_byte_cnt)
[13:53:37.494] [bmv2] [T] [thread 40049] [30.0] [cxt 0] Wrote register 'MyEgress.byte_cnt_reg' at index 0 with value 840
[13:53:37.494] [bmv2] [T] [thread 40049] [30.0] [cxt 0] link_monitor.p4(385) Condition "hdr.probe.isValid()" (node_16) is false
[13:53:37.494] [bmv2] [D] [thread 40049] [30.0] [cxt 0] Pipeline 'egress': end
[13:53:37.494] [bmv2] [D] [thread 40049] [30.0] [cxt 0] Deparser 'deparser': start
[13:53:37.494] [bmv2] [T] [thread 40049] [30.0] [cxt 0] Skipping checksum 'cksum' update because condition not met
[13:53:37.494] [bmv2] [D] [thread 40049] [30.0] [cxt 0] Deparsing header 'ethernet'
[13:53:37.494] [bmv2] [D] [thread 40049] [30.0] [cxt 0] Deparser 'deparser': end
[13:53:37.494] [bmv2] [D] [thread 40053] [29.0] [cxt 0] Transmitting packet of size 70 out of port 0
[13:53:37.494] [bmv2] [D] [thread 40053] [30.0] [cxt 0] Transmitting packet of size 70 out of port 0
[13:53:50.557] [bmv2] [D] [thread 40048] [31.0] [cxt 0] Processing packet received on port 3
[13:53:50.557] [bmv2] [D] [thread 40048] [31.0] [cxt 0] Parser 'parser': start
[13:53:50.557] [bmv2] [D] [thread 40048] [31.0] [cxt 0] Parser 'parser' entering state 'start'
[13:53:50.557] [bmv2] [D] [thread 40048] [31.0] [cxt 0] Extracting header 'ethernet'
[13:53:50.557] [bmv2] [D] [thread 40048] [31.0] [cxt 0] Parser state 'start': key is 86dd
[13:53:50.557] [bmv2] [T] [thread 40048] [31.0] [cxt 0] Bytes parsed: 14
[13:53:50.557] [bmv2] [D] [thread 40048] [31.0] [cxt 0] Parser 'parser': end
[13:53:50.557] [bmv2] [D] [thread 40048] [31.0] [cxt 0] Pipeline 'ingress': start
[13:53:50.557] [bmv2] [T] [thread 40048] [31.0] [cxt 0] link_monitor.p4(333) Condition "hdr.tcp.isValid()" (node_2) is false
[13:53:50.557] [bmv2] [T] [thread 40048] [31.0] [cxt 0] link_monitor.p4(337) Condition "hdr.ipv4.isValid()" (node_5) is false
[13:53:50.557] [bmv2] [T] [thread 40048] [31.0] [cxt 0] link_monitor.p4(340) Condition "hdr.probe.isValid()" (node_7) is false
[13:53:50.557] [bmv2] [D] [thread 40048] [31.0] [cxt 0] Pipeline 'ingress': end
[13:53:50.557] [bmv2] [D] [thread 40048] [31.0] [cxt 0] Egress port is 0
[13:53:50.557] [bmv2] [D] [thread 40049] [31.0] [cxt 0] Pipeline 'egress': start
[13:53:50.557] [bmv2] [T] [thread 40049] [31.0] [cxt 0] Applying table 'tbl_link_monitor379'
[13:53:50.557] [bmv2] [D] [thread 40049] [31.0] [cxt 0] Looking up key:

[13:53:50.557] [bmv2] [D] [thread 40049] [31.0] [cxt 0] Table 'tbl_link_monitor379': miss
[13:53:50.557] [bmv2] [D] [thread 40049] [31.0] [cxt 0] Action entry is link_monitor379 - 
[13:53:50.557] [bmv2] [T] [thread 40049] [31.0] [cxt 0] Action link_monitor379
[13:53:50.557] [bmv2] [T] [thread 40049] [31.0] [cxt 0] link_monitor.p4(379) Primitive (bit<32>)standard_metadata.egress_port
[13:53:50.557] [bmv2] [T] [thread 40049] [31.0] [cxt 0] link_monitor.p4(379) Primitive byte_cnt_reg.read(byte_cnt, (bit<32>)standard_metadata.egress_port)
[13:53:50.557] [bmv2] [T] [thread 40049] [31.0] [cxt 0] Read register 'MyEgress.byte_cnt_reg' at index 0 read value 840
[13:53:50.557] [bmv2] [T] [thread 40049] [31.0] [cxt 0] link_monitor.p4(380) Primitive byte_cnt = byte_cnt + standard_metadata.packet_length
[13:53:50.557] [bmv2] [T] [thread 40049] [31.0] [cxt 0] link_monitor.p4(382) Condition "hdr.probe.isValid()" (node_12) is false
[13:53:50.557] [bmv2] [T] [thread 40049] [31.0] [cxt 0] Applying table 'tbl_link_monitor382_0'
[13:53:50.557] [bmv2] [D] [thread 40049] [31.0] [cxt 0] Looking up key:

[13:53:50.557] [bmv2] [D] [thread 40049] [31.0] [cxt 0] Table 'tbl_link_monitor382_0': miss
[13:53:50.557] [bmv2] [D] [thread 40049] [31.0] [cxt 0] Action entry is link_monitor382_0 - 
[13:53:50.557] [bmv2] [T] [thread 40049] [31.0] [cxt 0] Action link_monitor382_0
[13:53:50.557] [bmv2] [T] [thread 40049] [31.0] [cxt 0] link_monitor.p4(382) Primitive (hdr.probe.isValid()) ? 0 : byte_cnt
[13:53:50.557] [bmv2] [T] [thread 40049] [31.0] [cxt 0] Applying table 'tbl_link_monitor383'
[13:53:50.557] [bmv2] [D] [thread 40049] [31.0] [cxt 0] Looking up key:

[13:53:50.557] [bmv2] [D] [thread 40049] [31.0] [cxt 0] Table 'tbl_link_monitor383': miss
[13:53:50.557] [bmv2] [D] [thread 40049] [31.0] [cxt 0] Action entry is link_monitor383 - 
[13:53:50.557] [bmv2] [T] [thread 40049] [31.0] [cxt 0] Action link_monitor383
[13:53:50.557] [bmv2] [T] [thread 40049] [31.0] [cxt 0] link_monitor.p4(383) Primitive (bit<32>)standard_metadata.egress_port
[13:53:50.557] [bmv2] [T] [thread 40049] [31.0] [cxt 0] link_monitor.p4(383) Primitive byte_cnt_reg.write((bit<32>)standard_metadata.egress_port, new_byte_cnt)
[13:53:50.557] [bmv2] [T] [thread 40049] [31.0] [cxt 0] Wrote register 'MyEgress.byte_cnt_reg' at index 0 with value 910
[13:53:50.557] [bmv2] [T] [thread 40049] [31.0] [cxt 0] link_monitor.p4(385) Condition "hdr.probe.isValid()" (node_16) is false
[13:53:50.557] [bmv2] [D] [thread 40049] [31.0] [cxt 0] Pipeline 'egress': end
[13:53:50.557] [bmv2] [D] [thread 40049] [31.0] [cxt 0] Deparser 'deparser': start
[13:53:50.557] [bmv2] [T] [thread 40049] [31.0] [cxt 0] Skipping checksum 'cksum' update because condition not met
[13:53:50.557] [bmv2] [D] [thread 40049] [31.0] [cxt 0] Deparsing header 'ethernet'
[13:53:50.557] [bmv2] [D] [thread 40049] [31.0] [cxt 0] Deparser 'deparser': end
[13:53:50.557] [bmv2] [D] [thread 40053] [31.0] [cxt 0] Transmitting packet of size 70 out of port 0
[13:53:51.315] [bmv2] [D] [thread 40048] [32.0] [cxt 0] Processing packet received on port 4
[13:53:51.315] [bmv2] [D] [thread 40048] [32.0] [cxt 0] Parser 'parser': start
[13:53:51.315] [bmv2] [D] [thread 40048] [32.0] [cxt 0] Parser 'parser' entering state 'start'
[13:53:51.315] [bmv2] [D] [thread 40048] [32.0] [cxt 0] Extracting header 'ethernet'
[13:53:51.315] [bmv2] [D] [thread 40048] [32.0] [cxt 0] Parser state 'start': key is 86dd
[13:53:51.315] [bmv2] [T] [thread 40048] [32.0] [cxt 0] Bytes parsed: 14
[13:53:51.315] [bmv2] [D] [thread 40048] [32.0] [cxt 0] Parser 'parser': end
[13:53:51.315] [bmv2] [D] [thread 40048] [32.0] [cxt 0] Pipeline 'ingress': start
[13:53:51.315] [bmv2] [T] [thread 40048] [32.0] [cxt 0] link_monitor.p4(333) Condition "hdr.tcp.isValid()" (node_2) is false
[13:53:51.315] [bmv2] [T] [thread 40048] [32.0] [cxt 0] link_monitor.p4(337) Condition "hdr.ipv4.isValid()" (node_5) is false
[13:53:51.315] [bmv2] [T] [thread 40048] [32.0] [cxt 0] link_monitor.p4(340) Condition "hdr.probe.isValid()" (node_7) is false
[13:53:51.315] [bmv2] [D] [thread 40048] [32.0] [cxt 0] Pipeline 'ingress': end
[13:53:51.315] [bmv2] [D] [thread 40048] [32.0] [cxt 0] Egress port is 0
[13:53:51.315] [bmv2] [D] [thread 40049] [32.0] [cxt 0] Pipeline 'egress': start
[13:53:51.315] [bmv2] [T] [thread 40049] [32.0] [cxt 0] Applying table 'tbl_link_monitor379'
[13:53:51.315] [bmv2] [D] [thread 40049] [32.0] [cxt 0] Looking up key:

[13:53:51.315] [bmv2] [D] [thread 40049] [32.0] [cxt 0] Table 'tbl_link_monitor379': miss
[13:53:51.315] [bmv2] [D] [thread 40049] [32.0] [cxt 0] Action entry is link_monitor379 - 
[13:53:51.315] [bmv2] [T] [thread 40049] [32.0] [cxt 0] Action link_monitor379
[13:53:51.315] [bmv2] [T] [thread 40049] [32.0] [cxt 0] link_monitor.p4(379) Primitive (bit<32>)standard_metadata.egress_port
[13:53:51.315] [bmv2] [T] [thread 40049] [32.0] [cxt 0] link_monitor.p4(379) Primitive byte_cnt_reg.read(byte_cnt, (bit<32>)standard_metadata.egress_port)
[13:53:51.315] [bmv2] [T] [thread 40049] [32.0] [cxt 0] Read register 'MyEgress.byte_cnt_reg' at index 0 read value 910
[13:53:51.315] [bmv2] [T] [thread 40049] [32.0] [cxt 0] link_monitor.p4(380) Primitive byte_cnt = byte_cnt + standard_metadata.packet_length
[13:53:51.315] [bmv2] [T] [thread 40049] [32.0] [cxt 0] link_monitor.p4(382) Condition "hdr.probe.isValid()" (node_12) is false
[13:53:51.315] [bmv2] [T] [thread 40049] [32.0] [cxt 0] Applying table 'tbl_link_monitor382_0'
[13:53:51.315] [bmv2] [D] [thread 40049] [32.0] [cxt 0] Looking up key:

[13:53:51.315] [bmv2] [D] [thread 40049] [32.0] [cxt 0] Table 'tbl_link_monitor382_0': miss
[13:53:51.315] [bmv2] [D] [thread 40049] [32.0] [cxt 0] Action entry is link_monitor382_0 - 
[13:53:51.315] [bmv2] [T] [thread 40049] [32.0] [cxt 0] Action link_monitor382_0
[13:53:51.315] [bmv2] [T] [thread 40049] [32.0] [cxt 0] link_monitor.p4(382) Primitive (hdr.probe.isValid()) ? 0 : byte_cnt
[13:53:51.315] [bmv2] [T] [thread 40049] [32.0] [cxt 0] Applying table 'tbl_link_monitor383'
[13:53:51.315] [bmv2] [D] [thread 40049] [32.0] [cxt 0] Looking up key:

[13:53:51.315] [bmv2] [D] [thread 40049] [32.0] [cxt 0] Table 'tbl_link_monitor383': miss
[13:53:51.315] [bmv2] [D] [thread 40049] [32.0] [cxt 0] Action entry is link_monitor383 - 
[13:53:51.315] [bmv2] [T] [thread 40049] [32.0] [cxt 0] Action link_monitor383
[13:53:51.315] [bmv2] [T] [thread 40049] [32.0] [cxt 0] link_monitor.p4(383) Primitive (bit<32>)standard_metadata.egress_port
[13:53:51.315] [bmv2] [T] [thread 40049] [32.0] [cxt 0] link_monitor.p4(383) Primitive byte_cnt_reg.write((bit<32>)standard_metadata.egress_port, new_byte_cnt)
[13:53:51.315] [bmv2] [T] [thread 40049] [32.0] [cxt 0] Wrote register 'MyEgress.byte_cnt_reg' at index 0 with value 980
[13:53:51.316] [bmv2] [T] [thread 40049] [32.0] [cxt 0] link_monitor.p4(385) Condition "hdr.probe.isValid()" (node_16) is false
[13:53:51.316] [bmv2] [D] [thread 40049] [32.0] [cxt 0] Pipeline 'egress': end
[13:53:51.316] [bmv2] [D] [thread 40049] [32.0] [cxt 0] Deparser 'deparser': start
[13:53:51.316] [bmv2] [T] [thread 40049] [32.0] [cxt 0] Skipping checksum 'cksum' update because condition not met
[13:53:51.316] [bmv2] [D] [thread 40049] [32.0] [cxt 0] Deparsing header 'ethernet'
[13:53:51.316] [bmv2] [D] [thread 40049] [32.0] [cxt 0] Deparser 'deparser': end
[13:53:51.316] [bmv2] [D] [thread 40053] [32.0] [cxt 0] Transmitting packet of size 70 out of port 0
[13:53:51.573] [bmv2] [D] [thread 40048] [33.0] [cxt 0] Processing packet received on port 2
[13:53:51.573] [bmv2] [D] [thread 40048] [33.0] [cxt 0] Parser 'parser': start
[13:53:51.573] [bmv2] [D] [thread 40048] [33.0] [cxt 0] Parser 'parser' entering state 'start'
[13:53:51.573] [bmv2] [D] [thread 40048] [33.0] [cxt 0] Extracting header 'ethernet'
[13:53:51.573] [bmv2] [D] [thread 40048] [33.0] [cxt 0] Parser state 'start': key is 86dd
[13:53:51.573] [bmv2] [T] [thread 40048] [33.0] [cxt 0] Bytes parsed: 14
[13:53:51.573] [bmv2] [D] [thread 40048] [33.0] [cxt 0] Parser 'parser': end
[13:53:51.573] [bmv2] [D] [thread 40048] [33.0] [cxt 0] Pipeline 'ingress': start
[13:53:51.573] [bmv2] [T] [thread 40048] [33.0] [cxt 0] link_monitor.p4(333) Condition "hdr.tcp.isValid()" (node_2) is false
[13:53:51.573] [bmv2] [T] [thread 40048] [33.0] [cxt 0] link_monitor.p4(337) Condition "hdr.ipv4.isValid()" (node_5) is false
[13:53:51.573] [bmv2] [T] [thread 40048] [33.0] [cxt 0] link_monitor.p4(340) Condition "hdr.probe.isValid()" (node_7) is false
[13:53:51.573] [bmv2] [D] [thread 40048] [33.0] [cxt 0] Pipeline 'ingress': end
[13:53:51.573] [bmv2] [D] [thread 40048] [33.0] [cxt 0] Egress port is 0
[13:53:51.573] [bmv2] [D] [thread 40049] [33.0] [cxt 0] Pipeline 'egress': start
[13:53:51.573] [bmv2] [T] [thread 40049] [33.0] [cxt 0] Applying table 'tbl_link_monitor379'
[13:53:51.573] [bmv2] [D] [thread 40049] [33.0] [cxt 0] Looking up key:

[13:53:51.573] [bmv2] [D] [thread 40049] [33.0] [cxt 0] Table 'tbl_link_monitor379': miss
[13:53:51.573] [bmv2] [D] [thread 40049] [33.0] [cxt 0] Action entry is link_monitor379 - 
[13:53:51.573] [bmv2] [T] [thread 40049] [33.0] [cxt 0] Action link_monitor379
[13:53:51.573] [bmv2] [T] [thread 40049] [33.0] [cxt 0] link_monitor.p4(379) Primitive (bit<32>)standard_metadata.egress_port
[13:53:51.573] [bmv2] [T] [thread 40049] [33.0] [cxt 0] link_monitor.p4(379) Primitive byte_cnt_reg.read(byte_cnt, (bit<32>)standard_metadata.egress_port)
[13:53:51.573] [bmv2] [T] [thread 40049] [33.0] [cxt 0] Read register 'MyEgress.byte_cnt_reg' at index 0 read value 980
[13:53:51.573] [bmv2] [T] [thread 40049] [33.0] [cxt 0] link_monitor.p4(380) Primitive byte_cnt = byte_cnt + standard_metadata.packet_length
[13:53:51.573] [bmv2] [T] [thread 40049] [33.0] [cxt 0] link_monitor.p4(382) Condition "hdr.probe.isValid()" (node_12) is false
[13:53:51.573] [bmv2] [T] [thread 40049] [33.0] [cxt 0] Applying table 'tbl_link_monitor382_0'
[13:53:51.573] [bmv2] [D] [thread 40049] [33.0] [cxt 0] Looking up key:

[13:53:51.573] [bmv2] [D] [thread 40049] [33.0] [cxt 0] Table 'tbl_link_monitor382_0': miss
[13:53:51.573] [bmv2] [D] [thread 40049] [33.0] [cxt 0] Action entry is link_monitor382_0 - 
[13:53:51.573] [bmv2] [T] [thread 40049] [33.0] [cxt 0] Action link_monitor382_0
[13:53:51.573] [bmv2] [T] [thread 40049] [33.0] [cxt 0] link_monitor.p4(382) Primitive (hdr.probe.isValid()) ? 0 : byte_cnt
[13:53:51.573] [bmv2] [T] [thread 40049] [33.0] [cxt 0] Applying table 'tbl_link_monitor383'
[13:53:51.574] [bmv2] [D] [thread 40049] [33.0] [cxt 0] Looking up key:

[13:53:51.574] [bmv2] [D] [thread 40049] [33.0] [cxt 0] Table 'tbl_link_monitor383': miss
[13:53:51.574] [bmv2] [D] [thread 40049] [33.0] [cxt 0] Action entry is link_monitor383 - 
[13:53:51.574] [bmv2] [T] [thread 40049] [33.0] [cxt 0] Action link_monitor383
[13:53:51.574] [bmv2] [T] [thread 40049] [33.0] [cxt 0] link_monitor.p4(383) Primitive (bit<32>)standard_metadata.egress_port
[13:53:51.574] [bmv2] [T] [thread 40049] [33.0] [cxt 0] link_monitor.p4(383) Primitive byte_cnt_reg.write((bit<32>)standard_metadata.egress_port, new_byte_cnt)
[13:53:51.574] [bmv2] [T] [thread 40049] [33.0] [cxt 0] Wrote register 'MyEgress.byte_cnt_reg' at index 0 with value 1050
[13:53:51.574] [bmv2] [T] [thread 40049] [33.0] [cxt 0] link_monitor.p4(385) Condition "hdr.probe.isValid()" (node_16) is false
[13:53:51.574] [bmv2] [D] [thread 40049] [33.0] [cxt 0] Pipeline 'egress': end
[13:53:51.574] [bmv2] [D] [thread 40049] [33.0] [cxt 0] Deparser 'deparser': start
[13:53:51.574] [bmv2] [T] [thread 40049] [33.0] [cxt 0] Skipping checksum 'cksum' update because condition not met
[13:53:51.574] [bmv2] [D] [thread 40049] [33.0] [cxt 0] Deparsing header 'ethernet'
[13:53:51.574] [bmv2] [D] [thread 40049] [33.0] [cxt 0] Deparser 'deparser': end
[13:53:51.574] [bmv2] [D] [thread 40053] [33.0] [cxt 0] Transmitting packet of size 70 out of port 0
[13:53:55.155] [bmv2] [D] [thread 40048] [34.0] [cxt 0] Processing packet received on port 3
[13:53:55.156] [bmv2] [D] [thread 40048] [34.0] [cxt 0] Parser 'parser': start
[13:53:55.156] [bmv2] [D] [thread 40048] [34.0] [cxt 0] Parser 'parser' entering state 'start'
[13:53:55.156] [bmv2] [D] [thread 40048] [34.0] [cxt 0] Extracting header 'ethernet'
[13:53:55.156] [bmv2] [D] [thread 40048] [34.0] [cxt 0] Parser state 'start': key is 86dd
[13:53:55.156] [bmv2] [T] [thread 40048] [34.0] [cxt 0] Bytes parsed: 14
[13:53:55.156] [bmv2] [D] [thread 40048] [34.0] [cxt 0] Parser 'parser': end
[13:53:55.156] [bmv2] [D] [thread 40048] [34.0] [cxt 0] Pipeline 'ingress': start
[13:53:55.156] [bmv2] [T] [thread 40048] [34.0] [cxt 0] link_monitor.p4(333) Condition "hdr.tcp.isValid()" (node_2) is false
[13:53:55.156] [bmv2] [T] [thread 40048] [34.0] [cxt 0] link_monitor.p4(337) Condition "hdr.ipv4.isValid()" (node_5) is false
[13:53:55.156] [bmv2] [T] [thread 40048] [34.0] [cxt 0] link_monitor.p4(340) Condition "hdr.probe.isValid()" (node_7) is false
[13:53:55.156] [bmv2] [D] [thread 40048] [34.0] [cxt 0] Pipeline 'ingress': end
[13:53:55.156] [bmv2] [D] [thread 40048] [34.0] [cxt 0] Egress port is 0
[13:53:55.156] [bmv2] [D] [thread 40049] [34.0] [cxt 0] Pipeline 'egress': start
[13:53:55.156] [bmv2] [T] [thread 40049] [34.0] [cxt 0] Applying table 'tbl_link_monitor379'
[13:53:55.156] [bmv2] [D] [thread 40049] [34.0] [cxt 0] Looking up key:

[13:53:55.156] [bmv2] [D] [thread 40049] [34.0] [cxt 0] Table 'tbl_link_monitor379': miss
[13:53:55.156] [bmv2] [D] [thread 40049] [34.0] [cxt 0] Action entry is link_monitor379 - 
[13:53:55.156] [bmv2] [T] [thread 40049] [34.0] [cxt 0] Action link_monitor379
[13:53:55.156] [bmv2] [T] [thread 40049] [34.0] [cxt 0] link_monitor.p4(379) Primitive (bit<32>)standard_metadata.egress_port
[13:53:55.156] [bmv2] [T] [thread 40049] [34.0] [cxt 0] link_monitor.p4(379) Primitive byte_cnt_reg.read(byte_cnt, (bit<32>)standard_metadata.egress_port)
[13:53:55.156] [bmv2] [T] [thread 40049] [34.0] [cxt 0] Read register 'MyEgress.byte_cnt_reg' at index 0 read value 1050
[13:53:55.156] [bmv2] [T] [thread 40049] [34.0] [cxt 0] link_monitor.p4(380) Primitive byte_cnt = byte_cnt + standard_metadata.packet_length
[13:53:55.156] [bmv2] [T] [thread 40049] [34.0] [cxt 0] link_monitor.p4(382) Condition "hdr.probe.isValid()" (node_12) is false
[13:53:55.156] [bmv2] [T] [thread 40049] [34.0] [cxt 0] Applying table 'tbl_link_monitor382_0'
[13:53:55.156] [bmv2] [D] [thread 40049] [34.0] [cxt 0] Looking up key:

[13:53:55.156] [bmv2] [D] [thread 40049] [34.0] [cxt 0] Table 'tbl_link_monitor382_0': miss
[13:53:55.156] [bmv2] [D] [thread 40049] [34.0] [cxt 0] Action entry is link_monitor382_0 - 
[13:53:55.156] [bmv2] [T] [thread 40049] [34.0] [cxt 0] Action link_monitor382_0
[13:53:55.156] [bmv2] [T] [thread 40049] [34.0] [cxt 0] link_monitor.p4(382) Primitive (hdr.probe.isValid()) ? 0 : byte_cnt
[13:53:55.156] [bmv2] [T] [thread 40049] [34.0] [cxt 0] Applying table 'tbl_link_monitor383'
[13:53:55.156] [bmv2] [D] [thread 40049] [34.0] [cxt 0] Looking up key:

[13:53:55.156] [bmv2] [D] [thread 40049] [34.0] [cxt 0] Table 'tbl_link_monitor383': miss
[13:53:55.156] [bmv2] [D] [thread 40049] [34.0] [cxt 0] Action entry is link_monitor383 - 
[13:53:55.156] [bmv2] [T] [thread 40049] [34.0] [cxt 0] Action link_monitor383
[13:53:55.156] [bmv2] [T] [thread 40049] [34.0] [cxt 0] link_monitor.p4(383) Primitive (bit<32>)standard_metadata.egress_port
[13:53:55.156] [bmv2] [T] [thread 40049] [34.0] [cxt 0] link_monitor.p4(383) Primitive byte_cnt_reg.write((bit<32>)standard_metadata.egress_port, new_byte_cnt)
[13:53:55.156] [bmv2] [T] [thread 40049] [34.0] [cxt 0] Wrote register 'MyEgress.byte_cnt_reg' at index 0 with value 1120
[13:53:55.156] [bmv2] [T] [thread 40049] [34.0] [cxt 0] link_monitor.p4(385) Condition "hdr.probe.isValid()" (node_16) is false
[13:53:55.156] [bmv2] [D] [thread 40049] [34.0] [cxt 0] Pipeline 'egress': end
[13:53:55.156] [bmv2] [D] [thread 40049] [34.0] [cxt 0] Deparser 'deparser': start
[13:53:55.156] [bmv2] [T] [thread 40049] [34.0] [cxt 0] Skipping checksum 'cksum' update because condition not met
[13:53:55.156] [bmv2] [D] [thread 40049] [34.0] [cxt 0] Deparsing header 'ethernet'
[13:53:55.156] [bmv2] [D] [thread 40049] [34.0] [cxt 0] Deparser 'deparser': end
[13:53:55.156] [bmv2] [D] [thread 40053] [34.0] [cxt 0] Transmitting packet of size 70 out of port 0
[13:53:55.181] [bmv2] [D] [thread 40048] [35.0] [cxt 0] Processing packet received on port 1
[13:53:55.181] [bmv2] [D] [thread 40048] [35.0] [cxt 0] Parser 'parser': start
[13:53:55.181] [bmv2] [D] [thread 40048] [35.0] [cxt 0] Parser 'parser' entering state 'start'
[13:53:55.181] [bmv2] [D] [thread 40048] [35.0] [cxt 0] Extracting header 'ethernet'
[13:53:55.181] [bmv2] [D] [thread 40048] [35.0] [cxt 0] Parser state 'start': key is 86dd
[13:53:55.181] [bmv2] [T] [thread 40048] [35.0] [cxt 0] Bytes parsed: 14
[13:53:55.181] [bmv2] [D] [thread 40048] [35.0] [cxt 0] Parser 'parser': end
[13:53:55.181] [bmv2] [D] [thread 40048] [35.0] [cxt 0] Pipeline 'ingress': start
[13:53:55.181] [bmv2] [T] [thread 40048] [35.0] [cxt 0] link_monitor.p4(333) Condition "hdr.tcp.isValid()" (node_2) is false
[13:53:55.181] [bmv2] [T] [thread 40048] [35.0] [cxt 0] link_monitor.p4(337) Condition "hdr.ipv4.isValid()" (node_5) is false
[13:53:55.181] [bmv2] [T] [thread 40048] [35.0] [cxt 0] link_monitor.p4(340) Condition "hdr.probe.isValid()" (node_7) is false
[13:53:55.181] [bmv2] [D] [thread 40048] [35.0] [cxt 0] Pipeline 'ingress': end
[13:53:55.181] [bmv2] [D] [thread 40048] [35.0] [cxt 0] Egress port is 0
[13:53:55.181] [bmv2] [D] [thread 40048] [36.0] [cxt 0] Processing packet received on port 4
[13:53:55.181] [bmv2] [D] [thread 40048] [36.0] [cxt 0] Parser 'parser': start
[13:53:55.181] [bmv2] [D] [thread 40048] [36.0] [cxt 0] Parser 'parser' entering state 'start'
[13:53:55.181] [bmv2] [D] [thread 40048] [36.0] [cxt 0] Extracting header 'ethernet'
[13:53:55.181] [bmv2] [D] [thread 40048] [36.0] [cxt 0] Parser state 'start': key is 86dd
[13:53:55.181] [bmv2] [T] [thread 40048] [36.0] [cxt 0] Bytes parsed: 14
[13:53:55.181] [bmv2] [D] [thread 40048] [36.0] [cxt 0] Parser 'parser': end
[13:53:55.181] [bmv2] [D] [thread 40048] [36.0] [cxt 0] Pipeline 'ingress': start
[13:53:55.181] [bmv2] [T] [thread 40048] [36.0] [cxt 0] link_monitor.p4(333) Condition "hdr.tcp.isValid()" (node_2) is false
[13:53:55.181] [bmv2] [T] [thread 40048] [36.0] [cxt 0] link_monitor.p4(337) Condition "hdr.ipv4.isValid()" (node_5) is false
[13:53:55.181] [bmv2] [T] [thread 40048] [36.0] [cxt 0] link_monitor.p4(340) Condition "hdr.probe.isValid()" (node_7) is false
[13:53:55.181] [bmv2] [D] [thread 40048] [36.0] [cxt 0] Pipeline 'ingress': end
[13:53:55.181] [bmv2] [D] [thread 40048] [36.0] [cxt 0] Egress port is 0
[13:53:55.181] [bmv2] [D] [thread 40049] [35.0] [cxt 0] Pipeline 'egress': start
[13:53:55.181] [bmv2] [T] [thread 40049] [35.0] [cxt 0] Applying table 'tbl_link_monitor379'
[13:53:55.181] [bmv2] [D] [thread 40049] [35.0] [cxt 0] Looking up key:

[13:53:55.181] [bmv2] [D] [thread 40049] [35.0] [cxt 0] Table 'tbl_link_monitor379': miss
[13:53:55.181] [bmv2] [D] [thread 40049] [35.0] [cxt 0] Action entry is link_monitor379 - 
[13:53:55.181] [bmv2] [T] [thread 40049] [35.0] [cxt 0] Action link_monitor379
[13:53:55.181] [bmv2] [T] [thread 40049] [35.0] [cxt 0] link_monitor.p4(379) Primitive (bit<32>)standard_metadata.egress_port
[13:53:55.181] [bmv2] [T] [thread 40049] [35.0] [cxt 0] link_monitor.p4(379) Primitive byte_cnt_reg.read(byte_cnt, (bit<32>)standard_metadata.egress_port)
[13:53:55.181] [bmv2] [T] [thread 40049] [35.0] [cxt 0] Read register 'MyEgress.byte_cnt_reg' at index 0 read value 1120
[13:53:55.181] [bmv2] [T] [thread 40049] [35.0] [cxt 0] link_monitor.p4(380) Primitive byte_cnt = byte_cnt + standard_metadata.packet_length
[13:53:55.181] [bmv2] [T] [thread 40049] [35.0] [cxt 0] link_monitor.p4(382) Condition "hdr.probe.isValid()" (node_12) is false
[13:53:55.181] [bmv2] [T] [thread 40049] [35.0] [cxt 0] Applying table 'tbl_link_monitor382_0'
[13:53:55.181] [bmv2] [D] [thread 40049] [35.0] [cxt 0] Looking up key:

[13:53:55.181] [bmv2] [D] [thread 40049] [35.0] [cxt 0] Table 'tbl_link_monitor382_0': miss
[13:53:55.181] [bmv2] [D] [thread 40049] [35.0] [cxt 0] Action entry is link_monitor382_0 - 
[13:53:55.181] [bmv2] [T] [thread 40049] [35.0] [cxt 0] Action link_monitor382_0
[13:53:55.181] [bmv2] [T] [thread 40049] [35.0] [cxt 0] link_monitor.p4(382) Primitive (hdr.probe.isValid()) ? 0 : byte_cnt
[13:53:55.181] [bmv2] [T] [thread 40049] [35.0] [cxt 0] Applying table 'tbl_link_monitor383'
[13:53:55.181] [bmv2] [D] [thread 40049] [35.0] [cxt 0] Looking up key:

[13:53:55.181] [bmv2] [D] [thread 40049] [35.0] [cxt 0] Table 'tbl_link_monitor383': miss
[13:53:55.181] [bmv2] [D] [thread 40049] [35.0] [cxt 0] Action entry is link_monitor383 - 
[13:53:55.181] [bmv2] [T] [thread 40049] [35.0] [cxt 0] Action link_monitor383
[13:53:55.181] [bmv2] [T] [thread 40049] [35.0] [cxt 0] link_monitor.p4(383) Primitive (bit<32>)standard_metadata.egress_port
[13:53:55.181] [bmv2] [T] [thread 40049] [35.0] [cxt 0] link_monitor.p4(383) Primitive byte_cnt_reg.write((bit<32>)standard_metadata.egress_port, new_byte_cnt)
[13:53:55.181] [bmv2] [T] [thread 40049] [35.0] [cxt 0] Wrote register 'MyEgress.byte_cnt_reg' at index 0 with value 1190
[13:53:55.181] [bmv2] [T] [thread 40049] [35.0] [cxt 0] link_monitor.p4(385) Condition "hdr.probe.isValid()" (node_16) is false
[13:53:55.181] [bmv2] [D] [thread 40049] [35.0] [cxt 0] Pipeline 'egress': end
[13:53:55.181] [bmv2] [D] [thread 40049] [35.0] [cxt 0] Deparser 'deparser': start
[13:53:55.181] [bmv2] [T] [thread 40049] [35.0] [cxt 0] Skipping checksum 'cksum' update because condition not met
[13:53:55.181] [bmv2] [D] [thread 40049] [35.0] [cxt 0] Deparsing header 'ethernet'
[13:53:55.181] [bmv2] [D] [thread 40049] [35.0] [cxt 0] Deparser 'deparser': end
[13:53:55.181] [bmv2] [D] [thread 40049] [36.0] [cxt 0] Pipeline 'egress': start
[13:53:55.181] [bmv2] [T] [thread 40049] [36.0] [cxt 0] Applying table 'tbl_link_monitor379'
[13:53:55.181] [bmv2] [D] [thread 40049] [36.0] [cxt 0] Looking up key:

[13:53:55.181] [bmv2] [D] [thread 40049] [36.0] [cxt 0] Table 'tbl_link_monitor379': miss
[13:53:55.181] [bmv2] [D] [thread 40049] [36.0] [cxt 0] Action entry is link_monitor379 - 
[13:53:55.181] [bmv2] [T] [thread 40049] [36.0] [cxt 0] Action link_monitor379
[13:53:55.181] [bmv2] [T] [thread 40049] [36.0] [cxt 0] link_monitor.p4(379) Primitive (bit<32>)standard_metadata.egress_port
[13:53:55.181] [bmv2] [T] [thread 40049] [36.0] [cxt 0] link_monitor.p4(379) Primitive byte_cnt_reg.read(byte_cnt, (bit<32>)standard_metadata.egress_port)
[13:53:55.181] [bmv2] [T] [thread 40049] [36.0] [cxt 0] Read register 'MyEgress.byte_cnt_reg' at index 0 read value 1190
[13:53:55.181] [bmv2] [T] [thread 40049] [36.0] [cxt 0] link_monitor.p4(380) Primitive byte_cnt = byte_cnt + standard_metadata.packet_length
[13:53:55.181] [bmv2] [T] [thread 40049] [36.0] [cxt 0] link_monitor.p4(382) Condition "hdr.probe.isValid()" (node_12) is false
[13:53:55.181] [bmv2] [T] [thread 40049] [36.0] [cxt 0] Applying table 'tbl_link_monitor382_0'
[13:53:55.181] [bmv2] [D] [thread 40049] [36.0] [cxt 0] Looking up key:

[13:53:55.181] [bmv2] [D] [thread 40049] [36.0] [cxt 0] Table 'tbl_link_monitor382_0': miss
[13:53:55.181] [bmv2] [D] [thread 40049] [36.0] [cxt 0] Action entry is link_monitor382_0 - 
[13:53:55.181] [bmv2] [T] [thread 40049] [36.0] [cxt 0] Action link_monitor382_0
[13:53:55.181] [bmv2] [T] [thread 40049] [36.0] [cxt 0] link_monitor.p4(382) Primitive (hdr.probe.isValid()) ? 0 : byte_cnt
[13:53:55.181] [bmv2] [T] [thread 40049] [36.0] [cxt 0] Applying table 'tbl_link_monitor383'
[13:53:55.181] [bmv2] [D] [thread 40049] [36.0] [cxt 0] Looking up key:

[13:53:55.181] [bmv2] [D] [thread 40049] [36.0] [cxt 0] Table 'tbl_link_monitor383': miss
[13:53:55.181] [bmv2] [D] [thread 40049] [36.0] [cxt 0] Action entry is link_monitor383 - 
[13:53:55.181] [bmv2] [T] [thread 40049] [36.0] [cxt 0] Action link_monitor383
[13:53:55.181] [bmv2] [T] [thread 40049] [36.0] [cxt 0] link_monitor.p4(383) Primitive (bit<32>)standard_metadata.egress_port
[13:53:55.181] [bmv2] [T] [thread 40049] [36.0] [cxt 0] link_monitor.p4(383) Primitive byte_cnt_reg.write((bit<32>)standard_metadata.egress_port, new_byte_cnt)
[13:53:55.181] [bmv2] [T] [thread 40049] [36.0] [cxt 0] Wrote register 'MyEgress.byte_cnt_reg' at index 0 with value 1260
[13:53:55.181] [bmv2] [T] [thread 40049] [36.0] [cxt 0] link_monitor.p4(385) Condition "hdr.probe.isValid()" (node_16) is false
[13:53:55.181] [bmv2] [D] [thread 40049] [36.0] [cxt 0] Pipeline 'egress': end
[13:53:55.181] [bmv2] [D] [thread 40049] [36.0] [cxt 0] Deparser 'deparser': start
[13:53:55.181] [bmv2] [T] [thread 40049] [36.0] [cxt 0] Skipping checksum 'cksum' update because condition not met
[13:53:55.181] [bmv2] [D] [thread 40049] [36.0] [cxt 0] Deparsing header 'ethernet'
[13:53:55.181] [bmv2] [D] [thread 40049] [36.0] [cxt 0] Deparser 'deparser': end
[13:53:55.181] [bmv2] [D] [thread 40053] [35.0] [cxt 0] Transmitting packet of size 70 out of port 0
[13:53:55.181] [bmv2] [D] [thread 40053] [36.0] [cxt 0] Transmitting packet of size 70 out of port 0
[13:54:19.730] [bmv2] [D] [thread 40048] [37.0] [cxt 0] Processing packet received on port 4
[13:54:19.730] [bmv2] [D] [thread 40048] [37.0] [cxt 0] Parser 'parser': start
[13:54:19.730] [bmv2] [D] [thread 40048] [37.0] [cxt 0] Parser 'parser' entering state 'start'
[13:54:19.730] [bmv2] [D] [thread 40048] [37.0] [cxt 0] Extracting header 'ethernet'
[13:54:19.730] [bmv2] [D] [thread 40048] [37.0] [cxt 0] Parser state 'start': key is 86dd
[13:54:19.730] [bmv2] [T] [thread 40048] [37.0] [cxt 0] Bytes parsed: 14
[13:54:19.730] [bmv2] [D] [thread 40048] [37.0] [cxt 0] Parser 'parser': end
[13:54:19.730] [bmv2] [D] [thread 40048] [37.0] [cxt 0] Pipeline 'ingress': start
[13:54:19.730] [bmv2] [T] [thread 40048] [37.0] [cxt 0] link_monitor.p4(333) Condition "hdr.tcp.isValid()" (node_2) is false
[13:54:19.730] [bmv2] [T] [thread 40048] [37.0] [cxt 0] link_monitor.p4(337) Condition "hdr.ipv4.isValid()" (node_5) is false
[13:54:19.730] [bmv2] [T] [thread 40048] [37.0] [cxt 0] link_monitor.p4(340) Condition "hdr.probe.isValid()" (node_7) is false
[13:54:19.730] [bmv2] [D] [thread 40048] [37.0] [cxt 0] Pipeline 'ingress': end
[13:54:19.730] [bmv2] [D] [thread 40048] [37.0] [cxt 0] Egress port is 0
[13:54:19.730] [bmv2] [D] [thread 40049] [37.0] [cxt 0] Pipeline 'egress': start
[13:54:19.730] [bmv2] [T] [thread 40049] [37.0] [cxt 0] Applying table 'tbl_link_monitor379'
[13:54:19.730] [bmv2] [D] [thread 40049] [37.0] [cxt 0] Looking up key:

[13:54:19.730] [bmv2] [D] [thread 40049] [37.0] [cxt 0] Table 'tbl_link_monitor379': miss
[13:54:19.730] [bmv2] [D] [thread 40049] [37.0] [cxt 0] Action entry is link_monitor379 - 
[13:54:19.730] [bmv2] [T] [thread 40049] [37.0] [cxt 0] Action link_monitor379
[13:54:19.730] [bmv2] [T] [thread 40049] [37.0] [cxt 0] link_monitor.p4(379) Primitive (bit<32>)standard_metadata.egress_port
[13:54:19.730] [bmv2] [T] [thread 40049] [37.0] [cxt 0] link_monitor.p4(379) Primitive byte_cnt_reg.read(byte_cnt, (bit<32>)standard_metadata.egress_port)
[13:54:19.730] [bmv2] [T] [thread 40049] [37.0] [cxt 0] Read register 'MyEgress.byte_cnt_reg' at index 0 read value 1260
[13:54:19.730] [bmv2] [T] [thread 40049] [37.0] [cxt 0] link_monitor.p4(380) Primitive byte_cnt = byte_cnt + standard_metadata.packet_length
[13:54:19.730] [bmv2] [T] [thread 40049] [37.0] [cxt 0] link_monitor.p4(382) Condition "hdr.probe.isValid()" (node_12) is false
[13:54:19.730] [bmv2] [T] [thread 40049] [37.0] [cxt 0] Applying table 'tbl_link_monitor382_0'
[13:54:19.730] [bmv2] [D] [thread 40049] [37.0] [cxt 0] Looking up key:

[13:54:19.730] [bmv2] [D] [thread 40049] [37.0] [cxt 0] Table 'tbl_link_monitor382_0': miss
[13:54:19.730] [bmv2] [D] [thread 40049] [37.0] [cxt 0] Action entry is link_monitor382_0 - 
[13:54:19.730] [bmv2] [T] [thread 40049] [37.0] [cxt 0] Action link_monitor382_0
[13:54:19.730] [bmv2] [T] [thread 40049] [37.0] [cxt 0] link_monitor.p4(382) Primitive (hdr.probe.isValid()) ? 0 : byte_cnt
[13:54:19.730] [bmv2] [T] [thread 40049] [37.0] [cxt 0] Applying table 'tbl_link_monitor383'
[13:54:19.730] [bmv2] [D] [thread 40049] [37.0] [cxt 0] Looking up key:

[13:54:19.730] [bmv2] [D] [thread 40049] [37.0] [cxt 0] Table 'tbl_link_monitor383': miss
[13:54:19.730] [bmv2] [D] [thread 40049] [37.0] [cxt 0] Action entry is link_monitor383 - 
[13:54:19.730] [bmv2] [T] [thread 40049] [37.0] [cxt 0] Action link_monitor383
[13:54:19.730] [bmv2] [T] [thread 40049] [37.0] [cxt 0] link_monitor.p4(383) Primitive (bit<32>)standard_metadata.egress_port
[13:54:19.730] [bmv2] [T] [thread 40049] [37.0] [cxt 0] link_monitor.p4(383) Primitive byte_cnt_reg.write((bit<32>)standard_metadata.egress_port, new_byte_cnt)
[13:54:19.730] [bmv2] [T] [thread 40049] [37.0] [cxt 0] Wrote register 'MyEgress.byte_cnt_reg' at index 0 with value 1330
[13:54:19.730] [bmv2] [T] [thread 40049] [37.0] [cxt 0] link_monitor.p4(385) Condition "hdr.probe.isValid()" (node_16) is false
[13:54:19.730] [bmv2] [D] [thread 40049] [37.0] [cxt 0] Pipeline 'egress': end
[13:54:19.730] [bmv2] [D] [thread 40049] [37.0] [cxt 0] Deparser 'deparser': start
[13:54:19.730] [bmv2] [T] [thread 40049] [37.0] [cxt 0] Skipping checksum 'cksum' update because condition not met
[13:54:19.730] [bmv2] [D] [thread 40049] [37.0] [cxt 0] Deparsing header 'ethernet'
[13:54:19.730] [bmv2] [D] [thread 40049] [37.0] [cxt 0] Deparser 'deparser': end
[13:54:19.730] [bmv2] [D] [thread 40053] [37.0] [cxt 0] Transmitting packet of size 70 out of port 0
[13:54:19.745] [bmv2] [D] [thread 40048] [38.0] [cxt 0] Processing packet received on port 3
[13:54:19.745] [bmv2] [D] [thread 40048] [38.0] [cxt 0] Parser 'parser': start
[13:54:19.745] [bmv2] [D] [thread 40048] [38.0] [cxt 0] Parser 'parser' entering state 'start'
[13:54:19.745] [bmv2] [D] [thread 40048] [38.0] [cxt 0] Extracting header 'ethernet'
[13:54:19.745] [bmv2] [D] [thread 40048] [38.0] [cxt 0] Parser state 'start': key is 86dd
[13:54:19.745] [bmv2] [T] [thread 40048] [38.0] [cxt 0] Bytes parsed: 14
[13:54:19.745] [bmv2] [D] [thread 40048] [38.0] [cxt 0] Parser 'parser': end
[13:54:19.745] [bmv2] [D] [thread 40048] [38.0] [cxt 0] Pipeline 'ingress': start
[13:54:19.745] [bmv2] [T] [thread 40048] [38.0] [cxt 0] link_monitor.p4(333) Condition "hdr.tcp.isValid()" (node_2) is false
[13:54:19.745] [bmv2] [T] [thread 40048] [38.0] [cxt 0] link_monitor.p4(337) Condition "hdr.ipv4.isValid()" (node_5) is false
[13:54:19.745] [bmv2] [T] [thread 40048] [38.0] [cxt 0] link_monitor.p4(340) Condition "hdr.probe.isValid()" (node_7) is false
[13:54:19.745] [bmv2] [D] [thread 40048] [38.0] [cxt 0] Pipeline 'ingress': end
[13:54:19.745] [bmv2] [D] [thread 40048] [38.0] [cxt 0] Egress port is 0
[13:54:19.745] [bmv2] [D] [thread 40049] [38.0] [cxt 0] Pipeline 'egress': start
[13:54:19.745] [bmv2] [T] [thread 40049] [38.0] [cxt 0] Applying table 'tbl_link_monitor379'
[13:54:19.745] [bmv2] [D] [thread 40049] [38.0] [cxt 0] Looking up key:

[13:54:19.745] [bmv2] [D] [thread 40049] [38.0] [cxt 0] Table 'tbl_link_monitor379': miss
[13:54:19.745] [bmv2] [D] [thread 40049] [38.0] [cxt 0] Action entry is link_monitor379 - 
[13:54:19.745] [bmv2] [T] [thread 40049] [38.0] [cxt 0] Action link_monitor379
[13:54:19.745] [bmv2] [T] [thread 40049] [38.0] [cxt 0] link_monitor.p4(379) Primitive (bit<32>)standard_metadata.egress_port
[13:54:19.745] [bmv2] [T] [thread 40049] [38.0] [cxt 0] link_monitor.p4(379) Primitive byte_cnt_reg.read(byte_cnt, (bit<32>)standard_metadata.egress_port)
[13:54:19.745] [bmv2] [T] [thread 40049] [38.0] [cxt 0] Read register 'MyEgress.byte_cnt_reg' at index 0 read value 1330
[13:54:19.745] [bmv2] [T] [thread 40049] [38.0] [cxt 0] link_monitor.p4(380) Primitive byte_cnt = byte_cnt + standard_metadata.packet_length
[13:54:19.745] [bmv2] [T] [thread 40049] [38.0] [cxt 0] link_monitor.p4(382) Condition "hdr.probe.isValid()" (node_12) is false
[13:54:19.745] [bmv2] [T] [thread 40049] [38.0] [cxt 0] Applying table 'tbl_link_monitor382_0'
[13:54:19.745] [bmv2] [D] [thread 40049] [38.0] [cxt 0] Looking up key:

[13:54:19.745] [bmv2] [D] [thread 40049] [38.0] [cxt 0] Table 'tbl_link_monitor382_0': miss
[13:54:19.745] [bmv2] [D] [thread 40049] [38.0] [cxt 0] Action entry is link_monitor382_0 - 
[13:54:19.745] [bmv2] [T] [thread 40049] [38.0] [cxt 0] Action link_monitor382_0
[13:54:19.745] [bmv2] [T] [thread 40049] [38.0] [cxt 0] link_monitor.p4(382) Primitive (hdr.probe.isValid()) ? 0 : byte_cnt
[13:54:19.745] [bmv2] [T] [thread 40049] [38.0] [cxt 0] Applying table 'tbl_link_monitor383'
[13:54:19.745] [bmv2] [D] [thread 40049] [38.0] [cxt 0] Looking up key:

[13:54:19.745] [bmv2] [D] [thread 40049] [38.0] [cxt 0] Table 'tbl_link_monitor383': miss
[13:54:19.745] [bmv2] [D] [thread 40049] [38.0] [cxt 0] Action entry is link_monitor383 - 
[13:54:19.745] [bmv2] [T] [thread 40049] [38.0] [cxt 0] Action link_monitor383
[13:54:19.745] [bmv2] [T] [thread 40049] [38.0] [cxt 0] link_monitor.p4(383) Primitive (bit<32>)standard_metadata.egress_port
[13:54:19.745] [bmv2] [T] [thread 40049] [38.0] [cxt 0] link_monitor.p4(383) Primitive byte_cnt_reg.write((bit<32>)standard_metadata.egress_port, new_byte_cnt)
[13:54:19.745] [bmv2] [T] [thread 40049] [38.0] [cxt 0] Wrote register 'MyEgress.byte_cnt_reg' at index 0 with value 1400
[13:54:19.745] [bmv2] [T] [thread 40049] [38.0] [cxt 0] link_monitor.p4(385) Condition "hdr.probe.isValid()" (node_16) is false
[13:54:19.745] [bmv2] [D] [thread 40049] [38.0] [cxt 0] Pipeline 'egress': end
[13:54:19.745] [bmv2] [D] [thread 40049] [38.0] [cxt 0] Deparser 'deparser': start
[13:54:19.745] [bmv2] [T] [thread 40049] [38.0] [cxt 0] Skipping checksum 'cksum' update because condition not met
[13:54:19.745] [bmv2] [D] [thread 40049] [38.0] [cxt 0] Deparsing header 'ethernet'
[13:54:19.745] [bmv2] [D] [thread 40049] [38.0] [cxt 0] Deparser 'deparser': end
[13:54:19.745] [bmv2] [D] [thread 40053] [38.0] [cxt 0] Transmitting packet of size 70 out of port 0
[13:54:21.779] [bmv2] [D] [thread 40048] [39.0] [cxt 0] Processing packet received on port 2
[13:54:21.779] [bmv2] [D] [thread 40048] [39.0] [cxt 0] Parser 'parser': start
[13:54:21.779] [bmv2] [D] [thread 40048] [39.0] [cxt 0] Parser 'parser' entering state 'start'
[13:54:21.779] [bmv2] [D] [thread 40048] [39.0] [cxt 0] Extracting header 'ethernet'
[13:54:21.779] [bmv2] [D] [thread 40048] [39.0] [cxt 0] Parser state 'start': key is 86dd
[13:54:21.779] [bmv2] [T] [thread 40048] [39.0] [cxt 0] Bytes parsed: 14
[13:54:21.779] [bmv2] [D] [thread 40048] [39.0] [cxt 0] Parser 'parser': end
[13:54:21.779] [bmv2] [D] [thread 40048] [39.0] [cxt 0] Pipeline 'ingress': start
[13:54:21.779] [bmv2] [T] [thread 40048] [39.0] [cxt 0] link_monitor.p4(333) Condition "hdr.tcp.isValid()" (node_2) is false
[13:54:21.779] [bmv2] [T] [thread 40048] [39.0] [cxt 0] link_monitor.p4(337) Condition "hdr.ipv4.isValid()" (node_5) is false
[13:54:21.779] [bmv2] [T] [thread 40048] [39.0] [cxt 0] link_monitor.p4(340) Condition "hdr.probe.isValid()" (node_7) is false
[13:54:21.779] [bmv2] [D] [thread 40048] [39.0] [cxt 0] Pipeline 'ingress': end
[13:54:21.779] [bmv2] [D] [thread 40048] [39.0] [cxt 0] Egress port is 0
[13:54:21.779] [bmv2] [D] [thread 40049] [39.0] [cxt 0] Pipeline 'egress': start
[13:54:21.779] [bmv2] [T] [thread 40049] [39.0] [cxt 0] Applying table 'tbl_link_monitor379'
[13:54:21.779] [bmv2] [D] [thread 40049] [39.0] [cxt 0] Looking up key:

[13:54:21.779] [bmv2] [D] [thread 40049] [39.0] [cxt 0] Table 'tbl_link_monitor379': miss
[13:54:21.779] [bmv2] [D] [thread 40049] [39.0] [cxt 0] Action entry is link_monitor379 - 
[13:54:21.779] [bmv2] [T] [thread 40049] [39.0] [cxt 0] Action link_monitor379
[13:54:21.779] [bmv2] [T] [thread 40049] [39.0] [cxt 0] link_monitor.p4(379) Primitive (bit<32>)standard_metadata.egress_port
[13:54:21.779] [bmv2] [T] [thread 40049] [39.0] [cxt 0] link_monitor.p4(379) Primitive byte_cnt_reg.read(byte_cnt, (bit<32>)standard_metadata.egress_port)
[13:54:21.779] [bmv2] [T] [thread 40049] [39.0] [cxt 0] Read register 'MyEgress.byte_cnt_reg' at index 0 read value 1400
[13:54:21.779] [bmv2] [T] [thread 40049] [39.0] [cxt 0] link_monitor.p4(380) Primitive byte_cnt = byte_cnt + standard_metadata.packet_length
[13:54:21.779] [bmv2] [T] [thread 40049] [39.0] [cxt 0] link_monitor.p4(382) Condition "hdr.probe.isValid()" (node_12) is false
[13:54:21.779] [bmv2] [T] [thread 40049] [39.0] [cxt 0] Applying table 'tbl_link_monitor382_0'
[13:54:21.779] [bmv2] [D] [thread 40049] [39.0] [cxt 0] Looking up key:

[13:54:21.779] [bmv2] [D] [thread 40049] [39.0] [cxt 0] Table 'tbl_link_monitor382_0': miss
[13:54:21.779] [bmv2] [D] [thread 40049] [39.0] [cxt 0] Action entry is link_monitor382_0 - 
[13:54:21.779] [bmv2] [T] [thread 40049] [39.0] [cxt 0] Action link_monitor382_0
[13:54:21.779] [bmv2] [T] [thread 40049] [39.0] [cxt 0] link_monitor.p4(382) Primitive (hdr.probe.isValid()) ? 0 : byte_cnt
[13:54:21.779] [bmv2] [T] [thread 40049] [39.0] [cxt 0] Applying table 'tbl_link_monitor383'
[13:54:21.779] [bmv2] [D] [thread 40049] [39.0] [cxt 0] Looking up key:

[13:54:21.779] [bmv2] [D] [thread 40049] [39.0] [cxt 0] Table 'tbl_link_monitor383': miss
[13:54:21.779] [bmv2] [D] [thread 40049] [39.0] [cxt 0] Action entry is link_monitor383 - 
[13:54:21.779] [bmv2] [T] [thread 40049] [39.0] [cxt 0] Action link_monitor383
[13:54:21.779] [bmv2] [T] [thread 40049] [39.0] [cxt 0] link_monitor.p4(383) Primitive (bit<32>)standard_metadata.egress_port
[13:54:21.779] [bmv2] [T] [thread 40049] [39.0] [cxt 0] link_monitor.p4(383) Primitive byte_cnt_reg.write((bit<32>)standard_metadata.egress_port, new_byte_cnt)
[13:54:21.779] [bmv2] [T] [thread 40049] [39.0] [cxt 0] Wrote register 'MyEgress.byte_cnt_reg' at index 0 with value 1470
[13:54:21.779] [bmv2] [T] [thread 40049] [39.0] [cxt 0] link_monitor.p4(385) Condition "hdr.probe.isValid()" (node_16) is false
[13:54:21.779] [bmv2] [D] [thread 40049] [39.0] [cxt 0] Pipeline 'egress': end
[13:54:21.779] [bmv2] [D] [thread 40049] [39.0] [cxt 0] Deparser 'deparser': start
[13:54:21.779] [bmv2] [T] [thread 40049] [39.0] [cxt 0] Skipping checksum 'cksum' update because condition not met
[13:54:21.779] [bmv2] [D] [thread 40049] [39.0] [cxt 0] Deparsing header 'ethernet'
[13:54:21.779] [bmv2] [D] [thread 40049] [39.0] [cxt 0] Deparser 'deparser': end
[13:54:21.779] [bmv2] [D] [thread 40053] [39.0] [cxt 0] Transmitting packet of size 70 out of port 0
[13:54:29.971] [bmv2] [D] [thread 40048] [40.0] [cxt 0] Processing packet received on port 1
[13:54:29.971] [bmv2] [D] [thread 40048] [40.0] [cxt 0] Parser 'parser': start
[13:54:29.971] [bmv2] [D] [thread 40048] [40.0] [cxt 0] Parser 'parser' entering state 'start'
[13:54:29.971] [bmv2] [D] [thread 40048] [40.0] [cxt 0] Extracting header 'ethernet'
[13:54:29.971] [bmv2] [D] [thread 40048] [40.0] [cxt 0] Parser state 'start': key is 86dd
[13:54:29.971] [bmv2] [T] [thread 40048] [40.0] [cxt 0] Bytes parsed: 14
[13:54:29.971] [bmv2] [D] [thread 40048] [40.0] [cxt 0] Parser 'parser': end
[13:54:29.971] [bmv2] [D] [thread 40048] [40.0] [cxt 0] Pipeline 'ingress': start
[13:54:29.971] [bmv2] [T] [thread 40048] [40.0] [cxt 0] link_monitor.p4(333) Condition "hdr.tcp.isValid()" (node_2) is false
[13:54:29.971] [bmv2] [T] [thread 40048] [40.0] [cxt 0] link_monitor.p4(337) Condition "hdr.ipv4.isValid()" (node_5) is false
[13:54:29.971] [bmv2] [T] [thread 40048] [40.0] [cxt 0] link_monitor.p4(340) Condition "hdr.probe.isValid()" (node_7) is false
[13:54:29.971] [bmv2] [D] [thread 40048] [40.0] [cxt 0] Pipeline 'ingress': end
[13:54:29.971] [bmv2] [D] [thread 40048] [40.0] [cxt 0] Egress port is 0
[13:54:29.971] [bmv2] [D] [thread 40048] [41.0] [cxt 0] Processing packet received on port 3
[13:54:29.971] [bmv2] [D] [thread 40048] [41.0] [cxt 0] Parser 'parser': start
[13:54:29.971] [bmv2] [D] [thread 40048] [41.0] [cxt 0] Parser 'parser' entering state 'start'
[13:54:29.971] [bmv2] [D] [thread 40048] [41.0] [cxt 0] Extracting header 'ethernet'
[13:54:29.971] [bmv2] [D] [thread 40048] [41.0] [cxt 0] Parser state 'start': key is 86dd
[13:54:29.971] [bmv2] [T] [thread 40048] [41.0] [cxt 0] Bytes parsed: 14
[13:54:29.971] [bmv2] [D] [thread 40048] [41.0] [cxt 0] Parser 'parser': end
[13:54:29.971] [bmv2] [D] [thread 40048] [41.0] [cxt 0] Pipeline 'ingress': start
[13:54:29.971] [bmv2] [T] [thread 40048] [41.0] [cxt 0] link_monitor.p4(333) Condition "hdr.tcp.isValid()" (node_2) is false
[13:54:29.971] [bmv2] [T] [thread 40048] [41.0] [cxt 0] link_monitor.p4(337) Condition "hdr.ipv4.isValid()" (node_5) is false
[13:54:29.971] [bmv2] [T] [thread 40048] [41.0] [cxt 0] link_monitor.p4(340) Condition "hdr.probe.isValid()" (node_7) is false
[13:54:29.971] [bmv2] [D] [thread 40048] [41.0] [cxt 0] Pipeline 'ingress': end
[13:54:29.971] [bmv2] [D] [thread 40048] [41.0] [cxt 0] Egress port is 0
[13:54:29.971] [bmv2] [D] [thread 40048] [42.0] [cxt 0] Processing packet received on port 4
[13:54:29.971] [bmv2] [D] [thread 40048] [42.0] [cxt 0] Parser 'parser': start
[13:54:29.971] [bmv2] [D] [thread 40048] [42.0] [cxt 0] Parser 'parser' entering state 'start'
[13:54:29.971] [bmv2] [D] [thread 40048] [42.0] [cxt 0] Extracting header 'ethernet'
[13:54:29.971] [bmv2] [D] [thread 40048] [42.0] [cxt 0] Parser state 'start': key is 86dd
[13:54:29.971] [bmv2] [T] [thread 40048] [42.0] [cxt 0] Bytes parsed: 14
[13:54:29.971] [bmv2] [D] [thread 40048] [42.0] [cxt 0] Parser 'parser': end
[13:54:29.971] [bmv2] [D] [thread 40048] [42.0] [cxt 0] Pipeline 'ingress': start
[13:54:29.971] [bmv2] [T] [thread 40048] [42.0] [cxt 0] link_monitor.p4(333) Condition "hdr.tcp.isValid()" (node_2) is false
[13:54:29.971] [bmv2] [T] [thread 40048] [42.0] [cxt 0] link_monitor.p4(337) Condition "hdr.ipv4.isValid()" (node_5) is false
[13:54:29.971] [bmv2] [T] [thread 40048] [42.0] [cxt 0] link_monitor.p4(340) Condition "hdr.probe.isValid()" (node_7) is false
[13:54:29.971] [bmv2] [D] [thread 40048] [42.0] [cxt 0] Pipeline 'ingress': end
[13:54:29.971] [bmv2] [D] [thread 40048] [42.0] [cxt 0] Egress port is 0
[13:54:29.971] [bmv2] [D] [thread 40049] [40.0] [cxt 0] Pipeline 'egress': start
[13:54:29.971] [bmv2] [T] [thread 40049] [40.0] [cxt 0] Applying table 'tbl_link_monitor379'
[13:54:29.971] [bmv2] [D] [thread 40049] [40.0] [cxt 0] Looking up key:

[13:54:29.971] [bmv2] [D] [thread 40049] [40.0] [cxt 0] Table 'tbl_link_monitor379': miss
[13:54:29.971] [bmv2] [D] [thread 40049] [40.0] [cxt 0] Action entry is link_monitor379 - 
[13:54:29.971] [bmv2] [T] [thread 40049] [40.0] [cxt 0] Action link_monitor379
[13:54:29.971] [bmv2] [T] [thread 40049] [40.0] [cxt 0] link_monitor.p4(379) Primitive (bit<32>)standard_metadata.egress_port
[13:54:29.971] [bmv2] [T] [thread 40049] [40.0] [cxt 0] link_monitor.p4(379) Primitive byte_cnt_reg.read(byte_cnt, (bit<32>)standard_metadata.egress_port)
[13:54:29.971] [bmv2] [T] [thread 40049] [40.0] [cxt 0] Read register 'MyEgress.byte_cnt_reg' at index 0 read value 1470
[13:54:29.971] [bmv2] [T] [thread 40049] [40.0] [cxt 0] link_monitor.p4(380) Primitive byte_cnt = byte_cnt + standard_metadata.packet_length
[13:54:29.971] [bmv2] [T] [thread 40049] [40.0] [cxt 0] link_monitor.p4(382) Condition "hdr.probe.isValid()" (node_12) is false
[13:54:29.971] [bmv2] [T] [thread 40049] [40.0] [cxt 0] Applying table 'tbl_link_monitor382_0'
[13:54:29.971] [bmv2] [D] [thread 40049] [40.0] [cxt 0] Looking up key:

[13:54:29.971] [bmv2] [D] [thread 40049] [40.0] [cxt 0] Table 'tbl_link_monitor382_0': miss
[13:54:29.971] [bmv2] [D] [thread 40049] [40.0] [cxt 0] Action entry is link_monitor382_0 - 
[13:54:29.971] [bmv2] [T] [thread 40049] [40.0] [cxt 0] Action link_monitor382_0
[13:54:29.971] [bmv2] [T] [thread 40049] [40.0] [cxt 0] link_monitor.p4(382) Primitive (hdr.probe.isValid()) ? 0 : byte_cnt
[13:54:29.971] [bmv2] [T] [thread 40049] [40.0] [cxt 0] Applying table 'tbl_link_monitor383'
[13:54:29.971] [bmv2] [D] [thread 40049] [40.0] [cxt 0] Looking up key:

[13:54:29.971] [bmv2] [D] [thread 40049] [40.0] [cxt 0] Table 'tbl_link_monitor383': miss
[13:54:29.971] [bmv2] [D] [thread 40049] [40.0] [cxt 0] Action entry is link_monitor383 - 
[13:54:29.971] [bmv2] [T] [thread 40049] [40.0] [cxt 0] Action link_monitor383
[13:54:29.971] [bmv2] [T] [thread 40049] [40.0] [cxt 0] link_monitor.p4(383) Primitive (bit<32>)standard_metadata.egress_port
[13:54:29.971] [bmv2] [T] [thread 40049] [40.0] [cxt 0] link_monitor.p4(383) Primitive byte_cnt_reg.write((bit<32>)standard_metadata.egress_port, new_byte_cnt)
[13:54:29.971] [bmv2] [T] [thread 40049] [40.0] [cxt 0] Wrote register 'MyEgress.byte_cnt_reg' at index 0 with value 1540
[13:54:29.971] [bmv2] [T] [thread 40049] [40.0] [cxt 0] link_monitor.p4(385) Condition "hdr.probe.isValid()" (node_16) is false
[13:54:29.971] [bmv2] [D] [thread 40049] [40.0] [cxt 0] Pipeline 'egress': end
[13:54:29.971] [bmv2] [D] [thread 40049] [40.0] [cxt 0] Deparser 'deparser': start
[13:54:29.971] [bmv2] [T] [thread 40049] [40.0] [cxt 0] Skipping checksum 'cksum' update because condition not met
[13:54:29.971] [bmv2] [D] [thread 40049] [40.0] [cxt 0] Deparsing header 'ethernet'
[13:54:29.971] [bmv2] [D] [thread 40049] [40.0] [cxt 0] Deparser 'deparser': end
[13:54:29.971] [bmv2] [D] [thread 40049] [41.0] [cxt 0] Pipeline 'egress': start
[13:54:29.971] [bmv2] [T] [thread 40049] [41.0] [cxt 0] Applying table 'tbl_link_monitor379'
[13:54:29.971] [bmv2] [D] [thread 40049] [41.0] [cxt 0] Looking up key:

[13:54:29.971] [bmv2] [D] [thread 40049] [41.0] [cxt 0] Table 'tbl_link_monitor379': miss
[13:54:29.971] [bmv2] [D] [thread 40049] [41.0] [cxt 0] Action entry is link_monitor379 - 
[13:54:29.971] [bmv2] [T] [thread 40049] [41.0] [cxt 0] Action link_monitor379
[13:54:29.971] [bmv2] [T] [thread 40049] [41.0] [cxt 0] link_monitor.p4(379) Primitive (bit<32>)standard_metadata.egress_port
[13:54:29.971] [bmv2] [T] [thread 40049] [41.0] [cxt 0] link_monitor.p4(379) Primitive byte_cnt_reg.read(byte_cnt, (bit<32>)standard_metadata.egress_port)
[13:54:29.971] [bmv2] [T] [thread 40049] [41.0] [cxt 0] Read register 'MyEgress.byte_cnt_reg' at index 0 read value 1540
[13:54:29.971] [bmv2] [T] [thread 40049] [41.0] [cxt 0] link_monitor.p4(380) Primitive byte_cnt = byte_cnt + standard_metadata.packet_length
[13:54:29.971] [bmv2] [T] [thread 40049] [41.0] [cxt 0] link_monitor.p4(382) Condition "hdr.probe.isValid()" (node_12) is false
[13:54:29.971] [bmv2] [T] [thread 40049] [41.0] [cxt 0] Applying table 'tbl_link_monitor382_0'
[13:54:29.971] [bmv2] [D] [thread 40049] [41.0] [cxt 0] Looking up key:

[13:54:29.971] [bmv2] [D] [thread 40049] [41.0] [cxt 0] Table 'tbl_link_monitor382_0': miss
[13:54:29.971] [bmv2] [D] [thread 40049] [41.0] [cxt 0] Action entry is link_monitor382_0 - 
[13:54:29.971] [bmv2] [T] [thread 40049] [41.0] [cxt 0] Action link_monitor382_0
[13:54:29.971] [bmv2] [T] [thread 40049] [41.0] [cxt 0] link_monitor.p4(382) Primitive (hdr.probe.isValid()) ? 0 : byte_cnt
[13:54:29.971] [bmv2] [T] [thread 40049] [41.0] [cxt 0] Applying table 'tbl_link_monitor383'
[13:54:29.971] [bmv2] [D] [thread 40049] [41.0] [cxt 0] Looking up key:

[13:54:29.971] [bmv2] [D] [thread 40049] [41.0] [cxt 0] Table 'tbl_link_monitor383': miss
[13:54:29.971] [bmv2] [D] [thread 40049] [41.0] [cxt 0] Action entry is link_monitor383 - 
[13:54:29.971] [bmv2] [T] [thread 40049] [41.0] [cxt 0] Action link_monitor383
[13:54:29.971] [bmv2] [T] [thread 40049] [41.0] [cxt 0] link_monitor.p4(383) Primitive (bit<32>)standard_metadata.egress_port
[13:54:29.971] [bmv2] [T] [thread 40049] [41.0] [cxt 0] link_monitor.p4(383) Primitive byte_cnt_reg.write((bit<32>)standard_metadata.egress_port, new_byte_cnt)
[13:54:29.971] [bmv2] [T] [thread 40049] [41.0] [cxt 0] Wrote register 'MyEgress.byte_cnt_reg' at index 0 with value 1610
[13:54:29.971] [bmv2] [T] [thread 40049] [41.0] [cxt 0] link_monitor.p4(385) Condition "hdr.probe.isValid()" (node_16) is false
[13:54:29.971] [bmv2] [D] [thread 40049] [41.0] [cxt 0] Pipeline 'egress': end
[13:54:29.971] [bmv2] [D] [thread 40049] [41.0] [cxt 0] Deparser 'deparser': start
[13:54:29.971] [bmv2] [T] [thread 40049] [41.0] [cxt 0] Skipping checksum 'cksum' update because condition not met
[13:54:29.971] [bmv2] [D] [thread 40049] [41.0] [cxt 0] Deparsing header 'ethernet'
[13:54:29.971] [bmv2] [D] [thread 40049] [41.0] [cxt 0] Deparser 'deparser': end
[13:54:29.971] [bmv2] [D] [thread 40049] [42.0] [cxt 0] Pipeline 'egress': start
[13:54:29.971] [bmv2] [T] [thread 40049] [42.0] [cxt 0] Applying table 'tbl_link_monitor379'
[13:54:29.971] [bmv2] [D] [thread 40049] [42.0] [cxt 0] Looking up key:

[13:54:29.971] [bmv2] [D] [thread 40049] [42.0] [cxt 0] Table 'tbl_link_monitor379': miss
[13:54:29.971] [bmv2] [D] [thread 40049] [42.0] [cxt 0] Action entry is link_monitor379 - 
[13:54:29.971] [bmv2] [T] [thread 40049] [42.0] [cxt 0] Action link_monitor379
[13:54:29.971] [bmv2] [T] [thread 40049] [42.0] [cxt 0] link_monitor.p4(379) Primitive (bit<32>)standard_metadata.egress_port
[13:54:29.971] [bmv2] [T] [thread 40049] [42.0] [cxt 0] link_monitor.p4(379) Primitive byte_cnt_reg.read(byte_cnt, (bit<32>)standard_metadata.egress_port)
[13:54:29.971] [bmv2] [T] [thread 40049] [42.0] [cxt 0] Read register 'MyEgress.byte_cnt_reg' at index 0 read value 1610
[13:54:29.971] [bmv2] [T] [thread 40049] [42.0] [cxt 0] link_monitor.p4(380) Primitive byte_cnt = byte_cnt + standard_metadata.packet_length
[13:54:29.971] [bmv2] [T] [thread 40049] [42.0] [cxt 0] link_monitor.p4(382) Condition "hdr.probe.isValid()" (node_12) is false
[13:54:29.971] [bmv2] [T] [thread 40049] [42.0] [cxt 0] Applying table 'tbl_link_monitor382_0'
[13:54:29.971] [bmv2] [D] [thread 40049] [42.0] [cxt 0] Looking up key:

[13:54:29.971] [bmv2] [D] [thread 40049] [42.0] [cxt 0] Table 'tbl_link_monitor382_0': miss
[13:54:29.971] [bmv2] [D] [thread 40049] [42.0] [cxt 0] Action entry is link_monitor382_0 - 
[13:54:29.971] [bmv2] [T] [thread 40049] [42.0] [cxt 0] Action link_monitor382_0
[13:54:29.971] [bmv2] [T] [thread 40049] [42.0] [cxt 0] link_monitor.p4(382) Primitive (hdr.probe.isValid()) ? 0 : byte_cnt
[13:54:29.971] [bmv2] [T] [thread 40049] [42.0] [cxt 0] Applying table 'tbl_link_monitor383'
[13:54:29.971] [bmv2] [D] [thread 40049] [42.0] [cxt 0] Looking up key:

[13:54:29.971] [bmv2] [D] [thread 40049] [42.0] [cxt 0] Table 'tbl_link_monitor383': miss
[13:54:29.971] [bmv2] [D] [thread 40049] [42.0] [cxt 0] Action entry is link_monitor383 - 
[13:54:29.971] [bmv2] [T] [thread 40049] [42.0] [cxt 0] Action link_monitor383
[13:54:29.971] [bmv2] [T] [thread 40049] [42.0] [cxt 0] link_monitor.p4(383) Primitive (bit<32>)standard_metadata.egress_port
[13:54:29.971] [bmv2] [T] [thread 40049] [42.0] [cxt 0] link_monitor.p4(383) Primitive byte_cnt_reg.write((bit<32>)standard_metadata.egress_port, new_byte_cnt)
[13:54:29.971] [bmv2] [T] [thread 40049] [42.0] [cxt 0] Wrote register 'MyEgress.byte_cnt_reg' at index 0 with value 1680
[13:54:29.971] [bmv2] [T] [thread 40049] [42.0] [cxt 0] link_monitor.p4(385) Condition "hdr.probe.isValid()" (node_16) is false
[13:54:29.971] [bmv2] [D] [thread 40049] [42.0] [cxt 0] Pipeline 'egress': end
[13:54:29.971] [bmv2] [D] [thread 40049] [42.0] [cxt 0] Deparser 'deparser': start
[13:54:29.971] [bmv2] [T] [thread 40049] [42.0] [cxt 0] Skipping checksum 'cksum' update because condition not met
[13:54:29.971] [bmv2] [D] [thread 40049] [42.0] [cxt 0] Deparsing header 'ethernet'
[13:54:29.971] [bmv2] [D] [thread 40049] [42.0] [cxt 0] Deparser 'deparser': end
[13:54:29.971] [bmv2] [D] [thread 40053] [40.0] [cxt 0] Transmitting packet of size 70 out of port 0
[13:54:29.971] [bmv2] [D] [thread 40053] [41.0] [cxt 0] Transmitting packet of size 70 out of port 0
[13:54:29.971] [bmv2] [D] [thread 40053] [42.0] [cxt 0] Transmitting packet of size 70 out of port 0
[13:55:17.074] [bmv2] [D] [thread 40048] [43.0] [cxt 0] Processing packet received on port 3
[13:55:17.074] [bmv2] [D] [thread 40048] [43.0] [cxt 0] Parser 'parser': start
[13:55:17.074] [bmv2] [D] [thread 40048] [43.0] [cxt 0] Parser 'parser' entering state 'start'
[13:55:17.074] [bmv2] [D] [thread 40048] [43.0] [cxt 0] Extracting header 'ethernet'
[13:55:17.074] [bmv2] [D] [thread 40048] [43.0] [cxt 0] Parser state 'start': key is 86dd
[13:55:17.074] [bmv2] [T] [thread 40048] [43.0] [cxt 0] Bytes parsed: 14
[13:55:17.074] [bmv2] [D] [thread 40048] [43.0] [cxt 0] Parser 'parser': end
[13:55:17.074] [bmv2] [D] [thread 40048] [43.0] [cxt 0] Pipeline 'ingress': start
[13:55:17.074] [bmv2] [T] [thread 40048] [43.0] [cxt 0] link_monitor.p4(333) Condition "hdr.tcp.isValid()" (node_2) is false
[13:55:17.074] [bmv2] [T] [thread 40048] [43.0] [cxt 0] link_monitor.p4(337) Condition "hdr.ipv4.isValid()" (node_5) is false
[13:55:17.074] [bmv2] [T] [thread 40048] [43.0] [cxt 0] link_monitor.p4(340) Condition "hdr.probe.isValid()" (node_7) is false
[13:55:17.074] [bmv2] [D] [thread 40048] [43.0] [cxt 0] Pipeline 'ingress': end
[13:55:17.074] [bmv2] [D] [thread 40048] [43.0] [cxt 0] Egress port is 0
[13:55:17.074] [bmv2] [D] [thread 40048] [44.0] [cxt 0] Processing packet received on port 4
[13:55:17.074] [bmv2] [D] [thread 40048] [44.0] [cxt 0] Parser 'parser': start
[13:55:17.074] [bmv2] [D] [thread 40048] [44.0] [cxt 0] Parser 'parser' entering state 'start'
[13:55:17.074] [bmv2] [D] [thread 40048] [44.0] [cxt 0] Extracting header 'ethernet'
[13:55:17.074] [bmv2] [D] [thread 40048] [44.0] [cxt 0] Parser state 'start': key is 86dd
[13:55:17.074] [bmv2] [T] [thread 40048] [44.0] [cxt 0] Bytes parsed: 14
[13:55:17.074] [bmv2] [D] [thread 40048] [44.0] [cxt 0] Parser 'parser': end
[13:55:17.074] [bmv2] [D] [thread 40048] [44.0] [cxt 0] Pipeline 'ingress': start
[13:55:17.074] [bmv2] [T] [thread 40048] [44.0] [cxt 0] link_monitor.p4(333) Condition "hdr.tcp.isValid()" (node_2) is false
[13:55:17.074] [bmv2] [T] [thread 40048] [44.0] [cxt 0] link_monitor.p4(337) Condition "hdr.ipv4.isValid()" (node_5) is false
[13:55:17.074] [bmv2] [T] [thread 40048] [44.0] [cxt 0] link_monitor.p4(340) Condition "hdr.probe.isValid()" (node_7) is false
[13:55:17.074] [bmv2] [D] [thread 40048] [44.0] [cxt 0] Pipeline 'ingress': end
[13:55:17.074] [bmv2] [D] [thread 40048] [44.0] [cxt 0] Egress port is 0
[13:55:17.074] [bmv2] [D] [thread 40049] [43.0] [cxt 0] Pipeline 'egress': start
[13:55:17.074] [bmv2] [T] [thread 40049] [43.0] [cxt 0] Applying table 'tbl_link_monitor379'
[13:55:17.074] [bmv2] [D] [thread 40049] [43.0] [cxt 0] Looking up key:

[13:55:17.074] [bmv2] [D] [thread 40049] [43.0] [cxt 0] Table 'tbl_link_monitor379': miss
[13:55:17.074] [bmv2] [D] [thread 40049] [43.0] [cxt 0] Action entry is link_monitor379 - 
[13:55:17.074] [bmv2] [T] [thread 40049] [43.0] [cxt 0] Action link_monitor379
[13:55:17.074] [bmv2] [T] [thread 40049] [43.0] [cxt 0] link_monitor.p4(379) Primitive (bit<32>)standard_metadata.egress_port
[13:55:17.074] [bmv2] [T] [thread 40049] [43.0] [cxt 0] link_monitor.p4(379) Primitive byte_cnt_reg.read(byte_cnt, (bit<32>)standard_metadata.egress_port)
[13:55:17.074] [bmv2] [T] [thread 40049] [43.0] [cxt 0] Read register 'MyEgress.byte_cnt_reg' at index 0 read value 1680
[13:55:17.074] [bmv2] [T] [thread 40049] [43.0] [cxt 0] link_monitor.p4(380) Primitive byte_cnt = byte_cnt + standard_metadata.packet_length
[13:55:17.074] [bmv2] [T] [thread 40049] [43.0] [cxt 0] link_monitor.p4(382) Condition "hdr.probe.isValid()" (node_12) is false
[13:55:17.074] [bmv2] [T] [thread 40049] [43.0] [cxt 0] Applying table 'tbl_link_monitor382_0'
[13:55:17.074] [bmv2] [D] [thread 40049] [43.0] [cxt 0] Looking up key:

[13:55:17.074] [bmv2] [D] [thread 40049] [43.0] [cxt 0] Table 'tbl_link_monitor382_0': miss
[13:55:17.074] [bmv2] [D] [thread 40049] [43.0] [cxt 0] Action entry is link_monitor382_0 - 
[13:55:17.074] [bmv2] [T] [thread 40049] [43.0] [cxt 0] Action link_monitor382_0
[13:55:17.074] [bmv2] [T] [thread 40049] [43.0] [cxt 0] link_monitor.p4(382) Primitive (hdr.probe.isValid()) ? 0 : byte_cnt
[13:55:17.074] [bmv2] [T] [thread 40049] [43.0] [cxt 0] Applying table 'tbl_link_monitor383'
[13:55:17.074] [bmv2] [D] [thread 40049] [43.0] [cxt 0] Looking up key:

[13:55:17.074] [bmv2] [D] [thread 40049] [43.0] [cxt 0] Table 'tbl_link_monitor383': miss
[13:55:17.074] [bmv2] [D] [thread 40049] [43.0] [cxt 0] Action entry is link_monitor383 - 
[13:55:17.074] [bmv2] [T] [thread 40049] [43.0] [cxt 0] Action link_monitor383
[13:55:17.074] [bmv2] [T] [thread 40049] [43.0] [cxt 0] link_monitor.p4(383) Primitive (bit<32>)standard_metadata.egress_port
[13:55:17.074] [bmv2] [T] [thread 40049] [43.0] [cxt 0] link_monitor.p4(383) Primitive byte_cnt_reg.write((bit<32>)standard_metadata.egress_port, new_byte_cnt)
[13:55:17.074] [bmv2] [T] [thread 40049] [43.0] [cxt 0] Wrote register 'MyEgress.byte_cnt_reg' at index 0 with value 1750
[13:55:17.074] [bmv2] [T] [thread 40049] [43.0] [cxt 0] link_monitor.p4(385) Condition "hdr.probe.isValid()" (node_16) is false
[13:55:17.074] [bmv2] [D] [thread 40049] [43.0] [cxt 0] Pipeline 'egress': end
[13:55:17.074] [bmv2] [D] [thread 40049] [43.0] [cxt 0] Deparser 'deparser': start
[13:55:17.074] [bmv2] [T] [thread 40049] [43.0] [cxt 0] Skipping checksum 'cksum' update because condition not met
[13:55:17.074] [bmv2] [D] [thread 40049] [43.0] [cxt 0] Deparsing header 'ethernet'
[13:55:17.074] [bmv2] [D] [thread 40049] [43.0] [cxt 0] Deparser 'deparser': end
[13:55:17.074] [bmv2] [D] [thread 40049] [44.0] [cxt 0] Pipeline 'egress': start
[13:55:17.074] [bmv2] [T] [thread 40049] [44.0] [cxt 0] Applying table 'tbl_link_monitor379'
[13:55:17.074] [bmv2] [D] [thread 40049] [44.0] [cxt 0] Looking up key:

[13:55:17.074] [bmv2] [D] [thread 40049] [44.0] [cxt 0] Table 'tbl_link_monitor379': miss
[13:55:17.074] [bmv2] [D] [thread 40049] [44.0] [cxt 0] Action entry is link_monitor379 - 
[13:55:17.074] [bmv2] [T] [thread 40049] [44.0] [cxt 0] Action link_monitor379
[13:55:17.074] [bmv2] [T] [thread 40049] [44.0] [cxt 0] link_monitor.p4(379) Primitive (bit<32>)standard_metadata.egress_port
[13:55:17.074] [bmv2] [T] [thread 40049] [44.0] [cxt 0] link_monitor.p4(379) Primitive byte_cnt_reg.read(byte_cnt, (bit<32>)standard_metadata.egress_port)
[13:55:17.074] [bmv2] [T] [thread 40049] [44.0] [cxt 0] Read register 'MyEgress.byte_cnt_reg' at index 0 read value 1750
[13:55:17.074] [bmv2] [T] [thread 40049] [44.0] [cxt 0] link_monitor.p4(380) Primitive byte_cnt = byte_cnt + standard_metadata.packet_length
[13:55:17.074] [bmv2] [T] [thread 40049] [44.0] [cxt 0] link_monitor.p4(382) Condition "hdr.probe.isValid()" (node_12) is false
[13:55:17.074] [bmv2] [T] [thread 40049] [44.0] [cxt 0] Applying table 'tbl_link_monitor382_0'
[13:55:17.074] [bmv2] [D] [thread 40049] [44.0] [cxt 0] Looking up key:

[13:55:17.074] [bmv2] [D] [thread 40049] [44.0] [cxt 0] Table 'tbl_link_monitor382_0': miss
[13:55:17.074] [bmv2] [D] [thread 40049] [44.0] [cxt 0] Action entry is link_monitor382_0 - 
[13:55:17.074] [bmv2] [T] [thread 40049] [44.0] [cxt 0] Action link_monitor382_0
[13:55:17.074] [bmv2] [T] [thread 40049] [44.0] [cxt 0] link_monitor.p4(382) Primitive (hdr.probe.isValid()) ? 0 : byte_cnt
[13:55:17.074] [bmv2] [T] [thread 40049] [44.0] [cxt 0] Applying table 'tbl_link_monitor383'
[13:55:17.074] [bmv2] [D] [thread 40049] [44.0] [cxt 0] Looking up key:

[13:55:17.074] [bmv2] [D] [thread 40049] [44.0] [cxt 0] Table 'tbl_link_monitor383': miss
[13:55:17.074] [bmv2] [D] [thread 40049] [44.0] [cxt 0] Action entry is link_monitor383 - 
[13:55:17.074] [bmv2] [T] [thread 40049] [44.0] [cxt 0] Action link_monitor383
[13:55:17.074] [bmv2] [T] [thread 40049] [44.0] [cxt 0] link_monitor.p4(383) Primitive (bit<32>)standard_metadata.egress_port
[13:55:17.074] [bmv2] [T] [thread 40049] [44.0] [cxt 0] link_monitor.p4(383) Primitive byte_cnt_reg.write((bit<32>)standard_metadata.egress_port, new_byte_cnt)
[13:55:17.074] [bmv2] [T] [thread 40049] [44.0] [cxt 0] Wrote register 'MyEgress.byte_cnt_reg' at index 0 with value 1820
[13:55:17.074] [bmv2] [T] [thread 40049] [44.0] [cxt 0] link_monitor.p4(385) Condition "hdr.probe.isValid()" (node_16) is false
[13:55:17.074] [bmv2] [D] [thread 40049] [44.0] [cxt 0] Pipeline 'egress': end
[13:55:17.074] [bmv2] [D] [thread 40049] [44.0] [cxt 0] Deparser 'deparser': start
[13:55:17.074] [bmv2] [T] [thread 40049] [44.0] [cxt 0] Skipping checksum 'cksum' update because condition not met
[13:55:17.074] [bmv2] [D] [thread 40049] [44.0] [cxt 0] Deparsing header 'ethernet'
[13:55:17.074] [bmv2] [D] [thread 40049] [44.0] [cxt 0] Deparser 'deparser': end
[13:55:17.074] [bmv2] [D] [thread 40053] [43.0] [cxt 0] Transmitting packet of size 70 out of port 0
[13:55:17.074] [bmv2] [D] [thread 40053] [44.0] [cxt 0] Transmitting packet of size 70 out of port 0
[13:55:19.121] [bmv2] [D] [thread 40048] [45.0] [cxt 0] Processing packet received on port 2
[13:55:19.121] [bmv2] [D] [thread 40048] [45.0] [cxt 0] Parser 'parser': start
[13:55:19.121] [bmv2] [D] [thread 40048] [45.0] [cxt 0] Parser 'parser' entering state 'start'
[13:55:19.121] [bmv2] [D] [thread 40048] [45.0] [cxt 0] Extracting header 'ethernet'
[13:55:19.121] [bmv2] [D] [thread 40048] [45.0] [cxt 0] Parser state 'start': key is 86dd
[13:55:19.121] [bmv2] [T] [thread 40048] [45.0] [cxt 0] Bytes parsed: 14
[13:55:19.121] [bmv2] [D] [thread 40048] [45.0] [cxt 0] Parser 'parser': end
[13:55:19.121] [bmv2] [D] [thread 40048] [45.0] [cxt 0] Pipeline 'ingress': start
[13:55:19.121] [bmv2] [T] [thread 40048] [45.0] [cxt 0] link_monitor.p4(333) Condition "hdr.tcp.isValid()" (node_2) is false
[13:55:19.121] [bmv2] [T] [thread 40048] [45.0] [cxt 0] link_monitor.p4(337) Condition "hdr.ipv4.isValid()" (node_5) is false
[13:55:19.121] [bmv2] [T] [thread 40048] [45.0] [cxt 0] link_monitor.p4(340) Condition "hdr.probe.isValid()" (node_7) is false
[13:55:19.121] [bmv2] [D] [thread 40048] [45.0] [cxt 0] Pipeline 'ingress': end
[13:55:19.121] [bmv2] [D] [thread 40048] [45.0] [cxt 0] Egress port is 0
[13:55:19.121] [bmv2] [D] [thread 40049] [45.0] [cxt 0] Pipeline 'egress': start
[13:55:19.121] [bmv2] [T] [thread 40049] [45.0] [cxt 0] Applying table 'tbl_link_monitor379'
[13:55:19.121] [bmv2] [D] [thread 40049] [45.0] [cxt 0] Looking up key:

[13:55:19.121] [bmv2] [D] [thread 40049] [45.0] [cxt 0] Table 'tbl_link_monitor379': miss
[13:55:19.121] [bmv2] [D] [thread 40049] [45.0] [cxt 0] Action entry is link_monitor379 - 
[13:55:19.121] [bmv2] [T] [thread 40049] [45.0] [cxt 0] Action link_monitor379
[13:55:19.121] [bmv2] [T] [thread 40049] [45.0] [cxt 0] link_monitor.p4(379) Primitive (bit<32>)standard_metadata.egress_port
[13:55:19.121] [bmv2] [T] [thread 40049] [45.0] [cxt 0] link_monitor.p4(379) Primitive byte_cnt_reg.read(byte_cnt, (bit<32>)standard_metadata.egress_port)
[13:55:19.121] [bmv2] [T] [thread 40049] [45.0] [cxt 0] Read register 'MyEgress.byte_cnt_reg' at index 0 read value 1820
[13:55:19.121] [bmv2] [T] [thread 40049] [45.0] [cxt 0] link_monitor.p4(380) Primitive byte_cnt = byte_cnt + standard_metadata.packet_length
[13:55:19.121] [bmv2] [T] [thread 40049] [45.0] [cxt 0] link_monitor.p4(382) Condition "hdr.probe.isValid()" (node_12) is false
[13:55:19.121] [bmv2] [T] [thread 40049] [45.0] [cxt 0] Applying table 'tbl_link_monitor382_0'
[13:55:19.121] [bmv2] [D] [thread 40049] [45.0] [cxt 0] Looking up key:

[13:55:19.121] [bmv2] [D] [thread 40049] [45.0] [cxt 0] Table 'tbl_link_monitor382_0': miss
[13:55:19.121] [bmv2] [D] [thread 40049] [45.0] [cxt 0] Action entry is link_monitor382_0 - 
[13:55:19.121] [bmv2] [T] [thread 40049] [45.0] [cxt 0] Action link_monitor382_0
[13:55:19.121] [bmv2] [T] [thread 40049] [45.0] [cxt 0] link_monitor.p4(382) Primitive (hdr.probe.isValid()) ? 0 : byte_cnt
[13:55:19.121] [bmv2] [T] [thread 40049] [45.0] [cxt 0] Applying table 'tbl_link_monitor383'
[13:55:19.121] [bmv2] [D] [thread 40049] [45.0] [cxt 0] Looking up key:

[13:55:19.121] [bmv2] [D] [thread 40049] [45.0] [cxt 0] Table 'tbl_link_monitor383': miss
[13:55:19.121] [bmv2] [D] [thread 40049] [45.0] [cxt 0] Action entry is link_monitor383 - 
[13:55:19.121] [bmv2] [T] [thread 40049] [45.0] [cxt 0] Action link_monitor383
[13:55:19.121] [bmv2] [T] [thread 40049] [45.0] [cxt 0] link_monitor.p4(383) Primitive (bit<32>)standard_metadata.egress_port
[13:55:19.122] [bmv2] [T] [thread 40049] [45.0] [cxt 0] link_monitor.p4(383) Primitive byte_cnt_reg.write((bit<32>)standard_metadata.egress_port, new_byte_cnt)
[13:55:19.122] [bmv2] [T] [thread 40049] [45.0] [cxt 0] Wrote register 'MyEgress.byte_cnt_reg' at index 0 with value 1890
[13:55:19.122] [bmv2] [T] [thread 40049] [45.0] [cxt 0] link_monitor.p4(385) Condition "hdr.probe.isValid()" (node_16) is false
[13:55:19.122] [bmv2] [D] [thread 40049] [45.0] [cxt 0] Pipeline 'egress': end
[13:55:19.122] [bmv2] [D] [thread 40049] [45.0] [cxt 0] Deparser 'deparser': start
[13:55:19.122] [bmv2] [T] [thread 40049] [45.0] [cxt 0] Skipping checksum 'cksum' update because condition not met
[13:55:19.122] [bmv2] [D] [thread 40049] [45.0] [cxt 0] Deparsing header 'ethernet'
[13:55:19.122] [bmv2] [D] [thread 40049] [45.0] [cxt 0] Deparser 'deparser': end
[13:55:19.122] [bmv2] [D] [thread 40053] [45.0] [cxt 0] Transmitting packet of size 70 out of port 0
[13:55:37.554] [bmv2] [D] [thread 40048] [46.0] [cxt 0] Processing packet received on port 1
[13:55:37.554] [bmv2] [D] [thread 40048] [46.0] [cxt 0] Parser 'parser': start
[13:55:37.554] [bmv2] [D] [thread 40048] [46.0] [cxt 0] Parser 'parser' entering state 'start'
[13:55:37.554] [bmv2] [D] [thread 40048] [46.0] [cxt 0] Extracting header 'ethernet'
[13:55:37.554] [bmv2] [D] [thread 40048] [46.0] [cxt 0] Parser state 'start': key is 86dd
[13:55:37.554] [bmv2] [T] [thread 40048] [46.0] [cxt 0] Bytes parsed: 14
[13:55:37.554] [bmv2] [D] [thread 40048] [46.0] [cxt 0] Parser 'parser': end
[13:55:37.554] [bmv2] [D] [thread 40048] [46.0] [cxt 0] Pipeline 'ingress': start
[13:55:37.554] [bmv2] [T] [thread 40048] [46.0] [cxt 0] link_monitor.p4(333) Condition "hdr.tcp.isValid()" (node_2) is false
[13:55:37.554] [bmv2] [T] [thread 40048] [46.0] [cxt 0] link_monitor.p4(337) Condition "hdr.ipv4.isValid()" (node_5) is false
[13:55:37.554] [bmv2] [T] [thread 40048] [46.0] [cxt 0] link_monitor.p4(340) Condition "hdr.probe.isValid()" (node_7) is false
[13:55:37.554] [bmv2] [D] [thread 40048] [46.0] [cxt 0] Pipeline 'ingress': end
[13:55:37.554] [bmv2] [D] [thread 40048] [46.0] [cxt 0] Egress port is 0
[13:55:37.554] [bmv2] [D] [thread 40049] [46.0] [cxt 0] Pipeline 'egress': start
[13:55:37.554] [bmv2] [T] [thread 40049] [46.0] [cxt 0] Applying table 'tbl_link_monitor379'
[13:55:37.554] [bmv2] [D] [thread 40049] [46.0] [cxt 0] Looking up key:

[13:55:37.554] [bmv2] [D] [thread 40049] [46.0] [cxt 0] Table 'tbl_link_monitor379': miss
[13:55:37.554] [bmv2] [D] [thread 40049] [46.0] [cxt 0] Action entry is link_monitor379 - 
[13:55:37.554] [bmv2] [T] [thread 40049] [46.0] [cxt 0] Action link_monitor379
[13:55:37.554] [bmv2] [T] [thread 40049] [46.0] [cxt 0] link_monitor.p4(379) Primitive (bit<32>)standard_metadata.egress_port
[13:55:37.554] [bmv2] [T] [thread 40049] [46.0] [cxt 0] link_monitor.p4(379) Primitive byte_cnt_reg.read(byte_cnt, (bit<32>)standard_metadata.egress_port)
[13:55:37.554] [bmv2] [T] [thread 40049] [46.0] [cxt 0] Read register 'MyEgress.byte_cnt_reg' at index 0 read value 1890
[13:55:37.554] [bmv2] [T] [thread 40049] [46.0] [cxt 0] link_monitor.p4(380) Primitive byte_cnt = byte_cnt + standard_metadata.packet_length
[13:55:37.554] [bmv2] [T] [thread 40049] [46.0] [cxt 0] link_monitor.p4(382) Condition "hdr.probe.isValid()" (node_12) is false
[13:55:37.554] [bmv2] [T] [thread 40049] [46.0] [cxt 0] Applying table 'tbl_link_monitor382_0'
[13:55:37.554] [bmv2] [D] [thread 40049] [46.0] [cxt 0] Looking up key:

[13:55:37.554] [bmv2] [D] [thread 40049] [46.0] [cxt 0] Table 'tbl_link_monitor382_0': miss
[13:55:37.554] [bmv2] [D] [thread 40049] [46.0] [cxt 0] Action entry is link_monitor382_0 - 
[13:55:37.554] [bmv2] [T] [thread 40049] [46.0] [cxt 0] Action link_monitor382_0
[13:55:37.554] [bmv2] [T] [thread 40049] [46.0] [cxt 0] link_monitor.p4(382) Primitive (hdr.probe.isValid()) ? 0 : byte_cnt
[13:55:37.554] [bmv2] [T] [thread 40049] [46.0] [cxt 0] Applying table 'tbl_link_monitor383'
[13:55:37.554] [bmv2] [D] [thread 40049] [46.0] [cxt 0] Looking up key:

[13:55:37.554] [bmv2] [D] [thread 40049] [46.0] [cxt 0] Table 'tbl_link_monitor383': miss
[13:55:37.554] [bmv2] [D] [thread 40049] [46.0] [cxt 0] Action entry is link_monitor383 - 
[13:55:37.554] [bmv2] [T] [thread 40049] [46.0] [cxt 0] Action link_monitor383
[13:55:37.554] [bmv2] [T] [thread 40049] [46.0] [cxt 0] link_monitor.p4(383) Primitive (bit<32>)standard_metadata.egress_port
[13:55:37.554] [bmv2] [T] [thread 40049] [46.0] [cxt 0] link_monitor.p4(383) Primitive byte_cnt_reg.write((bit<32>)standard_metadata.egress_port, new_byte_cnt)
[13:55:37.554] [bmv2] [T] [thread 40049] [46.0] [cxt 0] Wrote register 'MyEgress.byte_cnt_reg' at index 0 with value 1960
[13:55:37.554] [bmv2] [T] [thread 40049] [46.0] [cxt 0] link_monitor.p4(385) Condition "hdr.probe.isValid()" (node_16) is false
[13:55:37.554] [bmv2] [D] [thread 40049] [46.0] [cxt 0] Pipeline 'egress': end
[13:55:37.554] [bmv2] [D] [thread 40049] [46.0] [cxt 0] Deparser 'deparser': start
[13:55:37.554] [bmv2] [T] [thread 40049] [46.0] [cxt 0] Skipping checksum 'cksum' update because condition not met
[13:55:37.554] [bmv2] [D] [thread 40049] [46.0] [cxt 0] Deparsing header 'ethernet'
[13:55:37.554] [bmv2] [D] [thread 40049] [46.0] [cxt 0] Deparser 'deparser': end
[13:55:37.554] [bmv2] [D] [thread 40053] [46.0] [cxt 0] Transmitting packet of size 70 out of port 0
[13:55:39.602] [bmv2] [D] [thread 40048] [47.0] [cxt 0] Processing packet received on port 3
[13:55:39.602] [bmv2] [D] [thread 40048] [47.0] [cxt 0] Parser 'parser': start
[13:55:39.602] [bmv2] [D] [thread 40048] [47.0] [cxt 0] Parser 'parser' entering state 'start'
[13:55:39.602] [bmv2] [D] [thread 40048] [47.0] [cxt 0] Extracting header 'ethernet'
[13:55:39.602] [bmv2] [D] [thread 40048] [47.0] [cxt 0] Parser state 'start': key is 86dd
[13:55:39.602] [bmv2] [T] [thread 40048] [47.0] [cxt 0] Bytes parsed: 14
[13:55:39.602] [bmv2] [D] [thread 40048] [47.0] [cxt 0] Parser 'parser': end
[13:55:39.602] [bmv2] [D] [thread 40048] [47.0] [cxt 0] Pipeline 'ingress': start
[13:55:39.602] [bmv2] [T] [thread 40048] [47.0] [cxt 0] link_monitor.p4(333) Condition "hdr.tcp.isValid()" (node_2) is false
[13:55:39.602] [bmv2] [T] [thread 40048] [47.0] [cxt 0] link_monitor.p4(337) Condition "hdr.ipv4.isValid()" (node_5) is false
[13:55:39.602] [bmv2] [T] [thread 40048] [47.0] [cxt 0] link_monitor.p4(340) Condition "hdr.probe.isValid()" (node_7) is false
[13:55:39.602] [bmv2] [D] [thread 40048] [47.0] [cxt 0] Pipeline 'ingress': end
[13:55:39.602] [bmv2] [D] [thread 40048] [47.0] [cxt 0] Egress port is 0
[13:55:39.602] [bmv2] [D] [thread 40049] [47.0] [cxt 0] Pipeline 'egress': start
[13:55:39.602] [bmv2] [T] [thread 40049] [47.0] [cxt 0] Applying table 'tbl_link_monitor379'
[13:55:39.602] [bmv2] [D] [thread 40049] [47.0] [cxt 0] Looking up key:

[13:55:39.602] [bmv2] [D] [thread 40049] [47.0] [cxt 0] Table 'tbl_link_monitor379': miss
[13:55:39.602] [bmv2] [D] [thread 40049] [47.0] [cxt 0] Action entry is link_monitor379 - 
[13:55:39.602] [bmv2] [T] [thread 40049] [47.0] [cxt 0] Action link_monitor379
[13:55:39.602] [bmv2] [T] [thread 40049] [47.0] [cxt 0] link_monitor.p4(379) Primitive (bit<32>)standard_metadata.egress_port
[13:55:39.602] [bmv2] [T] [thread 40049] [47.0] [cxt 0] link_monitor.p4(379) Primitive byte_cnt_reg.read(byte_cnt, (bit<32>)standard_metadata.egress_port)
[13:55:39.602] [bmv2] [T] [thread 40049] [47.0] [cxt 0] Read register 'MyEgress.byte_cnt_reg' at index 0 read value 1960
[13:55:39.602] [bmv2] [T] [thread 40049] [47.0] [cxt 0] link_monitor.p4(380) Primitive byte_cnt = byte_cnt + standard_metadata.packet_length
[13:55:39.602] [bmv2] [T] [thread 40049] [47.0] [cxt 0] link_monitor.p4(382) Condition "hdr.probe.isValid()" (node_12) is false
[13:55:39.602] [bmv2] [T] [thread 40049] [47.0] [cxt 0] Applying table 'tbl_link_monitor382_0'
[13:55:39.602] [bmv2] [D] [thread 40049] [47.0] [cxt 0] Looking up key:

[13:55:39.602] [bmv2] [D] [thread 40049] [47.0] [cxt 0] Table 'tbl_link_monitor382_0': miss
[13:55:39.602] [bmv2] [D] [thread 40049] [47.0] [cxt 0] Action entry is link_monitor382_0 - 
[13:55:39.602] [bmv2] [T] [thread 40049] [47.0] [cxt 0] Action link_monitor382_0
[13:55:39.602] [bmv2] [T] [thread 40049] [47.0] [cxt 0] link_monitor.p4(382) Primitive (hdr.probe.isValid()) ? 0 : byte_cnt
[13:55:39.602] [bmv2] [T] [thread 40049] [47.0] [cxt 0] Applying table 'tbl_link_monitor383'
[13:55:39.602] [bmv2] [D] [thread 40049] [47.0] [cxt 0] Looking up key:

[13:55:39.602] [bmv2] [D] [thread 40049] [47.0] [cxt 0] Table 'tbl_link_monitor383': miss
[13:55:39.602] [bmv2] [D] [thread 40049] [47.0] [cxt 0] Action entry is link_monitor383 - 
[13:55:39.602] [bmv2] [T] [thread 40049] [47.0] [cxt 0] Action link_monitor383
[13:55:39.602] [bmv2] [T] [thread 40049] [47.0] [cxt 0] link_monitor.p4(383) Primitive (bit<32>)standard_metadata.egress_port
[13:55:39.602] [bmv2] [T] [thread 40049] [47.0] [cxt 0] link_monitor.p4(383) Primitive byte_cnt_reg.write((bit<32>)standard_metadata.egress_port, new_byte_cnt)
[13:55:39.602] [bmv2] [T] [thread 40049] [47.0] [cxt 0] Wrote register 'MyEgress.byte_cnt_reg' at index 0 with value 2030
[13:55:39.602] [bmv2] [T] [thread 40049] [47.0] [cxt 0] link_monitor.p4(385) Condition "hdr.probe.isValid()" (node_16) is false
[13:55:39.602] [bmv2] [D] [thread 40049] [47.0] [cxt 0] Pipeline 'egress': end
[13:55:39.602] [bmv2] [D] [thread 40049] [47.0] [cxt 0] Deparser 'deparser': start
[13:55:39.602] [bmv2] [T] [thread 40049] [47.0] [cxt 0] Skipping checksum 'cksum' update because condition not met
[13:55:39.602] [bmv2] [D] [thread 40049] [47.0] [cxt 0] Deparsing header 'ethernet'
[13:55:39.602] [bmv2] [D] [thread 40049] [47.0] [cxt 0] Deparser 'deparser': end
[13:55:39.602] [bmv2] [D] [thread 40053] [47.0] [cxt 0] Transmitting packet of size 70 out of port 0
[13:55:41.656] [bmv2] [D] [thread 40048] [48.0] [cxt 0] Processing packet received on port 4
[13:55:41.656] [bmv2] [D] [thread 40048] [48.0] [cxt 0] Parser 'parser': start
[13:55:41.656] [bmv2] [D] [thread 40048] [48.0] [cxt 0] Parser 'parser' entering state 'start'
[13:55:41.656] [bmv2] [D] [thread 40048] [48.0] [cxt 0] Extracting header 'ethernet'
[13:55:41.656] [bmv2] [D] [thread 40048] [48.0] [cxt 0] Parser state 'start': key is 86dd
[13:55:41.656] [bmv2] [T] [thread 40048] [48.0] [cxt 0] Bytes parsed: 14
[13:55:41.656] [bmv2] [D] [thread 40048] [48.0] [cxt 0] Parser 'parser': end
[13:55:41.656] [bmv2] [D] [thread 40048] [48.0] [cxt 0] Pipeline 'ingress': start
[13:55:41.656] [bmv2] [T] [thread 40048] [48.0] [cxt 0] link_monitor.p4(333) Condition "hdr.tcp.isValid()" (node_2) is false
[13:55:41.656] [bmv2] [T] [thread 40048] [48.0] [cxt 0] link_monitor.p4(337) Condition "hdr.ipv4.isValid()" (node_5) is false
[13:55:41.656] [bmv2] [T] [thread 40048] [48.0] [cxt 0] link_monitor.p4(340) Condition "hdr.probe.isValid()" (node_7) is false
[13:55:41.656] [bmv2] [D] [thread 40048] [48.0] [cxt 0] Pipeline 'ingress': end
[13:55:41.656] [bmv2] [D] [thread 40048] [48.0] [cxt 0] Egress port is 0
[13:55:41.656] [bmv2] [D] [thread 40049] [48.0] [cxt 0] Pipeline 'egress': start
[13:55:41.656] [bmv2] [T] [thread 40049] [48.0] [cxt 0] Applying table 'tbl_link_monitor379'
[13:55:41.656] [bmv2] [D] [thread 40049] [48.0] [cxt 0] Looking up key:

[13:55:41.656] [bmv2] [D] [thread 40049] [48.0] [cxt 0] Table 'tbl_link_monitor379': miss
[13:55:41.656] [bmv2] [D] [thread 40049] [48.0] [cxt 0] Action entry is link_monitor379 - 
[13:55:41.656] [bmv2] [T] [thread 40049] [48.0] [cxt 0] Action link_monitor379
[13:55:41.656] [bmv2] [T] [thread 40049] [48.0] [cxt 0] link_monitor.p4(379) Primitive (bit<32>)standard_metadata.egress_port
[13:55:41.656] [bmv2] [T] [thread 40049] [48.0] [cxt 0] link_monitor.p4(379) Primitive byte_cnt_reg.read(byte_cnt, (bit<32>)standard_metadata.egress_port)
[13:55:41.656] [bmv2] [T] [thread 40049] [48.0] [cxt 0] Read register 'MyEgress.byte_cnt_reg' at index 0 read value 2030
[13:55:41.656] [bmv2] [T] [thread 40049] [48.0] [cxt 0] link_monitor.p4(380) Primitive byte_cnt = byte_cnt + standard_metadata.packet_length
[13:55:41.656] [bmv2] [T] [thread 40049] [48.0] [cxt 0] link_monitor.p4(382) Condition "hdr.probe.isValid()" (node_12) is false
[13:55:41.656] [bmv2] [T] [thread 40049] [48.0] [cxt 0] Applying table 'tbl_link_monitor382_0'
[13:55:41.656] [bmv2] [D] [thread 40049] [48.0] [cxt 0] Looking up key:

[13:55:41.656] [bmv2] [D] [thread 40049] [48.0] [cxt 0] Table 'tbl_link_monitor382_0': miss
[13:55:41.656] [bmv2] [D] [thread 40049] [48.0] [cxt 0] Action entry is link_monitor382_0 - 
[13:55:41.656] [bmv2] [T] [thread 40049] [48.0] [cxt 0] Action link_monitor382_0
[13:55:41.656] [bmv2] [T] [thread 40049] [48.0] [cxt 0] link_monitor.p4(382) Primitive (hdr.probe.isValid()) ? 0 : byte_cnt
[13:55:41.656] [bmv2] [T] [thread 40049] [48.0] [cxt 0] Applying table 'tbl_link_monitor383'
[13:55:41.656] [bmv2] [D] [thread 40049] [48.0] [cxt 0] Looking up key:

[13:55:41.656] [bmv2] [D] [thread 40049] [48.0] [cxt 0] Table 'tbl_link_monitor383': miss
[13:55:41.656] [bmv2] [D] [thread 40049] [48.0] [cxt 0] Action entry is link_monitor383 - 
[13:55:41.656] [bmv2] [T] [thread 40049] [48.0] [cxt 0] Action link_monitor383
[13:55:41.656] [bmv2] [T] [thread 40049] [48.0] [cxt 0] link_monitor.p4(383) Primitive (bit<32>)standard_metadata.egress_port
[13:55:41.656] [bmv2] [T] [thread 40049] [48.0] [cxt 0] link_monitor.p4(383) Primitive byte_cnt_reg.write((bit<32>)standard_metadata.egress_port, new_byte_cnt)
[13:55:41.656] [bmv2] [T] [thread 40049] [48.0] [cxt 0] Wrote register 'MyEgress.byte_cnt_reg' at index 0 with value 2100
[13:55:41.656] [bmv2] [T] [thread 40049] [48.0] [cxt 0] link_monitor.p4(385) Condition "hdr.probe.isValid()" (node_16) is false
[13:55:41.656] [bmv2] [D] [thread 40049] [48.0] [cxt 0] Pipeline 'egress': end
[13:55:41.656] [bmv2] [D] [thread 40049] [48.0] [cxt 0] Deparser 'deparser': start
[13:55:41.656] [bmv2] [T] [thread 40049] [48.0] [cxt 0] Skipping checksum 'cksum' update because condition not met
[13:55:41.656] [bmv2] [D] [thread 40049] [48.0] [cxt 0] Deparsing header 'ethernet'
[13:55:41.656] [bmv2] [D] [thread 40049] [48.0] [cxt 0] Deparser 'deparser': end
[13:55:41.656] [bmv2] [D] [thread 40053] [48.0] [cxt 0] Transmitting packet of size 70 out of port 0
open: No such file or directory
open: No such file or directory
open: No such file or directory
open: No such file or directory
open: No such file or directory
