Calling target program-options parser
[13:53:24.301] [bmv2] [D] [thread 40055] Set default default entry for table 'MyIngress.tcp_lb': MyIngress.drop - 
[13:53:24.301] [bmv2] [D] [thread 40055] Set default default entry for table 'MyIngress.tcp_lb_nhop': MyIngress.drop - 
[13:53:24.301] [bmv2] [D] [thread 40055] Set default default entry for table 'MyIngress.ipv4_lpm': MyIngress.drop - 
[13:53:24.301] [bmv2] [D] [thread 40055] Set default default entry for table 'tbl_link_monitor341': link_monitor341 - 
[13:53:24.302] [bmv2] [D] [thread 40055] Set default default entry for table 'tbl_link_monitor379': link_monitor379 - 
[13:53:24.302] [bmv2] [D] [thread 40055] Set default default entry for table 'tbl_link_monitor382': link_monitor382 - 
[13:53:24.302] [bmv2] [D] [thread 40055] Set default default entry for table 'tbl_link_monitor382_0': link_monitor382_0 - 
[13:53:24.302] [bmv2] [D] [thread 40055] Set default default entry for table 'tbl_link_monitor383': link_monitor383 - 
[13:53:24.302] [bmv2] [D] [thread 40055] Set default default entry for table 'tbl_link_monitor387': link_monitor387 - 
[13:53:24.302] [bmv2] [D] [thread 40055] Set default default entry for table 'tbl_link_monitor390': link_monitor390 - 
[13:53:24.302] [bmv2] [D] [thread 40055] Set default default entry for table 'tbl_link_monitor393': link_monitor393 - 
[13:53:24.302] [bmv2] [D] [thread 40055] Set default default entry for table 'MyEgress.swid': NoAction - 
[13:53:24.302] [bmv2] [D] [thread 40055] Set default default entry for table 'tbl_link_monitor398': link_monitor398 - 
Adding interface s3-eth1 as port 1
[13:53:24.302] [bmv2] [D] [thread 40055] Adding interface s3-eth1 as port 1
Adding interface s3-eth2 as port 2
[13:53:24.356] [bmv2] [D] [thread 40055] Adding interface s3-eth2 as port 2
Server listening on 0.0.0.0:50053
[13:53:24.390] [bmv2] [I] [thread 40055] Starting Thrift server on port 9092
[13:53:24.390] [bmv2] [I] [thread 40055] Thrift server was started
[13:53:24.791] [bmv2] [D] [thread 40065] [0.0] [cxt 0] Processing packet received on port 2
[13:53:24.791] [bmv2] [D] [thread 40065] [0.0] [cxt 0] Parser 'parser': start
[13:53:24.791] [bmv2] [D] [thread 40065] [0.0] [cxt 0] Parser 'parser' entering state 'start'
[13:53:24.791] [bmv2] [D] [thread 40065] [0.0] [cxt 0] Extracting header 'ethernet'
[13:53:24.791] [bmv2] [D] [thread 40065] [0.0] [cxt 0] Parser state 'start': key is 86dd
[13:53:24.791] [bmv2] [T] [thread 40065] [0.0] [cxt 0] Bytes parsed: 14
[13:53:24.791] [bmv2] [D] [thread 40065] [0.0] [cxt 0] Parser 'parser': end
[13:53:24.791] [bmv2] [D] [thread 40065] [0.0] [cxt 0] Pipeline 'ingress': start
[13:53:24.791] [bmv2] [T] [thread 40065] [0.0] [cxt 0] link_monitor.p4(333) Condition "hdr.tcp.isValid()" (node_2) is false
[13:53:24.791] [bmv2] [T] [thread 40065] [0.0] [cxt 0] link_monitor.p4(337) Condition "hdr.ipv4.isValid()" (node_5) is false
[13:53:24.791] [bmv2] [T] [thread 40065] [0.0] [cxt 0] link_monitor.p4(340) Condition "hdr.probe.isValid()" (node_7) is false
[13:53:24.791] [bmv2] [D] [thread 40065] [0.0] [cxt 0] Pipeline 'ingress': end
[13:53:24.791] [bmv2] [D] [thread 40065] [0.0] [cxt 0] Egress port is 0
[13:53:24.791] [bmv2] [D] [thread 40065] [1.0] [cxt 0] Processing packet received on port 2
[13:53:24.791] [bmv2] [D] [thread 40065] [1.0] [cxt 0] Parser 'parser': start
[13:53:24.791] [bmv2] [D] [thread 40065] [1.0] [cxt 0] Parser 'parser' entering state 'start'
[13:53:24.791] [bmv2] [D] [thread 40065] [1.0] [cxt 0] Extracting header 'ethernet'
[13:53:24.791] [bmv2] [D] [thread 40065] [1.0] [cxt 0] Parser state 'start': key is 86dd
[13:53:24.791] [bmv2] [T] [thread 40065] [1.0] [cxt 0] Bytes parsed: 14
[13:53:24.791] [bmv2] [D] [thread 40065] [1.0] [cxt 0] Parser 'parser': end
[13:53:24.791] [bmv2] [D] [thread 40065] [1.0] [cxt 0] Pipeline 'ingress': start
[13:53:24.791] [bmv2] [T] [thread 40065] [1.0] [cxt 0] link_monitor.p4(333) Condition "hdr.tcp.isValid()" (node_2) is false
[13:53:24.791] [bmv2] [T] [thread 40065] [1.0] [cxt 0] link_monitor.p4(337) Condition "hdr.ipv4.isValid()" (node_5) is false
[13:53:24.791] [bmv2] [T] [thread 40065] [1.0] [cxt 0] link_monitor.p4(340) Condition "hdr.probe.isValid()" (node_7) is false
[13:53:24.791] [bmv2] [D] [thread 40065] [1.0] [cxt 0] Pipeline 'ingress': end
[13:53:24.791] [bmv2] [D] [thread 40065] [1.0] [cxt 0] Egress port is 0
[13:53:24.791] [bmv2] [D] [thread 40066] [0.0] [cxt 0] Pipeline 'egress': start
[13:53:24.791] [bmv2] [T] [thread 40066] [0.0] [cxt 0] Applying table 'tbl_link_monitor379'
[13:53:24.791] [bmv2] [D] [thread 40066] [0.0] [cxt 0] Looking up key:

[13:53:24.791] [bmv2] [D] [thread 40066] [0.0] [cxt 0] Table 'tbl_link_monitor379': miss
[13:53:24.791] [bmv2] [D] [thread 40066] [0.0] [cxt 0] Action entry is link_monitor379 - 
[13:53:24.791] [bmv2] [T] [thread 40066] [0.0] [cxt 0] Action link_monitor379
[13:53:24.791] [bmv2] [T] [thread 40066] [0.0] [cxt 0] link_monitor.p4(379) Primitive (bit<32>)standard_metadata.egress_port
[13:53:24.791] [bmv2] [T] [thread 40066] [0.0] [cxt 0] link_monitor.p4(379) Primitive byte_cnt_reg.read(byte_cnt, (bit<32>)standard_metadata.egress_port)
[13:53:24.791] [bmv2] [T] [thread 40066] [0.0] [cxt 0] Read register 'MyEgress.byte_cnt_reg' at index 0 read value 0
[13:53:24.791] [bmv2] [T] [thread 40066] [0.0] [cxt 0] link_monitor.p4(380) Primitive byte_cnt = byte_cnt + standard_metadata.packet_length
[13:53:24.791] [bmv2] [T] [thread 40066] [0.0] [cxt 0] link_monitor.p4(382) Condition "hdr.probe.isValid()" (node_12) is false
[13:53:24.791] [bmv2] [T] [thread 40066] [0.0] [cxt 0] Applying table 'tbl_link_monitor382_0'
[13:53:24.791] [bmv2] [D] [thread 40066] [0.0] [cxt 0] Looking up key:

[13:53:24.791] [bmv2] [D] [thread 40066] [0.0] [cxt 0] Table 'tbl_link_monitor382_0': miss
[13:53:24.791] [bmv2] [D] [thread 40066] [0.0] [cxt 0] Action entry is link_monitor382_0 - 
[13:53:24.791] [bmv2] [T] [thread 40066] [0.0] [cxt 0] Action link_monitor382_0
[13:53:24.791] [bmv2] [T] [thread 40066] [0.0] [cxt 0] link_monitor.p4(382) Primitive (hdr.probe.isValid()) ? 0 : byte_cnt
[13:53:24.791] [bmv2] [T] [thread 40066] [0.0] [cxt 0] Applying table 'tbl_link_monitor383'
[13:53:24.791] [bmv2] [D] [thread 40066] [0.0] [cxt 0] Looking up key:

[13:53:24.791] [bmv2] [D] [thread 40066] [0.0] [cxt 0] Table 'tbl_link_monitor383': miss
[13:53:24.791] [bmv2] [D] [thread 40066] [0.0] [cxt 0] Action entry is link_monitor383 - 
[13:53:24.791] [bmv2] [T] [thread 40066] [0.0] [cxt 0] Action link_monitor383
[13:53:24.791] [bmv2] [T] [thread 40066] [0.0] [cxt 0] link_monitor.p4(383) Primitive (bit<32>)standard_metadata.egress_port
[13:53:24.791] [bmv2] [T] [thread 40066] [0.0] [cxt 0] link_monitor.p4(383) Primitive byte_cnt_reg.write((bit<32>)standard_metadata.egress_port, new_byte_cnt)
[13:53:24.791] [bmv2] [T] [thread 40066] [0.0] [cxt 0] Wrote register 'MyEgress.byte_cnt_reg' at index 0 with value 90
[13:53:24.791] [bmv2] [T] [thread 40066] [0.0] [cxt 0] link_monitor.p4(385) Condition "hdr.probe.isValid()" (node_16) is false
[13:53:24.791] [bmv2] [D] [thread 40066] [0.0] [cxt 0] Pipeline 'egress': end
[13:53:24.791] [bmv2] [D] [thread 40066] [0.0] [cxt 0] Deparser 'deparser': start
[13:53:24.791] [bmv2] [T] [thread 40066] [0.0] [cxt 0] Skipping checksum 'cksum' update because condition not met
[13:53:24.791] [bmv2] [D] [thread 40066] [0.0] [cxt 0] Deparsing header 'ethernet'
[13:53:24.791] [bmv2] [D] [thread 40066] [0.0] [cxt 0] Deparser 'deparser': end
[13:53:24.791] [bmv2] [D] [thread 40066] [1.0] [cxt 0] Pipeline 'egress': start
[13:53:24.791] [bmv2] [T] [thread 40066] [1.0] [cxt 0] Applying table 'tbl_link_monitor379'
[13:53:24.791] [bmv2] [D] [thread 40066] [1.0] [cxt 0] Looking up key:

[13:53:24.791] [bmv2] [D] [thread 40066] [1.0] [cxt 0] Table 'tbl_link_monitor379': miss
[13:53:24.791] [bmv2] [D] [thread 40066] [1.0] [cxt 0] Action entry is link_monitor379 - 
[13:53:24.791] [bmv2] [T] [thread 40066] [1.0] [cxt 0] Action link_monitor379
[13:53:24.791] [bmv2] [T] [thread 40066] [1.0] [cxt 0] link_monitor.p4(379) Primitive (bit<32>)standard_metadata.egress_port
[13:53:24.791] [bmv2] [T] [thread 40066] [1.0] [cxt 0] link_monitor.p4(379) Primitive byte_cnt_reg.read(byte_cnt, (bit<32>)standard_metadata.egress_port)
[13:53:24.791] [bmv2] [T] [thread 40066] [1.0] [cxt 0] Read register 'MyEgress.byte_cnt_reg' at index 0 read value 90
[13:53:24.791] [bmv2] [T] [thread 40066] [1.0] [cxt 0] link_monitor.p4(380) Primitive byte_cnt = byte_cnt + standard_metadata.packet_length
[13:53:24.791] [bmv2] [T] [thread 40066] [1.0] [cxt 0] link_monitor.p4(382) Condition "hdr.probe.isValid()" (node_12) is false
[13:53:24.791] [bmv2] [T] [thread 40066] [1.0] [cxt 0] Applying table 'tbl_link_monitor382_0'
[13:53:24.791] [bmv2] [D] [thread 40066] [1.0] [cxt 0] Looking up key:

[13:53:24.791] [bmv2] [D] [thread 40066] [1.0] [cxt 0] Table 'tbl_link_monitor382_0': miss
[13:53:24.791] [bmv2] [D] [thread 40066] [1.0] [cxt 0] Action entry is link_monitor382_0 - 
[13:53:24.791] [bmv2] [T] [thread 40066] [1.0] [cxt 0] Action link_monitor382_0
[13:53:24.791] [bmv2] [T] [thread 40066] [1.0] [cxt 0] link_monitor.p4(382) Primitive (hdr.probe.isValid()) ? 0 : byte_cnt
[13:53:24.791] [bmv2] [T] [thread 40066] [1.0] [cxt 0] Applying table 'tbl_link_monitor383'
[13:53:24.791] [bmv2] [D] [thread 40066] [1.0] [cxt 0] Looking up key:

[13:53:24.791] [bmv2] [D] [thread 40066] [1.0] [cxt 0] Table 'tbl_link_monitor383': miss
[13:53:24.791] [bmv2] [D] [thread 40066] [1.0] [cxt 0] Action entry is link_monitor383 - 
[13:53:24.791] [bmv2] [T] [thread 40066] [1.0] [cxt 0] Action link_monitor383
[13:53:24.791] [bmv2] [T] [thread 40066] [1.0] [cxt 0] link_monitor.p4(383) Primitive (bit<32>)standard_metadata.egress_port
[13:53:24.791] [bmv2] [T] [thread 40066] [1.0] [cxt 0] link_monitor.p4(383) Primitive byte_cnt_reg.write((bit<32>)standard_metadata.egress_port, new_byte_cnt)
[13:53:24.791] [bmv2] [T] [thread 40066] [1.0] [cxt 0] Wrote register 'MyEgress.byte_cnt_reg' at index 0 with value 160
[13:53:24.791] [bmv2] [T] [thread 40066] [1.0] [cxt 0] link_monitor.p4(385) Condition "hdr.probe.isValid()" (node_16) is false
[13:53:24.791] [bmv2] [D] [thread 40066] [1.0] [cxt 0] Pipeline 'egress': end
[13:53:24.791] [bmv2] [D] [thread 40066] [1.0] [cxt 0] Deparser 'deparser': start
[13:53:24.791] [bmv2] [T] [thread 40066] [1.0] [cxt 0] Skipping checksum 'cksum' update because condition not met
[13:53:24.791] [bmv2] [D] [thread 40066] [1.0] [cxt 0] Deparsing header 'ethernet'
[13:53:24.791] [bmv2] [D] [thread 40066] [1.0] [cxt 0] Deparser 'deparser': end
[13:53:24.791] [bmv2] [D] [thread 40070] [0.0] [cxt 0] Transmitting packet of size 90 out of port 0
[13:53:24.791] [bmv2] [D] [thread 40070] [1.0] [cxt 0] Transmitting packet of size 70 out of port 0
[13:53:24.883] [bmv2] [D] [thread 40065] [2.0] [cxt 0] Processing packet received on port 1
[13:53:24.883] [bmv2] [D] [thread 40065] [2.0] [cxt 0] Parser 'parser': start
[13:53:24.883] [bmv2] [D] [thread 40065] [2.0] [cxt 0] Parser 'parser' entering state 'start'
[13:53:24.883] [bmv2] [D] [thread 40065] [2.0] [cxt 0] Extracting header 'ethernet'
[13:53:24.883] [bmv2] [D] [thread 40065] [2.0] [cxt 0] Parser state 'start': key is 86dd
[13:53:24.883] [bmv2] [T] [thread 40065] [2.0] [cxt 0] Bytes parsed: 14
[13:53:24.883] [bmv2] [D] [thread 40065] [2.0] [cxt 0] Parser 'parser': end
[13:53:24.883] [bmv2] [D] [thread 40065] [2.0] [cxt 0] Pipeline 'ingress': start
[13:53:24.883] [bmv2] [T] [thread 40065] [2.0] [cxt 0] link_monitor.p4(333) Condition "hdr.tcp.isValid()" (node_2) is false
[13:53:24.883] [bmv2] [T] [thread 40065] [2.0] [cxt 0] link_monitor.p4(337) Condition "hdr.ipv4.isValid()" (node_5) is false
[13:53:24.883] [bmv2] [T] [thread 40065] [2.0] [cxt 0] link_monitor.p4(340) Condition "hdr.probe.isValid()" (node_7) is false
[13:53:24.883] [bmv2] [D] [thread 40065] [2.0] [cxt 0] Pipeline 'ingress': end
[13:53:24.883] [bmv2] [D] [thread 40065] [2.0] [cxt 0] Egress port is 0
[13:53:24.883] [bmv2] [D] [thread 40065] [3.0] [cxt 0] Processing packet received on port 1
[13:53:24.883] [bmv2] [D] [thread 40065] [3.0] [cxt 0] Parser 'parser': start
[13:53:24.883] [bmv2] [D] [thread 40065] [3.0] [cxt 0] Parser 'parser' entering state 'start'
[13:53:24.883] [bmv2] [D] [thread 40065] [3.0] [cxt 0] Extracting header 'ethernet'
[13:53:24.883] [bmv2] [D] [thread 40065] [3.0] [cxt 0] Parser state 'start': key is 86dd
[13:53:24.883] [bmv2] [T] [thread 40065] [3.0] [cxt 0] Bytes parsed: 14
[13:53:24.883] [bmv2] [D] [thread 40065] [3.0] [cxt 0] Parser 'parser': end
[13:53:24.883] [bmv2] [D] [thread 40065] [3.0] [cxt 0] Pipeline 'ingress': start
[13:53:24.883] [bmv2] [T] [thread 40065] [3.0] [cxt 0] link_monitor.p4(333) Condition "hdr.tcp.isValid()" (node_2) is false
[13:53:24.883] [bmv2] [T] [thread 40065] [3.0] [cxt 0] link_monitor.p4(337) Condition "hdr.ipv4.isValid()" (node_5) is false
[13:53:24.883] [bmv2] [T] [thread 40065] [3.0] [cxt 0] link_monitor.p4(340) Condition "hdr.probe.isValid()" (node_7) is false
[13:53:24.883] [bmv2] [D] [thread 40065] [3.0] [cxt 0] Pipeline 'ingress': end
[13:53:24.883] [bmv2] [D] [thread 40065] [3.0] [cxt 0] Egress port is 0
[13:53:24.883] [bmv2] [D] [thread 40066] [2.0] [cxt 0] Pipeline 'egress': start
[13:53:24.883] [bmv2] [T] [thread 40066] [2.0] [cxt 0] Applying table 'tbl_link_monitor379'
[13:53:24.883] [bmv2] [D] [thread 40066] [2.0] [cxt 0] Looking up key:

[13:53:24.883] [bmv2] [D] [thread 40066] [2.0] [cxt 0] Table 'tbl_link_monitor379': miss
[13:53:24.883] [bmv2] [D] [thread 40066] [2.0] [cxt 0] Action entry is link_monitor379 - 
[13:53:24.883] [bmv2] [T] [thread 40066] [2.0] [cxt 0] Action link_monitor379
[13:53:24.883] [bmv2] [T] [thread 40066] [2.0] [cxt 0] link_monitor.p4(379) Primitive (bit<32>)standard_metadata.egress_port
[13:53:24.883] [bmv2] [T] [thread 40066] [2.0] [cxt 0] link_monitor.p4(379) Primitive byte_cnt_reg.read(byte_cnt, (bit<32>)standard_metadata.egress_port)
[13:53:24.883] [bmv2] [T] [thread 40066] [2.0] [cxt 0] Read register 'MyEgress.byte_cnt_reg' at index 0 read value 160
[13:53:24.883] [bmv2] [T] [thread 40066] [2.0] [cxt 0] link_monitor.p4(380) Primitive byte_cnt = byte_cnt + standard_metadata.packet_length
[13:53:24.883] [bmv2] [T] [thread 40066] [2.0] [cxt 0] link_monitor.p4(382) Condition "hdr.probe.isValid()" (node_12) is false
[13:53:24.883] [bmv2] [T] [thread 40066] [2.0] [cxt 0] Applying table 'tbl_link_monitor382_0'
[13:53:24.883] [bmv2] [D] [thread 40066] [2.0] [cxt 0] Looking up key:

[13:53:24.883] [bmv2] [D] [thread 40066] [2.0] [cxt 0] Table 'tbl_link_monitor382_0': miss
[13:53:24.883] [bmv2] [D] [thread 40066] [2.0] [cxt 0] Action entry is link_monitor382_0 - 
[13:53:24.883] [bmv2] [T] [thread 40066] [2.0] [cxt 0] Action link_monitor382_0
[13:53:24.883] [bmv2] [T] [thread 40066] [2.0] [cxt 0] link_monitor.p4(382) Primitive (hdr.probe.isValid()) ? 0 : byte_cnt
[13:53:24.883] [bmv2] [T] [thread 40066] [2.0] [cxt 0] Applying table 'tbl_link_monitor383'
[13:53:24.883] [bmv2] [D] [thread 40066] [2.0] [cxt 0] Looking up key:

[13:53:24.883] [bmv2] [D] [thread 40066] [2.0] [cxt 0] Table 'tbl_link_monitor383': miss
[13:53:24.883] [bmv2] [D] [thread 40066] [2.0] [cxt 0] Action entry is link_monitor383 - 
[13:53:24.883] [bmv2] [T] [thread 40066] [2.0] [cxt 0] Action link_monitor383
[13:53:24.883] [bmv2] [T] [thread 40066] [2.0] [cxt 0] link_monitor.p4(383) Primitive (bit<32>)standard_metadata.egress_port
[13:53:24.883] [bmv2] [T] [thread 40066] [2.0] [cxt 0] link_monitor.p4(383) Primitive byte_cnt_reg.write((bit<32>)standard_metadata.egress_port, new_byte_cnt)
[13:53:24.883] [bmv2] [T] [thread 40066] [2.0] [cxt 0] Wrote register 'MyEgress.byte_cnt_reg' at index 0 with value 250
[13:53:24.883] [bmv2] [T] [thread 40066] [2.0] [cxt 0] link_monitor.p4(385) Condition "hdr.probe.isValid()" (node_16) is false
[13:53:24.883] [bmv2] [D] [thread 40066] [2.0] [cxt 0] Pipeline 'egress': end
[13:53:24.883] [bmv2] [D] [thread 40066] [2.0] [cxt 0] Deparser 'deparser': start
[13:53:24.883] [bmv2] [T] [thread 40066] [2.0] [cxt 0] Skipping checksum 'cksum' update because condition not met
[13:53:24.883] [bmv2] [D] [thread 40066] [2.0] [cxt 0] Deparsing header 'ethernet'
[13:53:24.883] [bmv2] [D] [thread 40066] [2.0] [cxt 0] Deparser 'deparser': end
[13:53:24.883] [bmv2] [D] [thread 40066] [3.0] [cxt 0] Pipeline 'egress': start
[13:53:24.883] [bmv2] [T] [thread 40066] [3.0] [cxt 0] Applying table 'tbl_link_monitor379'
[13:53:24.883] [bmv2] [D] [thread 40066] [3.0] [cxt 0] Looking up key:

[13:53:24.883] [bmv2] [D] [thread 40066] [3.0] [cxt 0] Table 'tbl_link_monitor379': miss
[13:53:24.883] [bmv2] [D] [thread 40066] [3.0] [cxt 0] Action entry is link_monitor379 - 
[13:53:24.883] [bmv2] [T] [thread 40066] [3.0] [cxt 0] Action link_monitor379
[13:53:24.883] [bmv2] [T] [thread 40066] [3.0] [cxt 0] link_monitor.p4(379) Primitive (bit<32>)standard_metadata.egress_port
[13:53:24.883] [bmv2] [T] [thread 40066] [3.0] [cxt 0] link_monitor.p4(379) Primitive byte_cnt_reg.read(byte_cnt, (bit<32>)standard_metadata.egress_port)
[13:53:24.883] [bmv2] [T] [thread 40066] [3.0] [cxt 0] Read register 'MyEgress.byte_cnt_reg' at index 0 read value 250
[13:53:24.883] [bmv2] [T] [thread 40066] [3.0] [cxt 0] link_monitor.p4(380) Primitive byte_cnt = byte_cnt + standard_metadata.packet_length
[13:53:24.883] [bmv2] [T] [thread 40066] [3.0] [cxt 0] link_monitor.p4(382) Condition "hdr.probe.isValid()" (node_12) is false
[13:53:24.883] [bmv2] [T] [thread 40066] [3.0] [cxt 0] Applying table 'tbl_link_monitor382_0'
[13:53:24.883] [bmv2] [D] [thread 40066] [3.0] [cxt 0] Looking up key:

[13:53:24.883] [bmv2] [D] [thread 40066] [3.0] [cxt 0] Table 'tbl_link_monitor382_0': miss
[13:53:24.883] [bmv2] [D] [thread 40066] [3.0] [cxt 0] Action entry is link_monitor382_0 - 
[13:53:24.883] [bmv2] [T] [thread 40066] [3.0] [cxt 0] Action link_monitor382_0
[13:53:24.883] [bmv2] [T] [thread 40066] [3.0] [cxt 0] link_monitor.p4(382) Primitive (hdr.probe.isValid()) ? 0 : byte_cnt
[13:53:24.883] [bmv2] [T] [thread 40066] [3.0] [cxt 0] Applying table 'tbl_link_monitor383'
[13:53:24.883] [bmv2] [D] [thread 40066] [3.0] [cxt 0] Looking up key:

[13:53:24.883] [bmv2] [D] [thread 40066] [3.0] [cxt 0] Table 'tbl_link_monitor383': miss
[13:53:24.883] [bmv2] [D] [thread 40066] [3.0] [cxt 0] Action entry is link_monitor383 - 
[13:53:24.883] [bmv2] [T] [thread 40066] [3.0] [cxt 0] Action link_monitor383
[13:53:24.883] [bmv2] [T] [thread 40066] [3.0] [cxt 0] link_monitor.p4(383) Primitive (bit<32>)standard_metadata.egress_port
[13:53:24.883] [bmv2] [T] [thread 40066] [3.0] [cxt 0] link_monitor.p4(383) Primitive byte_cnt_reg.write((bit<32>)standard_metadata.egress_port, new_byte_cnt)
[13:53:24.883] [bmv2] [T] [thread 40066] [3.0] [cxt 0] Wrote register 'MyEgress.byte_cnt_reg' at index 0 with value 320
[13:53:24.883] [bmv2] [T] [thread 40066] [3.0] [cxt 0] link_monitor.p4(385) Condition "hdr.probe.isValid()" (node_16) is false
[13:53:24.883] [bmv2] [D] [thread 40066] [3.0] [cxt 0] Pipeline 'egress': end
[13:53:24.883] [bmv2] [D] [thread 40066] [3.0] [cxt 0] Deparser 'deparser': start
[13:53:24.883] [bmv2] [T] [thread 40066] [3.0] [cxt 0] Skipping checksum 'cksum' update because condition not met
[13:53:24.883] [bmv2] [D] [thread 40066] [3.0] [cxt 0] Deparsing header 'ethernet'
[13:53:24.883] [bmv2] [D] [thread 40066] [3.0] [cxt 0] Deparser 'deparser': end
[13:53:24.883] [bmv2] [D] [thread 40070] [2.0] [cxt 0] Transmitting packet of size 90 out of port 0
[13:53:24.883] [bmv2] [D] [thread 40070] [3.0] [cxt 0] Transmitting packet of size 70 out of port 0
[13:53:24.958] [bmv2] [D] [thread 40065] [4.0] [cxt 0] Processing packet received on port 1
[13:53:24.958] [bmv2] [D] [thread 40065] [4.0] [cxt 0] Parser 'parser': start
[13:53:24.958] [bmv2] [D] [thread 40065] [4.0] [cxt 0] Parser 'parser' entering state 'start'
[13:53:24.958] [bmv2] [D] [thread 40065] [4.0] [cxt 0] Extracting header 'ethernet'
[13:53:24.958] [bmv2] [D] [thread 40065] [4.0] [cxt 0] Parser state 'start': key is 86dd
[13:53:24.959] [bmv2] [T] [thread 40065] [4.0] [cxt 0] Bytes parsed: 14
[13:53:24.959] [bmv2] [D] [thread 40065] [4.0] [cxt 0] Parser 'parser': end
[13:53:24.959] [bmv2] [D] [thread 40065] [4.0] [cxt 0] Pipeline 'ingress': start
[13:53:24.959] [bmv2] [T] [thread 40065] [4.0] [cxt 0] link_monitor.p4(333) Condition "hdr.tcp.isValid()" (node_2) is false
[13:53:24.959] [bmv2] [T] [thread 40065] [4.0] [cxt 0] link_monitor.p4(337) Condition "hdr.ipv4.isValid()" (node_5) is false
[13:53:24.959] [bmv2] [T] [thread 40065] [4.0] [cxt 0] link_monitor.p4(340) Condition "hdr.probe.isValid()" (node_7) is false
[13:53:24.959] [bmv2] [D] [thread 40065] [4.0] [cxt 0] Pipeline 'ingress': end
[13:53:24.959] [bmv2] [D] [thread 40065] [4.0] [cxt 0] Egress port is 0
[13:53:24.959] [bmv2] [D] [thread 40065] [5.0] [cxt 0] Processing packet received on port 1
[13:53:24.959] [bmv2] [D] [thread 40065] [5.0] [cxt 0] Parser 'parser': start
[13:53:24.959] [bmv2] [D] [thread 40065] [5.0] [cxt 0] Parser 'parser' entering state 'start'
[13:53:24.959] [bmv2] [D] [thread 40065] [5.0] [cxt 0] Extracting header 'ethernet'
[13:53:24.959] [bmv2] [D] [thread 40065] [5.0] [cxt 0] Parser state 'start': key is 86dd
[13:53:24.959] [bmv2] [T] [thread 40065] [5.0] [cxt 0] Bytes parsed: 14
[13:53:24.959] [bmv2] [D] [thread 40065] [5.0] [cxt 0] Parser 'parser': end
[13:53:24.959] [bmv2] [D] [thread 40065] [5.0] [cxt 0] Pipeline 'ingress': start
[13:53:24.959] [bmv2] [T] [thread 40065] [5.0] [cxt 0] link_monitor.p4(333) Condition "hdr.tcp.isValid()" (node_2) is false
[13:53:24.959] [bmv2] [T] [thread 40065] [5.0] [cxt 0] link_monitor.p4(337) Condition "hdr.ipv4.isValid()" (node_5) is false
[13:53:24.959] [bmv2] [T] [thread 40065] [5.0] [cxt 0] link_monitor.p4(340) Condition "hdr.probe.isValid()" (node_7) is false
[13:53:24.959] [bmv2] [D] [thread 40065] [5.0] [cxt 0] Pipeline 'ingress': end
[13:53:24.959] [bmv2] [D] [thread 40065] [5.0] [cxt 0] Egress port is 0
[13:53:24.959] [bmv2] [D] [thread 40066] [4.0] [cxt 0] Pipeline 'egress': start
[13:53:24.959] [bmv2] [T] [thread 40066] [4.0] [cxt 0] Applying table 'tbl_link_monitor379'
[13:53:24.959] [bmv2] [D] [thread 40066] [4.0] [cxt 0] Looking up key:

[13:53:24.959] [bmv2] [D] [thread 40066] [4.0] [cxt 0] Table 'tbl_link_monitor379': miss
[13:53:24.959] [bmv2] [D] [thread 40066] [4.0] [cxt 0] Action entry is link_monitor379 - 
[13:53:24.959] [bmv2] [T] [thread 40066] [4.0] [cxt 0] Action link_monitor379
[13:53:24.959] [bmv2] [T] [thread 40066] [4.0] [cxt 0] link_monitor.p4(379) Primitive (bit<32>)standard_metadata.egress_port
[13:53:24.959] [bmv2] [T] [thread 40066] [4.0] [cxt 0] link_monitor.p4(379) Primitive byte_cnt_reg.read(byte_cnt, (bit<32>)standard_metadata.egress_port)
[13:53:24.959] [bmv2] [T] [thread 40066] [4.0] [cxt 0] Read register 'MyEgress.byte_cnt_reg' at index 0 read value 320
[13:53:24.959] [bmv2] [T] [thread 40066] [4.0] [cxt 0] link_monitor.p4(380) Primitive byte_cnt = byte_cnt + standard_metadata.packet_length
[13:53:24.959] [bmv2] [T] [thread 40066] [4.0] [cxt 0] link_monitor.p4(382) Condition "hdr.probe.isValid()" (node_12) is false
[13:53:24.959] [bmv2] [T] [thread 40066] [4.0] [cxt 0] Applying table 'tbl_link_monitor382_0'
[13:53:24.959] [bmv2] [D] [thread 40066] [4.0] [cxt 0] Looking up key:

[13:53:24.959] [bmv2] [D] [thread 40066] [4.0] [cxt 0] Table 'tbl_link_monitor382_0': miss
[13:53:24.959] [bmv2] [D] [thread 40066] [4.0] [cxt 0] Action entry is link_monitor382_0 - 
[13:53:24.959] [bmv2] [T] [thread 40066] [4.0] [cxt 0] Action link_monitor382_0
[13:53:24.959] [bmv2] [T] [thread 40066] [4.0] [cxt 0] link_monitor.p4(382) Primitive (hdr.probe.isValid()) ? 0 : byte_cnt
[13:53:24.959] [bmv2] [T] [thread 40066] [4.0] [cxt 0] Applying table 'tbl_link_monitor383'
[13:53:24.959] [bmv2] [D] [thread 40066] [4.0] [cxt 0] Looking up key:

[13:53:24.959] [bmv2] [D] [thread 40066] [4.0] [cxt 0] Table 'tbl_link_monitor383': miss
[13:53:24.959] [bmv2] [D] [thread 40066] [4.0] [cxt 0] Action entry is link_monitor383 - 
[13:53:24.959] [bmv2] [T] [thread 40066] [4.0] [cxt 0] Action link_monitor383
[13:53:24.959] [bmv2] [T] [thread 40066] [4.0] [cxt 0] link_monitor.p4(383) Primitive (bit<32>)standard_metadata.egress_port
[13:53:24.959] [bmv2] [T] [thread 40066] [4.0] [cxt 0] link_monitor.p4(383) Primitive byte_cnt_reg.write((bit<32>)standard_metadata.egress_port, new_byte_cnt)
[13:53:24.959] [bmv2] [T] [thread 40066] [4.0] [cxt 0] Wrote register 'MyEgress.byte_cnt_reg' at index 0 with value 410
[13:53:24.959] [bmv2] [T] [thread 40066] [4.0] [cxt 0] link_monitor.p4(385) Condition "hdr.probe.isValid()" (node_16) is false
[13:53:24.959] [bmv2] [D] [thread 40066] [4.0] [cxt 0] Pipeline 'egress': end
[13:53:24.959] [bmv2] [D] [thread 40066] [4.0] [cxt 0] Deparser 'deparser': start
[13:53:24.959] [bmv2] [T] [thread 40066] [4.0] [cxt 0] Skipping checksum 'cksum' update because condition not met
[13:53:24.959] [bmv2] [D] [thread 40066] [4.0] [cxt 0] Deparsing header 'ethernet'
[13:53:24.959] [bmv2] [D] [thread 40066] [4.0] [cxt 0] Deparser 'deparser': end
[13:53:24.959] [bmv2] [D] [thread 40066] [5.0] [cxt 0] Pipeline 'egress': start
[13:53:24.959] [bmv2] [T] [thread 40066] [5.0] [cxt 0] Applying table 'tbl_link_monitor379'
[13:53:24.959] [bmv2] [D] [thread 40066] [5.0] [cxt 0] Looking up key:

[13:53:24.959] [bmv2] [D] [thread 40066] [5.0] [cxt 0] Table 'tbl_link_monitor379': miss
[13:53:24.959] [bmv2] [D] [thread 40066] [5.0] [cxt 0] Action entry is link_monitor379 - 
[13:53:24.959] [bmv2] [T] [thread 40066] [5.0] [cxt 0] Action link_monitor379
[13:53:24.959] [bmv2] [T] [thread 40066] [5.0] [cxt 0] link_monitor.p4(379) Primitive (bit<32>)standard_metadata.egress_port
[13:53:24.959] [bmv2] [T] [thread 40066] [5.0] [cxt 0] link_monitor.p4(379) Primitive byte_cnt_reg.read(byte_cnt, (bit<32>)standard_metadata.egress_port)
[13:53:24.959] [bmv2] [T] [thread 40066] [5.0] [cxt 0] Read register 'MyEgress.byte_cnt_reg' at index 0 read value 410
[13:53:24.959] [bmv2] [T] [thread 40066] [5.0] [cxt 0] link_monitor.p4(380) Primitive byte_cnt = byte_cnt + standard_metadata.packet_length
[13:53:24.959] [bmv2] [T] [thread 40066] [5.0] [cxt 0] link_monitor.p4(382) Condition "hdr.probe.isValid()" (node_12) is false
[13:53:24.959] [bmv2] [T] [thread 40066] [5.0] [cxt 0] Applying table 'tbl_link_monitor382_0'
[13:53:24.959] [bmv2] [D] [thread 40066] [5.0] [cxt 0] Looking up key:

[13:53:24.959] [bmv2] [D] [thread 40066] [5.0] [cxt 0] Table 'tbl_link_monitor382_0': miss
[13:53:24.959] [bmv2] [D] [thread 40066] [5.0] [cxt 0] Action entry is link_monitor382_0 - 
[13:53:24.959] [bmv2] [T] [thread 40066] [5.0] [cxt 0] Action link_monitor382_0
[13:53:24.959] [bmv2] [T] [thread 40066] [5.0] [cxt 0] link_monitor.p4(382) Primitive (hdr.probe.isValid()) ? 0 : byte_cnt
[13:53:24.959] [bmv2] [T] [thread 40066] [5.0] [cxt 0] Applying table 'tbl_link_monitor383'
[13:53:24.959] [bmv2] [D] [thread 40066] [5.0] [cxt 0] Looking up key:

[13:53:24.959] [bmv2] [D] [thread 40066] [5.0] [cxt 0] Table 'tbl_link_monitor383': miss
[13:53:24.959] [bmv2] [D] [thread 40066] [5.0] [cxt 0] Action entry is link_monitor383 - 
[13:53:24.959] [bmv2] [T] [thread 40066] [5.0] [cxt 0] Action link_monitor383
[13:53:24.959] [bmv2] [T] [thread 40066] [5.0] [cxt 0] link_monitor.p4(383) Primitive (bit<32>)standard_metadata.egress_port
[13:53:24.959] [bmv2] [T] [thread 40066] [5.0] [cxt 0] link_monitor.p4(383) Primitive byte_cnt_reg.write((bit<32>)standard_metadata.egress_port, new_byte_cnt)
[13:53:24.959] [bmv2] [T] [thread 40066] [5.0] [cxt 0] Wrote register 'MyEgress.byte_cnt_reg' at index 0 with value 480
[13:53:24.959] [bmv2] [T] [thread 40066] [5.0] [cxt 0] link_monitor.p4(385) Condition "hdr.probe.isValid()" (node_16) is false
[13:53:24.959] [bmv2] [D] [thread 40066] [5.0] [cxt 0] Pipeline 'egress': end
[13:53:24.959] [bmv2] [D] [thread 40066] [5.0] [cxt 0] Deparser 'deparser': start
[13:53:24.959] [bmv2] [T] [thread 40066] [5.0] [cxt 0] Skipping checksum 'cksum' update because condition not met
[13:53:24.959] [bmv2] [D] [thread 40066] [5.0] [cxt 0] Deparsing header 'ethernet'
[13:53:24.959] [bmv2] [D] [thread 40066] [5.0] [cxt 0] Deparser 'deparser': end
[13:53:24.959] [bmv2] [D] [thread 40070] [4.0] [cxt 0] Transmitting packet of size 90 out of port 0
[13:53:24.959] [bmv2] [D] [thread 40070] [5.0] [cxt 0] Transmitting packet of size 70 out of port 0
[13:53:24.998] [bmv2] [D] [thread 40065] [6.0] [cxt 0] Processing packet received on port 2
[13:53:24.998] [bmv2] [D] [thread 40065] [6.0] [cxt 0] Parser 'parser': start
[13:53:24.998] [bmv2] [D] [thread 40065] [6.0] [cxt 0] Parser 'parser' entering state 'start'
[13:53:24.998] [bmv2] [D] [thread 40065] [6.0] [cxt 0] Extracting header 'ethernet'
[13:53:24.998] [bmv2] [D] [thread 40065] [6.0] [cxt 0] Parser state 'start': key is 86dd
[13:53:24.998] [bmv2] [T] [thread 40065] [6.0] [cxt 0] Bytes parsed: 14
[13:53:24.998] [bmv2] [D] [thread 40065] [6.0] [cxt 0] Parser 'parser': end
[13:53:24.998] [bmv2] [D] [thread 40065] [6.0] [cxt 0] Pipeline 'ingress': start
[13:53:24.998] [bmv2] [T] [thread 40065] [6.0] [cxt 0] link_monitor.p4(333) Condition "hdr.tcp.isValid()" (node_2) is false
[13:53:24.998] [bmv2] [T] [thread 40065] [6.0] [cxt 0] link_monitor.p4(337) Condition "hdr.ipv4.isValid()" (node_5) is false
[13:53:24.998] [bmv2] [T] [thread 40065] [6.0] [cxt 0] link_monitor.p4(340) Condition "hdr.probe.isValid()" (node_7) is false
[13:53:24.998] [bmv2] [D] [thread 40065] [6.0] [cxt 0] Pipeline 'ingress': end
[13:53:24.998] [bmv2] [D] [thread 40065] [6.0] [cxt 0] Egress port is 0
[13:53:24.998] [bmv2] [D] [thread 40066] [6.0] [cxt 0] Pipeline 'egress': start
[13:53:24.998] [bmv2] [T] [thread 40066] [6.0] [cxt 0] Applying table 'tbl_link_monitor379'
[13:53:24.998] [bmv2] [D] [thread 40066] [6.0] [cxt 0] Looking up key:

[13:53:24.998] [bmv2] [D] [thread 40066] [6.0] [cxt 0] Table 'tbl_link_monitor379': miss
[13:53:24.998] [bmv2] [D] [thread 40066] [6.0] [cxt 0] Action entry is link_monitor379 - 
[13:53:24.998] [bmv2] [T] [thread 40066] [6.0] [cxt 0] Action link_monitor379
[13:53:24.998] [bmv2] [T] [thread 40066] [6.0] [cxt 0] link_monitor.p4(379) Primitive (bit<32>)standard_metadata.egress_port
[13:53:24.998] [bmv2] [T] [thread 40066] [6.0] [cxt 0] link_monitor.p4(379) Primitive byte_cnt_reg.read(byte_cnt, (bit<32>)standard_metadata.egress_port)
[13:53:24.998] [bmv2] [T] [thread 40066] [6.0] [cxt 0] Read register 'MyEgress.byte_cnt_reg' at index 0 read value 480
[13:53:24.998] [bmv2] [T] [thread 40066] [6.0] [cxt 0] link_monitor.p4(380) Primitive byte_cnt = byte_cnt + standard_metadata.packet_length
[13:53:24.998] [bmv2] [T] [thread 40066] [6.0] [cxt 0] link_monitor.p4(382) Condition "hdr.probe.isValid()" (node_12) is false
[13:53:24.998] [bmv2] [T] [thread 40066] [6.0] [cxt 0] Applying table 'tbl_link_monitor382_0'
[13:53:24.998] [bmv2] [D] [thread 40066] [6.0] [cxt 0] Looking up key:

[13:53:24.998] [bmv2] [D] [thread 40066] [6.0] [cxt 0] Table 'tbl_link_monitor382_0': miss
[13:53:24.998] [bmv2] [D] [thread 40066] [6.0] [cxt 0] Action entry is link_monitor382_0 - 
[13:53:24.998] [bmv2] [T] [thread 40066] [6.0] [cxt 0] Action link_monitor382_0
[13:53:24.998] [bmv2] [T] [thread 40066] [6.0] [cxt 0] link_monitor.p4(382) Primitive (hdr.probe.isValid()) ? 0 : byte_cnt
[13:53:24.998] [bmv2] [T] [thread 40066] [6.0] [cxt 0] Applying table 'tbl_link_monitor383'
[13:53:24.998] [bmv2] [D] [thread 40066] [6.0] [cxt 0] Looking up key:

[13:53:24.998] [bmv2] [D] [thread 40066] [6.0] [cxt 0] Table 'tbl_link_monitor383': miss
[13:53:24.998] [bmv2] [D] [thread 40066] [6.0] [cxt 0] Action entry is link_monitor383 - 
[13:53:24.998] [bmv2] [T] [thread 40066] [6.0] [cxt 0] Action link_monitor383
[13:53:24.998] [bmv2] [T] [thread 40066] [6.0] [cxt 0] link_monitor.p4(383) Primitive (bit<32>)standard_metadata.egress_port
[13:53:24.998] [bmv2] [T] [thread 40066] [6.0] [cxt 0] link_monitor.p4(383) Primitive byte_cnt_reg.write((bit<32>)standard_metadata.egress_port, new_byte_cnt)
[13:53:24.998] [bmv2] [T] [thread 40066] [6.0] [cxt 0] Wrote register 'MyEgress.byte_cnt_reg' at index 0 with value 570
[13:53:24.998] [bmv2] [T] [thread 40066] [6.0] [cxt 0] link_monitor.p4(385) Condition "hdr.probe.isValid()" (node_16) is false
[13:53:24.998] [bmv2] [D] [thread 40066] [6.0] [cxt 0] Pipeline 'egress': end
[13:53:24.998] [bmv2] [D] [thread 40066] [6.0] [cxt 0] Deparser 'deparser': start
[13:53:24.998] [bmv2] [T] [thread 40066] [6.0] [cxt 0] Skipping checksum 'cksum' update because condition not met
[13:53:24.998] [bmv2] [D] [thread 40066] [6.0] [cxt 0] Deparsing header 'ethernet'
[13:53:24.998] [bmv2] [D] [thread 40066] [6.0] [cxt 0] Deparser 'deparser': end
[13:53:24.998] [bmv2] [D] [thread 40070] [6.0] [cxt 0] Transmitting packet of size 90 out of port 0
[13:53:25.149] [bmv2] [D] [thread 40065] [7.0] [cxt 0] Processing packet received on port 1
[13:53:25.149] [bmv2] [D] [thread 40065] [7.0] [cxt 0] Parser 'parser': start
[13:53:25.149] [bmv2] [D] [thread 40065] [7.0] [cxt 0] Parser 'parser' entering state 'start'
[13:53:25.149] [bmv2] [D] [thread 40065] [7.0] [cxt 0] Extracting header 'ethernet'
[13:53:25.149] [bmv2] [D] [thread 40065] [7.0] [cxt 0] Parser state 'start': key is 86dd
[13:53:25.149] [bmv2] [T] [thread 40065] [7.0] [cxt 0] Bytes parsed: 14
[13:53:25.149] [bmv2] [D] [thread 40065] [7.0] [cxt 0] Parser 'parser': end
[13:53:25.149] [bmv2] [D] [thread 40065] [7.0] [cxt 0] Pipeline 'ingress': start
[13:53:25.149] [bmv2] [T] [thread 40065] [7.0] [cxt 0] link_monitor.p4(333) Condition "hdr.tcp.isValid()" (node_2) is false
[13:53:25.149] [bmv2] [T] [thread 40065] [7.0] [cxt 0] link_monitor.p4(337) Condition "hdr.ipv4.isValid()" (node_5) is false
[13:53:25.149] [bmv2] [T] [thread 40065] [7.0] [cxt 0] link_monitor.p4(340) Condition "hdr.probe.isValid()" (node_7) is false
[13:53:25.149] [bmv2] [D] [thread 40065] [7.0] [cxt 0] Pipeline 'ingress': end
[13:53:25.149] [bmv2] [D] [thread 40065] [7.0] [cxt 0] Egress port is 0
[13:53:25.149] [bmv2] [D] [thread 40066] [7.0] [cxt 0] Pipeline 'egress': start
[13:53:25.149] [bmv2] [T] [thread 40066] [7.0] [cxt 0] Applying table 'tbl_link_monitor379'
[13:53:25.149] [bmv2] [D] [thread 40066] [7.0] [cxt 0] Looking up key:

[13:53:25.149] [bmv2] [D] [thread 40066] [7.0] [cxt 0] Table 'tbl_link_monitor379': miss
[13:53:25.149] [bmv2] [D] [thread 40066] [7.0] [cxt 0] Action entry is link_monitor379 - 
[13:53:25.149] [bmv2] [T] [thread 40066] [7.0] [cxt 0] Action link_monitor379
[13:53:25.149] [bmv2] [T] [thread 40066] [7.0] [cxt 0] link_monitor.p4(379) Primitive (bit<32>)standard_metadata.egress_port
[13:53:25.149] [bmv2] [T] [thread 40066] [7.0] [cxt 0] link_monitor.p4(379) Primitive byte_cnt_reg.read(byte_cnt, (bit<32>)standard_metadata.egress_port)
[13:53:25.149] [bmv2] [T] [thread 40066] [7.0] [cxt 0] Read register 'MyEgress.byte_cnt_reg' at index 0 read value 570
[13:53:25.149] [bmv2] [T] [thread 40066] [7.0] [cxt 0] link_monitor.p4(380) Primitive byte_cnt = byte_cnt + standard_metadata.packet_length
[13:53:25.149] [bmv2] [T] [thread 40066] [7.0] [cxt 0] link_monitor.p4(382) Condition "hdr.probe.isValid()" (node_12) is false
[13:53:25.149] [bmv2] [T] [thread 40066] [7.0] [cxt 0] Applying table 'tbl_link_monitor382_0'
[13:53:25.149] [bmv2] [D] [thread 40066] [7.0] [cxt 0] Looking up key:

[13:53:25.150] [bmv2] [D] [thread 40066] [7.0] [cxt 0] Table 'tbl_link_monitor382_0': miss
[13:53:25.150] [bmv2] [D] [thread 40066] [7.0] [cxt 0] Action entry is link_monitor382_0 - 
[13:53:25.150] [bmv2] [T] [thread 40066] [7.0] [cxt 0] Action link_monitor382_0
[13:53:25.150] [bmv2] [T] [thread 40066] [7.0] [cxt 0] link_monitor.p4(382) Primitive (hdr.probe.isValid()) ? 0 : byte_cnt
[13:53:25.150] [bmv2] [T] [thread 40066] [7.0] [cxt 0] Applying table 'tbl_link_monitor383'
[13:53:25.150] [bmv2] [D] [thread 40066] [7.0] [cxt 0] Looking up key:

[13:53:25.150] [bmv2] [D] [thread 40066] [7.0] [cxt 0] Table 'tbl_link_monitor383': miss
[13:53:25.150] [bmv2] [D] [thread 40066] [7.0] [cxt 0] Action entry is link_monitor383 - 
[13:53:25.150] [bmv2] [T] [thread 40066] [7.0] [cxt 0] Action link_monitor383
[13:53:25.150] [bmv2] [T] [thread 40066] [7.0] [cxt 0] link_monitor.p4(383) Primitive (bit<32>)standard_metadata.egress_port
[13:53:25.150] [bmv2] [T] [thread 40066] [7.0] [cxt 0] link_monitor.p4(383) Primitive byte_cnt_reg.write((bit<32>)standard_metadata.egress_port, new_byte_cnt)
[13:53:25.150] [bmv2] [T] [thread 40066] [7.0] [cxt 0] Wrote register 'MyEgress.byte_cnt_reg' at index 0 with value 660
[13:53:25.150] [bmv2] [T] [thread 40066] [7.0] [cxt 0] link_monitor.p4(385) Condition "hdr.probe.isValid()" (node_16) is false
[13:53:25.150] [bmv2] [D] [thread 40066] [7.0] [cxt 0] Pipeline 'egress': end
[13:53:25.150] [bmv2] [D] [thread 40066] [7.0] [cxt 0] Deparser 'deparser': start
[13:53:25.150] [bmv2] [T] [thread 40066] [7.0] [cxt 0] Skipping checksum 'cksum' update because condition not met
[13:53:25.150] [bmv2] [D] [thread 40066] [7.0] [cxt 0] Deparsing header 'ethernet'
[13:53:25.150] [bmv2] [D] [thread 40066] [7.0] [cxt 0] Deparser 'deparser': end
[13:53:25.150] [bmv2] [D] [thread 40070] [7.0] [cxt 0] Transmitting packet of size 90 out of port 0
[13:53:25.171] [bmv2] [D] [thread 40065] [8.0] [cxt 0] Processing packet received on port 2
[13:53:25.171] [bmv2] [D] [thread 40065] [8.0] [cxt 0] Parser 'parser': start
[13:53:25.171] [bmv2] [D] [thread 40065] [8.0] [cxt 0] Parser 'parser' entering state 'start'
[13:53:25.171] [bmv2] [D] [thread 40065] [8.0] [cxt 0] Extracting header 'ethernet'
[13:53:25.171] [bmv2] [D] [thread 40065] [8.0] [cxt 0] Parser state 'start': key is 86dd
[13:53:25.171] [bmv2] [T] [thread 40065] [8.0] [cxt 0] Bytes parsed: 14
[13:53:25.171] [bmv2] [D] [thread 40065] [8.0] [cxt 0] Parser 'parser': end
[13:53:25.171] [bmv2] [D] [thread 40065] [8.0] [cxt 0] Pipeline 'ingress': start
[13:53:25.171] [bmv2] [T] [thread 40065] [8.0] [cxt 0] link_monitor.p4(333) Condition "hdr.tcp.isValid()" (node_2) is false
[13:53:25.171] [bmv2] [T] [thread 40065] [8.0] [cxt 0] link_monitor.p4(337) Condition "hdr.ipv4.isValid()" (node_5) is false
[13:53:25.171] [bmv2] [T] [thread 40065] [8.0] [cxt 0] link_monitor.p4(340) Condition "hdr.probe.isValid()" (node_7) is false
[13:53:25.171] [bmv2] [D] [thread 40065] [8.0] [cxt 0] Pipeline 'ingress': end
[13:53:25.171] [bmv2] [D] [thread 40065] [8.0] [cxt 0] Egress port is 0
[13:53:25.171] [bmv2] [D] [thread 40065] [9.0] [cxt 0] Processing packet received on port 2
[13:53:25.171] [bmv2] [D] [thread 40065] [9.0] [cxt 0] Parser 'parser': start
[13:53:25.171] [bmv2] [D] [thread 40065] [9.0] [cxt 0] Parser 'parser' entering state 'start'
[13:53:25.171] [bmv2] [D] [thread 40065] [9.0] [cxt 0] Extracting header 'ethernet'
[13:53:25.171] [bmv2] [D] [thread 40065] [9.0] [cxt 0] Parser state 'start': key is 86dd
[13:53:25.171] [bmv2] [T] [thread 40065] [9.0] [cxt 0] Bytes parsed: 14
[13:53:25.171] [bmv2] [D] [thread 40065] [9.0] [cxt 0] Parser 'parser': end
[13:53:25.171] [bmv2] [D] [thread 40065] [9.0] [cxt 0] Pipeline 'ingress': start
[13:53:25.171] [bmv2] [T] [thread 40065] [9.0] [cxt 0] link_monitor.p4(333) Condition "hdr.tcp.isValid()" (node_2) is false
[13:53:25.171] [bmv2] [T] [thread 40065] [9.0] [cxt 0] link_monitor.p4(337) Condition "hdr.ipv4.isValid()" (node_5) is false
[13:53:25.171] [bmv2] [T] [thread 40065] [9.0] [cxt 0] link_monitor.p4(340) Condition "hdr.probe.isValid()" (node_7) is false
[13:53:25.171] [bmv2] [D] [thread 40065] [9.0] [cxt 0] Pipeline 'ingress': end
[13:53:25.171] [bmv2] [D] [thread 40065] [9.0] [cxt 0] Egress port is 0
[13:53:25.171] [bmv2] [D] [thread 40066] [8.0] [cxt 0] Pipeline 'egress': start
[13:53:25.171] [bmv2] [T] [thread 40066] [8.0] [cxt 0] Applying table 'tbl_link_monitor379'
[13:53:25.171] [bmv2] [D] [thread 40066] [8.0] [cxt 0] Looking up key:

[13:53:25.171] [bmv2] [D] [thread 40066] [8.0] [cxt 0] Table 'tbl_link_monitor379': miss
[13:53:25.171] [bmv2] [D] [thread 40066] [8.0] [cxt 0] Action entry is link_monitor379 - 
[13:53:25.171] [bmv2] [T] [thread 40066] [8.0] [cxt 0] Action link_monitor379
[13:53:25.171] [bmv2] [T] [thread 40066] [8.0] [cxt 0] link_monitor.p4(379) Primitive (bit<32>)standard_metadata.egress_port
[13:53:25.171] [bmv2] [T] [thread 40066] [8.0] [cxt 0] link_monitor.p4(379) Primitive byte_cnt_reg.read(byte_cnt, (bit<32>)standard_metadata.egress_port)
[13:53:25.171] [bmv2] [T] [thread 40066] [8.0] [cxt 0] Read register 'MyEgress.byte_cnt_reg' at index 0 read value 660
[13:53:25.171] [bmv2] [T] [thread 40066] [8.0] [cxt 0] link_monitor.p4(380) Primitive byte_cnt = byte_cnt + standard_metadata.packet_length
[13:53:25.171] [bmv2] [T] [thread 40066] [8.0] [cxt 0] link_monitor.p4(382) Condition "hdr.probe.isValid()" (node_12) is false
[13:53:25.171] [bmv2] [T] [thread 40066] [8.0] [cxt 0] Applying table 'tbl_link_monitor382_0'
[13:53:25.171] [bmv2] [D] [thread 40066] [8.0] [cxt 0] Looking up key:

[13:53:25.171] [bmv2] [D] [thread 40066] [8.0] [cxt 0] Table 'tbl_link_monitor382_0': miss
[13:53:25.171] [bmv2] [D] [thread 40066] [8.0] [cxt 0] Action entry is link_monitor382_0 - 
[13:53:25.171] [bmv2] [T] [thread 40066] [8.0] [cxt 0] Action link_monitor382_0
[13:53:25.171] [bmv2] [T] [thread 40066] [8.0] [cxt 0] link_monitor.p4(382) Primitive (hdr.probe.isValid()) ? 0 : byte_cnt
[13:53:25.171] [bmv2] [T] [thread 40066] [8.0] [cxt 0] Applying table 'tbl_link_monitor383'
[13:53:25.171] [bmv2] [D] [thread 40066] [8.0] [cxt 0] Looking up key:

[13:53:25.171] [bmv2] [D] [thread 40066] [8.0] [cxt 0] Table 'tbl_link_monitor383': miss
[13:53:25.171] [bmv2] [D] [thread 40066] [8.0] [cxt 0] Action entry is link_monitor383 - 
[13:53:25.171] [bmv2] [T] [thread 40066] [8.0] [cxt 0] Action link_monitor383
[13:53:25.171] [bmv2] [T] [thread 40066] [8.0] [cxt 0] link_monitor.p4(383) Primitive (bit<32>)standard_metadata.egress_port
[13:53:25.171] [bmv2] [T] [thread 40066] [8.0] [cxt 0] link_monitor.p4(383) Primitive byte_cnt_reg.write((bit<32>)standard_metadata.egress_port, new_byte_cnt)
[13:53:25.171] [bmv2] [T] [thread 40066] [8.0] [cxt 0] Wrote register 'MyEgress.byte_cnt_reg' at index 0 with value 750
[13:53:25.171] [bmv2] [T] [thread 40066] [8.0] [cxt 0] link_monitor.p4(385) Condition "hdr.probe.isValid()" (node_16) is false
[13:53:25.171] [bmv2] [D] [thread 40066] [8.0] [cxt 0] Pipeline 'egress': end
[13:53:25.171] [bmv2] [D] [thread 40066] [8.0] [cxt 0] Deparser 'deparser': start
[13:53:25.171] [bmv2] [T] [thread 40066] [8.0] [cxt 0] Skipping checksum 'cksum' update because condition not met
[13:53:25.171] [bmv2] [D] [thread 40066] [8.0] [cxt 0] Deparsing header 'ethernet'
[13:53:25.171] [bmv2] [D] [thread 40066] [8.0] [cxt 0] Deparser 'deparser': end
[13:53:25.171] [bmv2] [D] [thread 40066] [9.0] [cxt 0] Pipeline 'egress': start
[13:53:25.171] [bmv2] [T] [thread 40066] [9.0] [cxt 0] Applying table 'tbl_link_monitor379'
[13:53:25.171] [bmv2] [D] [thread 40066] [9.0] [cxt 0] Looking up key:

[13:53:25.171] [bmv2] [D] [thread 40066] [9.0] [cxt 0] Table 'tbl_link_monitor379': miss
[13:53:25.171] [bmv2] [D] [thread 40066] [9.0] [cxt 0] Action entry is link_monitor379 - 
[13:53:25.171] [bmv2] [T] [thread 40066] [9.0] [cxt 0] Action link_monitor379
[13:53:25.171] [bmv2] [T] [thread 40066] [9.0] [cxt 0] link_monitor.p4(379) Primitive (bit<32>)standard_metadata.egress_port
[13:53:25.171] [bmv2] [T] [thread 40066] [9.0] [cxt 0] link_monitor.p4(379) Primitive byte_cnt_reg.read(byte_cnt, (bit<32>)standard_metadata.egress_port)
[13:53:25.172] [bmv2] [T] [thread 40066] [9.0] [cxt 0] Read register 'MyEgress.byte_cnt_reg' at index 0 read value 750
[13:53:25.172] [bmv2] [T] [thread 40066] [9.0] [cxt 0] link_monitor.p4(380) Primitive byte_cnt = byte_cnt + standard_metadata.packet_length
[13:53:25.172] [bmv2] [T] [thread 40066] [9.0] [cxt 0] link_monitor.p4(382) Condition "hdr.probe.isValid()" (node_12) is false
[13:53:25.172] [bmv2] [T] [thread 40066] [9.0] [cxt 0] Applying table 'tbl_link_monitor382_0'
[13:53:25.172] [bmv2] [D] [thread 40066] [9.0] [cxt 0] Looking up key:

[13:53:25.172] [bmv2] [D] [thread 40066] [9.0] [cxt 0] Table 'tbl_link_monitor382_0': miss
[13:53:25.172] [bmv2] [D] [thread 40066] [9.0] [cxt 0] Action entry is link_monitor382_0 - 
[13:53:25.172] [bmv2] [T] [thread 40066] [9.0] [cxt 0] Action link_monitor382_0
[13:53:25.172] [bmv2] [T] [thread 40066] [9.0] [cxt 0] link_monitor.p4(382) Primitive (hdr.probe.isValid()) ? 0 : byte_cnt
[13:53:25.172] [bmv2] [T] [thread 40066] [9.0] [cxt 0] Applying table 'tbl_link_monitor383'
[13:53:25.172] [bmv2] [D] [thread 40066] [9.0] [cxt 0] Looking up key:

[13:53:25.172] [bmv2] [D] [thread 40066] [9.0] [cxt 0] Table 'tbl_link_monitor383': miss
[13:53:25.172] [bmv2] [D] [thread 40066] [9.0] [cxt 0] Action entry is link_monitor383 - 
[13:53:25.172] [bmv2] [T] [thread 40066] [9.0] [cxt 0] Action link_monitor383
[13:53:25.172] [bmv2] [T] [thread 40066] [9.0] [cxt 0] link_monitor.p4(383) Primitive (bit<32>)standard_metadata.egress_port
[13:53:25.172] [bmv2] [T] [thread 40066] [9.0] [cxt 0] link_monitor.p4(383) Primitive byte_cnt_reg.write((bit<32>)standard_metadata.egress_port, new_byte_cnt)
[13:53:25.172] [bmv2] [T] [thread 40066] [9.0] [cxt 0] Wrote register 'MyEgress.byte_cnt_reg' at index 0 with value 820
[13:53:25.172] [bmv2] [T] [thread 40066] [9.0] [cxt 0] link_monitor.p4(385) Condition "hdr.probe.isValid()" (node_16) is false
[13:53:25.172] [bmv2] [D] [thread 40066] [9.0] [cxt 0] Pipeline 'egress': end
[13:53:25.172] [bmv2] [D] [thread 40066] [9.0] [cxt 0] Deparser 'deparser': start
[13:53:25.172] [bmv2] [T] [thread 40066] [9.0] [cxt 0] Skipping checksum 'cksum' update because condition not met
[13:53:25.172] [bmv2] [D] [thread 40066] [9.0] [cxt 0] Deparsing header 'ethernet'
[13:53:25.172] [bmv2] [D] [thread 40066] [9.0] [cxt 0] Deparser 'deparser': end
[13:53:25.172] [bmv2] [D] [thread 40070] [8.0] [cxt 0] Transmitting packet of size 90 out of port 0
[13:53:25.172] [bmv2] [D] [thread 40070] [9.0] [cxt 0] Transmitting packet of size 70 out of port 0
[13:53:25.426] [bmv2] [D] [thread 40065] [10.0] [cxt 0] Processing packet received on port 1
[13:53:25.426] [bmv2] [D] [thread 40065] [10.0] [cxt 0] Parser 'parser': start
[13:53:25.426] [bmv2] [D] [thread 40065] [10.0] [cxt 0] Parser 'parser' entering state 'start'
[13:53:25.426] [bmv2] [D] [thread 40065] [10.0] [cxt 0] Extracting header 'ethernet'
[13:53:25.426] [bmv2] [D] [thread 40065] [10.0] [cxt 0] Parser state 'start': key is 86dd
[13:53:25.426] [bmv2] [T] [thread 40065] [10.0] [cxt 0] Bytes parsed: 14
[13:53:25.426] [bmv2] [D] [thread 40065] [10.0] [cxt 0] Parser 'parser': end
[13:53:25.426] [bmv2] [D] [thread 40065] [10.0] [cxt 0] Pipeline 'ingress': start
[13:53:25.426] [bmv2] [T] [thread 40065] [10.0] [cxt 0] link_monitor.p4(333) Condition "hdr.tcp.isValid()" (node_2) is false
[13:53:25.426] [bmv2] [T] [thread 40065] [10.0] [cxt 0] link_monitor.p4(337) Condition "hdr.ipv4.isValid()" (node_5) is false
[13:53:25.426] [bmv2] [T] [thread 40065] [10.0] [cxt 0] link_monitor.p4(340) Condition "hdr.probe.isValid()" (node_7) is false
[13:53:25.426] [bmv2] [D] [thread 40065] [10.0] [cxt 0] Pipeline 'ingress': end
[13:53:25.426] [bmv2] [D] [thread 40065] [10.0] [cxt 0] Egress port is 0
[13:53:25.426] [bmv2] [D] [thread 40066] [10.0] [cxt 0] Pipeline 'egress': start
[13:53:25.426] [bmv2] [T] [thread 40066] [10.0] [cxt 0] Applying table 'tbl_link_monitor379'
[13:53:25.426] [bmv2] [D] [thread 40066] [10.0] [cxt 0] Looking up key:

[13:53:25.426] [bmv2] [D] [thread 40066] [10.0] [cxt 0] Table 'tbl_link_monitor379': miss
[13:53:25.426] [bmv2] [D] [thread 40066] [10.0] [cxt 0] Action entry is link_monitor379 - 
[13:53:25.426] [bmv2] [T] [thread 40066] [10.0] [cxt 0] Action link_monitor379
[13:53:25.426] [bmv2] [T] [thread 40066] [10.0] [cxt 0] link_monitor.p4(379) Primitive (bit<32>)standard_metadata.egress_port
[13:53:25.426] [bmv2] [T] [thread 40066] [10.0] [cxt 0] link_monitor.p4(379) Primitive byte_cnt_reg.read(byte_cnt, (bit<32>)standard_metadata.egress_port)
[13:53:25.426] [bmv2] [T] [thread 40066] [10.0] [cxt 0] Read register 'MyEgress.byte_cnt_reg' at index 0 read value 820
[13:53:25.426] [bmv2] [T] [thread 40066] [10.0] [cxt 0] link_monitor.p4(380) Primitive byte_cnt = byte_cnt + standard_metadata.packet_length
[13:53:25.426] [bmv2] [T] [thread 40066] [10.0] [cxt 0] link_monitor.p4(382) Condition "hdr.probe.isValid()" (node_12) is false
[13:53:25.426] [bmv2] [T] [thread 40066] [10.0] [cxt 0] Applying table 'tbl_link_monitor382_0'
[13:53:25.426] [bmv2] [D] [thread 40066] [10.0] [cxt 0] Looking up key:

[13:53:25.426] [bmv2] [D] [thread 40066] [10.0] [cxt 0] Table 'tbl_link_monitor382_0': miss
[13:53:25.426] [bmv2] [D] [thread 40066] [10.0] [cxt 0] Action entry is link_monitor382_0 - 
[13:53:25.426] [bmv2] [T] [thread 40066] [10.0] [cxt 0] Action link_monitor382_0
[13:53:25.426] [bmv2] [T] [thread 40066] [10.0] [cxt 0] link_monitor.p4(382) Primitive (hdr.probe.isValid()) ? 0 : byte_cnt
[13:53:25.426] [bmv2] [T] [thread 40066] [10.0] [cxt 0] Applying table 'tbl_link_monitor383'
[13:53:25.426] [bmv2] [D] [thread 40066] [10.0] [cxt 0] Looking up key:

[13:53:25.426] [bmv2] [D] [thread 40066] [10.0] [cxt 0] Table 'tbl_link_monitor383': miss
[13:53:25.426] [bmv2] [D] [thread 40066] [10.0] [cxt 0] Action entry is link_monitor383 - 
[13:53:25.426] [bmv2] [T] [thread 40066] [10.0] [cxt 0] Action link_monitor383
[13:53:25.426] [bmv2] [T] [thread 40066] [10.0] [cxt 0] link_monitor.p4(383) Primitive (bit<32>)standard_metadata.egress_port
[13:53:25.426] [bmv2] [T] [thread 40066] [10.0] [cxt 0] link_monitor.p4(383) Primitive byte_cnt_reg.write((bit<32>)standard_metadata.egress_port, new_byte_cnt)
[13:53:25.426] [bmv2] [T] [thread 40066] [10.0] [cxt 0] Wrote register 'MyEgress.byte_cnt_reg' at index 0 with value 910
[13:53:25.426] [bmv2] [T] [thread 40066] [10.0] [cxt 0] link_monitor.p4(385) Condition "hdr.probe.isValid()" (node_16) is false
[13:53:25.426] [bmv2] [D] [thread 40066] [10.0] [cxt 0] Pipeline 'egress': end
[13:53:25.426] [bmv2] [D] [thread 40066] [10.0] [cxt 0] Deparser 'deparser': start
[13:53:25.426] [bmv2] [T] [thread 40066] [10.0] [cxt 0] Skipping checksum 'cksum' update because condition not met
[13:53:25.426] [bmv2] [D] [thread 40066] [10.0] [cxt 0] Deparsing header 'ethernet'
[13:53:25.426] [bmv2] [D] [thread 40066] [10.0] [cxt 0] Deparser 'deparser': end
[13:53:25.426] [bmv2] [D] [thread 40070] [10.0] [cxt 0] Transmitting packet of size 90 out of port 0
[13:53:25.981] [bmv2] [D] [thread 40065] [11.0] [cxt 0] Processing packet received on port 2
[13:53:25.981] [bmv2] [D] [thread 40065] [11.0] [cxt 0] Parser 'parser': start
[13:53:25.981] [bmv2] [D] [thread 40065] [11.0] [cxt 0] Parser 'parser' entering state 'start'
[13:53:25.981] [bmv2] [D] [thread 40065] [11.0] [cxt 0] Extracting header 'ethernet'
[13:53:25.981] [bmv2] [D] [thread 40065] [11.0] [cxt 0] Parser state 'start': key is 86dd
[13:53:25.981] [bmv2] [T] [thread 40065] [11.0] [cxt 0] Bytes parsed: 14
[13:53:25.981] [bmv2] [D] [thread 40065] [11.0] [cxt 0] Parser 'parser': end
[13:53:25.981] [bmv2] [D] [thread 40065] [11.0] [cxt 0] Pipeline 'ingress': start
[13:53:25.981] [bmv2] [T] [thread 40065] [11.0] [cxt 0] link_monitor.p4(333) Condition "hdr.tcp.isValid()" (node_2) is false
[13:53:25.981] [bmv2] [T] [thread 40065] [11.0] [cxt 0] link_monitor.p4(337) Condition "hdr.ipv4.isValid()" (node_5) is false
[13:53:25.981] [bmv2] [T] [thread 40065] [11.0] [cxt 0] link_monitor.p4(340) Condition "hdr.probe.isValid()" (node_7) is false
[13:53:25.981] [bmv2] [D] [thread 40065] [11.0] [cxt 0] Pipeline 'ingress': end
[13:53:25.981] [bmv2] [D] [thread 40065] [11.0] [cxt 0] Egress port is 0
[13:53:25.981] [bmv2] [D] [thread 40066] [11.0] [cxt 0] Pipeline 'egress': start
[13:53:25.981] [bmv2] [T] [thread 40066] [11.0] [cxt 0] Applying table 'tbl_link_monitor379'
[13:53:25.981] [bmv2] [D] [thread 40066] [11.0] [cxt 0] Looking up key:

[13:53:25.981] [bmv2] [D] [thread 40066] [11.0] [cxt 0] Table 'tbl_link_monitor379': miss
[13:53:25.981] [bmv2] [D] [thread 40066] [11.0] [cxt 0] Action entry is link_monitor379 - 
[13:53:25.981] [bmv2] [T] [thread 40066] [11.0] [cxt 0] Action link_monitor379
[13:53:25.981] [bmv2] [T] [thread 40066] [11.0] [cxt 0] link_monitor.p4(379) Primitive (bit<32>)standard_metadata.egress_port
[13:53:25.981] [bmv2] [T] [thread 40066] [11.0] [cxt 0] link_monitor.p4(379) Primitive byte_cnt_reg.read(byte_cnt, (bit<32>)standard_metadata.egress_port)
[13:53:25.981] [bmv2] [T] [thread 40066] [11.0] [cxt 0] Read register 'MyEgress.byte_cnt_reg' at index 0 read value 910
[13:53:25.981] [bmv2] [T] [thread 40066] [11.0] [cxt 0] link_monitor.p4(380) Primitive byte_cnt = byte_cnt + standard_metadata.packet_length
[13:53:25.981] [bmv2] [T] [thread 40066] [11.0] [cxt 0] link_monitor.p4(382) Condition "hdr.probe.isValid()" (node_12) is false
[13:53:25.981] [bmv2] [T] [thread 40066] [11.0] [cxt 0] Applying table 'tbl_link_monitor382_0'
[13:53:25.981] [bmv2] [D] [thread 40066] [11.0] [cxt 0] Looking up key:

[13:53:25.981] [bmv2] [D] [thread 40066] [11.0] [cxt 0] Table 'tbl_link_monitor382_0': miss
[13:53:25.981] [bmv2] [D] [thread 40066] [11.0] [cxt 0] Action entry is link_monitor382_0 - 
[13:53:25.981] [bmv2] [T] [thread 40066] [11.0] [cxt 0] Action link_monitor382_0
[13:53:25.981] [bmv2] [T] [thread 40066] [11.0] [cxt 0] link_monitor.p4(382) Primitive (hdr.probe.isValid()) ? 0 : byte_cnt
[13:53:25.981] [bmv2] [T] [thread 40066] [11.0] [cxt 0] Applying table 'tbl_link_monitor383'
[13:53:25.981] [bmv2] [D] [thread 40066] [11.0] [cxt 0] Looking up key:

[13:53:25.981] [bmv2] [D] [thread 40066] [11.0] [cxt 0] Table 'tbl_link_monitor383': miss
[13:53:25.981] [bmv2] [D] [thread 40066] [11.0] [cxt 0] Action entry is link_monitor383 - 
[13:53:25.981] [bmv2] [T] [thread 40066] [11.0] [cxt 0] Action link_monitor383
[13:53:25.981] [bmv2] [T] [thread 40066] [11.0] [cxt 0] link_monitor.p4(383) Primitive (bit<32>)standard_metadata.egress_port
[13:53:25.981] [bmv2] [T] [thread 40066] [11.0] [cxt 0] link_monitor.p4(383) Primitive byte_cnt_reg.write((bit<32>)standard_metadata.egress_port, new_byte_cnt)
[13:53:25.981] [bmv2] [T] [thread 40066] [11.0] [cxt 0] Wrote register 'MyEgress.byte_cnt_reg' at index 0 with value 1000
[13:53:25.981] [bmv2] [T] [thread 40066] [11.0] [cxt 0] link_monitor.p4(385) Condition "hdr.probe.isValid()" (node_16) is false
[13:53:25.981] [bmv2] [D] [thread 40066] [11.0] [cxt 0] Pipeline 'egress': end
[13:53:25.981] [bmv2] [D] [thread 40066] [11.0] [cxt 0] Deparser 'deparser': start
[13:53:25.981] [bmv2] [T] [thread 40066] [11.0] [cxt 0] Skipping checksum 'cksum' update because condition not met
[13:53:25.981] [bmv2] [D] [thread 40066] [11.0] [cxt 0] Deparsing header 'ethernet'
[13:53:25.981] [bmv2] [D] [thread 40066] [11.0] [cxt 0] Deparser 'deparser': end
[13:53:25.981] [bmv2] [D] [thread 40070] [11.0] [cxt 0] Transmitting packet of size 90 out of port 0
[13:53:26.476] [bmv2] [W] [thread 40123] [P4Runtime] p4::tmp::P4DeviceConfig is deprecated
[13:53:26.477] [bmv2] [D] [thread 40123] Set default default entry for table 'MyIngress.tcp_lb': MyIngress.drop - 
[13:53:26.477] [bmv2] [D] [thread 40123] Set default default entry for table 'MyIngress.tcp_lb_nhop': MyIngress.drop - 
[13:53:26.477] [bmv2] [D] [thread 40123] Set default default entry for table 'MyIngress.ipv4_lpm': MyIngress.drop - 
[13:53:26.477] [bmv2] [D] [thread 40123] Set default default entry for table 'tbl_link_monitor341': link_monitor341 - 
[13:53:26.478] [bmv2] [D] [thread 40123] Set default default entry for table 'tbl_link_monitor379': link_monitor379 - 
[13:53:26.478] [bmv2] [D] [thread 40123] Set default default entry for table 'tbl_link_monitor382': link_monitor382 - 
[13:53:26.478] [bmv2] [D] [thread 40123] Set default default entry for table 'tbl_link_monitor382_0': link_monitor382_0 - 
[13:53:26.478] [bmv2] [D] [thread 40123] Set default default entry for table 'tbl_link_monitor383': link_monitor383 - 
[13:53:26.478] [bmv2] [D] [thread 40123] Set default default entry for table 'tbl_link_monitor387': link_monitor387 - 
[13:53:26.478] [bmv2] [D] [thread 40123] Set default default entry for table 'tbl_link_monitor390': link_monitor390 - 
[13:53:26.478] [bmv2] [D] [thread 40123] Set default default entry for table 'tbl_link_monitor393': link_monitor393 - 
[13:53:26.478] [bmv2] [D] [thread 40123] Set default default entry for table 'MyEgress.swid': NoAction - 
[13:53:26.478] [bmv2] [D] [thread 40123] Set default default entry for table 'tbl_link_monitor398': link_monitor398 - 
[13:53:26.483] [bmv2] [D] [thread 40123] simple_switch target has been notified of a config swap
[13:53:26.485] [bmv2] [D] [thread 40126] Set default entry for table 'MyEgress.swid': MyEgress.set_swid - 3,
[13:53:26.485] [bmv2] [D] [thread 40123] Set default entry for table 'MyIngress.ipv4_lpm': MyIngress.drop - 
[13:53:26.486] [bmv2] [D] [thread 40126] Set default entry for table 'MyIngress.tcp_lb': MyIngress.drop - 
[13:53:26.486] [bmv2] [D] [thread 40123] Set default entry for table 'MyIngress.tcp_lb_nhop': MyIngress.drop - 
[13:53:26.486] [bmv2] [D] [thread 40126] Entry 0 added to table 'MyIngress.ipv4_lpm'
[13:53:26.487] [bmv2] [D] [thread 40126] Dumping entry 0
Match key:
* hdr.ipv4.dstAddr    : LPM       0a000101/32
Action entry: MyIngress.ipv4_forward - 80000000100,1,

[13:53:26.487] [bmv2] [D] [thread 40123] Entry 1 added to table 'MyIngress.ipv4_lpm'
[13:53:26.487] [bmv2] [D] [thread 40123] Dumping entry 1
Match key:
* hdr.ipv4.dstAddr    : LPM       0a000202/32
Action entry: MyIngress.ipv4_forward - 80000000100,1,

[13:53:26.487] [bmv2] [D] [thread 40126] Entry 2 added to table 'MyIngress.ipv4_lpm'
[13:53:26.487] [bmv2] [D] [thread 40126] Dumping entry 2
Match key:
* hdr.ipv4.dstAddr    : LPM       0a000303/32
Action entry: MyIngress.ipv4_forward - 80000000200,2,

[13:53:26.488] [bmv2] [D] [thread 40123] Entry 3 added to table 'MyIngress.ipv4_lpm'
[13:53:26.488] [bmv2] [D] [thread 40123] Dumping entry 3
Match key:
* hdr.ipv4.dstAddr    : LPM       0a000404/32
Action entry: MyIngress.ipv4_forward - 80000000200,2,

[13:53:26.488] [bmv2] [D] [thread 40126] Entry 0 added to table 'MyIngress.tcp_lb'
[13:53:26.488] [bmv2] [D] [thread 40126] Dumping entry 0
Match key:
* hdr.ipv4.dstAddr    : LPM       0a000101/32
Action entry: MyIngress.tcp_lb_action - 1,1,

[13:53:26.489] [bmv2] [D] [thread 40123] Entry 1 added to table 'MyIngress.tcp_lb'
[13:53:26.489] [bmv2] [D] [thread 40123] Dumping entry 1
Match key:
* hdr.ipv4.dstAddr    : LPM       0a000202/32
Action entry: MyIngress.tcp_lb_action - 1,1,

[13:53:26.489] [bmv2] [D] [thread 40126] Entry 2 added to table 'MyIngress.tcp_lb'
[13:53:26.489] [bmv2] [D] [thread 40126] Dumping entry 2
Match key:
* hdr.ipv4.dstAddr    : LPM       0a000303/32
Action entry: MyIngress.tcp_lb_action - 2,2,

[13:53:26.489] [bmv2] [D] [thread 40123] Entry 3 added to table 'MyIngress.tcp_lb'
[13:53:26.489] [bmv2] [D] [thread 40123] Dumping entry 3
Match key:
* hdr.ipv4.dstAddr    : LPM       0a000404/32
Action entry: MyIngress.tcp_lb_action - 2,2,

[13:53:26.490] [bmv2] [D] [thread 40126] Entry 0 added to table 'MyIngress.tcp_lb_nhop'
[13:53:26.490] [bmv2] [D] [thread 40126] Dumping entry 0
Match key:
* meta.lb_port        : EXACT     0001
Action entry: MyIngress.tcp_lb_nhop_action - 80000000100,

[13:53:26.490] [bmv2] [D] [thread 40123] Entry 1 added to table 'MyIngress.tcp_lb_nhop'
[13:53:26.490] [bmv2] [D] [thread 40123] Dumping entry 1
Match key:
* meta.lb_port        : EXACT     0002
Action entry: MyIngress.tcp_lb_nhop_action - 80000000200,

[13:53:28.786] [bmv2] [D] [thread 40065] [12.0] [cxt 0] Processing packet received on port 1
[13:53:28.786] [bmv2] [D] [thread 40065] [12.0] [cxt 0] Parser 'parser': start
[13:53:28.786] [bmv2] [D] [thread 40065] [12.0] [cxt 0] Parser 'parser' entering state 'start'
[13:53:28.786] [bmv2] [D] [thread 40065] [12.0] [cxt 0] Extracting header 'ethernet'
[13:53:28.786] [bmv2] [D] [thread 40065] [12.0] [cxt 0] Parser state 'start': key is 86dd
[13:53:28.786] [bmv2] [T] [thread 40065] [12.0] [cxt 0] Bytes parsed: 14
[13:53:28.786] [bmv2] [D] [thread 40065] [12.0] [cxt 0] Parser 'parser': end
[13:53:28.786] [bmv2] [D] [thread 40065] [12.0] [cxt 0] Pipeline 'ingress': start
[13:53:28.786] [bmv2] [T] [thread 40065] [12.0] [cxt 0] link_monitor.p4(333) Condition "hdr.tcp.isValid()" (node_2) is false
[13:53:28.786] [bmv2] [T] [thread 40065] [12.0] [cxt 0] link_monitor.p4(337) Condition "hdr.ipv4.isValid()" (node_5) is false
[13:53:28.786] [bmv2] [T] [thread 40065] [12.0] [cxt 0] link_monitor.p4(340) Condition "hdr.probe.isValid()" (node_7) is false
[13:53:28.786] [bmv2] [D] [thread 40065] [12.0] [cxt 0] Pipeline 'ingress': end
[13:53:28.786] [bmv2] [D] [thread 40065] [12.0] [cxt 0] Egress port is 0
[13:53:28.788] [bmv2] [D] [thread 40066] [12.0] [cxt 0] Pipeline 'egress': start
[13:53:28.788] [bmv2] [T] [thread 40066] [12.0] [cxt 0] Applying table 'tbl_link_monitor379'
[13:53:28.788] [bmv2] [D] [thread 40066] [12.0] [cxt 0] Looking up key:

[13:53:28.788] [bmv2] [D] [thread 40066] [12.0] [cxt 0] Table 'tbl_link_monitor379': miss
[13:53:28.788] [bmv2] [D] [thread 40066] [12.0] [cxt 0] Action entry is link_monitor379 - 
[13:53:28.788] [bmv2] [T] [thread 40066] [12.0] [cxt 0] Action link_monitor379
[13:53:28.788] [bmv2] [T] [thread 40066] [12.0] [cxt 0] link_monitor.p4(379) Primitive (bit<32>)standard_metadata.egress_port
[13:53:28.788] [bmv2] [T] [thread 40066] [12.0] [cxt 0] link_monitor.p4(379) Primitive byte_cnt_reg.read(byte_cnt, (bit<32>)standard_metadata.egress_port)
[13:53:28.788] [bmv2] [T] [thread 40066] [12.0] [cxt 0] Read register 'MyEgress.byte_cnt_reg' at index 0 read value 0
[13:53:28.788] [bmv2] [T] [thread 40066] [12.0] [cxt 0] link_monitor.p4(380) Primitive byte_cnt = byte_cnt + standard_metadata.packet_length
[13:53:28.788] [bmv2] [T] [thread 40066] [12.0] [cxt 0] link_monitor.p4(382) Condition "hdr.probe.isValid()" (node_12) is false
[13:53:28.788] [bmv2] [T] [thread 40066] [12.0] [cxt 0] Applying table 'tbl_link_monitor382_0'
[13:53:28.788] [bmv2] [D] [thread 40066] [12.0] [cxt 0] Looking up key:

[13:53:28.788] [bmv2] [D] [thread 40066] [12.0] [cxt 0] Table 'tbl_link_monitor382_0': miss
[13:53:28.788] [bmv2] [D] [thread 40066] [12.0] [cxt 0] Action entry is link_monitor382_0 - 
[13:53:28.788] [bmv2] [T] [thread 40066] [12.0] [cxt 0] Action link_monitor382_0
[13:53:28.788] [bmv2] [T] [thread 40066] [12.0] [cxt 0] link_monitor.p4(382) Primitive (hdr.probe.isValid()) ? 0 : byte_cnt
[13:53:28.788] [bmv2] [T] [thread 40066] [12.0] [cxt 0] Applying table 'tbl_link_monitor383'
[13:53:28.788] [bmv2] [D] [thread 40066] [12.0] [cxt 0] Looking up key:

[13:53:28.788] [bmv2] [D] [thread 40066] [12.0] [cxt 0] Table 'tbl_link_monitor383': miss
[13:53:28.788] [bmv2] [D] [thread 40066] [12.0] [cxt 0] Action entry is link_monitor383 - 
[13:53:28.788] [bmv2] [T] [thread 40066] [12.0] [cxt 0] Action link_monitor383
[13:53:28.788] [bmv2] [T] [thread 40066] [12.0] [cxt 0] link_monitor.p4(383) Primitive (bit<32>)standard_metadata.egress_port
[13:53:28.788] [bmv2] [T] [thread 40066] [12.0] [cxt 0] link_monitor.p4(383) Primitive byte_cnt_reg.write((bit<32>)standard_metadata.egress_port, new_byte_cnt)
[13:53:28.788] [bmv2] [T] [thread 40066] [12.0] [cxt 0] Wrote register 'MyEgress.byte_cnt_reg' at index 0 with value 70
[13:53:28.788] [bmv2] [T] [thread 40066] [12.0] [cxt 0] link_monitor.p4(385) Condition "hdr.probe.isValid()" (node_16) is false
[13:53:28.788] [bmv2] [D] [thread 40066] [12.0] [cxt 0] Pipeline 'egress': end
[13:53:28.788] [bmv2] [D] [thread 40066] [12.0] [cxt 0] Deparser 'deparser': start
[13:53:28.788] [bmv2] [T] [thread 40066] [12.0] [cxt 0] Skipping checksum 'cksum' update because condition not met
[13:53:28.788] [bmv2] [D] [thread 40066] [12.0] [cxt 0] Deparsing header 'ethernet'
[13:53:28.788] [bmv2] [D] [thread 40066] [12.0] [cxt 0] Deparser 'deparser': end
[13:53:28.788] [bmv2] [D] [thread 40070] [12.0] [cxt 0] Transmitting packet of size 70 out of port 0
[13:53:29.042] [bmv2] [D] [thread 40065] [13.0] [cxt 0] Processing packet received on port 1
[13:53:29.042] [bmv2] [D] [thread 40065] [13.0] [cxt 0] Parser 'parser': start
[13:53:29.042] [bmv2] [D] [thread 40065] [13.0] [cxt 0] Parser 'parser' entering state 'start'
[13:53:29.042] [bmv2] [D] [thread 40065] [13.0] [cxt 0] Extracting header 'ethernet'
[13:53:29.042] [bmv2] [D] [thread 40065] [13.0] [cxt 0] Parser state 'start': key is 86dd
[13:53:29.042] [bmv2] [T] [thread 40065] [13.0] [cxt 0] Bytes parsed: 14
[13:53:29.042] [bmv2] [D] [thread 40065] [13.0] [cxt 0] Parser 'parser': end
[13:53:29.042] [bmv2] [D] [thread 40065] [13.0] [cxt 0] Pipeline 'ingress': start
[13:53:29.042] [bmv2] [T] [thread 40065] [13.0] [cxt 0] link_monitor.p4(333) Condition "hdr.tcp.isValid()" (node_2) is false
[13:53:29.042] [bmv2] [T] [thread 40065] [13.0] [cxt 0] link_monitor.p4(337) Condition "hdr.ipv4.isValid()" (node_5) is false
[13:53:29.042] [bmv2] [T] [thread 40065] [13.0] [cxt 0] link_monitor.p4(340) Condition "hdr.probe.isValid()" (node_7) is false
[13:53:29.042] [bmv2] [D] [thread 40065] [13.0] [cxt 0] Pipeline 'ingress': end
[13:53:29.042] [bmv2] [D] [thread 40065] [13.0] [cxt 0] Egress port is 0
[13:53:29.043] [bmv2] [D] [thread 40066] [13.0] [cxt 0] Pipeline 'egress': start
[13:53:29.043] [bmv2] [T] [thread 40066] [13.0] [cxt 0] Applying table 'tbl_link_monitor379'
[13:53:29.043] [bmv2] [D] [thread 40066] [13.0] [cxt 0] Looking up key:

[13:53:29.043] [bmv2] [D] [thread 40066] [13.0] [cxt 0] Table 'tbl_link_monitor379': miss
[13:53:29.043] [bmv2] [D] [thread 40066] [13.0] [cxt 0] Action entry is link_monitor379 - 
[13:53:29.043] [bmv2] [T] [thread 40066] [13.0] [cxt 0] Action link_monitor379
[13:53:29.043] [bmv2] [T] [thread 40066] [13.0] [cxt 0] link_monitor.p4(379) Primitive (bit<32>)standard_metadata.egress_port
[13:53:29.043] [bmv2] [T] [thread 40066] [13.0] [cxt 0] link_monitor.p4(379) Primitive byte_cnt_reg.read(byte_cnt, (bit<32>)standard_metadata.egress_port)
[13:53:29.043] [bmv2] [T] [thread 40066] [13.0] [cxt 0] Read register 'MyEgress.byte_cnt_reg' at index 0 read value 70
[13:53:29.043] [bmv2] [T] [thread 40066] [13.0] [cxt 0] link_monitor.p4(380) Primitive byte_cnt = byte_cnt + standard_metadata.packet_length
[13:53:29.043] [bmv2] [T] [thread 40066] [13.0] [cxt 0] link_monitor.p4(382) Condition "hdr.probe.isValid()" (node_12) is false
[13:53:29.043] [bmv2] [T] [thread 40066] [13.0] [cxt 0] Applying table 'tbl_link_monitor382_0'
[13:53:29.043] [bmv2] [D] [thread 40066] [13.0] [cxt 0] Looking up key:

[13:53:29.043] [bmv2] [D] [thread 40066] [13.0] [cxt 0] Table 'tbl_link_monitor382_0': miss
[13:53:29.043] [bmv2] [D] [thread 40066] [13.0] [cxt 0] Action entry is link_monitor382_0 - 
[13:53:29.043] [bmv2] [T] [thread 40066] [13.0] [cxt 0] Action link_monitor382_0
[13:53:29.043] [bmv2] [T] [thread 40066] [13.0] [cxt 0] link_monitor.p4(382) Primitive (hdr.probe.isValid()) ? 0 : byte_cnt
[13:53:29.043] [bmv2] [T] [thread 40066] [13.0] [cxt 0] Applying table 'tbl_link_monitor383'
[13:53:29.043] [bmv2] [D] [thread 40066] [13.0] [cxt 0] Looking up key:

[13:53:29.043] [bmv2] [D] [thread 40066] [13.0] [cxt 0] Table 'tbl_link_monitor383': miss
[13:53:29.043] [bmv2] [D] [thread 40066] [13.0] [cxt 0] Action entry is link_monitor383 - 
[13:53:29.043] [bmv2] [T] [thread 40066] [13.0] [cxt 0] Action link_monitor383
[13:53:29.043] [bmv2] [T] [thread 40066] [13.0] [cxt 0] link_monitor.p4(383) Primitive (bit<32>)standard_metadata.egress_port
[13:53:29.043] [bmv2] [T] [thread 40066] [13.0] [cxt 0] link_monitor.p4(383) Primitive byte_cnt_reg.write((bit<32>)standard_metadata.egress_port, new_byte_cnt)
[13:53:29.043] [bmv2] [T] [thread 40066] [13.0] [cxt 0] Wrote register 'MyEgress.byte_cnt_reg' at index 0 with value 140
[13:53:29.043] [bmv2] [T] [thread 40066] [13.0] [cxt 0] link_monitor.p4(385) Condition "hdr.probe.isValid()" (node_16) is false
[13:53:29.043] [bmv2] [D] [thread 40066] [13.0] [cxt 0] Pipeline 'egress': end
[13:53:29.043] [bmv2] [D] [thread 40066] [13.0] [cxt 0] Deparser 'deparser': start
[13:53:29.043] [bmv2] [T] [thread 40066] [13.0] [cxt 0] Skipping checksum 'cksum' update because condition not met
[13:53:29.043] [bmv2] [D] [thread 40066] [13.0] [cxt 0] Deparsing header 'ethernet'
[13:53:29.043] [bmv2] [D] [thread 40066] [13.0] [cxt 0] Deparser 'deparser': end
[13:53:29.043] [bmv2] [D] [thread 40070] [13.0] [cxt 0] Transmitting packet of size 70 out of port 0
[13:53:29.044] [bmv2] [D] [thread 40065] [14.0] [cxt 0] Processing packet received on port 2
[13:53:29.044] [bmv2] [D] [thread 40065] [14.0] [cxt 0] Parser 'parser': start
[13:53:29.044] [bmv2] [D] [thread 40065] [14.0] [cxt 0] Parser 'parser' entering state 'start'
[13:53:29.044] [bmv2] [D] [thread 40065] [14.0] [cxt 0] Extracting header 'ethernet'
[13:53:29.044] [bmv2] [D] [thread 40065] [14.0] [cxt 0] Parser state 'start': key is 86dd
[13:53:29.044] [bmv2] [T] [thread 40065] [14.0] [cxt 0] Bytes parsed: 14
[13:53:29.044] [bmv2] [D] [thread 40065] [14.0] [cxt 0] Parser 'parser': end
[13:53:29.044] [bmv2] [D] [thread 40065] [14.0] [cxt 0] Pipeline 'ingress': start
[13:53:29.044] [bmv2] [T] [thread 40065] [14.0] [cxt 0] link_monitor.p4(333) Condition "hdr.tcp.isValid()" (node_2) is false
[13:53:29.044] [bmv2] [T] [thread 40065] [14.0] [cxt 0] link_monitor.p4(337) Condition "hdr.ipv4.isValid()" (node_5) is false
[13:53:29.044] [bmv2] [T] [thread 40065] [14.0] [cxt 0] link_monitor.p4(340) Condition "hdr.probe.isValid()" (node_7) is false
[13:53:29.044] [bmv2] [D] [thread 40065] [14.0] [cxt 0] Pipeline 'ingress': end
[13:53:29.044] [bmv2] [D] [thread 40065] [14.0] [cxt 0] Egress port is 0
[13:53:29.044] [bmv2] [D] [thread 40065] [15.0] [cxt 0] Processing packet received on port 2
[13:53:29.044] [bmv2] [D] [thread 40065] [15.0] [cxt 0] Parser 'parser': start
[13:53:29.044] [bmv2] [D] [thread 40065] [15.0] [cxt 0] Parser 'parser' entering state 'start'
[13:53:29.044] [bmv2] [D] [thread 40065] [15.0] [cxt 0] Extracting header 'ethernet'
[13:53:29.044] [bmv2] [D] [thread 40065] [15.0] [cxt 0] Parser state 'start': key is 86dd
[13:53:29.044] [bmv2] [T] [thread 40065] [15.0] [cxt 0] Bytes parsed: 14
[13:53:29.044] [bmv2] [D] [thread 40065] [15.0] [cxt 0] Parser 'parser': end
[13:53:29.044] [bmv2] [D] [thread 40065] [15.0] [cxt 0] Pipeline 'ingress': start
[13:53:29.044] [bmv2] [T] [thread 40065] [15.0] [cxt 0] link_monitor.p4(333) Condition "hdr.tcp.isValid()" (node_2) is false
[13:53:29.044] [bmv2] [T] [thread 40065] [15.0] [cxt 0] link_monitor.p4(337) Condition "hdr.ipv4.isValid()" (node_5) is false
[13:53:29.044] [bmv2] [T] [thread 40065] [15.0] [cxt 0] link_monitor.p4(340) Condition "hdr.probe.isValid()" (node_7) is false
[13:53:29.044] [bmv2] [D] [thread 40065] [15.0] [cxt 0] Pipeline 'ingress': end
[13:53:29.044] [bmv2] [D] [thread 40065] [15.0] [cxt 0] Egress port is 0
[13:53:29.044] [bmv2] [D] [thread 40066] [14.0] [cxt 0] Pipeline 'egress': start
[13:53:29.044] [bmv2] [T] [thread 40066] [14.0] [cxt 0] Applying table 'tbl_link_monitor379'
[13:53:29.044] [bmv2] [D] [thread 40066] [14.0] [cxt 0] Looking up key:

[13:53:29.044] [bmv2] [D] [thread 40066] [14.0] [cxt 0] Table 'tbl_link_monitor379': miss
[13:53:29.044] [bmv2] [D] [thread 40066] [14.0] [cxt 0] Action entry is link_monitor379 - 
[13:53:29.044] [bmv2] [T] [thread 40066] [14.0] [cxt 0] Action link_monitor379
[13:53:29.044] [bmv2] [T] [thread 40066] [14.0] [cxt 0] link_monitor.p4(379) Primitive (bit<32>)standard_metadata.egress_port
[13:53:29.044] [bmv2] [T] [thread 40066] [14.0] [cxt 0] link_monitor.p4(379) Primitive byte_cnt_reg.read(byte_cnt, (bit<32>)standard_metadata.egress_port)
[13:53:29.044] [bmv2] [T] [thread 40066] [14.0] [cxt 0] Read register 'MyEgress.byte_cnt_reg' at index 0 read value 140
[13:53:29.044] [bmv2] [T] [thread 40066] [14.0] [cxt 0] link_monitor.p4(380) Primitive byte_cnt = byte_cnt + standard_metadata.packet_length
[13:53:29.044] [bmv2] [T] [thread 40066] [14.0] [cxt 0] link_monitor.p4(382) Condition "hdr.probe.isValid()" (node_12) is false
[13:53:29.044] [bmv2] [T] [thread 40066] [14.0] [cxt 0] Applying table 'tbl_link_monitor382_0'
[13:53:29.044] [bmv2] [D] [thread 40066] [14.0] [cxt 0] Looking up key:

[13:53:29.044] [bmv2] [D] [thread 40066] [14.0] [cxt 0] Table 'tbl_link_monitor382_0': miss
[13:53:29.044] [bmv2] [D] [thread 40066] [14.0] [cxt 0] Action entry is link_monitor382_0 - 
[13:53:29.044] [bmv2] [T] [thread 40066] [14.0] [cxt 0] Action link_monitor382_0
[13:53:29.044] [bmv2] [T] [thread 40066] [14.0] [cxt 0] link_monitor.p4(382) Primitive (hdr.probe.isValid()) ? 0 : byte_cnt
[13:53:29.044] [bmv2] [T] [thread 40066] [14.0] [cxt 0] Applying table 'tbl_link_monitor383'
[13:53:29.044] [bmv2] [D] [thread 40066] [14.0] [cxt 0] Looking up key:

[13:53:29.044] [bmv2] [D] [thread 40066] [14.0] [cxt 0] Table 'tbl_link_monitor383': miss
[13:53:29.044] [bmv2] [D] [thread 40066] [14.0] [cxt 0] Action entry is link_monitor383 - 
[13:53:29.044] [bmv2] [T] [thread 40066] [14.0] [cxt 0] Action link_monitor383
[13:53:29.044] [bmv2] [T] [thread 40066] [14.0] [cxt 0] link_monitor.p4(383) Primitive (bit<32>)standard_metadata.egress_port
[13:53:29.044] [bmv2] [T] [thread 40066] [14.0] [cxt 0] link_monitor.p4(383) Primitive byte_cnt_reg.write((bit<32>)standard_metadata.egress_port, new_byte_cnt)
[13:53:29.044] [bmv2] [T] [thread 40066] [14.0] [cxt 0] Wrote register 'MyEgress.byte_cnt_reg' at index 0 with value 210
[13:53:29.044] [bmv2] [T] [thread 40066] [14.0] [cxt 0] link_monitor.p4(385) Condition "hdr.probe.isValid()" (node_16) is false
[13:53:29.044] [bmv2] [D] [thread 40066] [14.0] [cxt 0] Pipeline 'egress': end
[13:53:29.044] [bmv2] [D] [thread 40066] [14.0] [cxt 0] Deparser 'deparser': start
[13:53:29.044] [bmv2] [T] [thread 40066] [14.0] [cxt 0] Skipping checksum 'cksum' update because condition not met
[13:53:29.044] [bmv2] [D] [thread 40066] [14.0] [cxt 0] Deparsing header 'ethernet'
[13:53:29.044] [bmv2] [D] [thread 40066] [14.0] [cxt 0] Deparser 'deparser': end
[13:53:29.044] [bmv2] [D] [thread 40066] [15.0] [cxt 0] Pipeline 'egress': start
[13:53:29.044] [bmv2] [T] [thread 40066] [15.0] [cxt 0] Applying table 'tbl_link_monitor379'
[13:53:29.044] [bmv2] [D] [thread 40066] [15.0] [cxt 0] Looking up key:

[13:53:29.044] [bmv2] [D] [thread 40066] [15.0] [cxt 0] Table 'tbl_link_monitor379': miss
[13:53:29.044] [bmv2] [D] [thread 40066] [15.0] [cxt 0] Action entry is link_monitor379 - 
[13:53:29.044] [bmv2] [T] [thread 40066] [15.0] [cxt 0] Action link_monitor379
[13:53:29.044] [bmv2] [T] [thread 40066] [15.0] [cxt 0] link_monitor.p4(379) Primitive (bit<32>)standard_metadata.egress_port
[13:53:29.044] [bmv2] [T] [thread 40066] [15.0] [cxt 0] link_monitor.p4(379) Primitive byte_cnt_reg.read(byte_cnt, (bit<32>)standard_metadata.egress_port)
[13:53:29.044] [bmv2] [T] [thread 40066] [15.0] [cxt 0] Read register 'MyEgress.byte_cnt_reg' at index 0 read value 210
[13:53:29.044] [bmv2] [T] [thread 40066] [15.0] [cxt 0] link_monitor.p4(380) Primitive byte_cnt = byte_cnt + standard_metadata.packet_length
[13:53:29.044] [bmv2] [T] [thread 40066] [15.0] [cxt 0] link_monitor.p4(382) Condition "hdr.probe.isValid()" (node_12) is false
[13:53:29.044] [bmv2] [T] [thread 40066] [15.0] [cxt 0] Applying table 'tbl_link_monitor382_0'
[13:53:29.044] [bmv2] [D] [thread 40066] [15.0] [cxt 0] Looking up key:

[13:53:29.044] [bmv2] [D] [thread 40066] [15.0] [cxt 0] Table 'tbl_link_monitor382_0': miss
[13:53:29.044] [bmv2] [D] [thread 40066] [15.0] [cxt 0] Action entry is link_monitor382_0 - 
[13:53:29.044] [bmv2] [T] [thread 40066] [15.0] [cxt 0] Action link_monitor382_0
[13:53:29.044] [bmv2] [T] [thread 40066] [15.0] [cxt 0] link_monitor.p4(382) Primitive (hdr.probe.isValid()) ? 0 : byte_cnt
[13:53:29.044] [bmv2] [T] [thread 40066] [15.0] [cxt 0] Applying table 'tbl_link_monitor383'
[13:53:29.044] [bmv2] [D] [thread 40066] [15.0] [cxt 0] Looking up key:

[13:53:29.044] [bmv2] [D] [thread 40066] [15.0] [cxt 0] Table 'tbl_link_monitor383': miss
[13:53:29.044] [bmv2] [D] [thread 40066] [15.0] [cxt 0] Action entry is link_monitor383 - 
[13:53:29.044] [bmv2] [T] [thread 40066] [15.0] [cxt 0] Action link_monitor383
[13:53:29.044] [bmv2] [T] [thread 40066] [15.0] [cxt 0] link_monitor.p4(383) Primitive (bit<32>)standard_metadata.egress_port
[13:53:29.044] [bmv2] [T] [thread 40066] [15.0] [cxt 0] link_monitor.p4(383) Primitive byte_cnt_reg.write((bit<32>)standard_metadata.egress_port, new_byte_cnt)
[13:53:29.044] [bmv2] [T] [thread 40066] [15.0] [cxt 0] Wrote register 'MyEgress.byte_cnt_reg' at index 0 with value 280
[13:53:29.044] [bmv2] [T] [thread 40066] [15.0] [cxt 0] link_monitor.p4(385) Condition "hdr.probe.isValid()" (node_16) is false
[13:53:29.044] [bmv2] [D] [thread 40066] [15.0] [cxt 0] Pipeline 'egress': end
[13:53:29.044] [bmv2] [D] [thread 40066] [15.0] [cxt 0] Deparser 'deparser': start
[13:53:29.044] [bmv2] [T] [thread 40066] [15.0] [cxt 0] Skipping checksum 'cksum' update because condition not met
[13:53:29.044] [bmv2] [D] [thread 40066] [15.0] [cxt 0] Deparsing header 'ethernet'
[13:53:29.044] [bmv2] [D] [thread 40066] [15.0] [cxt 0] Deparser 'deparser': end
[13:53:29.044] [bmv2] [D] [thread 40070] [14.0] [cxt 0] Transmitting packet of size 70 out of port 0
[13:53:29.044] [bmv2] [D] [thread 40070] [15.0] [cxt 0] Transmitting packet of size 70 out of port 0
[13:53:36.219] [bmv2] [D] [thread 40065] [16.0] [cxt 0] Processing packet received on port 1
[13:53:36.219] [bmv2] [D] [thread 40065] [16.0] [cxt 0] Parser 'parser': start
[13:53:36.219] [bmv2] [D] [thread 40065] [16.0] [cxt 0] Parser 'parser' entering state 'start'
[13:53:36.219] [bmv2] [D] [thread 40065] [16.0] [cxt 0] Extracting header 'ethernet'
[13:53:36.219] [bmv2] [D] [thread 40065] [16.0] [cxt 0] Parser state 'start': key is 86dd
[13:53:36.219] [bmv2] [T] [thread 40065] [16.0] [cxt 0] Bytes parsed: 14
[13:53:36.219] [bmv2] [D] [thread 40065] [16.0] [cxt 0] Parser 'parser': end
[13:53:36.219] [bmv2] [D] [thread 40065] [16.0] [cxt 0] Pipeline 'ingress': start
[13:53:36.219] [bmv2] [T] [thread 40065] [16.0] [cxt 0] link_monitor.p4(333) Condition "hdr.tcp.isValid()" (node_2) is false
[13:53:36.219] [bmv2] [T] [thread 40065] [16.0] [cxt 0] link_monitor.p4(337) Condition "hdr.ipv4.isValid()" (node_5) is false
[13:53:36.219] [bmv2] [T] [thread 40065] [16.0] [cxt 0] link_monitor.p4(340) Condition "hdr.probe.isValid()" (node_7) is false
[13:53:36.219] [bmv2] [D] [thread 40065] [16.0] [cxt 0] Pipeline 'ingress': end
[13:53:36.219] [bmv2] [D] [thread 40065] [16.0] [cxt 0] Egress port is 0
[13:53:36.220] [bmv2] [D] [thread 40066] [16.0] [cxt 0] Pipeline 'egress': start
[13:53:36.220] [bmv2] [T] [thread 40066] [16.0] [cxt 0] Applying table 'tbl_link_monitor379'
[13:53:36.220] [bmv2] [D] [thread 40066] [16.0] [cxt 0] Looking up key:

[13:53:36.220] [bmv2] [D] [thread 40066] [16.0] [cxt 0] Table 'tbl_link_monitor379': miss
[13:53:36.220] [bmv2] [D] [thread 40066] [16.0] [cxt 0] Action entry is link_monitor379 - 
[13:53:36.220] [bmv2] [T] [thread 40066] [16.0] [cxt 0] Action link_monitor379
[13:53:36.220] [bmv2] [T] [thread 40066] [16.0] [cxt 0] link_monitor.p4(379) Primitive (bit<32>)standard_metadata.egress_port
[13:53:36.220] [bmv2] [T] [thread 40066] [16.0] [cxt 0] link_monitor.p4(379) Primitive byte_cnt_reg.read(byte_cnt, (bit<32>)standard_metadata.egress_port)
[13:53:36.220] [bmv2] [T] [thread 40066] [16.0] [cxt 0] Read register 'MyEgress.byte_cnt_reg' at index 0 read value 280
[13:53:36.220] [bmv2] [T] [thread 40066] [16.0] [cxt 0] link_monitor.p4(380) Primitive byte_cnt = byte_cnt + standard_metadata.packet_length
[13:53:36.220] [bmv2] [T] [thread 40066] [16.0] [cxt 0] link_monitor.p4(382) Condition "hdr.probe.isValid()" (node_12) is false
[13:53:36.220] [bmv2] [T] [thread 40066] [16.0] [cxt 0] Applying table 'tbl_link_monitor382_0'
[13:53:36.220] [bmv2] [D] [thread 40066] [16.0] [cxt 0] Looking up key:

[13:53:36.220] [bmv2] [D] [thread 40066] [16.0] [cxt 0] Table 'tbl_link_monitor382_0': miss
[13:53:36.220] [bmv2] [D] [thread 40066] [16.0] [cxt 0] Action entry is link_monitor382_0 - 
[13:53:36.220] [bmv2] [T] [thread 40066] [16.0] [cxt 0] Action link_monitor382_0
[13:53:36.220] [bmv2] [T] [thread 40066] [16.0] [cxt 0] link_monitor.p4(382) Primitive (hdr.probe.isValid()) ? 0 : byte_cnt
[13:53:36.220] [bmv2] [T] [thread 40066] [16.0] [cxt 0] Applying table 'tbl_link_monitor383'
[13:53:36.220] [bmv2] [D] [thread 40066] [16.0] [cxt 0] Looking up key:

[13:53:36.220] [bmv2] [D] [thread 40066] [16.0] [cxt 0] Table 'tbl_link_monitor383': miss
[13:53:36.220] [bmv2] [D] [thread 40066] [16.0] [cxt 0] Action entry is link_monitor383 - 
[13:53:36.220] [bmv2] [T] [thread 40066] [16.0] [cxt 0] Action link_monitor383
[13:53:36.220] [bmv2] [T] [thread 40066] [16.0] [cxt 0] link_monitor.p4(383) Primitive (bit<32>)standard_metadata.egress_port
[13:53:36.220] [bmv2] [T] [thread 40066] [16.0] [cxt 0] link_monitor.p4(383) Primitive byte_cnt_reg.write((bit<32>)standard_metadata.egress_port, new_byte_cnt)
[13:53:36.220] [bmv2] [T] [thread 40066] [16.0] [cxt 0] Wrote register 'MyEgress.byte_cnt_reg' at index 0 with value 350
[13:53:36.220] [bmv2] [T] [thread 40066] [16.0] [cxt 0] link_monitor.p4(385) Condition "hdr.probe.isValid()" (node_16) is false
[13:53:36.220] [bmv2] [D] [thread 40066] [16.0] [cxt 0] Pipeline 'egress': end
[13:53:36.220] [bmv2] [D] [thread 40066] [16.0] [cxt 0] Deparser 'deparser': start
[13:53:36.220] [bmv2] [T] [thread 40066] [16.0] [cxt 0] Skipping checksum 'cksum' update because condition not met
[13:53:36.220] [bmv2] [D] [thread 40066] [16.0] [cxt 0] Deparsing header 'ethernet'
[13:53:36.220] [bmv2] [D] [thread 40066] [16.0] [cxt 0] Deparser 'deparser': end
[13:53:36.220] [bmv2] [D] [thread 40070] [16.0] [cxt 0] Transmitting packet of size 70 out of port 0
[13:53:36.721] [bmv2] [D] [thread 40065] [17.0] [cxt 0] Processing packet received on port 2
[13:53:36.721] [bmv2] [D] [thread 40065] [17.0] [cxt 0] Parser 'parser': start
[13:53:36.721] [bmv2] [D] [thread 40065] [17.0] [cxt 0] Parser 'parser' entering state 'start'
[13:53:36.721] [bmv2] [D] [thread 40065] [17.0] [cxt 0] Extracting header 'ethernet'
[13:53:36.721] [bmv2] [D] [thread 40065] [17.0] [cxt 0] Parser state 'start': key is 86dd
[13:53:36.721] [bmv2] [T] [thread 40065] [17.0] [cxt 0] Bytes parsed: 14
[13:53:36.721] [bmv2] [D] [thread 40065] [17.0] [cxt 0] Parser 'parser': end
[13:53:36.721] [bmv2] [D] [thread 40065] [17.0] [cxt 0] Pipeline 'ingress': start
[13:53:36.721] [bmv2] [T] [thread 40065] [17.0] [cxt 0] link_monitor.p4(333) Condition "hdr.tcp.isValid()" (node_2) is false
[13:53:36.721] [bmv2] [T] [thread 40065] [17.0] [cxt 0] link_monitor.p4(337) Condition "hdr.ipv4.isValid()" (node_5) is false
[13:53:36.721] [bmv2] [T] [thread 40065] [17.0] [cxt 0] link_monitor.p4(340) Condition "hdr.probe.isValid()" (node_7) is false
[13:53:36.721] [bmv2] [D] [thread 40065] [17.0] [cxt 0] Pipeline 'ingress': end
[13:53:36.721] [bmv2] [D] [thread 40065] [17.0] [cxt 0] Egress port is 0
[13:53:36.722] [bmv2] [D] [thread 40066] [17.0] [cxt 0] Pipeline 'egress': start
[13:53:36.722] [bmv2] [T] [thread 40066] [17.0] [cxt 0] Applying table 'tbl_link_monitor379'
[13:53:36.722] [bmv2] [D] [thread 40066] [17.0] [cxt 0] Looking up key:

[13:53:36.722] [bmv2] [D] [thread 40066] [17.0] [cxt 0] Table 'tbl_link_monitor379': miss
[13:53:36.722] [bmv2] [D] [thread 40066] [17.0] [cxt 0] Action entry is link_monitor379 - 
[13:53:36.722] [bmv2] [T] [thread 40066] [17.0] [cxt 0] Action link_monitor379
[13:53:36.722] [bmv2] [T] [thread 40066] [17.0] [cxt 0] link_monitor.p4(379) Primitive (bit<32>)standard_metadata.egress_port
[13:53:36.722] [bmv2] [T] [thread 40066] [17.0] [cxt 0] link_monitor.p4(379) Primitive byte_cnt_reg.read(byte_cnt, (bit<32>)standard_metadata.egress_port)
[13:53:36.722] [bmv2] [T] [thread 40066] [17.0] [cxt 0] Read register 'MyEgress.byte_cnt_reg' at index 0 read value 350
[13:53:36.722] [bmv2] [T] [thread 40066] [17.0] [cxt 0] link_monitor.p4(380) Primitive byte_cnt = byte_cnt + standard_metadata.packet_length
[13:53:36.722] [bmv2] [T] [thread 40066] [17.0] [cxt 0] link_monitor.p4(382) Condition "hdr.probe.isValid()" (node_12) is false
[13:53:36.722] [bmv2] [T] [thread 40066] [17.0] [cxt 0] Applying table 'tbl_link_monitor382_0'
[13:53:36.722] [bmv2] [D] [thread 40066] [17.0] [cxt 0] Looking up key:

[13:53:36.722] [bmv2] [D] [thread 40066] [17.0] [cxt 0] Table 'tbl_link_monitor382_0': miss
[13:53:36.722] [bmv2] [D] [thread 40066] [17.0] [cxt 0] Action entry is link_monitor382_0 - 
[13:53:36.722] [bmv2] [T] [thread 40066] [17.0] [cxt 0] Action link_monitor382_0
[13:53:36.722] [bmv2] [T] [thread 40066] [17.0] [cxt 0] link_monitor.p4(382) Primitive (hdr.probe.isValid()) ? 0 : byte_cnt
[13:53:36.722] [bmv2] [T] [thread 40066] [17.0] [cxt 0] Applying table 'tbl_link_monitor383'
[13:53:36.722] [bmv2] [D] [thread 40066] [17.0] [cxt 0] Looking up key:

[13:53:36.722] [bmv2] [D] [thread 40066] [17.0] [cxt 0] Table 'tbl_link_monitor383': miss
[13:53:36.722] [bmv2] [D] [thread 40066] [17.0] [cxt 0] Action entry is link_monitor383 - 
[13:53:36.722] [bmv2] [T] [thread 40066] [17.0] [cxt 0] Action link_monitor383
[13:53:36.722] [bmv2] [T] [thread 40066] [17.0] [cxt 0] link_monitor.p4(383) Primitive (bit<32>)standard_metadata.egress_port
[13:53:36.722] [bmv2] [T] [thread 40066] [17.0] [cxt 0] link_monitor.p4(383) Primitive byte_cnt_reg.write((bit<32>)standard_metadata.egress_port, new_byte_cnt)
[13:53:36.722] [bmv2] [T] [thread 40066] [17.0] [cxt 0] Wrote register 'MyEgress.byte_cnt_reg' at index 0 with value 420
[13:53:36.722] [bmv2] [T] [thread 40066] [17.0] [cxt 0] link_monitor.p4(385) Condition "hdr.probe.isValid()" (node_16) is false
[13:53:36.722] [bmv2] [D] [thread 40066] [17.0] [cxt 0] Pipeline 'egress': end
[13:53:36.722] [bmv2] [D] [thread 40066] [17.0] [cxt 0] Deparser 'deparser': start
[13:53:36.722] [bmv2] [T] [thread 40066] [17.0] [cxt 0] Skipping checksum 'cksum' update because condition not met
[13:53:36.722] [bmv2] [D] [thread 40066] [17.0] [cxt 0] Deparsing header 'ethernet'
[13:53:36.722] [bmv2] [D] [thread 40066] [17.0] [cxt 0] Deparser 'deparser': end
[13:53:36.722] [bmv2] [D] [thread 40070] [17.0] [cxt 0] Transmitting packet of size 70 out of port 0
[13:53:37.234] [bmv2] [D] [thread 40065] [18.0] [cxt 0] Processing packet received on port 1
[13:53:37.234] [bmv2] [D] [thread 40065] [18.0] [cxt 0] Parser 'parser': start
[13:53:37.234] [bmv2] [D] [thread 40065] [18.0] [cxt 0] Parser 'parser' entering state 'start'
[13:53:37.234] [bmv2] [D] [thread 40065] [18.0] [cxt 0] Extracting header 'ethernet'
[13:53:37.234] [bmv2] [D] [thread 40065] [18.0] [cxt 0] Parser state 'start': key is 86dd
[13:53:37.234] [bmv2] [T] [thread 40065] [18.0] [cxt 0] Bytes parsed: 14
[13:53:37.234] [bmv2] [D] [thread 40065] [18.0] [cxt 0] Parser 'parser': end
[13:53:37.234] [bmv2] [D] [thread 40065] [18.0] [cxt 0] Pipeline 'ingress': start
[13:53:37.234] [bmv2] [T] [thread 40065] [18.0] [cxt 0] link_monitor.p4(333) Condition "hdr.tcp.isValid()" (node_2) is false
[13:53:37.234] [bmv2] [T] [thread 40065] [18.0] [cxt 0] link_monitor.p4(337) Condition "hdr.ipv4.isValid()" (node_5) is false
[13:53:37.234] [bmv2] [T] [thread 40065] [18.0] [cxt 0] link_monitor.p4(340) Condition "hdr.probe.isValid()" (node_7) is false
[13:53:37.234] [bmv2] [D] [thread 40065] [18.0] [cxt 0] Pipeline 'ingress': end
[13:53:37.234] [bmv2] [D] [thread 40065] [18.0] [cxt 0] Egress port is 0
[13:53:37.234] [bmv2] [D] [thread 40066] [18.0] [cxt 0] Pipeline 'egress': start
[13:53:37.234] [bmv2] [T] [thread 40066] [18.0] [cxt 0] Applying table 'tbl_link_monitor379'
[13:53:37.234] [bmv2] [D] [thread 40066] [18.0] [cxt 0] Looking up key:

[13:53:37.234] [bmv2] [D] [thread 40066] [18.0] [cxt 0] Table 'tbl_link_monitor379': miss
[13:53:37.234] [bmv2] [D] [thread 40066] [18.0] [cxt 0] Action entry is link_monitor379 - 
[13:53:37.234] [bmv2] [T] [thread 40066] [18.0] [cxt 0] Action link_monitor379
[13:53:37.234] [bmv2] [T] [thread 40066] [18.0] [cxt 0] link_monitor.p4(379) Primitive (bit<32>)standard_metadata.egress_port
[13:53:37.234] [bmv2] [T] [thread 40066] [18.0] [cxt 0] link_monitor.p4(379) Primitive byte_cnt_reg.read(byte_cnt, (bit<32>)standard_metadata.egress_port)
[13:53:37.234] [bmv2] [T] [thread 40066] [18.0] [cxt 0] Read register 'MyEgress.byte_cnt_reg' at index 0 read value 420
[13:53:37.234] [bmv2] [T] [thread 40066] [18.0] [cxt 0] link_monitor.p4(380) Primitive byte_cnt = byte_cnt + standard_metadata.packet_length
[13:53:37.234] [bmv2] [T] [thread 40066] [18.0] [cxt 0] link_monitor.p4(382) Condition "hdr.probe.isValid()" (node_12) is false
[13:53:37.234] [bmv2] [T] [thread 40066] [18.0] [cxt 0] Applying table 'tbl_link_monitor382_0'
[13:53:37.234] [bmv2] [D] [thread 40066] [18.0] [cxt 0] Looking up key:

[13:53:37.234] [bmv2] [D] [thread 40066] [18.0] [cxt 0] Table 'tbl_link_monitor382_0': miss
[13:53:37.234] [bmv2] [D] [thread 40066] [18.0] [cxt 0] Action entry is link_monitor382_0 - 
[13:53:37.234] [bmv2] [T] [thread 40066] [18.0] [cxt 0] Action link_monitor382_0
[13:53:37.234] [bmv2] [T] [thread 40066] [18.0] [cxt 0] link_monitor.p4(382) Primitive (hdr.probe.isValid()) ? 0 : byte_cnt
[13:53:37.234] [bmv2] [T] [thread 40066] [18.0] [cxt 0] Applying table 'tbl_link_monitor383'
[13:53:37.234] [bmv2] [D] [thread 40066] [18.0] [cxt 0] Looking up key:

[13:53:37.234] [bmv2] [D] [thread 40066] [18.0] [cxt 0] Table 'tbl_link_monitor383': miss
[13:53:37.234] [bmv2] [D] [thread 40066] [18.0] [cxt 0] Action entry is link_monitor383 - 
[13:53:37.234] [bmv2] [T] [thread 40066] [18.0] [cxt 0] Action link_monitor383
[13:53:37.234] [bmv2] [T] [thread 40066] [18.0] [cxt 0] link_monitor.p4(383) Primitive (bit<32>)standard_metadata.egress_port
[13:53:37.234] [bmv2] [T] [thread 40066] [18.0] [cxt 0] link_monitor.p4(383) Primitive byte_cnt_reg.write((bit<32>)standard_metadata.egress_port, new_byte_cnt)
[13:53:37.234] [bmv2] [T] [thread 40066] [18.0] [cxt 0] Wrote register 'MyEgress.byte_cnt_reg' at index 0 with value 490
[13:53:37.234] [bmv2] [T] [thread 40066] [18.0] [cxt 0] link_monitor.p4(385) Condition "hdr.probe.isValid()" (node_16) is false
[13:53:37.234] [bmv2] [D] [thread 40066] [18.0] [cxt 0] Pipeline 'egress': end
[13:53:37.234] [bmv2] [D] [thread 40066] [18.0] [cxt 0] Deparser 'deparser': start
[13:53:37.234] [bmv2] [T] [thread 40066] [18.0] [cxt 0] Skipping checksum 'cksum' update because condition not met
[13:53:37.234] [bmv2] [D] [thread 40066] [18.0] [cxt 0] Deparsing header 'ethernet'
[13:53:37.234] [bmv2] [D] [thread 40066] [18.0] [cxt 0] Deparser 'deparser': end
[13:53:37.234] [bmv2] [D] [thread 40070] [18.0] [cxt 0] Transmitting packet of size 70 out of port 0
[13:53:37.494] [bmv2] [D] [thread 40065] [19.0] [cxt 0] Processing packet received on port 2
[13:53:37.494] [bmv2] [D] [thread 40065] [19.0] [cxt 0] Parser 'parser': start
[13:53:37.494] [bmv2] [D] [thread 40065] [19.0] [cxt 0] Parser 'parser' entering state 'start'
[13:53:37.494] [bmv2] [D] [thread 40065] [19.0] [cxt 0] Extracting header 'ethernet'
[13:53:37.494] [bmv2] [D] [thread 40065] [19.0] [cxt 0] Parser state 'start': key is 86dd
[13:53:37.494] [bmv2] [T] [thread 40065] [19.0] [cxt 0] Bytes parsed: 14
[13:53:37.494] [bmv2] [D] [thread 40065] [19.0] [cxt 0] Parser 'parser': end
[13:53:37.494] [bmv2] [D] [thread 40065] [19.0] [cxt 0] Pipeline 'ingress': start
[13:53:37.494] [bmv2] [T] [thread 40065] [19.0] [cxt 0] link_monitor.p4(333) Condition "hdr.tcp.isValid()" (node_2) is false
[13:53:37.494] [bmv2] [T] [thread 40065] [19.0] [cxt 0] link_monitor.p4(337) Condition "hdr.ipv4.isValid()" (node_5) is false
[13:53:37.494] [bmv2] [T] [thread 40065] [19.0] [cxt 0] link_monitor.p4(340) Condition "hdr.probe.isValid()" (node_7) is false
[13:53:37.494] [bmv2] [D] [thread 40065] [19.0] [cxt 0] Pipeline 'ingress': end
[13:53:37.494] [bmv2] [D] [thread 40065] [19.0] [cxt 0] Egress port is 0
[13:53:37.494] [bmv2] [D] [thread 40066] [19.0] [cxt 0] Pipeline 'egress': start
[13:53:37.494] [bmv2] [T] [thread 40066] [19.0] [cxt 0] Applying table 'tbl_link_monitor379'
[13:53:37.494] [bmv2] [D] [thread 40066] [19.0] [cxt 0] Looking up key:

[13:53:37.494] [bmv2] [D] [thread 40066] [19.0] [cxt 0] Table 'tbl_link_monitor379': miss
[13:53:37.494] [bmv2] [D] [thread 40066] [19.0] [cxt 0] Action entry is link_monitor379 - 
[13:53:37.494] [bmv2] [T] [thread 40066] [19.0] [cxt 0] Action link_monitor379
[13:53:37.494] [bmv2] [T] [thread 40066] [19.0] [cxt 0] link_monitor.p4(379) Primitive (bit<32>)standard_metadata.egress_port
[13:53:37.494] [bmv2] [T] [thread 40066] [19.0] [cxt 0] link_monitor.p4(379) Primitive byte_cnt_reg.read(byte_cnt, (bit<32>)standard_metadata.egress_port)
[13:53:37.494] [bmv2] [T] [thread 40066] [19.0] [cxt 0] Read register 'MyEgress.byte_cnt_reg' at index 0 read value 490
[13:53:37.494] [bmv2] [T] [thread 40066] [19.0] [cxt 0] link_monitor.p4(380) Primitive byte_cnt = byte_cnt + standard_metadata.packet_length
[13:53:37.494] [bmv2] [T] [thread 40066] [19.0] [cxt 0] link_monitor.p4(382) Condition "hdr.probe.isValid()" (node_12) is false
[13:53:37.494] [bmv2] [T] [thread 40066] [19.0] [cxt 0] Applying table 'tbl_link_monitor382_0'
[13:53:37.494] [bmv2] [D] [thread 40066] [19.0] [cxt 0] Looking up key:

[13:53:37.494] [bmv2] [D] [thread 40066] [19.0] [cxt 0] Table 'tbl_link_monitor382_0': miss
[13:53:37.494] [bmv2] [D] [thread 40066] [19.0] [cxt 0] Action entry is link_monitor382_0 - 
[13:53:37.494] [bmv2] [T] [thread 40066] [19.0] [cxt 0] Action link_monitor382_0
[13:53:37.494] [bmv2] [T] [thread 40066] [19.0] [cxt 0] link_monitor.p4(382) Primitive (hdr.probe.isValid()) ? 0 : byte_cnt
[13:53:37.494] [bmv2] [T] [thread 40066] [19.0] [cxt 0] Applying table 'tbl_link_monitor383'
[13:53:37.494] [bmv2] [D] [thread 40066] [19.0] [cxt 0] Looking up key:

[13:53:37.494] [bmv2] [D] [thread 40066] [19.0] [cxt 0] Table 'tbl_link_monitor383': miss
[13:53:37.494] [bmv2] [D] [thread 40066] [19.0] [cxt 0] Action entry is link_monitor383 - 
[13:53:37.494] [bmv2] [T] [thread 40066] [19.0] [cxt 0] Action link_monitor383
[13:53:37.494] [bmv2] [T] [thread 40066] [19.0] [cxt 0] link_monitor.p4(383) Primitive (bit<32>)standard_metadata.egress_port
[13:53:37.494] [bmv2] [T] [thread 40066] [19.0] [cxt 0] link_monitor.p4(383) Primitive byte_cnt_reg.write((bit<32>)standard_metadata.egress_port, new_byte_cnt)
[13:53:37.494] [bmv2] [T] [thread 40066] [19.0] [cxt 0] Wrote register 'MyEgress.byte_cnt_reg' at index 0 with value 560
[13:53:37.494] [bmv2] [T] [thread 40066] [19.0] [cxt 0] link_monitor.p4(385) Condition "hdr.probe.isValid()" (node_16) is false
[13:53:37.494] [bmv2] [D] [thread 40066] [19.0] [cxt 0] Pipeline 'egress': end
[13:53:37.494] [bmv2] [D] [thread 40066] [19.0] [cxt 0] Deparser 'deparser': start
[13:53:37.494] [bmv2] [T] [thread 40066] [19.0] [cxt 0] Skipping checksum 'cksum' update because condition not met
[13:53:37.494] [bmv2] [D] [thread 40066] [19.0] [cxt 0] Deparsing header 'ethernet'
[13:53:37.494] [bmv2] [D] [thread 40066] [19.0] [cxt 0] Deparser 'deparser': end
[13:53:37.494] [bmv2] [D] [thread 40070] [19.0] [cxt 0] Transmitting packet of size 70 out of port 0
[13:53:50.290] [bmv2] [D] [thread 40065] [20.0] [cxt 0] Processing packet received on port 1
[13:53:50.290] [bmv2] [D] [thread 40065] [20.0] [cxt 0] Parser 'parser': start
[13:53:50.290] [bmv2] [D] [thread 40065] [20.0] [cxt 0] Parser 'parser' entering state 'start'
[13:53:50.290] [bmv2] [D] [thread 40065] [20.0] [cxt 0] Extracting header 'ethernet'
[13:53:50.290] [bmv2] [D] [thread 40065] [20.0] [cxt 0] Parser state 'start': key is 86dd
[13:53:50.290] [bmv2] [T] [thread 40065] [20.0] [cxt 0] Bytes parsed: 14
[13:53:50.290] [bmv2] [D] [thread 40065] [20.0] [cxt 0] Parser 'parser': end
[13:53:50.290] [bmv2] [D] [thread 40065] [20.0] [cxt 0] Pipeline 'ingress': start
[13:53:50.290] [bmv2] [T] [thread 40065] [20.0] [cxt 0] link_monitor.p4(333) Condition "hdr.tcp.isValid()" (node_2) is false
[13:53:50.290] [bmv2] [T] [thread 40065] [20.0] [cxt 0] link_monitor.p4(337) Condition "hdr.ipv4.isValid()" (node_5) is false
[13:53:50.290] [bmv2] [T] [thread 40065] [20.0] [cxt 0] link_monitor.p4(340) Condition "hdr.probe.isValid()" (node_7) is false
[13:53:50.290] [bmv2] [D] [thread 40065] [20.0] [cxt 0] Pipeline 'ingress': end
[13:53:50.290] [bmv2] [D] [thread 40065] [20.0] [cxt 0] Egress port is 0
[13:53:50.291] [bmv2] [D] [thread 40066] [20.0] [cxt 0] Pipeline 'egress': start
[13:53:50.291] [bmv2] [T] [thread 40066] [20.0] [cxt 0] Applying table 'tbl_link_monitor379'
[13:53:50.291] [bmv2] [D] [thread 40066] [20.0] [cxt 0] Looking up key:

[13:53:50.291] [bmv2] [D] [thread 40066] [20.0] [cxt 0] Table 'tbl_link_monitor379': miss
[13:53:50.291] [bmv2] [D] [thread 40066] [20.0] [cxt 0] Action entry is link_monitor379 - 
[13:53:50.291] [bmv2] [T] [thread 40066] [20.0] [cxt 0] Action link_monitor379
[13:53:50.291] [bmv2] [T] [thread 40066] [20.0] [cxt 0] link_monitor.p4(379) Primitive (bit<32>)standard_metadata.egress_port
[13:53:50.291] [bmv2] [T] [thread 40066] [20.0] [cxt 0] link_monitor.p4(379) Primitive byte_cnt_reg.read(byte_cnt, (bit<32>)standard_metadata.egress_port)
[13:53:50.291] [bmv2] [T] [thread 40066] [20.0] [cxt 0] Read register 'MyEgress.byte_cnt_reg' at index 0 read value 560
[13:53:50.291] [bmv2] [T] [thread 40066] [20.0] [cxt 0] link_monitor.p4(380) Primitive byte_cnt = byte_cnt + standard_metadata.packet_length
[13:53:50.291] [bmv2] [T] [thread 40066] [20.0] [cxt 0] link_monitor.p4(382) Condition "hdr.probe.isValid()" (node_12) is false
[13:53:50.291] [bmv2] [T] [thread 40066] [20.0] [cxt 0] Applying table 'tbl_link_monitor382_0'
[13:53:50.291] [bmv2] [D] [thread 40066] [20.0] [cxt 0] Looking up key:

[13:53:50.291] [bmv2] [D] [thread 40066] [20.0] [cxt 0] Table 'tbl_link_monitor382_0': miss
[13:53:50.291] [bmv2] [D] [thread 40066] [20.0] [cxt 0] Action entry is link_monitor382_0 - 
[13:53:50.291] [bmv2] [T] [thread 40066] [20.0] [cxt 0] Action link_monitor382_0
[13:53:50.291] [bmv2] [T] [thread 40066] [20.0] [cxt 0] link_monitor.p4(382) Primitive (hdr.probe.isValid()) ? 0 : byte_cnt
[13:53:50.291] [bmv2] [T] [thread 40066] [20.0] [cxt 0] Applying table 'tbl_link_monitor383'
[13:53:50.291] [bmv2] [D] [thread 40066] [20.0] [cxt 0] Looking up key:

[13:53:50.291] [bmv2] [D] [thread 40066] [20.0] [cxt 0] Table 'tbl_link_monitor383': miss
[13:53:50.291] [bmv2] [D] [thread 40066] [20.0] [cxt 0] Action entry is link_monitor383 - 
[13:53:50.291] [bmv2] [T] [thread 40066] [20.0] [cxt 0] Action link_monitor383
[13:53:50.291] [bmv2] [T] [thread 40066] [20.0] [cxt 0] link_monitor.p4(383) Primitive (bit<32>)standard_metadata.egress_port
[13:53:50.291] [bmv2] [T] [thread 40066] [20.0] [cxt 0] link_monitor.p4(383) Primitive byte_cnt_reg.write((bit<32>)standard_metadata.egress_port, new_byte_cnt)
[13:53:50.291] [bmv2] [T] [thread 40066] [20.0] [cxt 0] Wrote register 'MyEgress.byte_cnt_reg' at index 0 with value 630
[13:53:50.291] [bmv2] [T] [thread 40066] [20.0] [cxt 0] link_monitor.p4(385) Condition "hdr.probe.isValid()" (node_16) is false
[13:53:50.291] [bmv2] [D] [thread 40066] [20.0] [cxt 0] Pipeline 'egress': end
[13:53:50.291] [bmv2] [D] [thread 40066] [20.0] [cxt 0] Deparser 'deparser': start
[13:53:50.291] [bmv2] [T] [thread 40066] [20.0] [cxt 0] Skipping checksum 'cksum' update because condition not met
[13:53:50.291] [bmv2] [D] [thread 40066] [20.0] [cxt 0] Deparsing header 'ethernet'
[13:53:50.291] [bmv2] [D] [thread 40066] [20.0] [cxt 0] Deparser 'deparser': end
[13:53:50.291] [bmv2] [D] [thread 40070] [20.0] [cxt 0] Transmitting packet of size 70 out of port 0
[13:53:51.315] [bmv2] [D] [thread 40065] [21.0] [cxt 0] Processing packet received on port 2
[13:53:51.315] [bmv2] [D] [thread 40065] [21.0] [cxt 0] Parser 'parser': start
[13:53:51.315] [bmv2] [D] [thread 40065] [21.0] [cxt 0] Parser 'parser' entering state 'start'
[13:53:51.315] [bmv2] [D] [thread 40065] [21.0] [cxt 0] Extracting header 'ethernet'
[13:53:51.315] [bmv2] [D] [thread 40065] [21.0] [cxt 0] Parser state 'start': key is 86dd
[13:53:51.315] [bmv2] [T] [thread 40065] [21.0] [cxt 0] Bytes parsed: 14
[13:53:51.315] [bmv2] [D] [thread 40065] [21.0] [cxt 0] Parser 'parser': end
[13:53:51.315] [bmv2] [D] [thread 40065] [21.0] [cxt 0] Pipeline 'ingress': start
[13:53:51.315] [bmv2] [T] [thread 40065] [21.0] [cxt 0] link_monitor.p4(333) Condition "hdr.tcp.isValid()" (node_2) is false
[13:53:51.315] [bmv2] [T] [thread 40065] [21.0] [cxt 0] link_monitor.p4(337) Condition "hdr.ipv4.isValid()" (node_5) is false
[13:53:51.315] [bmv2] [T] [thread 40065] [21.0] [cxt 0] link_monitor.p4(340) Condition "hdr.probe.isValid()" (node_7) is false
[13:53:51.315] [bmv2] [D] [thread 40065] [21.0] [cxt 0] Pipeline 'ingress': end
[13:53:51.315] [bmv2] [D] [thread 40065] [21.0] [cxt 0] Egress port is 0
[13:53:51.316] [bmv2] [D] [thread 40066] [21.0] [cxt 0] Pipeline 'egress': start
[13:53:51.316] [bmv2] [T] [thread 40066] [21.0] [cxt 0] Applying table 'tbl_link_monitor379'
[13:53:51.316] [bmv2] [D] [thread 40066] [21.0] [cxt 0] Looking up key:

[13:53:51.316] [bmv2] [D] [thread 40066] [21.0] [cxt 0] Table 'tbl_link_monitor379': miss
[13:53:51.316] [bmv2] [D] [thread 40066] [21.0] [cxt 0] Action entry is link_monitor379 - 
[13:53:51.316] [bmv2] [T] [thread 40066] [21.0] [cxt 0] Action link_monitor379
[13:53:51.316] [bmv2] [T] [thread 40066] [21.0] [cxt 0] link_monitor.p4(379) Primitive (bit<32>)standard_metadata.egress_port
[13:53:51.316] [bmv2] [T] [thread 40066] [21.0] [cxt 0] link_monitor.p4(379) Primitive byte_cnt_reg.read(byte_cnt, (bit<32>)standard_metadata.egress_port)
[13:53:51.316] [bmv2] [T] [thread 40066] [21.0] [cxt 0] Read register 'MyEgress.byte_cnt_reg' at index 0 read value 630
[13:53:51.316] [bmv2] [T] [thread 40066] [21.0] [cxt 0] link_monitor.p4(380) Primitive byte_cnt = byte_cnt + standard_metadata.packet_length
[13:53:51.316] [bmv2] [T] [thread 40066] [21.0] [cxt 0] link_monitor.p4(382) Condition "hdr.probe.isValid()" (node_12) is false
[13:53:51.316] [bmv2] [T] [thread 40066] [21.0] [cxt 0] Applying table 'tbl_link_monitor382_0'
[13:53:51.316] [bmv2] [D] [thread 40066] [21.0] [cxt 0] Looking up key:

[13:53:51.316] [bmv2] [D] [thread 40066] [21.0] [cxt 0] Table 'tbl_link_monitor382_0': miss
[13:53:51.316] [bmv2] [D] [thread 40066] [21.0] [cxt 0] Action entry is link_monitor382_0 - 
[13:53:51.316] [bmv2] [T] [thread 40066] [21.0] [cxt 0] Action link_monitor382_0
[13:53:51.316] [bmv2] [T] [thread 40066] [21.0] [cxt 0] link_monitor.p4(382) Primitive (hdr.probe.isValid()) ? 0 : byte_cnt
[13:53:51.316] [bmv2] [T] [thread 40066] [21.0] [cxt 0] Applying table 'tbl_link_monitor383'
[13:53:51.316] [bmv2] [D] [thread 40066] [21.0] [cxt 0] Looking up key:

[13:53:51.316] [bmv2] [D] [thread 40066] [21.0] [cxt 0] Table 'tbl_link_monitor383': miss
[13:53:51.316] [bmv2] [D] [thread 40066] [21.0] [cxt 0] Action entry is link_monitor383 - 
[13:53:51.316] [bmv2] [T] [thread 40066] [21.0] [cxt 0] Action link_monitor383
[13:53:51.316] [bmv2] [T] [thread 40066] [21.0] [cxt 0] link_monitor.p4(383) Primitive (bit<32>)standard_metadata.egress_port
[13:53:51.316] [bmv2] [T] [thread 40066] [21.0] [cxt 0] link_monitor.p4(383) Primitive byte_cnt_reg.write((bit<32>)standard_metadata.egress_port, new_byte_cnt)
[13:53:51.316] [bmv2] [T] [thread 40066] [21.0] [cxt 0] Wrote register 'MyEgress.byte_cnt_reg' at index 0 with value 700
[13:53:51.316] [bmv2] [T] [thread 40066] [21.0] [cxt 0] link_monitor.p4(385) Condition "hdr.probe.isValid()" (node_16) is false
[13:53:51.316] [bmv2] [D] [thread 40066] [21.0] [cxt 0] Pipeline 'egress': end
[13:53:51.316] [bmv2] [D] [thread 40066] [21.0] [cxt 0] Deparser 'deparser': start
[13:53:51.316] [bmv2] [T] [thread 40066] [21.0] [cxt 0] Skipping checksum 'cksum' update because condition not met
[13:53:51.316] [bmv2] [D] [thread 40066] [21.0] [cxt 0] Deparsing header 'ethernet'
[13:53:51.316] [bmv2] [D] [thread 40066] [21.0] [cxt 0] Deparser 'deparser': end
[13:53:51.316] [bmv2] [D] [thread 40070] [21.0] [cxt 0] Transmitting packet of size 70 out of port 0
[13:53:52.854] [bmv2] [D] [thread 40065] [22.0] [cxt 0] Processing packet received on port 1
[13:53:52.854] [bmv2] [D] [thread 40065] [22.0] [cxt 0] Parser 'parser': start
[13:53:52.854] [bmv2] [D] [thread 40065] [22.0] [cxt 0] Parser 'parser' entering state 'start'
[13:53:52.854] [bmv2] [D] [thread 40065] [22.0] [cxt 0] Extracting header 'ethernet'
[13:53:52.854] [bmv2] [D] [thread 40065] [22.0] [cxt 0] Parser state 'start': key is 86dd
[13:53:52.854] [bmv2] [T] [thread 40065] [22.0] [cxt 0] Bytes parsed: 14
[13:53:52.854] [bmv2] [D] [thread 40065] [22.0] [cxt 0] Parser 'parser': end
[13:53:52.854] [bmv2] [D] [thread 40065] [22.0] [cxt 0] Pipeline 'ingress': start
[13:53:52.854] [bmv2] [T] [thread 40065] [22.0] [cxt 0] link_monitor.p4(333) Condition "hdr.tcp.isValid()" (node_2) is false
[13:53:52.854] [bmv2] [T] [thread 40065] [22.0] [cxt 0] link_monitor.p4(337) Condition "hdr.ipv4.isValid()" (node_5) is false
[13:53:52.854] [bmv2] [T] [thread 40065] [22.0] [cxt 0] link_monitor.p4(340) Condition "hdr.probe.isValid()" (node_7) is false
[13:53:52.854] [bmv2] [D] [thread 40065] [22.0] [cxt 0] Pipeline 'ingress': end
[13:53:52.854] [bmv2] [D] [thread 40065] [22.0] [cxt 0] Egress port is 0
[13:53:52.854] [bmv2] [D] [thread 40066] [22.0] [cxt 0] Pipeline 'egress': start
[13:53:52.854] [bmv2] [T] [thread 40066] [22.0] [cxt 0] Applying table 'tbl_link_monitor379'
[13:53:52.854] [bmv2] [D] [thread 40066] [22.0] [cxt 0] Looking up key:

[13:53:52.854] [bmv2] [D] [thread 40066] [22.0] [cxt 0] Table 'tbl_link_monitor379': miss
[13:53:52.854] [bmv2] [D] [thread 40066] [22.0] [cxt 0] Action entry is link_monitor379 - 
[13:53:52.854] [bmv2] [T] [thread 40066] [22.0] [cxt 0] Action link_monitor379
[13:53:52.854] [bmv2] [T] [thread 40066] [22.0] [cxt 0] link_monitor.p4(379) Primitive (bit<32>)standard_metadata.egress_port
[13:53:52.854] [bmv2] [T] [thread 40066] [22.0] [cxt 0] link_monitor.p4(379) Primitive byte_cnt_reg.read(byte_cnt, (bit<32>)standard_metadata.egress_port)
[13:53:52.854] [bmv2] [T] [thread 40066] [22.0] [cxt 0] Read register 'MyEgress.byte_cnt_reg' at index 0 read value 700
[13:53:52.854] [bmv2] [T] [thread 40066] [22.0] [cxt 0] link_monitor.p4(380) Primitive byte_cnt = byte_cnt + standard_metadata.packet_length
[13:53:52.854] [bmv2] [T] [thread 40066] [22.0] [cxt 0] link_monitor.p4(382) Condition "hdr.probe.isValid()" (node_12) is false
[13:53:52.854] [bmv2] [T] [thread 40066] [22.0] [cxt 0] Applying table 'tbl_link_monitor382_0'
[13:53:52.854] [bmv2] [D] [thread 40066] [22.0] [cxt 0] Looking up key:

[13:53:52.854] [bmv2] [D] [thread 40066] [22.0] [cxt 0] Table 'tbl_link_monitor382_0': miss
[13:53:52.854] [bmv2] [D] [thread 40066] [22.0] [cxt 0] Action entry is link_monitor382_0 - 
[13:53:52.854] [bmv2] [T] [thread 40066] [22.0] [cxt 0] Action link_monitor382_0
[13:53:52.854] [bmv2] [T] [thread 40066] [22.0] [cxt 0] link_monitor.p4(382) Primitive (hdr.probe.isValid()) ? 0 : byte_cnt
[13:53:52.854] [bmv2] [T] [thread 40066] [22.0] [cxt 0] Applying table 'tbl_link_monitor383'
[13:53:52.854] [bmv2] [D] [thread 40066] [22.0] [cxt 0] Looking up key:

[13:53:52.854] [bmv2] [D] [thread 40066] [22.0] [cxt 0] Table 'tbl_link_monitor383': miss
[13:53:52.854] [bmv2] [D] [thread 40066] [22.0] [cxt 0] Action entry is link_monitor383 - 
[13:53:52.854] [bmv2] [T] [thread 40066] [22.0] [cxt 0] Action link_monitor383
[13:53:52.854] [bmv2] [T] [thread 40066] [22.0] [cxt 0] link_monitor.p4(383) Primitive (bit<32>)standard_metadata.egress_port
[13:53:52.854] [bmv2] [T] [thread 40066] [22.0] [cxt 0] link_monitor.p4(383) Primitive byte_cnt_reg.write((bit<32>)standard_metadata.egress_port, new_byte_cnt)
[13:53:52.854] [bmv2] [T] [thread 40066] [22.0] [cxt 0] Wrote register 'MyEgress.byte_cnt_reg' at index 0 with value 770
[13:53:52.854] [bmv2] [T] [thread 40066] [22.0] [cxt 0] link_monitor.p4(385) Condition "hdr.probe.isValid()" (node_16) is false
[13:53:52.854] [bmv2] [D] [thread 40066] [22.0] [cxt 0] Pipeline 'egress': end
[13:53:52.854] [bmv2] [D] [thread 40066] [22.0] [cxt 0] Deparser 'deparser': start
[13:53:52.854] [bmv2] [T] [thread 40066] [22.0] [cxt 0] Skipping checksum 'cksum' update because condition not met
[13:53:52.854] [bmv2] [D] [thread 40066] [22.0] [cxt 0] Deparsing header 'ethernet'
[13:53:52.854] [bmv2] [D] [thread 40066] [22.0] [cxt 0] Deparser 'deparser': end
[13:53:52.854] [bmv2] [D] [thread 40070] [22.0] [cxt 0] Transmitting packet of size 70 out of port 0
[13:53:55.181] [bmv2] [D] [thread 40065] [23.0] [cxt 0] Processing packet received on port 2
[13:53:55.181] [bmv2] [D] [thread 40065] [23.0] [cxt 0] Parser 'parser': start
[13:53:55.181] [bmv2] [D] [thread 40065] [23.0] [cxt 0] Parser 'parser' entering state 'start'
[13:53:55.181] [bmv2] [D] [thread 40065] [23.0] [cxt 0] Extracting header 'ethernet'
[13:53:55.181] [bmv2] [D] [thread 40065] [23.0] [cxt 0] Parser state 'start': key is 86dd
[13:53:55.181] [bmv2] [T] [thread 40065] [23.0] [cxt 0] Bytes parsed: 14
[13:53:55.181] [bmv2] [D] [thread 40065] [23.0] [cxt 0] Parser 'parser': end
[13:53:55.181] [bmv2] [D] [thread 40065] [23.0] [cxt 0] Pipeline 'ingress': start
[13:53:55.181] [bmv2] [T] [thread 40065] [23.0] [cxt 0] link_monitor.p4(333) Condition "hdr.tcp.isValid()" (node_2) is false
[13:53:55.181] [bmv2] [T] [thread 40065] [23.0] [cxt 0] link_monitor.p4(337) Condition "hdr.ipv4.isValid()" (node_5) is false
[13:53:55.181] [bmv2] [T] [thread 40065] [23.0] [cxt 0] link_monitor.p4(340) Condition "hdr.probe.isValid()" (node_7) is false
[13:53:55.181] [bmv2] [D] [thread 40065] [23.0] [cxt 0] Pipeline 'ingress': end
[13:53:55.181] [bmv2] [D] [thread 40065] [23.0] [cxt 0] Egress port is 0
[13:53:55.181] [bmv2] [D] [thread 40066] [23.0] [cxt 0] Pipeline 'egress': start
[13:53:55.181] [bmv2] [T] [thread 40066] [23.0] [cxt 0] Applying table 'tbl_link_monitor379'
[13:53:55.181] [bmv2] [D] [thread 40066] [23.0] [cxt 0] Looking up key:

[13:53:55.181] [bmv2] [D] [thread 40066] [23.0] [cxt 0] Table 'tbl_link_monitor379': miss
[13:53:55.181] [bmv2] [D] [thread 40066] [23.0] [cxt 0] Action entry is link_monitor379 - 
[13:53:55.181] [bmv2] [T] [thread 40066] [23.0] [cxt 0] Action link_monitor379
[13:53:55.181] [bmv2] [T] [thread 40066] [23.0] [cxt 0] link_monitor.p4(379) Primitive (bit<32>)standard_metadata.egress_port
[13:53:55.181] [bmv2] [T] [thread 40066] [23.0] [cxt 0] link_monitor.p4(379) Primitive byte_cnt_reg.read(byte_cnt, (bit<32>)standard_metadata.egress_port)
[13:53:55.181] [bmv2] [T] [thread 40066] [23.0] [cxt 0] Read register 'MyEgress.byte_cnt_reg' at index 0 read value 770
[13:53:55.181] [bmv2] [T] [thread 40066] [23.0] [cxt 0] link_monitor.p4(380) Primitive byte_cnt = byte_cnt + standard_metadata.packet_length
[13:53:55.181] [bmv2] [T] [thread 40066] [23.0] [cxt 0] link_monitor.p4(382) Condition "hdr.probe.isValid()" (node_12) is false
[13:53:55.181] [bmv2] [T] [thread 40066] [23.0] [cxt 0] Applying table 'tbl_link_monitor382_0'
[13:53:55.181] [bmv2] [D] [thread 40066] [23.0] [cxt 0] Looking up key:

[13:53:55.181] [bmv2] [D] [thread 40066] [23.0] [cxt 0] Table 'tbl_link_monitor382_0': miss
[13:53:55.181] [bmv2] [D] [thread 40066] [23.0] [cxt 0] Action entry is link_monitor382_0 - 
[13:53:55.181] [bmv2] [T] [thread 40066] [23.0] [cxt 0] Action link_monitor382_0
[13:53:55.181] [bmv2] [T] [thread 40066] [23.0] [cxt 0] link_monitor.p4(382) Primitive (hdr.probe.isValid()) ? 0 : byte_cnt
[13:53:55.181] [bmv2] [T] [thread 40066] [23.0] [cxt 0] Applying table 'tbl_link_monitor383'
[13:53:55.181] [bmv2] [D] [thread 40066] [23.0] [cxt 0] Looking up key:

[13:53:55.181] [bmv2] [D] [thread 40066] [23.0] [cxt 0] Table 'tbl_link_monitor383': miss
[13:53:55.181] [bmv2] [D] [thread 40066] [23.0] [cxt 0] Action entry is link_monitor383 - 
[13:53:55.181] [bmv2] [T] [thread 40066] [23.0] [cxt 0] Action link_monitor383
[13:53:55.181] [bmv2] [T] [thread 40066] [23.0] [cxt 0] link_monitor.p4(383) Primitive (bit<32>)standard_metadata.egress_port
[13:53:55.181] [bmv2] [T] [thread 40066] [23.0] [cxt 0] link_monitor.p4(383) Primitive byte_cnt_reg.write((bit<32>)standard_metadata.egress_port, new_byte_cnt)
[13:53:55.181] [bmv2] [T] [thread 40066] [23.0] [cxt 0] Wrote register 'MyEgress.byte_cnt_reg' at index 0 with value 840
[13:53:55.181] [bmv2] [T] [thread 40066] [23.0] [cxt 0] link_monitor.p4(385) Condition "hdr.probe.isValid()" (node_16) is false
[13:53:55.181] [bmv2] [D] [thread 40066] [23.0] [cxt 0] Pipeline 'egress': end
[13:53:55.181] [bmv2] [D] [thread 40066] [23.0] [cxt 0] Deparser 'deparser': start
[13:53:55.181] [bmv2] [T] [thread 40066] [23.0] [cxt 0] Skipping checksum 'cksum' update because condition not met
[13:53:55.181] [bmv2] [D] [thread 40066] [23.0] [cxt 0] Deparsing header 'ethernet'
[13:53:55.181] [bmv2] [D] [thread 40066] [23.0] [cxt 0] Deparser 'deparser': end
[13:53:55.181] [bmv2] [D] [thread 40070] [23.0] [cxt 0] Transmitting packet of size 70 out of port 0
[13:54:19.730] [bmv2] [D] [thread 40065] [24.0] [cxt 0] Processing packet received on port 1
[13:54:19.730] [bmv2] [D] [thread 40065] [24.0] [cxt 0] Parser 'parser': start
[13:54:19.730] [bmv2] [D] [thread 40065] [24.0] [cxt 0] Parser 'parser' entering state 'start'
[13:54:19.730] [bmv2] [D] [thread 40065] [24.0] [cxt 0] Extracting header 'ethernet'
[13:54:19.730] [bmv2] [D] [thread 40065] [24.0] [cxt 0] Parser state 'start': key is 86dd
[13:54:19.730] [bmv2] [T] [thread 40065] [24.0] [cxt 0] Bytes parsed: 14
[13:54:19.730] [bmv2] [D] [thread 40065] [24.0] [cxt 0] Parser 'parser': end
[13:54:19.730] [bmv2] [D] [thread 40065] [24.0] [cxt 0] Pipeline 'ingress': start
[13:54:19.730] [bmv2] [T] [thread 40065] [24.0] [cxt 0] link_monitor.p4(333) Condition "hdr.tcp.isValid()" (node_2) is false
[13:54:19.730] [bmv2] [T] [thread 40065] [24.0] [cxt 0] link_monitor.p4(337) Condition "hdr.ipv4.isValid()" (node_5) is false
[13:54:19.730] [bmv2] [T] [thread 40065] [24.0] [cxt 0] link_monitor.p4(340) Condition "hdr.probe.isValid()" (node_7) is false
[13:54:19.730] [bmv2] [D] [thread 40065] [24.0] [cxt 0] Pipeline 'ingress': end
[13:54:19.730] [bmv2] [D] [thread 40065] [24.0] [cxt 0] Egress port is 0
[13:54:19.730] [bmv2] [D] [thread 40065] [25.0] [cxt 0] Processing packet received on port 2
[13:54:19.730] [bmv2] [D] [thread 40065] [25.0] [cxt 0] Parser 'parser': start
[13:54:19.730] [bmv2] [D] [thread 40065] [25.0] [cxt 0] Parser 'parser' entering state 'start'
[13:54:19.730] [bmv2] [D] [thread 40065] [25.0] [cxt 0] Extracting header 'ethernet'
[13:54:19.730] [bmv2] [D] [thread 40065] [25.0] [cxt 0] Parser state 'start': key is 86dd
[13:54:19.730] [bmv2] [T] [thread 40065] [25.0] [cxt 0] Bytes parsed: 14
[13:54:19.730] [bmv2] [D] [thread 40065] [25.0] [cxt 0] Parser 'parser': end
[13:54:19.730] [bmv2] [D] [thread 40065] [25.0] [cxt 0] Pipeline 'ingress': start
[13:54:19.730] [bmv2] [T] [thread 40065] [25.0] [cxt 0] link_monitor.p4(333) Condition "hdr.tcp.isValid()" (node_2) is false
[13:54:19.730] [bmv2] [T] [thread 40065] [25.0] [cxt 0] link_monitor.p4(337) Condition "hdr.ipv4.isValid()" (node_5) is false
[13:54:19.730] [bmv2] [T] [thread 40065] [25.0] [cxt 0] link_monitor.p4(340) Condition "hdr.probe.isValid()" (node_7) is false
[13:54:19.730] [bmv2] [D] [thread 40065] [25.0] [cxt 0] Pipeline 'ingress': end
[13:54:19.730] [bmv2] [D] [thread 40065] [25.0] [cxt 0] Egress port is 0
[13:54:19.730] [bmv2] [D] [thread 40066] [24.0] [cxt 0] Pipeline 'egress': start
[13:54:19.730] [bmv2] [T] [thread 40066] [24.0] [cxt 0] Applying table 'tbl_link_monitor379'
[13:54:19.730] [bmv2] [D] [thread 40066] [24.0] [cxt 0] Looking up key:

[13:54:19.730] [bmv2] [D] [thread 40066] [24.0] [cxt 0] Table 'tbl_link_monitor379': miss
[13:54:19.730] [bmv2] [D] [thread 40066] [24.0] [cxt 0] Action entry is link_monitor379 - 
[13:54:19.730] [bmv2] [T] [thread 40066] [24.0] [cxt 0] Action link_monitor379
[13:54:19.730] [bmv2] [T] [thread 40066] [24.0] [cxt 0] link_monitor.p4(379) Primitive (bit<32>)standard_metadata.egress_port
[13:54:19.730] [bmv2] [T] [thread 40066] [24.0] [cxt 0] link_monitor.p4(379) Primitive byte_cnt_reg.read(byte_cnt, (bit<32>)standard_metadata.egress_port)
[13:54:19.730] [bmv2] [T] [thread 40066] [24.0] [cxt 0] Read register 'MyEgress.byte_cnt_reg' at index 0 read value 840
[13:54:19.730] [bmv2] [T] [thread 40066] [24.0] [cxt 0] link_monitor.p4(380) Primitive byte_cnt = byte_cnt + standard_metadata.packet_length
[13:54:19.730] [bmv2] [T] [thread 40066] [24.0] [cxt 0] link_monitor.p4(382) Condition "hdr.probe.isValid()" (node_12) is false
[13:54:19.730] [bmv2] [T] [thread 40066] [24.0] [cxt 0] Applying table 'tbl_link_monitor382_0'
[13:54:19.730] [bmv2] [D] [thread 40066] [24.0] [cxt 0] Looking up key:

[13:54:19.730] [bmv2] [D] [thread 40066] [24.0] [cxt 0] Table 'tbl_link_monitor382_0': miss
[13:54:19.730] [bmv2] [D] [thread 40066] [24.0] [cxt 0] Action entry is link_monitor382_0 - 
[13:54:19.730] [bmv2] [T] [thread 40066] [24.0] [cxt 0] Action link_monitor382_0
[13:54:19.730] [bmv2] [T] [thread 40066] [24.0] [cxt 0] link_monitor.p4(382) Primitive (hdr.probe.isValid()) ? 0 : byte_cnt
[13:54:19.730] [bmv2] [T] [thread 40066] [24.0] [cxt 0] Applying table 'tbl_link_monitor383'
[13:54:19.730] [bmv2] [D] [thread 40066] [24.0] [cxt 0] Looking up key:

[13:54:19.730] [bmv2] [D] [thread 40066] [24.0] [cxt 0] Table 'tbl_link_monitor383': miss
[13:54:19.730] [bmv2] [D] [thread 40066] [24.0] [cxt 0] Action entry is link_monitor383 - 
[13:54:19.730] [bmv2] [T] [thread 40066] [24.0] [cxt 0] Action link_monitor383
[13:54:19.730] [bmv2] [T] [thread 40066] [24.0] [cxt 0] link_monitor.p4(383) Primitive (bit<32>)standard_metadata.egress_port
[13:54:19.730] [bmv2] [T] [thread 40066] [24.0] [cxt 0] link_monitor.p4(383) Primitive byte_cnt_reg.write((bit<32>)standard_metadata.egress_port, new_byte_cnt)
[13:54:19.730] [bmv2] [T] [thread 40066] [24.0] [cxt 0] Wrote register 'MyEgress.byte_cnt_reg' at index 0 with value 910
[13:54:19.730] [bmv2] [T] [thread 40066] [24.0] [cxt 0] link_monitor.p4(385) Condition "hdr.probe.isValid()" (node_16) is false
[13:54:19.730] [bmv2] [D] [thread 40066] [24.0] [cxt 0] Pipeline 'egress': end
[13:54:19.730] [bmv2] [D] [thread 40066] [24.0] [cxt 0] Deparser 'deparser': start
[13:54:19.730] [bmv2] [T] [thread 40066] [24.0] [cxt 0] Skipping checksum 'cksum' update because condition not met
[13:54:19.730] [bmv2] [D] [thread 40066] [24.0] [cxt 0] Deparsing header 'ethernet'
[13:54:19.730] [bmv2] [D] [thread 40066] [24.0] [cxt 0] Deparser 'deparser': end
[13:54:19.730] [bmv2] [D] [thread 40066] [25.0] [cxt 0] Pipeline 'egress': start
[13:54:19.730] [bmv2] [T] [thread 40066] [25.0] [cxt 0] Applying table 'tbl_link_monitor379'
[13:54:19.730] [bmv2] [D] [thread 40066] [25.0] [cxt 0] Looking up key:

[13:54:19.730] [bmv2] [D] [thread 40066] [25.0] [cxt 0] Table 'tbl_link_monitor379': miss
[13:54:19.730] [bmv2] [D] [thread 40066] [25.0] [cxt 0] Action entry is link_monitor379 - 
[13:54:19.730] [bmv2] [T] [thread 40066] [25.0] [cxt 0] Action link_monitor379
[13:54:19.730] [bmv2] [T] [thread 40066] [25.0] [cxt 0] link_monitor.p4(379) Primitive (bit<32>)standard_metadata.egress_port
[13:54:19.730] [bmv2] [T] [thread 40066] [25.0] [cxt 0] link_monitor.p4(379) Primitive byte_cnt_reg.read(byte_cnt, (bit<32>)standard_metadata.egress_port)
[13:54:19.730] [bmv2] [T] [thread 40066] [25.0] [cxt 0] Read register 'MyEgress.byte_cnt_reg' at index 0 read value 910
[13:54:19.730] [bmv2] [T] [thread 40066] [25.0] [cxt 0] link_monitor.p4(380) Primitive byte_cnt = byte_cnt + standard_metadata.packet_length
[13:54:19.730] [bmv2] [T] [thread 40066] [25.0] [cxt 0] link_monitor.p4(382) Condition "hdr.probe.isValid()" (node_12) is false
[13:54:19.730] [bmv2] [T] [thread 40066] [25.0] [cxt 0] Applying table 'tbl_link_monitor382_0'
[13:54:19.730] [bmv2] [D] [thread 40066] [25.0] [cxt 0] Looking up key:

[13:54:19.730] [bmv2] [D] [thread 40066] [25.0] [cxt 0] Table 'tbl_link_monitor382_0': miss
[13:54:19.730] [bmv2] [D] [thread 40066] [25.0] [cxt 0] Action entry is link_monitor382_0 - 
[13:54:19.730] [bmv2] [T] [thread 40066] [25.0] [cxt 0] Action link_monitor382_0
[13:54:19.730] [bmv2] [T] [thread 40066] [25.0] [cxt 0] link_monitor.p4(382) Primitive (hdr.probe.isValid()) ? 0 : byte_cnt
[13:54:19.730] [bmv2] [T] [thread 40066] [25.0] [cxt 0] Applying table 'tbl_link_monitor383'
[13:54:19.730] [bmv2] [D] [thread 40066] [25.0] [cxt 0] Looking up key:

[13:54:19.730] [bmv2] [D] [thread 40066] [25.0] [cxt 0] Table 'tbl_link_monitor383': miss
[13:54:19.730] [bmv2] [D] [thread 40066] [25.0] [cxt 0] Action entry is link_monitor383 - 
[13:54:19.730] [bmv2] [T] [thread 40066] [25.0] [cxt 0] Action link_monitor383
[13:54:19.730] [bmv2] [T] [thread 40066] [25.0] [cxt 0] link_monitor.p4(383) Primitive (bit<32>)standard_metadata.egress_port
[13:54:19.730] [bmv2] [T] [thread 40066] [25.0] [cxt 0] link_monitor.p4(383) Primitive byte_cnt_reg.write((bit<32>)standard_metadata.egress_port, new_byte_cnt)
[13:54:19.730] [bmv2] [T] [thread 40066] [25.0] [cxt 0] Wrote register 'MyEgress.byte_cnt_reg' at index 0 with value 980
[13:54:19.730] [bmv2] [T] [thread 40066] [25.0] [cxt 0] link_monitor.p4(385) Condition "hdr.probe.isValid()" (node_16) is false
[13:54:19.730] [bmv2] [D] [thread 40066] [25.0] [cxt 0] Pipeline 'egress': end
[13:54:19.730] [bmv2] [D] [thread 40066] [25.0] [cxt 0] Deparser 'deparser': start
[13:54:19.730] [bmv2] [T] [thread 40066] [25.0] [cxt 0] Skipping checksum 'cksum' update because condition not met
[13:54:19.730] [bmv2] [D] [thread 40066] [25.0] [cxt 0] Deparsing header 'ethernet'
[13:54:19.730] [bmv2] [D] [thread 40066] [25.0] [cxt 0] Deparser 'deparser': end
[13:54:19.730] [bmv2] [D] [thread 40070] [24.0] [cxt 0] Transmitting packet of size 70 out of port 0
[13:54:19.730] [bmv2] [D] [thread 40070] [25.0] [cxt 0] Transmitting packet of size 70 out of port 0
[13:54:23.827] [bmv2] [D] [thread 40065] [26.0] [cxt 0] Processing packet received on port 1
[13:54:23.827] [bmv2] [D] [thread 40065] [26.0] [cxt 0] Parser 'parser': start
[13:54:23.827] [bmv2] [D] [thread 40065] [26.0] [cxt 0] Parser 'parser' entering state 'start'
[13:54:23.827] [bmv2] [D] [thread 40065] [26.0] [cxt 0] Extracting header 'ethernet'
[13:54:23.827] [bmv2] [D] [thread 40065] [26.0] [cxt 0] Parser state 'start': key is 86dd
[13:54:23.827] [bmv2] [T] [thread 40065] [26.0] [cxt 0] Bytes parsed: 14
[13:54:23.827] [bmv2] [D] [thread 40065] [26.0] [cxt 0] Parser 'parser': end
[13:54:23.827] [bmv2] [D] [thread 40065] [26.0] [cxt 0] Pipeline 'ingress': start
[13:54:23.827] [bmv2] [T] [thread 40065] [26.0] [cxt 0] link_monitor.p4(333) Condition "hdr.tcp.isValid()" (node_2) is false
[13:54:23.827] [bmv2] [T] [thread 40065] [26.0] [cxt 0] link_monitor.p4(337) Condition "hdr.ipv4.isValid()" (node_5) is false
[13:54:23.827] [bmv2] [T] [thread 40065] [26.0] [cxt 0] link_monitor.p4(340) Condition "hdr.probe.isValid()" (node_7) is false
[13:54:23.827] [bmv2] [D] [thread 40065] [26.0] [cxt 0] Pipeline 'ingress': end
[13:54:23.827] [bmv2] [D] [thread 40065] [26.0] [cxt 0] Egress port is 0
[13:54:23.827] [bmv2] [D] [thread 40066] [26.0] [cxt 0] Pipeline 'egress': start
[13:54:23.827] [bmv2] [T] [thread 40066] [26.0] [cxt 0] Applying table 'tbl_link_monitor379'
[13:54:23.827] [bmv2] [D] [thread 40066] [26.0] [cxt 0] Looking up key:

[13:54:23.827] [bmv2] [D] [thread 40066] [26.0] [cxt 0] Table 'tbl_link_monitor379': miss
[13:54:23.827] [bmv2] [D] [thread 40066] [26.0] [cxt 0] Action entry is link_monitor379 - 
[13:54:23.827] [bmv2] [T] [thread 40066] [26.0] [cxt 0] Action link_monitor379
[13:54:23.827] [bmv2] [T] [thread 40066] [26.0] [cxt 0] link_monitor.p4(379) Primitive (bit<32>)standard_metadata.egress_port
[13:54:23.827] [bmv2] [T] [thread 40066] [26.0] [cxt 0] link_monitor.p4(379) Primitive byte_cnt_reg.read(byte_cnt, (bit<32>)standard_metadata.egress_port)
[13:54:23.827] [bmv2] [T] [thread 40066] [26.0] [cxt 0] Read register 'MyEgress.byte_cnt_reg' at index 0 read value 980
[13:54:23.827] [bmv2] [T] [thread 40066] [26.0] [cxt 0] link_monitor.p4(380) Primitive byte_cnt = byte_cnt + standard_metadata.packet_length
[13:54:23.827] [bmv2] [T] [thread 40066] [26.0] [cxt 0] link_monitor.p4(382) Condition "hdr.probe.isValid()" (node_12) is false
[13:54:23.827] [bmv2] [T] [thread 40066] [26.0] [cxt 0] Applying table 'tbl_link_monitor382_0'
[13:54:23.827] [bmv2] [D] [thread 40066] [26.0] [cxt 0] Looking up key:

[13:54:23.827] [bmv2] [D] [thread 40066] [26.0] [cxt 0] Table 'tbl_link_monitor382_0': miss
[13:54:23.827] [bmv2] [D] [thread 40066] [26.0] [cxt 0] Action entry is link_monitor382_0 - 
[13:54:23.827] [bmv2] [T] [thread 40066] [26.0] [cxt 0] Action link_monitor382_0
[13:54:23.827] [bmv2] [T] [thread 40066] [26.0] [cxt 0] link_monitor.p4(382) Primitive (hdr.probe.isValid()) ? 0 : byte_cnt
[13:54:23.827] [bmv2] [T] [thread 40066] [26.0] [cxt 0] Applying table 'tbl_link_monitor383'
[13:54:23.827] [bmv2] [D] [thread 40066] [26.0] [cxt 0] Looking up key:

[13:54:23.827] [bmv2] [D] [thread 40066] [26.0] [cxt 0] Table 'tbl_link_monitor383': miss
[13:54:23.827] [bmv2] [D] [thread 40066] [26.0] [cxt 0] Action entry is link_monitor383 - 
[13:54:23.827] [bmv2] [T] [thread 40066] [26.0] [cxt 0] Action link_monitor383
[13:54:23.827] [bmv2] [T] [thread 40066] [26.0] [cxt 0] link_monitor.p4(383) Primitive (bit<32>)standard_metadata.egress_port
[13:54:23.827] [bmv2] [T] [thread 40066] [26.0] [cxt 0] link_monitor.p4(383) Primitive byte_cnt_reg.write((bit<32>)standard_metadata.egress_port, new_byte_cnt)
[13:54:23.827] [bmv2] [T] [thread 40066] [26.0] [cxt 0] Wrote register 'MyEgress.byte_cnt_reg' at index 0 with value 1050
[13:54:23.827] [bmv2] [T] [thread 40066] [26.0] [cxt 0] link_monitor.p4(385) Condition "hdr.probe.isValid()" (node_16) is false
[13:54:23.827] [bmv2] [D] [thread 40066] [26.0] [cxt 0] Pipeline 'egress': end
[13:54:23.827] [bmv2] [D] [thread 40066] [26.0] [cxt 0] Deparser 'deparser': start
[13:54:23.827] [bmv2] [T] [thread 40066] [26.0] [cxt 0] Skipping checksum 'cksum' update because condition not met
[13:54:23.827] [bmv2] [D] [thread 40066] [26.0] [cxt 0] Deparsing header 'ethernet'
[13:54:23.827] [bmv2] [D] [thread 40066] [26.0] [cxt 0] Deparser 'deparser': end
[13:54:23.827] [bmv2] [D] [thread 40070] [26.0] [cxt 0] Transmitting packet of size 70 out of port 0
[13:54:29.970] [bmv2] [D] [thread 40065] [27.0] [cxt 0] Processing packet received on port 2
[13:54:29.970] [bmv2] [D] [thread 40065] [27.0] [cxt 0] Parser 'parser': start
[13:54:29.970] [bmv2] [D] [thread 40065] [27.0] [cxt 0] Parser 'parser' entering state 'start'
[13:54:29.970] [bmv2] [D] [thread 40065] [27.0] [cxt 0] Extracting header 'ethernet'
[13:54:29.970] [bmv2] [D] [thread 40065] [27.0] [cxt 0] Parser state 'start': key is 86dd
[13:54:29.970] [bmv2] [T] [thread 40065] [27.0] [cxt 0] Bytes parsed: 14
[13:54:29.970] [bmv2] [D] [thread 40065] [27.0] [cxt 0] Parser 'parser': end
[13:54:29.970] [bmv2] [D] [thread 40065] [27.0] [cxt 0] Pipeline 'ingress': start
[13:54:29.970] [bmv2] [T] [thread 40065] [27.0] [cxt 0] link_monitor.p4(333) Condition "hdr.tcp.isValid()" (node_2) is false
[13:54:29.970] [bmv2] [T] [thread 40065] [27.0] [cxt 0] link_monitor.p4(337) Condition "hdr.ipv4.isValid()" (node_5) is false
[13:54:29.970] [bmv2] [T] [thread 40065] [27.0] [cxt 0] link_monitor.p4(340) Condition "hdr.probe.isValid()" (node_7) is false
[13:54:29.970] [bmv2] [D] [thread 40065] [27.0] [cxt 0] Pipeline 'ingress': end
[13:54:29.970] [bmv2] [D] [thread 40065] [27.0] [cxt 0] Egress port is 0
[13:54:29.970] [bmv2] [D] [thread 40066] [27.0] [cxt 0] Pipeline 'egress': start
[13:54:29.970] [bmv2] [T] [thread 40066] [27.0] [cxt 0] Applying table 'tbl_link_monitor379'
[13:54:29.970] [bmv2] [D] [thread 40066] [27.0] [cxt 0] Looking up key:

[13:54:29.970] [bmv2] [D] [thread 40066] [27.0] [cxt 0] Table 'tbl_link_monitor379': miss
[13:54:29.970] [bmv2] [D] [thread 40066] [27.0] [cxt 0] Action entry is link_monitor379 - 
[13:54:29.970] [bmv2] [T] [thread 40066] [27.0] [cxt 0] Action link_monitor379
[13:54:29.970] [bmv2] [T] [thread 40066] [27.0] [cxt 0] link_monitor.p4(379) Primitive (bit<32>)standard_metadata.egress_port
[13:54:29.970] [bmv2] [T] [thread 40066] [27.0] [cxt 0] link_monitor.p4(379) Primitive byte_cnt_reg.read(byte_cnt, (bit<32>)standard_metadata.egress_port)
[13:54:29.970] [bmv2] [T] [thread 40066] [27.0] [cxt 0] Read register 'MyEgress.byte_cnt_reg' at index 0 read value 1050
[13:54:29.970] [bmv2] [T] [thread 40066] [27.0] [cxt 0] link_monitor.p4(380) Primitive byte_cnt = byte_cnt + standard_metadata.packet_length
[13:54:29.970] [bmv2] [T] [thread 40066] [27.0] [cxt 0] link_monitor.p4(382) Condition "hdr.probe.isValid()" (node_12) is false
[13:54:29.970] [bmv2] [T] [thread 40066] [27.0] [cxt 0] Applying table 'tbl_link_monitor382_0'
[13:54:29.970] [bmv2] [D] [thread 40066] [27.0] [cxt 0] Looking up key:

[13:54:29.970] [bmv2] [D] [thread 40066] [27.0] [cxt 0] Table 'tbl_link_monitor382_0': miss
[13:54:29.970] [bmv2] [D] [thread 40066] [27.0] [cxt 0] Action entry is link_monitor382_0 - 
[13:54:29.970] [bmv2] [T] [thread 40066] [27.0] [cxt 0] Action link_monitor382_0
[13:54:29.970] [bmv2] [T] [thread 40066] [27.0] [cxt 0] link_monitor.p4(382) Primitive (hdr.probe.isValid()) ? 0 : byte_cnt
[13:54:29.970] [bmv2] [T] [thread 40066] [27.0] [cxt 0] Applying table 'tbl_link_monitor383'
[13:54:29.970] [bmv2] [D] [thread 40066] [27.0] [cxt 0] Looking up key:

[13:54:29.970] [bmv2] [D] [thread 40066] [27.0] [cxt 0] Table 'tbl_link_monitor383': miss
[13:54:29.970] [bmv2] [D] [thread 40066] [27.0] [cxt 0] Action entry is link_monitor383 - 
[13:54:29.970] [bmv2] [T] [thread 40066] [27.0] [cxt 0] Action link_monitor383
[13:54:29.970] [bmv2] [T] [thread 40066] [27.0] [cxt 0] link_monitor.p4(383) Primitive (bit<32>)standard_metadata.egress_port
[13:54:29.970] [bmv2] [T] [thread 40066] [27.0] [cxt 0] link_monitor.p4(383) Primitive byte_cnt_reg.write((bit<32>)standard_metadata.egress_port, new_byte_cnt)
[13:54:29.970] [bmv2] [T] [thread 40066] [27.0] [cxt 0] Wrote register 'MyEgress.byte_cnt_reg' at index 0 with value 1120
[13:54:29.970] [bmv2] [T] [thread 40066] [27.0] [cxt 0] link_monitor.p4(385) Condition "hdr.probe.isValid()" (node_16) is false
[13:54:29.970] [bmv2] [D] [thread 40066] [27.0] [cxt 0] Pipeline 'egress': end
[13:54:29.970] [bmv2] [D] [thread 40066] [27.0] [cxt 0] Deparser 'deparser': start
[13:54:29.970] [bmv2] [T] [thread 40066] [27.0] [cxt 0] Skipping checksum 'cksum' update because condition not met
[13:54:29.970] [bmv2] [D] [thread 40066] [27.0] [cxt 0] Deparsing header 'ethernet'
[13:54:29.970] [bmv2] [D] [thread 40066] [27.0] [cxt 0] Deparser 'deparser': end
[13:54:29.970] [bmv2] [D] [thread 40070] [27.0] [cxt 0] Transmitting packet of size 70 out of port 0
[13:55:17.074] [bmv2] [D] [thread 40065] [28.0] [cxt 0] Processing packet received on port 2
[13:55:17.074] [bmv2] [D] [thread 40065] [28.0] [cxt 0] Parser 'parser': start
[13:55:17.074] [bmv2] [D] [thread 40065] [28.0] [cxt 0] Parser 'parser' entering state 'start'
[13:55:17.074] [bmv2] [D] [thread 40065] [28.0] [cxt 0] Extracting header 'ethernet'
[13:55:17.074] [bmv2] [D] [thread 40065] [28.0] [cxt 0] Parser state 'start': key is 86dd
[13:55:17.074] [bmv2] [T] [thread 40065] [28.0] [cxt 0] Bytes parsed: 14
[13:55:17.074] [bmv2] [D] [thread 40065] [28.0] [cxt 0] Parser 'parser': end
[13:55:17.074] [bmv2] [D] [thread 40065] [28.0] [cxt 0] Pipeline 'ingress': start
[13:55:17.074] [bmv2] [T] [thread 40065] [28.0] [cxt 0] link_monitor.p4(333) Condition "hdr.tcp.isValid()" (node_2) is false
[13:55:17.074] [bmv2] [T] [thread 40065] [28.0] [cxt 0] link_monitor.p4(337) Condition "hdr.ipv4.isValid()" (node_5) is false
[13:55:17.074] [bmv2] [T] [thread 40065] [28.0] [cxt 0] link_monitor.p4(340) Condition "hdr.probe.isValid()" (node_7) is false
[13:55:17.074] [bmv2] [D] [thread 40065] [28.0] [cxt 0] Pipeline 'ingress': end
[13:55:17.074] [bmv2] [D] [thread 40065] [28.0] [cxt 0] Egress port is 0
[13:55:17.074] [bmv2] [D] [thread 40066] [28.0] [cxt 0] Pipeline 'egress': start
[13:55:17.074] [bmv2] [T] [thread 40066] [28.0] [cxt 0] Applying table 'tbl_link_monitor379'
[13:55:17.074] [bmv2] [D] [thread 40066] [28.0] [cxt 0] Looking up key:

[13:55:17.074] [bmv2] [D] [thread 40066] [28.0] [cxt 0] Table 'tbl_link_monitor379': miss
[13:55:17.074] [bmv2] [D] [thread 40066] [28.0] [cxt 0] Action entry is link_monitor379 - 
[13:55:17.074] [bmv2] [T] [thread 40066] [28.0] [cxt 0] Action link_monitor379
[13:55:17.074] [bmv2] [T] [thread 40066] [28.0] [cxt 0] link_monitor.p4(379) Primitive (bit<32>)standard_metadata.egress_port
[13:55:17.074] [bmv2] [T] [thread 40066] [28.0] [cxt 0] link_monitor.p4(379) Primitive byte_cnt_reg.read(byte_cnt, (bit<32>)standard_metadata.egress_port)
[13:55:17.074] [bmv2] [T] [thread 40066] [28.0] [cxt 0] Read register 'MyEgress.byte_cnt_reg' at index 0 read value 1120
[13:55:17.074] [bmv2] [T] [thread 40066] [28.0] [cxt 0] link_monitor.p4(380) Primitive byte_cnt = byte_cnt + standard_metadata.packet_length
[13:55:17.074] [bmv2] [T] [thread 40066] [28.0] [cxt 0] link_monitor.p4(382) Condition "hdr.probe.isValid()" (node_12) is false
[13:55:17.074] [bmv2] [T] [thread 40066] [28.0] [cxt 0] Applying table 'tbl_link_monitor382_0'
[13:55:17.074] [bmv2] [D] [thread 40066] [28.0] [cxt 0] Looking up key:

[13:55:17.074] [bmv2] [D] [thread 40066] [28.0] [cxt 0] Table 'tbl_link_monitor382_0': miss
[13:55:17.074] [bmv2] [D] [thread 40066] [28.0] [cxt 0] Action entry is link_monitor382_0 - 
[13:55:17.074] [bmv2] [T] [thread 40066] [28.0] [cxt 0] Action link_monitor382_0
[13:55:17.074] [bmv2] [T] [thread 40066] [28.0] [cxt 0] link_monitor.p4(382) Primitive (hdr.probe.isValid()) ? 0 : byte_cnt
[13:55:17.074] [bmv2] [T] [thread 40066] [28.0] [cxt 0] Applying table 'tbl_link_monitor383'
[13:55:17.074] [bmv2] [D] [thread 40066] [28.0] [cxt 0] Looking up key:

[13:55:17.074] [bmv2] [D] [thread 40066] [28.0] [cxt 0] Table 'tbl_link_monitor383': miss
[13:55:17.074] [bmv2] [D] [thread 40066] [28.0] [cxt 0] Action entry is link_monitor383 - 
[13:55:17.074] [bmv2] [T] [thread 40066] [28.0] [cxt 0] Action link_monitor383
[13:55:17.074] [bmv2] [T] [thread 40066] [28.0] [cxt 0] link_monitor.p4(383) Primitive (bit<32>)standard_metadata.egress_port
[13:55:17.074] [bmv2] [T] [thread 40066] [28.0] [cxt 0] link_monitor.p4(383) Primitive byte_cnt_reg.write((bit<32>)standard_metadata.egress_port, new_byte_cnt)
[13:55:17.074] [bmv2] [T] [thread 40066] [28.0] [cxt 0] Wrote register 'MyEgress.byte_cnt_reg' at index 0 with value 1190
[13:55:17.074] [bmv2] [T] [thread 40066] [28.0] [cxt 0] link_monitor.p4(385) Condition "hdr.probe.isValid()" (node_16) is false
[13:55:17.074] [bmv2] [D] [thread 40066] [28.0] [cxt 0] Pipeline 'egress': end
[13:55:17.074] [bmv2] [D] [thread 40066] [28.0] [cxt 0] Deparser 'deparser': start
[13:55:17.074] [bmv2] [T] [thread 40066] [28.0] [cxt 0] Skipping checksum 'cksum' update because condition not met
[13:55:17.074] [bmv2] [D] [thread 40066] [28.0] [cxt 0] Deparsing header 'ethernet'
[13:55:17.074] [bmv2] [D] [thread 40066] [28.0] [cxt 0] Deparser 'deparser': end
[13:55:17.074] [bmv2] [D] [thread 40070] [28.0] [cxt 0] Transmitting packet of size 70 out of port 0
[13:55:19.122] [bmv2] [D] [thread 40065] [29.0] [cxt 0] Processing packet received on port 1
[13:55:19.122] [bmv2] [D] [thread 40065] [29.0] [cxt 0] Parser 'parser': start
[13:55:19.122] [bmv2] [D] [thread 40065] [29.0] [cxt 0] Parser 'parser' entering state 'start'
[13:55:19.122] [bmv2] [D] [thread 40065] [29.0] [cxt 0] Extracting header 'ethernet'
[13:55:19.122] [bmv2] [D] [thread 40065] [29.0] [cxt 0] Parser state 'start': key is 86dd
[13:55:19.122] [bmv2] [T] [thread 40065] [29.0] [cxt 0] Bytes parsed: 14
[13:55:19.122] [bmv2] [D] [thread 40065] [29.0] [cxt 0] Parser 'parser': end
[13:55:19.122] [bmv2] [D] [thread 40065] [29.0] [cxt 0] Pipeline 'ingress': start
[13:55:19.122] [bmv2] [T] [thread 40065] [29.0] [cxt 0] link_monitor.p4(333) Condition "hdr.tcp.isValid()" (node_2) is false
[13:55:19.122] [bmv2] [T] [thread 40065] [29.0] [cxt 0] link_monitor.p4(337) Condition "hdr.ipv4.isValid()" (node_5) is false
[13:55:19.122] [bmv2] [T] [thread 40065] [29.0] [cxt 0] link_monitor.p4(340) Condition "hdr.probe.isValid()" (node_7) is false
[13:55:19.122] [bmv2] [D] [thread 40065] [29.0] [cxt 0] Pipeline 'ingress': end
[13:55:19.122] [bmv2] [D] [thread 40065] [29.0] [cxt 0] Egress port is 0
[13:55:19.122] [bmv2] [D] [thread 40066] [29.0] [cxt 0] Pipeline 'egress': start
[13:55:19.122] [bmv2] [T] [thread 40066] [29.0] [cxt 0] Applying table 'tbl_link_monitor379'
[13:55:19.122] [bmv2] [D] [thread 40066] [29.0] [cxt 0] Looking up key:

[13:55:19.122] [bmv2] [D] [thread 40066] [29.0] [cxt 0] Table 'tbl_link_monitor379': miss
[13:55:19.122] [bmv2] [D] [thread 40066] [29.0] [cxt 0] Action entry is link_monitor379 - 
[13:55:19.122] [bmv2] [T] [thread 40066] [29.0] [cxt 0] Action link_monitor379
[13:55:19.122] [bmv2] [T] [thread 40066] [29.0] [cxt 0] link_monitor.p4(379) Primitive (bit<32>)standard_metadata.egress_port
[13:55:19.122] [bmv2] [T] [thread 40066] [29.0] [cxt 0] link_monitor.p4(379) Primitive byte_cnt_reg.read(byte_cnt, (bit<32>)standard_metadata.egress_port)
[13:55:19.122] [bmv2] [T] [thread 40066] [29.0] [cxt 0] Read register 'MyEgress.byte_cnt_reg' at index 0 read value 1190
[13:55:19.122] [bmv2] [T] [thread 40066] [29.0] [cxt 0] link_monitor.p4(380) Primitive byte_cnt = byte_cnt + standard_metadata.packet_length
[13:55:19.122] [bmv2] [T] [thread 40066] [29.0] [cxt 0] link_monitor.p4(382) Condition "hdr.probe.isValid()" (node_12) is false
[13:55:19.122] [bmv2] [T] [thread 40066] [29.0] [cxt 0] Applying table 'tbl_link_monitor382_0'
[13:55:19.122] [bmv2] [D] [thread 40066] [29.0] [cxt 0] Looking up key:

[13:55:19.122] [bmv2] [D] [thread 40066] [29.0] [cxt 0] Table 'tbl_link_monitor382_0': miss
[13:55:19.122] [bmv2] [D] [thread 40066] [29.0] [cxt 0] Action entry is link_monitor382_0 - 
[13:55:19.122] [bmv2] [T] [thread 40066] [29.0] [cxt 0] Action link_monitor382_0
[13:55:19.122] [bmv2] [T] [thread 40066] [29.0] [cxt 0] link_monitor.p4(382) Primitive (hdr.probe.isValid()) ? 0 : byte_cnt
[13:55:19.122] [bmv2] [T] [thread 40066] [29.0] [cxt 0] Applying table 'tbl_link_monitor383'
[13:55:19.122] [bmv2] [D] [thread 40066] [29.0] [cxt 0] Looking up key:

[13:55:19.122] [bmv2] [D] [thread 40066] [29.0] [cxt 0] Table 'tbl_link_monitor383': miss
[13:55:19.122] [bmv2] [D] [thread 40066] [29.0] [cxt 0] Action entry is link_monitor383 - 
[13:55:19.122] [bmv2] [T] [thread 40066] [29.0] [cxt 0] Action link_monitor383
[13:55:19.122] [bmv2] [T] [thread 40066] [29.0] [cxt 0] link_monitor.p4(383) Primitive (bit<32>)standard_metadata.egress_port
[13:55:19.122] [bmv2] [T] [thread 40066] [29.0] [cxt 0] link_monitor.p4(383) Primitive byte_cnt_reg.write((bit<32>)standard_metadata.egress_port, new_byte_cnt)
[13:55:19.122] [bmv2] [T] [thread 40066] [29.0] [cxt 0] Wrote register 'MyEgress.byte_cnt_reg' at index 0 with value 1260
[13:55:19.122] [bmv2] [T] [thread 40066] [29.0] [cxt 0] link_monitor.p4(385) Condition "hdr.probe.isValid()" (node_16) is false
[13:55:19.122] [bmv2] [D] [thread 40066] [29.0] [cxt 0] Pipeline 'egress': end
[13:55:19.122] [bmv2] [D] [thread 40066] [29.0] [cxt 0] Deparser 'deparser': start
[13:55:19.122] [bmv2] [T] [thread 40066] [29.0] [cxt 0] Skipping checksum 'cksum' update because condition not met
[13:55:19.122] [bmv2] [D] [thread 40066] [29.0] [cxt 0] Deparsing header 'ethernet'
[13:55:19.122] [bmv2] [D] [thread 40066] [29.0] [cxt 0] Deparser 'deparser': end
[13:55:19.122] [bmv2] [D] [thread 40070] [29.0] [cxt 0] Transmitting packet of size 70 out of port 0
[13:55:27.314] [bmv2] [D] [thread 40065] [30.0] [cxt 0] Processing packet received on port 1
[13:55:27.314] [bmv2] [D] [thread 40065] [30.0] [cxt 0] Parser 'parser': start
[13:55:27.314] [bmv2] [D] [thread 40065] [30.0] [cxt 0] Parser 'parser' entering state 'start'
[13:55:27.314] [bmv2] [D] [thread 40065] [30.0] [cxt 0] Extracting header 'ethernet'
[13:55:27.314] [bmv2] [D] [thread 40065] [30.0] [cxt 0] Parser state 'start': key is 86dd
[13:55:27.314] [bmv2] [T] [thread 40065] [30.0] [cxt 0] Bytes parsed: 14
[13:55:27.314] [bmv2] [D] [thread 40065] [30.0] [cxt 0] Parser 'parser': end
[13:55:27.314] [bmv2] [D] [thread 40065] [30.0] [cxt 0] Pipeline 'ingress': start
[13:55:27.314] [bmv2] [T] [thread 40065] [30.0] [cxt 0] link_monitor.p4(333) Condition "hdr.tcp.isValid()" (node_2) is false
[13:55:27.314] [bmv2] [T] [thread 40065] [30.0] [cxt 0] link_monitor.p4(337) Condition "hdr.ipv4.isValid()" (node_5) is false
[13:55:27.314] [bmv2] [T] [thread 40065] [30.0] [cxt 0] link_monitor.p4(340) Condition "hdr.probe.isValid()" (node_7) is false
[13:55:27.314] [bmv2] [D] [thread 40065] [30.0] [cxt 0] Pipeline 'ingress': end
[13:55:27.314] [bmv2] [D] [thread 40065] [30.0] [cxt 0] Egress port is 0
[13:55:27.314] [bmv2] [D] [thread 40066] [30.0] [cxt 0] Pipeline 'egress': start
[13:55:27.314] [bmv2] [T] [thread 40066] [30.0] [cxt 0] Applying table 'tbl_link_monitor379'
[13:55:27.314] [bmv2] [D] [thread 40066] [30.0] [cxt 0] Looking up key:

[13:55:27.314] [bmv2] [D] [thread 40066] [30.0] [cxt 0] Table 'tbl_link_monitor379': miss
[13:55:27.314] [bmv2] [D] [thread 40066] [30.0] [cxt 0] Action entry is link_monitor379 - 
[13:55:27.314] [bmv2] [T] [thread 40066] [30.0] [cxt 0] Action link_monitor379
[13:55:27.314] [bmv2] [T] [thread 40066] [30.0] [cxt 0] link_monitor.p4(379) Primitive (bit<32>)standard_metadata.egress_port
[13:55:27.314] [bmv2] [T] [thread 40066] [30.0] [cxt 0] link_monitor.p4(379) Primitive byte_cnt_reg.read(byte_cnt, (bit<32>)standard_metadata.egress_port)
[13:55:27.314] [bmv2] [T] [thread 40066] [30.0] [cxt 0] Read register 'MyEgress.byte_cnt_reg' at index 0 read value 1260
[13:55:27.314] [bmv2] [T] [thread 40066] [30.0] [cxt 0] link_monitor.p4(380) Primitive byte_cnt = byte_cnt + standard_metadata.packet_length
[13:55:27.314] [bmv2] [T] [thread 40066] [30.0] [cxt 0] link_monitor.p4(382) Condition "hdr.probe.isValid()" (node_12) is false
[13:55:27.314] [bmv2] [T] [thread 40066] [30.0] [cxt 0] Applying table 'tbl_link_monitor382_0'
[13:55:27.314] [bmv2] [D] [thread 40066] [30.0] [cxt 0] Looking up key:

[13:55:27.314] [bmv2] [D] [thread 40066] [30.0] [cxt 0] Table 'tbl_link_monitor382_0': miss
[13:55:27.314] [bmv2] [D] [thread 40066] [30.0] [cxt 0] Action entry is link_monitor382_0 - 
[13:55:27.314] [bmv2] [T] [thread 40066] [30.0] [cxt 0] Action link_monitor382_0
[13:55:27.314] [bmv2] [T] [thread 40066] [30.0] [cxt 0] link_monitor.p4(382) Primitive (hdr.probe.isValid()) ? 0 : byte_cnt
[13:55:27.314] [bmv2] [T] [thread 40066] [30.0] [cxt 0] Applying table 'tbl_link_monitor383'
[13:55:27.314] [bmv2] [D] [thread 40066] [30.0] [cxt 0] Looking up key:

[13:55:27.314] [bmv2] [D] [thread 40066] [30.0] [cxt 0] Table 'tbl_link_monitor383': miss
[13:55:27.314] [bmv2] [D] [thread 40066] [30.0] [cxt 0] Action entry is link_monitor383 - 
[13:55:27.314] [bmv2] [T] [thread 40066] [30.0] [cxt 0] Action link_monitor383
[13:55:27.314] [bmv2] [T] [thread 40066] [30.0] [cxt 0] link_monitor.p4(383) Primitive (bit<32>)standard_metadata.egress_port
[13:55:27.314] [bmv2] [T] [thread 40066] [30.0] [cxt 0] link_monitor.p4(383) Primitive byte_cnt_reg.write((bit<32>)standard_metadata.egress_port, new_byte_cnt)
[13:55:27.314] [bmv2] [T] [thread 40066] [30.0] [cxt 0] Wrote register 'MyEgress.byte_cnt_reg' at index 0 with value 1330
[13:55:27.314] [bmv2] [T] [thread 40066] [30.0] [cxt 0] link_monitor.p4(385) Condition "hdr.probe.isValid()" (node_16) is false
[13:55:27.314] [bmv2] [D] [thread 40066] [30.0] [cxt 0] Pipeline 'egress': end
[13:55:27.314] [bmv2] [D] [thread 40066] [30.0] [cxt 0] Deparser 'deparser': start
[13:55:27.314] [bmv2] [T] [thread 40066] [30.0] [cxt 0] Skipping checksum 'cksum' update because condition not met
[13:55:27.314] [bmv2] [D] [thread 40066] [30.0] [cxt 0] Deparsing header 'ethernet'
[13:55:27.314] [bmv2] [D] [thread 40066] [30.0] [cxt 0] Deparser 'deparser': end
[13:55:27.314] [bmv2] [D] [thread 40070] [30.0] [cxt 0] Transmitting packet of size 70 out of port 0
[13:55:41.656] [bmv2] [D] [thread 40065] [31.0] [cxt 0] Processing packet received on port 2
[13:55:41.656] [bmv2] [D] [thread 40065] [31.0] [cxt 0] Parser 'parser': start
[13:55:41.656] [bmv2] [D] [thread 40065] [31.0] [cxt 0] Parser 'parser' entering state 'start'
[13:55:41.656] [bmv2] [D] [thread 40065] [31.0] [cxt 0] Extracting header 'ethernet'
[13:55:41.656] [bmv2] [D] [thread 40065] [31.0] [cxt 0] Parser state 'start': key is 86dd
[13:55:41.656] [bmv2] [T] [thread 40065] [31.0] [cxt 0] Bytes parsed: 14
[13:55:41.656] [bmv2] [D] [thread 40065] [31.0] [cxt 0] Parser 'parser': end
[13:55:41.656] [bmv2] [D] [thread 40065] [31.0] [cxt 0] Pipeline 'ingress': start
[13:55:41.656] [bmv2] [T] [thread 40065] [31.0] [cxt 0] link_monitor.p4(333) Condition "hdr.tcp.isValid()" (node_2) is false
[13:55:41.656] [bmv2] [T] [thread 40065] [31.0] [cxt 0] link_monitor.p4(337) Condition "hdr.ipv4.isValid()" (node_5) is false
[13:55:41.656] [bmv2] [T] [thread 40065] [31.0] [cxt 0] link_monitor.p4(340) Condition "hdr.probe.isValid()" (node_7) is false
[13:55:41.656] [bmv2] [D] [thread 40065] [31.0] [cxt 0] Pipeline 'ingress': end
[13:55:41.656] [bmv2] [D] [thread 40065] [31.0] [cxt 0] Egress port is 0
[13:55:41.656] [bmv2] [D] [thread 40066] [31.0] [cxt 0] Pipeline 'egress': start
[13:55:41.656] [bmv2] [T] [thread 40066] [31.0] [cxt 0] Applying table 'tbl_link_monitor379'
[13:55:41.656] [bmv2] [D] [thread 40066] [31.0] [cxt 0] Looking up key:

[13:55:41.656] [bmv2] [D] [thread 40066] [31.0] [cxt 0] Table 'tbl_link_monitor379': miss
[13:55:41.656] [bmv2] [D] [thread 40066] [31.0] [cxt 0] Action entry is link_monitor379 - 
[13:55:41.656] [bmv2] [T] [thread 40066] [31.0] [cxt 0] Action link_monitor379
[13:55:41.656] [bmv2] [T] [thread 40066] [31.0] [cxt 0] link_monitor.p4(379) Primitive (bit<32>)standard_metadata.egress_port
[13:55:41.656] [bmv2] [T] [thread 40066] [31.0] [cxt 0] link_monitor.p4(379) Primitive byte_cnt_reg.read(byte_cnt, (bit<32>)standard_metadata.egress_port)
[13:55:41.656] [bmv2] [T] [thread 40066] [31.0] [cxt 0] Read register 'MyEgress.byte_cnt_reg' at index 0 read value 1330
[13:55:41.656] [bmv2] [T] [thread 40066] [31.0] [cxt 0] link_monitor.p4(380) Primitive byte_cnt = byte_cnt + standard_metadata.packet_length
[13:55:41.656] [bmv2] [T] [thread 40066] [31.0] [cxt 0] link_monitor.p4(382) Condition "hdr.probe.isValid()" (node_12) is false
[13:55:41.656] [bmv2] [T] [thread 40066] [31.0] [cxt 0] Applying table 'tbl_link_monitor382_0'
[13:55:41.656] [bmv2] [D] [thread 40066] [31.0] [cxt 0] Looking up key:

[13:55:41.656] [bmv2] [D] [thread 40066] [31.0] [cxt 0] Table 'tbl_link_monitor382_0': miss
[13:55:41.656] [bmv2] [D] [thread 40066] [31.0] [cxt 0] Action entry is link_monitor382_0 - 
[13:55:41.656] [bmv2] [T] [thread 40066] [31.0] [cxt 0] Action link_monitor382_0
[13:55:41.656] [bmv2] [T] [thread 40066] [31.0] [cxt 0] link_monitor.p4(382) Primitive (hdr.probe.isValid()) ? 0 : byte_cnt
[13:55:41.656] [bmv2] [T] [thread 40066] [31.0] [cxt 0] Applying table 'tbl_link_monitor383'
[13:55:41.656] [bmv2] [D] [thread 40066] [31.0] [cxt 0] Looking up key:

[13:55:41.656] [bmv2] [D] [thread 40066] [31.0] [cxt 0] Table 'tbl_link_monitor383': miss
[13:55:41.656] [bmv2] [D] [thread 40066] [31.0] [cxt 0] Action entry is link_monitor383 - 
[13:55:41.656] [bmv2] [T] [thread 40066] [31.0] [cxt 0] Action link_monitor383
[13:55:41.656] [bmv2] [T] [thread 40066] [31.0] [cxt 0] link_monitor.p4(383) Primitive (bit<32>)standard_metadata.egress_port
[13:55:41.656] [bmv2] [T] [thread 40066] [31.0] [cxt 0] link_monitor.p4(383) Primitive byte_cnt_reg.write((bit<32>)standard_metadata.egress_port, new_byte_cnt)
[13:55:41.656] [bmv2] [T] [thread 40066] [31.0] [cxt 0] Wrote register 'MyEgress.byte_cnt_reg' at index 0 with value 1400
[13:55:41.656] [bmv2] [T] [thread 40066] [31.0] [cxt 0] link_monitor.p4(385) Condition "hdr.probe.isValid()" (node_16) is false
[13:55:41.656] [bmv2] [D] [thread 40066] [31.0] [cxt 0] Pipeline 'egress': end
[13:55:41.656] [bmv2] [D] [thread 40066] [31.0] [cxt 0] Deparser 'deparser': start
[13:55:41.656] [bmv2] [T] [thread 40066] [31.0] [cxt 0] Skipping checksum 'cksum' update because condition not met
[13:55:41.656] [bmv2] [D] [thread 40066] [31.0] [cxt 0] Deparsing header 'ethernet'
[13:55:41.656] [bmv2] [D] [thread 40066] [31.0] [cxt 0] Deparser 'deparser': end
[13:55:41.656] [bmv2] [D] [thread 40070] [31.0] [cxt 0] Transmitting packet of size 70 out of port 0
open: No such file or directory
open: No such file or directory
open: No such file or directory
open: No such file or directory
