Calling target program-options parser
[13:53:24.816] [bmv2] [D] [thread 40072] Set default default entry for table 'MyIngress.tcp_lb': MyIngress.drop - 
[13:53:24.816] [bmv2] [D] [thread 40072] Set default default entry for table 'MyIngress.tcp_lb_nhop': MyIngress.drop - 
[13:53:24.816] [bmv2] [D] [thread 40072] Set default default entry for table 'MyIngress.ipv4_lpm': MyIngress.drop - 
[13:53:24.816] [bmv2] [D] [thread 40072] Set default default entry for table 'tbl_link_monitor341': link_monitor341 - 
[13:53:24.816] [bmv2] [D] [thread 40072] Set default default entry for table 'tbl_link_monitor379': link_monitor379 - 
[13:53:24.817] [bmv2] [D] [thread 40072] Set default default entry for table 'tbl_link_monitor382': link_monitor382 - 
[13:53:24.817] [bmv2] [D] [thread 40072] Set default default entry for table 'tbl_link_monitor382_0': link_monitor382_0 - 
[13:53:24.817] [bmv2] [D] [thread 40072] Set default default entry for table 'tbl_link_monitor383': link_monitor383 - 
[13:53:24.817] [bmv2] [D] [thread 40072] Set default default entry for table 'tbl_link_monitor387': link_monitor387 - 
[13:53:24.817] [bmv2] [D] [thread 40072] Set default default entry for table 'tbl_link_monitor390': link_monitor390 - 
[13:53:24.817] [bmv2] [D] [thread 40072] Set default default entry for table 'tbl_link_monitor393': link_monitor393 - 
[13:53:24.817] [bmv2] [D] [thread 40072] Set default default entry for table 'MyEgress.swid': NoAction - 
[13:53:24.817] [bmv2] [D] [thread 40072] Set default default entry for table 'tbl_link_monitor398': link_monitor398 - 
Adding interface s4-eth1 as port 1
[13:53:24.817] [bmv2] [D] [thread 40072] Adding interface s4-eth1 as port 1
Adding interface s4-eth2 as port 2
[13:53:24.854] [bmv2] [D] [thread 40072] Adding interface s4-eth2 as port 2
Server listening on 0.0.0.0:50054
[13:53:24.914] [bmv2] [I] [thread 40072] Starting Thrift server on port 9093
[13:53:24.914] [bmv2] [I] [thread 40072] Thrift server was started
[13:53:24.994] [bmv2] [D] [thread 40082] [0.0] [cxt 0] Processing packet received on port 2
[13:53:24.994] [bmv2] [D] [thread 40082] [0.0] [cxt 0] Parser 'parser': start
[13:53:24.994] [bmv2] [D] [thread 40082] [0.0] [cxt 0] Parser 'parser' entering state 'start'
[13:53:24.994] [bmv2] [D] [thread 40082] [0.0] [cxt 0] Extracting header 'ethernet'
[13:53:24.994] [bmv2] [D] [thread 40082] [0.0] [cxt 0] Parser state 'start': key is 86dd
[13:53:24.994] [bmv2] [T] [thread 40082] [0.0] [cxt 0] Bytes parsed: 14
[13:53:24.994] [bmv2] [D] [thread 40082] [0.0] [cxt 0] Parser 'parser': end
[13:53:24.994] [bmv2] [D] [thread 40082] [0.0] [cxt 0] Pipeline 'ingress': start
[13:53:24.994] [bmv2] [T] [thread 40082] [0.0] [cxt 0] link_monitor.p4(333) Condition "hdr.tcp.isValid()" (node_2) is false
[13:53:24.994] [bmv2] [T] [thread 40082] [0.0] [cxt 0] link_monitor.p4(337) Condition "hdr.ipv4.isValid()" (node_5) is false
[13:53:24.994] [bmv2] [T] [thread 40082] [0.0] [cxt 0] link_monitor.p4(340) Condition "hdr.probe.isValid()" (node_7) is false
[13:53:24.994] [bmv2] [D] [thread 40082] [0.0] [cxt 0] Pipeline 'ingress': end
[13:53:24.994] [bmv2] [D] [thread 40082] [0.0] [cxt 0] Egress port is 0
[13:53:24.994] [bmv2] [D] [thread 40083] [0.0] [cxt 0] Pipeline 'egress': start
[13:53:24.994] [bmv2] [T] [thread 40083] [0.0] [cxt 0] Applying table 'tbl_link_monitor379'
[13:53:24.994] [bmv2] [D] [thread 40083] [0.0] [cxt 0] Looking up key:

[13:53:24.994] [bmv2] [D] [thread 40083] [0.0] [cxt 0] Table 'tbl_link_monitor379': miss
[13:53:24.994] [bmv2] [D] [thread 40083] [0.0] [cxt 0] Action entry is link_monitor379 - 
[13:53:24.994] [bmv2] [T] [thread 40083] [0.0] [cxt 0] Action link_monitor379
[13:53:24.994] [bmv2] [T] [thread 40083] [0.0] [cxt 0] link_monitor.p4(379) Primitive (bit<32>)standard_metadata.egress_port
[13:53:24.994] [bmv2] [T] [thread 40083] [0.0] [cxt 0] link_monitor.p4(379) Primitive byte_cnt_reg.read(byte_cnt, (bit<32>)standard_metadata.egress_port)
[13:53:24.994] [bmv2] [T] [thread 40083] [0.0] [cxt 0] Read register 'MyEgress.byte_cnt_reg' at index 0 read value 0
[13:53:24.994] [bmv2] [T] [thread 40083] [0.0] [cxt 0] link_monitor.p4(380) Primitive byte_cnt = byte_cnt + standard_metadata.packet_length
[13:53:24.994] [bmv2] [T] [thread 40083] [0.0] [cxt 0] link_monitor.p4(382) Condition "hdr.probe.isValid()" (node_12) is false
[13:53:24.994] [bmv2] [T] [thread 40083] [0.0] [cxt 0] Applying table 'tbl_link_monitor382_0'
[13:53:24.994] [bmv2] [D] [thread 40083] [0.0] [cxt 0] Looking up key:

[13:53:24.994] [bmv2] [D] [thread 40083] [0.0] [cxt 0] Table 'tbl_link_monitor382_0': miss
[13:53:24.994] [bmv2] [D] [thread 40083] [0.0] [cxt 0] Action entry is link_monitor382_0 - 
[13:53:24.994] [bmv2] [T] [thread 40083] [0.0] [cxt 0] Action link_monitor382_0
[13:53:24.994] [bmv2] [T] [thread 40083] [0.0] [cxt 0] link_monitor.p4(382) Primitive (hdr.probe.isValid()) ? 0 : byte_cnt
[13:53:24.994] [bmv2] [T] [thread 40083] [0.0] [cxt 0] Applying table 'tbl_link_monitor383'
[13:53:24.994] [bmv2] [D] [thread 40083] [0.0] [cxt 0] Looking up key:

[13:53:24.994] [bmv2] [D] [thread 40083] [0.0] [cxt 0] Table 'tbl_link_monitor383': miss
[13:53:24.994] [bmv2] [D] [thread 40083] [0.0] [cxt 0] Action entry is link_monitor383 - 
[13:53:24.994] [bmv2] [T] [thread 40083] [0.0] [cxt 0] Action link_monitor383
[13:53:24.994] [bmv2] [T] [thread 40083] [0.0] [cxt 0] link_monitor.p4(383) Primitive (bit<32>)standard_metadata.egress_port
[13:53:24.994] [bmv2] [T] [thread 40083] [0.0] [cxt 0] link_monitor.p4(383) Primitive byte_cnt_reg.write((bit<32>)standard_metadata.egress_port, new_byte_cnt)
[13:53:24.994] [bmv2] [T] [thread 40083] [0.0] [cxt 0] Wrote register 'MyEgress.byte_cnt_reg' at index 0 with value 90
[13:53:24.994] [bmv2] [T] [thread 40083] [0.0] [cxt 0] link_monitor.p4(385) Condition "hdr.probe.isValid()" (node_16) is false
[13:53:24.994] [bmv2] [D] [thread 40083] [0.0] [cxt 0] Pipeline 'egress': end
[13:53:24.994] [bmv2] [D] [thread 40083] [0.0] [cxt 0] Deparser 'deparser': start
[13:53:24.994] [bmv2] [T] [thread 40083] [0.0] [cxt 0] Skipping checksum 'cksum' update because condition not met
[13:53:24.994] [bmv2] [D] [thread 40083] [0.0] [cxt 0] Deparsing header 'ethernet'
[13:53:24.994] [bmv2] [D] [thread 40083] [0.0] [cxt 0] Deparser 'deparser': end
[13:53:24.994] [bmv2] [D] [thread 40087] [0.0] [cxt 0] Transmitting packet of size 90 out of port 0
[13:53:25.037] [bmv2] [D] [thread 40082] [1.0] [cxt 0] Processing packet received on port 1
[13:53:25.037] [bmv2] [D] [thread 40082] [1.0] [cxt 0] Parser 'parser': start
[13:53:25.037] [bmv2] [D] [thread 40082] [1.0] [cxt 0] Parser 'parser' entering state 'start'
[13:53:25.037] [bmv2] [D] [thread 40082] [1.0] [cxt 0] Extracting header 'ethernet'
[13:53:25.037] [bmv2] [D] [thread 40082] [1.0] [cxt 0] Parser state 'start': key is 86dd
[13:53:25.037] [bmv2] [T] [thread 40082] [1.0] [cxt 0] Bytes parsed: 14
[13:53:25.037] [bmv2] [D] [thread 40082] [1.0] [cxt 0] Parser 'parser': end
[13:53:25.037] [bmv2] [D] [thread 40082] [1.0] [cxt 0] Pipeline 'ingress': start
[13:53:25.037] [bmv2] [T] [thread 40082] [1.0] [cxt 0] link_monitor.p4(333) Condition "hdr.tcp.isValid()" (node_2) is false
[13:53:25.037] [bmv2] [T] [thread 40082] [1.0] [cxt 0] link_monitor.p4(337) Condition "hdr.ipv4.isValid()" (node_5) is false
[13:53:25.037] [bmv2] [T] [thread 40082] [1.0] [cxt 0] link_monitor.p4(340) Condition "hdr.probe.isValid()" (node_7) is false
[13:53:25.037] [bmv2] [D] [thread 40082] [1.0] [cxt 0] Pipeline 'ingress': end
[13:53:25.037] [bmv2] [D] [thread 40082] [1.0] [cxt 0] Egress port is 0
[13:53:25.037] [bmv2] [D] [thread 40083] [1.0] [cxt 0] Pipeline 'egress': start
[13:53:25.037] [bmv2] [T] [thread 40083] [1.0] [cxt 0] Applying table 'tbl_link_monitor379'
[13:53:25.037] [bmv2] [D] [thread 40083] [1.0] [cxt 0] Looking up key:

[13:53:25.037] [bmv2] [D] [thread 40083] [1.0] [cxt 0] Table 'tbl_link_monitor379': miss
[13:53:25.037] [bmv2] [D] [thread 40083] [1.0] [cxt 0] Action entry is link_monitor379 - 
[13:53:25.037] [bmv2] [T] [thread 40083] [1.0] [cxt 0] Action link_monitor379
[13:53:25.037] [bmv2] [T] [thread 40083] [1.0] [cxt 0] link_monitor.p4(379) Primitive (bit<32>)standard_metadata.egress_port
[13:53:25.037] [bmv2] [T] [thread 40083] [1.0] [cxt 0] link_monitor.p4(379) Primitive byte_cnt_reg.read(byte_cnt, (bit<32>)standard_metadata.egress_port)
[13:53:25.037] [bmv2] [T] [thread 40083] [1.0] [cxt 0] Read register 'MyEgress.byte_cnt_reg' at index 0 read value 90
[13:53:25.037] [bmv2] [T] [thread 40083] [1.0] [cxt 0] link_monitor.p4(380) Primitive byte_cnt = byte_cnt + standard_metadata.packet_length
[13:53:25.037] [bmv2] [T] [thread 40083] [1.0] [cxt 0] link_monitor.p4(382) Condition "hdr.probe.isValid()" (node_12) is false
[13:53:25.037] [bmv2] [T] [thread 40083] [1.0] [cxt 0] Applying table 'tbl_link_monitor382_0'
[13:53:25.037] [bmv2] [D] [thread 40083] [1.0] [cxt 0] Looking up key:

[13:53:25.037] [bmv2] [D] [thread 40083] [1.0] [cxt 0] Table 'tbl_link_monitor382_0': miss
[13:53:25.037] [bmv2] [D] [thread 40083] [1.0] [cxt 0] Action entry is link_monitor382_0 - 
[13:53:25.037] [bmv2] [T] [thread 40083] [1.0] [cxt 0] Action link_monitor382_0
[13:53:25.037] [bmv2] [T] [thread 40083] [1.0] [cxt 0] link_monitor.p4(382) Primitive (hdr.probe.isValid()) ? 0 : byte_cnt
[13:53:25.037] [bmv2] [T] [thread 40083] [1.0] [cxt 0] Applying table 'tbl_link_monitor383'
[13:53:25.037] [bmv2] [D] [thread 40083] [1.0] [cxt 0] Looking up key:

[13:53:25.037] [bmv2] [D] [thread 40083] [1.0] [cxt 0] Table 'tbl_link_monitor383': miss
[13:53:25.037] [bmv2] [D] [thread 40083] [1.0] [cxt 0] Action entry is link_monitor383 - 
[13:53:25.037] [bmv2] [T] [thread 40083] [1.0] [cxt 0] Action link_monitor383
[13:53:25.037] [bmv2] [T] [thread 40083] [1.0] [cxt 0] link_monitor.p4(383) Primitive (bit<32>)standard_metadata.egress_port
[13:53:25.037] [bmv2] [T] [thread 40083] [1.0] [cxt 0] link_monitor.p4(383) Primitive byte_cnt_reg.write((bit<32>)standard_metadata.egress_port, new_byte_cnt)
[13:53:25.037] [bmv2] [T] [thread 40083] [1.0] [cxt 0] Wrote register 'MyEgress.byte_cnt_reg' at index 0 with value 180
[13:53:25.037] [bmv2] [T] [thread 40083] [1.0] [cxt 0] link_monitor.p4(385) Condition "hdr.probe.isValid()" (node_16) is false
[13:53:25.037] [bmv2] [D] [thread 40083] [1.0] [cxt 0] Pipeline 'egress': end
[13:53:25.037] [bmv2] [D] [thread 40083] [1.0] [cxt 0] Deparser 'deparser': start
[13:53:25.037] [bmv2] [T] [thread 40083] [1.0] [cxt 0] Skipping checksum 'cksum' update because condition not met
[13:53:25.037] [bmv2] [D] [thread 40083] [1.0] [cxt 0] Deparsing header 'ethernet'
[13:53:25.037] [bmv2] [D] [thread 40083] [1.0] [cxt 0] Deparser 'deparser': end
[13:53:25.037] [bmv2] [D] [thread 40087] [1.0] [cxt 0] Transmitting packet of size 90 out of port 0
[13:53:25.122] [bmv2] [D] [thread 40082] [2.0] [cxt 0] Processing packet received on port 1
[13:53:25.122] [bmv2] [D] [thread 40082] [2.0] [cxt 0] Parser 'parser': start
[13:53:25.122] [bmv2] [D] [thread 40082] [2.0] [cxt 0] Parser 'parser' entering state 'start'
[13:53:25.122] [bmv2] [D] [thread 40082] [2.0] [cxt 0] Extracting header 'ethernet'
[13:53:25.122] [bmv2] [D] [thread 40082] [2.0] [cxt 0] Parser state 'start': key is 86dd
[13:53:25.122] [bmv2] [T] [thread 40082] [2.0] [cxt 0] Bytes parsed: 14
[13:53:25.122] [bmv2] [D] [thread 40082] [2.0] [cxt 0] Parser 'parser': end
[13:53:25.122] [bmv2] [D] [thread 40082] [2.0] [cxt 0] Pipeline 'ingress': start
[13:53:25.122] [bmv2] [T] [thread 40082] [2.0] [cxt 0] link_monitor.p4(333) Condition "hdr.tcp.isValid()" (node_2) is false
[13:53:25.122] [bmv2] [T] [thread 40082] [2.0] [cxt 0] link_monitor.p4(337) Condition "hdr.ipv4.isValid()" (node_5) is false
[13:53:25.122] [bmv2] [T] [thread 40082] [2.0] [cxt 0] link_monitor.p4(340) Condition "hdr.probe.isValid()" (node_7) is false
[13:53:25.122] [bmv2] [D] [thread 40082] [2.0] [cxt 0] Pipeline 'ingress': end
[13:53:25.122] [bmv2] [D] [thread 40082] [2.0] [cxt 0] Egress port is 0
[13:53:25.122] [bmv2] [D] [thread 40083] [2.0] [cxt 0] Pipeline 'egress': start
[13:53:25.122] [bmv2] [T] [thread 40083] [2.0] [cxt 0] Applying table 'tbl_link_monitor379'
[13:53:25.122] [bmv2] [D] [thread 40083] [2.0] [cxt 0] Looking up key:

[13:53:25.122] [bmv2] [D] [thread 40083] [2.0] [cxt 0] Table 'tbl_link_monitor379': miss
[13:53:25.122] [bmv2] [D] [thread 40083] [2.0] [cxt 0] Action entry is link_monitor379 - 
[13:53:25.122] [bmv2] [T] [thread 40083] [2.0] [cxt 0] Action link_monitor379
[13:53:25.122] [bmv2] [T] [thread 40083] [2.0] [cxt 0] link_monitor.p4(379) Primitive (bit<32>)standard_metadata.egress_port
[13:53:25.122] [bmv2] [T] [thread 40083] [2.0] [cxt 0] link_monitor.p4(379) Primitive byte_cnt_reg.read(byte_cnt, (bit<32>)standard_metadata.egress_port)
[13:53:25.122] [bmv2] [T] [thread 40083] [2.0] [cxt 0] Read register 'MyEgress.byte_cnt_reg' at index 0 read value 180
[13:53:25.122] [bmv2] [T] [thread 40083] [2.0] [cxt 0] link_monitor.p4(380) Primitive byte_cnt = byte_cnt + standard_metadata.packet_length
[13:53:25.122] [bmv2] [T] [thread 40083] [2.0] [cxt 0] link_monitor.p4(382) Condition "hdr.probe.isValid()" (node_12) is false
[13:53:25.122] [bmv2] [T] [thread 40083] [2.0] [cxt 0] Applying table 'tbl_link_monitor382_0'
[13:53:25.122] [bmv2] [D] [thread 40083] [2.0] [cxt 0] Looking up key:

[13:53:25.122] [bmv2] [D] [thread 40083] [2.0] [cxt 0] Table 'tbl_link_monitor382_0': miss
[13:53:25.122] [bmv2] [D] [thread 40083] [2.0] [cxt 0] Action entry is link_monitor382_0 - 
[13:53:25.122] [bmv2] [T] [thread 40083] [2.0] [cxt 0] Action link_monitor382_0
[13:53:25.122] [bmv2] [T] [thread 40083] [2.0] [cxt 0] link_monitor.p4(382) Primitive (hdr.probe.isValid()) ? 0 : byte_cnt
[13:53:25.122] [bmv2] [T] [thread 40083] [2.0] [cxt 0] Applying table 'tbl_link_monitor383'
[13:53:25.122] [bmv2] [D] [thread 40083] [2.0] [cxt 0] Looking up key:

[13:53:25.122] [bmv2] [D] [thread 40083] [2.0] [cxt 0] Table 'tbl_link_monitor383': miss
[13:53:25.122] [bmv2] [D] [thread 40083] [2.0] [cxt 0] Action entry is link_monitor383 - 
[13:53:25.122] [bmv2] [T] [thread 40083] [2.0] [cxt 0] Action link_monitor383
[13:53:25.122] [bmv2] [T] [thread 40083] [2.0] [cxt 0] link_monitor.p4(383) Primitive (bit<32>)standard_metadata.egress_port
[13:53:25.122] [bmv2] [T] [thread 40083] [2.0] [cxt 0] link_monitor.p4(383) Primitive byte_cnt_reg.write((bit<32>)standard_metadata.egress_port, new_byte_cnt)
[13:53:25.122] [bmv2] [T] [thread 40083] [2.0] [cxt 0] Wrote register 'MyEgress.byte_cnt_reg' at index 0 with value 270
[13:53:25.122] [bmv2] [T] [thread 40083] [2.0] [cxt 0] link_monitor.p4(385) Condition "hdr.probe.isValid()" (node_16) is false
[13:53:25.122] [bmv2] [D] [thread 40083] [2.0] [cxt 0] Pipeline 'egress': end
[13:53:25.122] [bmv2] [D] [thread 40083] [2.0] [cxt 0] Deparser 'deparser': start
[13:53:25.122] [bmv2] [T] [thread 40083] [2.0] [cxt 0] Skipping checksum 'cksum' update because condition not met
[13:53:25.122] [bmv2] [D] [thread 40083] [2.0] [cxt 0] Deparsing header 'ethernet'
[13:53:25.122] [bmv2] [D] [thread 40083] [2.0] [cxt 0] Deparser 'deparser': end
[13:53:25.124] [bmv2] [D] [thread 40087] [2.0] [cxt 0] Transmitting packet of size 90 out of port 0
[13:53:25.171] [bmv2] [D] [thread 40082] [3.0] [cxt 0] Processing packet received on port 2
[13:53:25.171] [bmv2] [D] [thread 40082] [3.0] [cxt 0] Parser 'parser': start
[13:53:25.171] [bmv2] [D] [thread 40082] [3.0] [cxt 0] Parser 'parser' entering state 'start'
[13:53:25.171] [bmv2] [D] [thread 40082] [3.0] [cxt 0] Extracting header 'ethernet'
[13:53:25.171] [bmv2] [D] [thread 40082] [3.0] [cxt 0] Parser state 'start': key is 86dd
[13:53:25.171] [bmv2] [T] [thread 40082] [3.0] [cxt 0] Bytes parsed: 14
[13:53:25.171] [bmv2] [D] [thread 40082] [3.0] [cxt 0] Parser 'parser': end
[13:53:25.171] [bmv2] [D] [thread 40082] [3.0] [cxt 0] Pipeline 'ingress': start
[13:53:25.171] [bmv2] [T] [thread 40082] [3.0] [cxt 0] link_monitor.p4(333) Condition "hdr.tcp.isValid()" (node_2) is false
[13:53:25.171] [bmv2] [T] [thread 40082] [3.0] [cxt 0] link_monitor.p4(337) Condition "hdr.ipv4.isValid()" (node_5) is false
[13:53:25.171] [bmv2] [T] [thread 40082] [3.0] [cxt 0] link_monitor.p4(340) Condition "hdr.probe.isValid()" (node_7) is false
[13:53:25.171] [bmv2] [D] [thread 40082] [3.0] [cxt 0] Pipeline 'ingress': end
[13:53:25.171] [bmv2] [D] [thread 40082] [3.0] [cxt 0] Egress port is 0
[13:53:25.171] [bmv2] [D] [thread 40082] [4.0] [cxt 0] Processing packet received on port 2
[13:53:25.171] [bmv2] [D] [thread 40082] [4.0] [cxt 0] Parser 'parser': start
[13:53:25.171] [bmv2] [D] [thread 40082] [4.0] [cxt 0] Parser 'parser' entering state 'start'
[13:53:25.171] [bmv2] [D] [thread 40082] [4.0] [cxt 0] Extracting header 'ethernet'
[13:53:25.171] [bmv2] [D] [thread 40082] [4.0] [cxt 0] Parser state 'start': key is 86dd
[13:53:25.171] [bmv2] [T] [thread 40082] [4.0] [cxt 0] Bytes parsed: 14
[13:53:25.171] [bmv2] [D] [thread 40082] [4.0] [cxt 0] Parser 'parser': end
[13:53:25.171] [bmv2] [D] [thread 40082] [4.0] [cxt 0] Pipeline 'ingress': start
[13:53:25.171] [bmv2] [T] [thread 40082] [4.0] [cxt 0] link_monitor.p4(333) Condition "hdr.tcp.isValid()" (node_2) is false
[13:53:25.171] [bmv2] [T] [thread 40082] [4.0] [cxt 0] link_monitor.p4(337) Condition "hdr.ipv4.isValid()" (node_5) is false
[13:53:25.171] [bmv2] [T] [thread 40082] [4.0] [cxt 0] link_monitor.p4(340) Condition "hdr.probe.isValid()" (node_7) is false
[13:53:25.171] [bmv2] [D] [thread 40082] [4.0] [cxt 0] Pipeline 'ingress': end
[13:53:25.171] [bmv2] [D] [thread 40082] [4.0] [cxt 0] Egress port is 0
[13:53:25.171] [bmv2] [D] [thread 40083] [3.0] [cxt 0] Pipeline 'egress': start
[13:53:25.171] [bmv2] [T] [thread 40083] [3.0] [cxt 0] Applying table 'tbl_link_monitor379'
[13:53:25.171] [bmv2] [D] [thread 40083] [3.0] [cxt 0] Looking up key:

[13:53:25.171] [bmv2] [D] [thread 40083] [3.0] [cxt 0] Table 'tbl_link_monitor379': miss
[13:53:25.171] [bmv2] [D] [thread 40083] [3.0] [cxt 0] Action entry is link_monitor379 - 
[13:53:25.171] [bmv2] [T] [thread 40083] [3.0] [cxt 0] Action link_monitor379
[13:53:25.171] [bmv2] [T] [thread 40083] [3.0] [cxt 0] link_monitor.p4(379) Primitive (bit<32>)standard_metadata.egress_port
[13:53:25.171] [bmv2] [T] [thread 40083] [3.0] [cxt 0] link_monitor.p4(379) Primitive byte_cnt_reg.read(byte_cnt, (bit<32>)standard_metadata.egress_port)
[13:53:25.171] [bmv2] [T] [thread 40083] [3.0] [cxt 0] Read register 'MyEgress.byte_cnt_reg' at index 0 read value 270
[13:53:25.171] [bmv2] [T] [thread 40083] [3.0] [cxt 0] link_monitor.p4(380) Primitive byte_cnt = byte_cnt + standard_metadata.packet_length
[13:53:25.171] [bmv2] [T] [thread 40083] [3.0] [cxt 0] link_monitor.p4(382) Condition "hdr.probe.isValid()" (node_12) is false
[13:53:25.171] [bmv2] [T] [thread 40083] [3.0] [cxt 0] Applying table 'tbl_link_monitor382_0'
[13:53:25.171] [bmv2] [D] [thread 40083] [3.0] [cxt 0] Looking up key:

[13:53:25.171] [bmv2] [D] [thread 40083] [3.0] [cxt 0] Table 'tbl_link_monitor382_0': miss
[13:53:25.171] [bmv2] [D] [thread 40083] [3.0] [cxt 0] Action entry is link_monitor382_0 - 
[13:53:25.171] [bmv2] [T] [thread 40083] [3.0] [cxt 0] Action link_monitor382_0
[13:53:25.171] [bmv2] [T] [thread 40083] [3.0] [cxt 0] link_monitor.p4(382) Primitive (hdr.probe.isValid()) ? 0 : byte_cnt
[13:53:25.171] [bmv2] [T] [thread 40083] [3.0] [cxt 0] Applying table 'tbl_link_monitor383'
[13:53:25.171] [bmv2] [D] [thread 40083] [3.0] [cxt 0] Looking up key:

[13:53:25.171] [bmv2] [D] [thread 40083] [3.0] [cxt 0] Table 'tbl_link_monitor383': miss
[13:53:25.171] [bmv2] [D] [thread 40083] [3.0] [cxt 0] Action entry is link_monitor383 - 
[13:53:25.171] [bmv2] [T] [thread 40083] [3.0] [cxt 0] Action link_monitor383
[13:53:25.171] [bmv2] [T] [thread 40083] [3.0] [cxt 0] link_monitor.p4(383) Primitive (bit<32>)standard_metadata.egress_port
[13:53:25.171] [bmv2] [T] [thread 40083] [3.0] [cxt 0] link_monitor.p4(383) Primitive byte_cnt_reg.write((bit<32>)standard_metadata.egress_port, new_byte_cnt)
[13:53:25.171] [bmv2] [T] [thread 40083] [3.0] [cxt 0] Wrote register 'MyEgress.byte_cnt_reg' at index 0 with value 360
[13:53:25.171] [bmv2] [T] [thread 40083] [3.0] [cxt 0] link_monitor.p4(385) Condition "hdr.probe.isValid()" (node_16) is false
[13:53:25.171] [bmv2] [D] [thread 40083] [3.0] [cxt 0] Pipeline 'egress': end
[13:53:25.171] [bmv2] [D] [thread 40083] [3.0] [cxt 0] Deparser 'deparser': start
[13:53:25.171] [bmv2] [T] [thread 40083] [3.0] [cxt 0] Skipping checksum 'cksum' update because condition not met
[13:53:25.171] [bmv2] [D] [thread 40083] [3.0] [cxt 0] Deparsing header 'ethernet'
[13:53:25.171] [bmv2] [D] [thread 40083] [3.0] [cxt 0] Deparser 'deparser': end
[13:53:25.171] [bmv2] [D] [thread 40083] [4.0] [cxt 0] Pipeline 'egress': start
[13:53:25.171] [bmv2] [T] [thread 40083] [4.0] [cxt 0] Applying table 'tbl_link_monitor379'
[13:53:25.171] [bmv2] [D] [thread 40083] [4.0] [cxt 0] Looking up key:

[13:53:25.171] [bmv2] [D] [thread 40083] [4.0] [cxt 0] Table 'tbl_link_monitor379': miss
[13:53:25.171] [bmv2] [D] [thread 40083] [4.0] [cxt 0] Action entry is link_monitor379 - 
[13:53:25.171] [bmv2] [T] [thread 40083] [4.0] [cxt 0] Action link_monitor379
[13:53:25.171] [bmv2] [T] [thread 40083] [4.0] [cxt 0] link_monitor.p4(379) Primitive (bit<32>)standard_metadata.egress_port
[13:53:25.171] [bmv2] [T] [thread 40083] [4.0] [cxt 0] link_monitor.p4(379) Primitive byte_cnt_reg.read(byte_cnt, (bit<32>)standard_metadata.egress_port)
[13:53:25.171] [bmv2] [T] [thread 40083] [4.0] [cxt 0] Read register 'MyEgress.byte_cnt_reg' at index 0 read value 360
[13:53:25.171] [bmv2] [T] [thread 40083] [4.0] [cxt 0] link_monitor.p4(380) Primitive byte_cnt = byte_cnt + standard_metadata.packet_length
[13:53:25.171] [bmv2] [T] [thread 40083] [4.0] [cxt 0] link_monitor.p4(382) Condition "hdr.probe.isValid()" (node_12) is false
[13:53:25.171] [bmv2] [T] [thread 40083] [4.0] [cxt 0] Applying table 'tbl_link_monitor382_0'
[13:53:25.171] [bmv2] [D] [thread 40083] [4.0] [cxt 0] Looking up key:

[13:53:25.171] [bmv2] [D] [thread 40083] [4.0] [cxt 0] Table 'tbl_link_monitor382_0': miss
[13:53:25.171] [bmv2] [D] [thread 40083] [4.0] [cxt 0] Action entry is link_monitor382_0 - 
[13:53:25.171] [bmv2] [T] [thread 40083] [4.0] [cxt 0] Action link_monitor382_0
[13:53:25.171] [bmv2] [T] [thread 40083] [4.0] [cxt 0] link_monitor.p4(382) Primitive (hdr.probe.isValid()) ? 0 : byte_cnt
[13:53:25.171] [bmv2] [T] [thread 40083] [4.0] [cxt 0] Applying table 'tbl_link_monitor383'
[13:53:25.171] [bmv2] [D] [thread 40083] [4.0] [cxt 0] Looking up key:

[13:53:25.171] [bmv2] [D] [thread 40083] [4.0] [cxt 0] Table 'tbl_link_monitor383': miss
[13:53:25.171] [bmv2] [D] [thread 40083] [4.0] [cxt 0] Action entry is link_monitor383 - 
[13:53:25.171] [bmv2] [T] [thread 40083] [4.0] [cxt 0] Action link_monitor383
[13:53:25.171] [bmv2] [T] [thread 40083] [4.0] [cxt 0] link_monitor.p4(383) Primitive (bit<32>)standard_metadata.egress_port
[13:53:25.171] [bmv2] [T] [thread 40083] [4.0] [cxt 0] link_monitor.p4(383) Primitive byte_cnt_reg.write((bit<32>)standard_metadata.egress_port, new_byte_cnt)
[13:53:25.171] [bmv2] [T] [thread 40083] [4.0] [cxt 0] Wrote register 'MyEgress.byte_cnt_reg' at index 0 with value 430
[13:53:25.171] [bmv2] [T] [thread 40083] [4.0] [cxt 0] link_monitor.p4(385) Condition "hdr.probe.isValid()" (node_16) is false
[13:53:25.171] [bmv2] [D] [thread 40083] [4.0] [cxt 0] Pipeline 'egress': end
[13:53:25.171] [bmv2] [D] [thread 40083] [4.0] [cxt 0] Deparser 'deparser': start
[13:53:25.171] [bmv2] [T] [thread 40083] [4.0] [cxt 0] Skipping checksum 'cksum' update because condition not met
[13:53:25.171] [bmv2] [D] [thread 40083] [4.0] [cxt 0] Deparsing header 'ethernet'
[13:53:25.171] [bmv2] [D] [thread 40083] [4.0] [cxt 0] Deparser 'deparser': end
[13:53:25.172] [bmv2] [D] [thread 40087] [3.0] [cxt 0] Transmitting packet of size 90 out of port 0
[13:53:25.172] [bmv2] [D] [thread 40087] [4.0] [cxt 0] Transmitting packet of size 70 out of port 0
[13:53:25.277] [bmv2] [D] [thread 40082] [5.0] [cxt 0] Processing packet received on port 2
[13:53:25.277] [bmv2] [D] [thread 40082] [5.0] [cxt 0] Parser 'parser': start
[13:53:25.277] [bmv2] [D] [thread 40082] [5.0] [cxt 0] Parser 'parser' entering state 'start'
[13:53:25.277] [bmv2] [D] [thread 40082] [5.0] [cxt 0] Extracting header 'ethernet'
[13:53:25.277] [bmv2] [D] [thread 40082] [5.0] [cxt 0] Parser state 'start': key is 86dd
[13:53:25.277] [bmv2] [T] [thread 40082] [5.0] [cxt 0] Bytes parsed: 14
[13:53:25.277] [bmv2] [D] [thread 40082] [5.0] [cxt 0] Parser 'parser': end
[13:53:25.277] [bmv2] [D] [thread 40082] [5.0] [cxt 0] Pipeline 'ingress': start
[13:53:25.277] [bmv2] [T] [thread 40082] [5.0] [cxt 0] link_monitor.p4(333) Condition "hdr.tcp.isValid()" (node_2) is false
[13:53:25.277] [bmv2] [T] [thread 40082] [5.0] [cxt 0] link_monitor.p4(337) Condition "hdr.ipv4.isValid()" (node_5) is false
[13:53:25.277] [bmv2] [T] [thread 40082] [5.0] [cxt 0] link_monitor.p4(340) Condition "hdr.probe.isValid()" (node_7) is false
[13:53:25.277] [bmv2] [D] [thread 40082] [5.0] [cxt 0] Pipeline 'ingress': end
[13:53:25.277] [bmv2] [D] [thread 40082] [5.0] [cxt 0] Egress port is 0
[13:53:25.277] [bmv2] [D] [thread 40083] [5.0] [cxt 0] Pipeline 'egress': start
[13:53:25.277] [bmv2] [T] [thread 40083] [5.0] [cxt 0] Applying table 'tbl_link_monitor379'
[13:53:25.277] [bmv2] [D] [thread 40083] [5.0] [cxt 0] Looking up key:

[13:53:25.277] [bmv2] [D] [thread 40083] [5.0] [cxt 0] Table 'tbl_link_monitor379': miss
[13:53:25.277] [bmv2] [D] [thread 40083] [5.0] [cxt 0] Action entry is link_monitor379 - 
[13:53:25.277] [bmv2] [T] [thread 40083] [5.0] [cxt 0] Action link_monitor379
[13:53:25.277] [bmv2] [T] [thread 40083] [5.0] [cxt 0] link_monitor.p4(379) Primitive (bit<32>)standard_metadata.egress_port
[13:53:25.277] [bmv2] [T] [thread 40083] [5.0] [cxt 0] link_monitor.p4(379) Primitive byte_cnt_reg.read(byte_cnt, (bit<32>)standard_metadata.egress_port)
[13:53:25.277] [bmv2] [T] [thread 40083] [5.0] [cxt 0] Read register 'MyEgress.byte_cnt_reg' at index 0 read value 430
[13:53:25.277] [bmv2] [T] [thread 40083] [5.0] [cxt 0] link_monitor.p4(380) Primitive byte_cnt = byte_cnt + standard_metadata.packet_length
[13:53:25.277] [bmv2] [T] [thread 40083] [5.0] [cxt 0] link_monitor.p4(382) Condition "hdr.probe.isValid()" (node_12) is false
[13:53:25.277] [bmv2] [T] [thread 40083] [5.0] [cxt 0] Applying table 'tbl_link_monitor382_0'
[13:53:25.277] [bmv2] [D] [thread 40083] [5.0] [cxt 0] Looking up key:

[13:53:25.277] [bmv2] [D] [thread 40083] [5.0] [cxt 0] Table 'tbl_link_monitor382_0': miss
[13:53:25.277] [bmv2] [D] [thread 40083] [5.0] [cxt 0] Action entry is link_monitor382_0 - 
[13:53:25.277] [bmv2] [T] [thread 40083] [5.0] [cxt 0] Action link_monitor382_0
[13:53:25.277] [bmv2] [T] [thread 40083] [5.0] [cxt 0] link_monitor.p4(382) Primitive (hdr.probe.isValid()) ? 0 : byte_cnt
[13:53:25.277] [bmv2] [T] [thread 40083] [5.0] [cxt 0] Applying table 'tbl_link_monitor383'
[13:53:25.277] [bmv2] [D] [thread 40083] [5.0] [cxt 0] Looking up key:

[13:53:25.277] [bmv2] [D] [thread 40083] [5.0] [cxt 0] Table 'tbl_link_monitor383': miss
[13:53:25.277] [bmv2] [D] [thread 40083] [5.0] [cxt 0] Action entry is link_monitor383 - 
[13:53:25.277] [bmv2] [T] [thread 40083] [5.0] [cxt 0] Action link_monitor383
[13:53:25.277] [bmv2] [T] [thread 40083] [5.0] [cxt 0] link_monitor.p4(383) Primitive (bit<32>)standard_metadata.egress_port
[13:53:25.277] [bmv2] [T] [thread 40083] [5.0] [cxt 0] link_monitor.p4(383) Primitive byte_cnt_reg.write((bit<32>)standard_metadata.egress_port, new_byte_cnt)
[13:53:25.277] [bmv2] [T] [thread 40083] [5.0] [cxt 0] Wrote register 'MyEgress.byte_cnt_reg' at index 0 with value 520
[13:53:25.277] [bmv2] [T] [thread 40083] [5.0] [cxt 0] link_monitor.p4(385) Condition "hdr.probe.isValid()" (node_16) is false
[13:53:25.277] [bmv2] [D] [thread 40083] [5.0] [cxt 0] Pipeline 'egress': end
[13:53:25.277] [bmv2] [D] [thread 40083] [5.0] [cxt 0] Deparser 'deparser': start
[13:53:25.277] [bmv2] [T] [thread 40083] [5.0] [cxt 0] Skipping checksum 'cksum' update because condition not met
[13:53:25.277] [bmv2] [D] [thread 40083] [5.0] [cxt 0] Deparsing header 'ethernet'
[13:53:25.277] [bmv2] [D] [thread 40083] [5.0] [cxt 0] Deparser 'deparser': end
[13:53:25.277] [bmv2] [D] [thread 40087] [5.0] [cxt 0] Transmitting packet of size 90 out of port 0
[13:53:26.495] [bmv2] [W] [thread 40133] [P4Runtime] p4::tmp::P4DeviceConfig is deprecated
[13:53:26.497] [bmv2] [D] [thread 40133] Set default default entry for table 'MyIngress.tcp_lb': MyIngress.drop - 
[13:53:26.497] [bmv2] [D] [thread 40133] Set default default entry for table 'MyIngress.tcp_lb_nhop': MyIngress.drop - 
[13:53:26.497] [bmv2] [D] [thread 40133] Set default default entry for table 'MyIngress.ipv4_lpm': MyIngress.drop - 
[13:53:26.497] [bmv2] [D] [thread 40133] Set default default entry for table 'tbl_link_monitor341': link_monitor341 - 
[13:53:26.497] [bmv2] [D] [thread 40133] Set default default entry for table 'tbl_link_monitor379': link_monitor379 - 
[13:53:26.497] [bmv2] [D] [thread 40133] Set default default entry for table 'tbl_link_monitor382': link_monitor382 - 
[13:53:26.497] [bmv2] [D] [thread 40133] Set default default entry for table 'tbl_link_monitor382_0': link_monitor382_0 - 
[13:53:26.497] [bmv2] [D] [thread 40133] Set default default entry for table 'tbl_link_monitor383': link_monitor383 - 
[13:53:26.498] [bmv2] [D] [thread 40133] Set default default entry for table 'tbl_link_monitor387': link_monitor387 - 
[13:53:26.498] [bmv2] [D] [thread 40133] Set default default entry for table 'tbl_link_monitor390': link_monitor390 - 
[13:53:26.498] [bmv2] [D] [thread 40133] Set default default entry for table 'tbl_link_monitor393': link_monitor393 - 
[13:53:26.498] [bmv2] [D] [thread 40133] Set default default entry for table 'MyEgress.swid': NoAction - 
[13:53:26.498] [bmv2] [D] [thread 40133] Set default default entry for table 'tbl_link_monitor398': link_monitor398 - 
[13:53:26.506] [bmv2] [D] [thread 40133] simple_switch target has been notified of a config swap
[13:53:26.507] [bmv2] [D] [thread 40134] Set default entry for table 'MyEgress.swid': MyEgress.set_swid - 4,
[13:53:26.507] [bmv2] [D] [thread 40133] Set default entry for table 'MyIngress.ipv4_lpm': MyIngress.drop - 
[13:53:26.508] [bmv2] [D] [thread 40134] Set default entry for table 'MyIngress.tcp_lb': MyIngress.drop - 
[13:53:26.508] [bmv2] [D] [thread 40133] Set default entry for table 'MyIngress.tcp_lb_nhop': MyIngress.drop - 
[13:53:26.514] [bmv2] [D] [thread 40134] Entry 0 added to table 'MyIngress.ipv4_lpm'
[13:53:26.514] [bmv2] [D] [thread 40134] Dumping entry 0
Match key:
* hdr.ipv4.dstAddr    : LPM       0a000101/32
Action entry: MyIngress.ipv4_forward - 80000000100,2,

[13:53:26.515] [bmv2] [D] [thread 40133] Entry 1 added to table 'MyIngress.ipv4_lpm'
[13:53:26.515] [bmv2] [D] [thread 40133] Dumping entry 1
Match key:
* hdr.ipv4.dstAddr    : LPM       0a000202/32
Action entry: MyIngress.ipv4_forward - 80000000100,2,

[13:53:26.516] [bmv2] [D] [thread 40134] Entry 2 added to table 'MyIngress.ipv4_lpm'
[13:53:26.516] [bmv2] [D] [thread 40134] Dumping entry 2
Match key:
* hdr.ipv4.dstAddr    : LPM       0a000303/32
Action entry: MyIngress.ipv4_forward - 80000000200,1,

[13:53:26.521] [bmv2] [D] [thread 40133] Entry 3 added to table 'MyIngress.ipv4_lpm'
[13:53:26.521] [bmv2] [D] [thread 40133] Dumping entry 3
Match key:
* hdr.ipv4.dstAddr    : LPM       0a000404/32
Action entry: MyIngress.ipv4_forward - 80000000200,1,

[13:53:26.521] [bmv2] [D] [thread 40134] Entry 0 added to table 'MyIngress.tcp_lb'
[13:53:26.521] [bmv2] [D] [thread 40134] Dumping entry 0
Match key:
* hdr.ipv4.dstAddr    : LPM       0a000101/32
Action entry: MyIngress.tcp_lb_action - 2,2,

[13:53:26.522] [bmv2] [D] [thread 40133] Entry 1 added to table 'MyIngress.tcp_lb'
[13:53:26.522] [bmv2] [D] [thread 40133] Dumping entry 1
Match key:
* hdr.ipv4.dstAddr    : LPM       0a000202/32
Action entry: MyIngress.tcp_lb_action - 2,2,

[13:53:26.522] [bmv2] [D] [thread 40134] Entry 2 added to table 'MyIngress.tcp_lb'
[13:53:26.522] [bmv2] [D] [thread 40134] Dumping entry 2
Match key:
* hdr.ipv4.dstAddr    : LPM       0a000303/32
Action entry: MyIngress.tcp_lb_action - 1,1,

[13:53:26.522] [bmv2] [D] [thread 40133] Entry 3 added to table 'MyIngress.tcp_lb'
[13:53:26.522] [bmv2] [D] [thread 40133] Dumping entry 3
Match key:
* hdr.ipv4.dstAddr    : LPM       0a000404/32
Action entry: MyIngress.tcp_lb_action - 1,1,

[13:53:26.523] [bmv2] [D] [thread 40134] Entry 0 added to table 'MyIngress.tcp_lb_nhop'
[13:53:26.523] [bmv2] [D] [thread 40134] Dumping entry 0
Match key:
* meta.lb_port        : EXACT     0001
Action entry: MyIngress.tcp_lb_nhop_action - 80000000200,

[13:53:26.523] [bmv2] [D] [thread 40133] Entry 1 added to table 'MyIngress.tcp_lb_nhop'
[13:53:26.523] [bmv2] [D] [thread 40133] Dumping entry 1
Match key:
* meta.lb_port        : EXACT     0002
Action entry: MyIngress.tcp_lb_nhop_action - 80000000100,

[13:53:28.531] [bmv2] [D] [thread 40082] [6.0] [cxt 0] Processing packet received on port 1
[13:53:28.531] [bmv2] [D] [thread 40082] [6.0] [cxt 0] Parser 'parser': start
[13:53:28.531] [bmv2] [D] [thread 40082] [6.0] [cxt 0] Parser 'parser' entering state 'start'
[13:53:28.531] [bmv2] [D] [thread 40082] [6.0] [cxt 0] Extracting header 'ethernet'
[13:53:28.531] [bmv2] [D] [thread 40082] [6.0] [cxt 0] Parser state 'start': key is 86dd
[13:53:28.531] [bmv2] [T] [thread 40082] [6.0] [cxt 0] Bytes parsed: 14
[13:53:28.531] [bmv2] [D] [thread 40082] [6.0] [cxt 0] Parser 'parser': end
[13:53:28.531] [bmv2] [D] [thread 40082] [6.0] [cxt 0] Pipeline 'ingress': start
[13:53:28.531] [bmv2] [T] [thread 40082] [6.0] [cxt 0] link_monitor.p4(333) Condition "hdr.tcp.isValid()" (node_2) is false
[13:53:28.531] [bmv2] [T] [thread 40082] [6.0] [cxt 0] link_monitor.p4(337) Condition "hdr.ipv4.isValid()" (node_5) is false
[13:53:28.531] [bmv2] [T] [thread 40082] [6.0] [cxt 0] link_monitor.p4(340) Condition "hdr.probe.isValid()" (node_7) is false
[13:53:28.531] [bmv2] [D] [thread 40082] [6.0] [cxt 0] Pipeline 'ingress': end
[13:53:28.531] [bmv2] [D] [thread 40082] [6.0] [cxt 0] Egress port is 0
[13:53:28.531] [bmv2] [D] [thread 40083] [6.0] [cxt 0] Pipeline 'egress': start
[13:53:28.531] [bmv2] [T] [thread 40083] [6.0] [cxt 0] Applying table 'tbl_link_monitor379'
[13:53:28.531] [bmv2] [D] [thread 40083] [6.0] [cxt 0] Looking up key:

[13:53:28.531] [bmv2] [D] [thread 40083] [6.0] [cxt 0] Table 'tbl_link_monitor379': miss
[13:53:28.531] [bmv2] [D] [thread 40083] [6.0] [cxt 0] Action entry is link_monitor379 - 
[13:53:28.531] [bmv2] [T] [thread 40083] [6.0] [cxt 0] Action link_monitor379
[13:53:28.531] [bmv2] [T] [thread 40083] [6.0] [cxt 0] link_monitor.p4(379) Primitive (bit<32>)standard_metadata.egress_port
[13:53:28.531] [bmv2] [T] [thread 40083] [6.0] [cxt 0] link_monitor.p4(379) Primitive byte_cnt_reg.read(byte_cnt, (bit<32>)standard_metadata.egress_port)
[13:53:28.531] [bmv2] [T] [thread 40083] [6.0] [cxt 0] Read register 'MyEgress.byte_cnt_reg' at index 0 read value 0
[13:53:28.531] [bmv2] [T] [thread 40083] [6.0] [cxt 0] link_monitor.p4(380) Primitive byte_cnt = byte_cnt + standard_metadata.packet_length
[13:53:28.531] [bmv2] [T] [thread 40083] [6.0] [cxt 0] link_monitor.p4(382) Condition "hdr.probe.isValid()" (node_12) is false
[13:53:28.531] [bmv2] [T] [thread 40083] [6.0] [cxt 0] Applying table 'tbl_link_monitor382_0'
[13:53:28.531] [bmv2] [D] [thread 40083] [6.0] [cxt 0] Looking up key:

[13:53:28.531] [bmv2] [D] [thread 40083] [6.0] [cxt 0] Table 'tbl_link_monitor382_0': miss
[13:53:28.531] [bmv2] [D] [thread 40083] [6.0] [cxt 0] Action entry is link_monitor382_0 - 
[13:53:28.531] [bmv2] [T] [thread 40083] [6.0] [cxt 0] Action link_monitor382_0
[13:53:28.531] [bmv2] [T] [thread 40083] [6.0] [cxt 0] link_monitor.p4(382) Primitive (hdr.probe.isValid()) ? 0 : byte_cnt
[13:53:28.531] [bmv2] [T] [thread 40083] [6.0] [cxt 0] Applying table 'tbl_link_monitor383'
[13:53:28.531] [bmv2] [D] [thread 40083] [6.0] [cxt 0] Looking up key:

[13:53:28.531] [bmv2] [D] [thread 40083] [6.0] [cxt 0] Table 'tbl_link_monitor383': miss
[13:53:28.531] [bmv2] [D] [thread 40083] [6.0] [cxt 0] Action entry is link_monitor383 - 
[13:53:28.531] [bmv2] [T] [thread 40083] [6.0] [cxt 0] Action link_monitor383
[13:53:28.531] [bmv2] [T] [thread 40083] [6.0] [cxt 0] link_monitor.p4(383) Primitive (bit<32>)standard_metadata.egress_port
[13:53:28.531] [bmv2] [T] [thread 40083] [6.0] [cxt 0] link_monitor.p4(383) Primitive byte_cnt_reg.write((bit<32>)standard_metadata.egress_port, new_byte_cnt)
[13:53:28.531] [bmv2] [T] [thread 40083] [6.0] [cxt 0] Wrote register 'MyEgress.byte_cnt_reg' at index 0 with value 70
[13:53:28.531] [bmv2] [T] [thread 40083] [6.0] [cxt 0] link_monitor.p4(385) Condition "hdr.probe.isValid()" (node_16) is false
[13:53:28.531] [bmv2] [D] [thread 40083] [6.0] [cxt 0] Pipeline 'egress': end
[13:53:28.531] [bmv2] [D] [thread 40083] [6.0] [cxt 0] Deparser 'deparser': start
[13:53:28.531] [bmv2] [T] [thread 40083] [6.0] [cxt 0] Skipping checksum 'cksum' update because condition not met
[13:53:28.531] [bmv2] [D] [thread 40083] [6.0] [cxt 0] Deparsing header 'ethernet'
[13:53:28.531] [bmv2] [D] [thread 40083] [6.0] [cxt 0] Deparser 'deparser': end
[13:53:28.531] [bmv2] [D] [thread 40087] [6.0] [cxt 0] Transmitting packet of size 70 out of port 0
[13:53:28.785] [bmv2] [D] [thread 40082] [7.0] [cxt 0] Processing packet received on port 1
[13:53:28.785] [bmv2] [D] [thread 40082] [7.0] [cxt 0] Parser 'parser': start
[13:53:28.785] [bmv2] [D] [thread 40082] [7.0] [cxt 0] Parser 'parser' entering state 'start'
[13:53:28.785] [bmv2] [D] [thread 40082] [7.0] [cxt 0] Extracting header 'ethernet'
[13:53:28.785] [bmv2] [D] [thread 40082] [7.0] [cxt 0] Parser state 'start': key is 86dd
[13:53:28.785] [bmv2] [T] [thread 40082] [7.0] [cxt 0] Bytes parsed: 14
[13:53:28.785] [bmv2] [D] [thread 40082] [7.0] [cxt 0] Parser 'parser': end
[13:53:28.785] [bmv2] [D] [thread 40082] [7.0] [cxt 0] Pipeline 'ingress': start
[13:53:28.785] [bmv2] [T] [thread 40082] [7.0] [cxt 0] link_monitor.p4(333) Condition "hdr.tcp.isValid()" (node_2) is false
[13:53:28.785] [bmv2] [T] [thread 40082] [7.0] [cxt 0] link_monitor.p4(337) Condition "hdr.ipv4.isValid()" (node_5) is false
[13:53:28.785] [bmv2] [T] [thread 40082] [7.0] [cxt 0] link_monitor.p4(340) Condition "hdr.probe.isValid()" (node_7) is false
[13:53:28.785] [bmv2] [D] [thread 40082] [7.0] [cxt 0] Pipeline 'ingress': end
[13:53:28.785] [bmv2] [D] [thread 40082] [7.0] [cxt 0] Egress port is 0
[13:53:28.785] [bmv2] [D] [thread 40083] [7.0] [cxt 0] Pipeline 'egress': start
[13:53:28.785] [bmv2] [T] [thread 40083] [7.0] [cxt 0] Applying table 'tbl_link_monitor379'
[13:53:28.785] [bmv2] [D] [thread 40083] [7.0] [cxt 0] Looking up key:

[13:53:28.785] [bmv2] [D] [thread 40083] [7.0] [cxt 0] Table 'tbl_link_monitor379': miss
[13:53:28.785] [bmv2] [D] [thread 40083] [7.0] [cxt 0] Action entry is link_monitor379 - 
[13:53:28.786] [bmv2] [T] [thread 40083] [7.0] [cxt 0] Action link_monitor379
[13:53:28.786] [bmv2] [T] [thread 40083] [7.0] [cxt 0] link_monitor.p4(379) Primitive (bit<32>)standard_metadata.egress_port
[13:53:28.786] [bmv2] [T] [thread 40083] [7.0] [cxt 0] link_monitor.p4(379) Primitive byte_cnt_reg.read(byte_cnt, (bit<32>)standard_metadata.egress_port)
[13:53:28.786] [bmv2] [T] [thread 40083] [7.0] [cxt 0] Read register 'MyEgress.byte_cnt_reg' at index 0 read value 70
[13:53:28.786] [bmv2] [T] [thread 40083] [7.0] [cxt 0] link_monitor.p4(380) Primitive byte_cnt = byte_cnt + standard_metadata.packet_length
[13:53:28.786] [bmv2] [T] [thread 40083] [7.0] [cxt 0] link_monitor.p4(382) Condition "hdr.probe.isValid()" (node_12) is false
[13:53:28.786] [bmv2] [T] [thread 40083] [7.0] [cxt 0] Applying table 'tbl_link_monitor382_0'
[13:53:28.786] [bmv2] [D] [thread 40083] [7.0] [cxt 0] Looking up key:

[13:53:28.786] [bmv2] [D] [thread 40083] [7.0] [cxt 0] Table 'tbl_link_monitor382_0': miss
[13:53:28.786] [bmv2] [D] [thread 40083] [7.0] [cxt 0] Action entry is link_monitor382_0 - 
[13:53:28.786] [bmv2] [T] [thread 40083] [7.0] [cxt 0] Action link_monitor382_0
[13:53:28.786] [bmv2] [T] [thread 40083] [7.0] [cxt 0] link_monitor.p4(382) Primitive (hdr.probe.isValid()) ? 0 : byte_cnt
[13:53:28.786] [bmv2] [T] [thread 40083] [7.0] [cxt 0] Applying table 'tbl_link_monitor383'
[13:53:28.786] [bmv2] [D] [thread 40083] [7.0] [cxt 0] Looking up key:

[13:53:28.786] [bmv2] [D] [thread 40083] [7.0] [cxt 0] Table 'tbl_link_monitor383': miss
[13:53:28.786] [bmv2] [D] [thread 40083] [7.0] [cxt 0] Action entry is link_monitor383 - 
[13:53:28.786] [bmv2] [T] [thread 40083] [7.0] [cxt 0] Action link_monitor383
[13:53:28.786] [bmv2] [T] [thread 40083] [7.0] [cxt 0] link_monitor.p4(383) Primitive (bit<32>)standard_metadata.egress_port
[13:53:28.786] [bmv2] [T] [thread 40083] [7.0] [cxt 0] link_monitor.p4(383) Primitive byte_cnt_reg.write((bit<32>)standard_metadata.egress_port, new_byte_cnt)
[13:53:28.786] [bmv2] [T] [thread 40083] [7.0] [cxt 0] Wrote register 'MyEgress.byte_cnt_reg' at index 0 with value 140
[13:53:28.786] [bmv2] [T] [thread 40083] [7.0] [cxt 0] link_monitor.p4(385) Condition "hdr.probe.isValid()" (node_16) is false
[13:53:28.786] [bmv2] [D] [thread 40083] [7.0] [cxt 0] Pipeline 'egress': end
[13:53:28.786] [bmv2] [D] [thread 40083] [7.0] [cxt 0] Deparser 'deparser': start
[13:53:28.786] [bmv2] [T] [thread 40083] [7.0] [cxt 0] Skipping checksum 'cksum' update because condition not met
[13:53:28.786] [bmv2] [D] [thread 40083] [7.0] [cxt 0] Deparsing header 'ethernet'
[13:53:28.786] [bmv2] [D] [thread 40083] [7.0] [cxt 0] Deparser 'deparser': end
[13:53:28.786] [bmv2] [D] [thread 40087] [7.0] [cxt 0] Transmitting packet of size 70 out of port 0
[13:53:29.043] [bmv2] [D] [thread 40082] [8.0] [cxt 0] Processing packet received on port 2
[13:53:29.043] [bmv2] [D] [thread 40082] [8.0] [cxt 0] Parser 'parser': start
[13:53:29.043] [bmv2] [D] [thread 40082] [8.0] [cxt 0] Parser 'parser' entering state 'start'
[13:53:29.043] [bmv2] [D] [thread 40082] [8.0] [cxt 0] Extracting header 'ethernet'
[13:53:29.043] [bmv2] [D] [thread 40082] [8.0] [cxt 0] Parser state 'start': key is 86dd
[13:53:29.043] [bmv2] [T] [thread 40082] [8.0] [cxt 0] Bytes parsed: 14
[13:53:29.043] [bmv2] [D] [thread 40082] [8.0] [cxt 0] Parser 'parser': end
[13:53:29.043] [bmv2] [D] [thread 40082] [8.0] [cxt 0] Pipeline 'ingress': start
[13:53:29.043] [bmv2] [T] [thread 40082] [8.0] [cxt 0] link_monitor.p4(333) Condition "hdr.tcp.isValid()" (node_2) is false
[13:53:29.043] [bmv2] [T] [thread 40082] [8.0] [cxt 0] link_monitor.p4(337) Condition "hdr.ipv4.isValid()" (node_5) is false
[13:53:29.043] [bmv2] [T] [thread 40082] [8.0] [cxt 0] link_monitor.p4(340) Condition "hdr.probe.isValid()" (node_7) is false
[13:53:29.043] [bmv2] [D] [thread 40082] [8.0] [cxt 0] Pipeline 'ingress': end
[13:53:29.043] [bmv2] [D] [thread 40082] [8.0] [cxt 0] Egress port is 0
[13:53:29.043] [bmv2] [D] [thread 40082] [9.0] [cxt 0] Processing packet received on port 2
[13:53:29.043] [bmv2] [D] [thread 40082] [9.0] [cxt 0] Parser 'parser': start
[13:53:29.043] [bmv2] [D] [thread 40082] [9.0] [cxt 0] Parser 'parser' entering state 'start'
[13:53:29.043] [bmv2] [D] [thread 40082] [9.0] [cxt 0] Extracting header 'ethernet'
[13:53:29.043] [bmv2] [D] [thread 40082] [9.0] [cxt 0] Parser state 'start': key is 86dd
[13:53:29.043] [bmv2] [T] [thread 40082] [9.0] [cxt 0] Bytes parsed: 14
[13:53:29.043] [bmv2] [D] [thread 40082] [9.0] [cxt 0] Parser 'parser': end
[13:53:29.043] [bmv2] [D] [thread 40082] [9.0] [cxt 0] Pipeline 'ingress': start
[13:53:29.043] [bmv2] [T] [thread 40082] [9.0] [cxt 0] link_monitor.p4(333) Condition "hdr.tcp.isValid()" (node_2) is false
[13:53:29.043] [bmv2] [T] [thread 40082] [9.0] [cxt 0] link_monitor.p4(337) Condition "hdr.ipv4.isValid()" (node_5) is false
[13:53:29.043] [bmv2] [T] [thread 40082] [9.0] [cxt 0] link_monitor.p4(340) Condition "hdr.probe.isValid()" (node_7) is false
[13:53:29.043] [bmv2] [D] [thread 40082] [9.0] [cxt 0] Pipeline 'ingress': end
[13:53:29.043] [bmv2] [D] [thread 40082] [9.0] [cxt 0] Egress port is 0
[13:53:29.043] [bmv2] [D] [thread 40083] [8.0] [cxt 0] Pipeline 'egress': start
[13:53:29.043] [bmv2] [T] [thread 40083] [8.0] [cxt 0] Applying table 'tbl_link_monitor379'
[13:53:29.043] [bmv2] [D] [thread 40083] [8.0] [cxt 0] Looking up key:

[13:53:29.043] [bmv2] [D] [thread 40083] [8.0] [cxt 0] Table 'tbl_link_monitor379': miss
[13:53:29.043] [bmv2] [D] [thread 40083] [8.0] [cxt 0] Action entry is link_monitor379 - 
[13:53:29.043] [bmv2] [T] [thread 40083] [8.0] [cxt 0] Action link_monitor379
[13:53:29.043] [bmv2] [T] [thread 40083] [8.0] [cxt 0] link_monitor.p4(379) Primitive (bit<32>)standard_metadata.egress_port
[13:53:29.043] [bmv2] [T] [thread 40083] [8.0] [cxt 0] link_monitor.p4(379) Primitive byte_cnt_reg.read(byte_cnt, (bit<32>)standard_metadata.egress_port)
[13:53:29.043] [bmv2] [T] [thread 40083] [8.0] [cxt 0] Read register 'MyEgress.byte_cnt_reg' at index 0 read value 140
[13:53:29.043] [bmv2] [T] [thread 40083] [8.0] [cxt 0] link_monitor.p4(380) Primitive byte_cnt = byte_cnt + standard_metadata.packet_length
[13:53:29.043] [bmv2] [T] [thread 40083] [8.0] [cxt 0] link_monitor.p4(382) Condition "hdr.probe.isValid()" (node_12) is false
[13:53:29.043] [bmv2] [T] [thread 40083] [8.0] [cxt 0] Applying table 'tbl_link_monitor382_0'
[13:53:29.043] [bmv2] [D] [thread 40083] [8.0] [cxt 0] Looking up key:

[13:53:29.043] [bmv2] [D] [thread 40083] [8.0] [cxt 0] Table 'tbl_link_monitor382_0': miss
[13:53:29.043] [bmv2] [D] [thread 40083] [8.0] [cxt 0] Action entry is link_monitor382_0 - 
[13:53:29.043] [bmv2] [T] [thread 40083] [8.0] [cxt 0] Action link_monitor382_0
[13:53:29.043] [bmv2] [T] [thread 40083] [8.0] [cxt 0] link_monitor.p4(382) Primitive (hdr.probe.isValid()) ? 0 : byte_cnt
[13:53:29.043] [bmv2] [T] [thread 40083] [8.0] [cxt 0] Applying table 'tbl_link_monitor383'
[13:53:29.043] [bmv2] [D] [thread 40083] [8.0] [cxt 0] Looking up key:

[13:53:29.043] [bmv2] [D] [thread 40083] [8.0] [cxt 0] Table 'tbl_link_monitor383': miss
[13:53:29.043] [bmv2] [D] [thread 40083] [8.0] [cxt 0] Action entry is link_monitor383 - 
[13:53:29.043] [bmv2] [T] [thread 40083] [8.0] [cxt 0] Action link_monitor383
[13:53:29.043] [bmv2] [T] [thread 40083] [8.0] [cxt 0] link_monitor.p4(383) Primitive (bit<32>)standard_metadata.egress_port
[13:53:29.043] [bmv2] [T] [thread 40083] [8.0] [cxt 0] link_monitor.p4(383) Primitive byte_cnt_reg.write((bit<32>)standard_metadata.egress_port, new_byte_cnt)
[13:53:29.043] [bmv2] [T] [thread 40083] [8.0] [cxt 0] Wrote register 'MyEgress.byte_cnt_reg' at index 0 with value 210
[13:53:29.043] [bmv2] [T] [thread 40083] [8.0] [cxt 0] link_monitor.p4(385) Condition "hdr.probe.isValid()" (node_16) is false
[13:53:29.043] [bmv2] [D] [thread 40083] [8.0] [cxt 0] Pipeline 'egress': end
[13:53:29.043] [bmv2] [D] [thread 40083] [8.0] [cxt 0] Deparser 'deparser': start
[13:53:29.043] [bmv2] [T] [thread 40083] [8.0] [cxt 0] Skipping checksum 'cksum' update because condition not met
[13:53:29.043] [bmv2] [D] [thread 40083] [8.0] [cxt 0] Deparsing header 'ethernet'
[13:53:29.043] [bmv2] [D] [thread 40083] [8.0] [cxt 0] Deparser 'deparser': end
[13:53:29.043] [bmv2] [D] [thread 40083] [9.0] [cxt 0] Pipeline 'egress': start
[13:53:29.043] [bmv2] [T] [thread 40083] [9.0] [cxt 0] Applying table 'tbl_link_monitor379'
[13:53:29.043] [bmv2] [D] [thread 40083] [9.0] [cxt 0] Looking up key:

[13:53:29.043] [bmv2] [D] [thread 40083] [9.0] [cxt 0] Table 'tbl_link_monitor379': miss
[13:53:29.043] [bmv2] [D] [thread 40083] [9.0] [cxt 0] Action entry is link_monitor379 - 
[13:53:29.043] [bmv2] [T] [thread 40083] [9.0] [cxt 0] Action link_monitor379
[13:53:29.043] [bmv2] [T] [thread 40083] [9.0] [cxt 0] link_monitor.p4(379) Primitive (bit<32>)standard_metadata.egress_port
[13:53:29.043] [bmv2] [T] [thread 40083] [9.0] [cxt 0] link_monitor.p4(379) Primitive byte_cnt_reg.read(byte_cnt, (bit<32>)standard_metadata.egress_port)
[13:53:29.043] [bmv2] [T] [thread 40083] [9.0] [cxt 0] Read register 'MyEgress.byte_cnt_reg' at index 0 read value 210
[13:53:29.043] [bmv2] [T] [thread 40083] [9.0] [cxt 0] link_monitor.p4(380) Primitive byte_cnt = byte_cnt + standard_metadata.packet_length
[13:53:29.043] [bmv2] [T] [thread 40083] [9.0] [cxt 0] link_monitor.p4(382) Condition "hdr.probe.isValid()" (node_12) is false
[13:53:29.043] [bmv2] [T] [thread 40083] [9.0] [cxt 0] Applying table 'tbl_link_monitor382_0'
[13:53:29.043] [bmv2] [D] [thread 40083] [9.0] [cxt 0] Looking up key:

[13:53:29.043] [bmv2] [D] [thread 40083] [9.0] [cxt 0] Table 'tbl_link_monitor382_0': miss
[13:53:29.043] [bmv2] [D] [thread 40083] [9.0] [cxt 0] Action entry is link_monitor382_0 - 
[13:53:29.043] [bmv2] [T] [thread 40083] [9.0] [cxt 0] Action link_monitor382_0
[13:53:29.043] [bmv2] [D] [thread 40087] [8.0] [cxt 0] Transmitting packet of size 70 out of port 0
[13:53:29.043] [bmv2] [T] [thread 40083] [9.0] [cxt 0] link_monitor.p4(382) Primitive (hdr.probe.isValid()) ? 0 : byte_cnt
[13:53:29.043] [bmv2] [T] [thread 40083] [9.0] [cxt 0] Applying table 'tbl_link_monitor383'
[13:53:29.043] [bmv2] [D] [thread 40083] [9.0] [cxt 0] Looking up key:

[13:53:29.043] [bmv2] [D] [thread 40083] [9.0] [cxt 0] Table 'tbl_link_monitor383': miss
[13:53:29.043] [bmv2] [D] [thread 40083] [9.0] [cxt 0] Action entry is link_monitor383 - 
[13:53:29.043] [bmv2] [T] [thread 40083] [9.0] [cxt 0] Action link_monitor383
[13:53:29.043] [bmv2] [T] [thread 40083] [9.0] [cxt 0] link_monitor.p4(383) Primitive (bit<32>)standard_metadata.egress_port
[13:53:29.043] [bmv2] [T] [thread 40083] [9.0] [cxt 0] link_monitor.p4(383) Primitive byte_cnt_reg.write((bit<32>)standard_metadata.egress_port, new_byte_cnt)
[13:53:29.043] [bmv2] [T] [thread 40083] [9.0] [cxt 0] Wrote register 'MyEgress.byte_cnt_reg' at index 0 with value 280
[13:53:29.043] [bmv2] [T] [thread 40083] [9.0] [cxt 0] link_monitor.p4(385) Condition "hdr.probe.isValid()" (node_16) is false
[13:53:29.043] [bmv2] [D] [thread 40083] [9.0] [cxt 0] Pipeline 'egress': end
[13:53:29.043] [bmv2] [D] [thread 40083] [9.0] [cxt 0] Deparser 'deparser': start
[13:53:29.043] [bmv2] [T] [thread 40083] [9.0] [cxt 0] Skipping checksum 'cksum' update because condition not met
[13:53:29.043] [bmv2] [D] [thread 40083] [9.0] [cxt 0] Deparsing header 'ethernet'
[13:53:29.043] [bmv2] [D] [thread 40083] [9.0] [cxt 0] Deparser 'deparser': end
[13:53:29.043] [bmv2] [D] [thread 40087] [9.0] [cxt 0] Transmitting packet of size 70 out of port 0
[13:53:36.219] [bmv2] [D] [thread 40082] [10.0] [cxt 0] Processing packet received on port 1
[13:53:36.219] [bmv2] [D] [thread 40082] [10.0] [cxt 0] Parser 'parser': start
[13:53:36.219] [bmv2] [D] [thread 40082] [10.0] [cxt 0] Parser 'parser' entering state 'start'
[13:53:36.219] [bmv2] [D] [thread 40082] [10.0] [cxt 0] Extracting header 'ethernet'
[13:53:36.219] [bmv2] [D] [thread 40082] [10.0] [cxt 0] Parser state 'start': key is 86dd
[13:53:36.219] [bmv2] [T] [thread 40082] [10.0] [cxt 0] Bytes parsed: 14
[13:53:36.219] [bmv2] [D] [thread 40082] [10.0] [cxt 0] Parser 'parser': end
[13:53:36.219] [bmv2] [D] [thread 40082] [10.0] [cxt 0] Pipeline 'ingress': start
[13:53:36.219] [bmv2] [T] [thread 40082] [10.0] [cxt 0] link_monitor.p4(333) Condition "hdr.tcp.isValid()" (node_2) is false
[13:53:36.219] [bmv2] [T] [thread 40082] [10.0] [cxt 0] link_monitor.p4(337) Condition "hdr.ipv4.isValid()" (node_5) is false
[13:53:36.219] [bmv2] [T] [thread 40082] [10.0] [cxt 0] link_monitor.p4(340) Condition "hdr.probe.isValid()" (node_7) is false
[13:53:36.219] [bmv2] [D] [thread 40082] [10.0] [cxt 0] Pipeline 'ingress': end
[13:53:36.219] [bmv2] [D] [thread 40082] [10.0] [cxt 0] Egress port is 0
[13:53:36.219] [bmv2] [D] [thread 40083] [10.0] [cxt 0] Pipeline 'egress': start
[13:53:36.219] [bmv2] [T] [thread 40083] [10.0] [cxt 0] Applying table 'tbl_link_monitor379'
[13:53:36.219] [bmv2] [D] [thread 40083] [10.0] [cxt 0] Looking up key:

[13:53:36.219] [bmv2] [D] [thread 40083] [10.0] [cxt 0] Table 'tbl_link_monitor379': miss
[13:53:36.219] [bmv2] [D] [thread 40083] [10.0] [cxt 0] Action entry is link_monitor379 - 
[13:53:36.219] [bmv2] [T] [thread 40083] [10.0] [cxt 0] Action link_monitor379
[13:53:36.219] [bmv2] [T] [thread 40083] [10.0] [cxt 0] link_monitor.p4(379) Primitive (bit<32>)standard_metadata.egress_port
[13:53:36.219] [bmv2] [T] [thread 40083] [10.0] [cxt 0] link_monitor.p4(379) Primitive byte_cnt_reg.read(byte_cnt, (bit<32>)standard_metadata.egress_port)
[13:53:36.219] [bmv2] [T] [thread 40083] [10.0] [cxt 0] Read register 'MyEgress.byte_cnt_reg' at index 0 read value 280
[13:53:36.219] [bmv2] [T] [thread 40083] [10.0] [cxt 0] link_monitor.p4(380) Primitive byte_cnt = byte_cnt + standard_metadata.packet_length
[13:53:36.219] [bmv2] [T] [thread 40083] [10.0] [cxt 0] link_monitor.p4(382) Condition "hdr.probe.isValid()" (node_12) is false
[13:53:36.219] [bmv2] [T] [thread 40083] [10.0] [cxt 0] Applying table 'tbl_link_monitor382_0'
[13:53:36.219] [bmv2] [D] [thread 40083] [10.0] [cxt 0] Looking up key:

[13:53:36.219] [bmv2] [D] [thread 40083] [10.0] [cxt 0] Table 'tbl_link_monitor382_0': miss
[13:53:36.219] [bmv2] [D] [thread 40083] [10.0] [cxt 0] Action entry is link_monitor382_0 - 
[13:53:36.219] [bmv2] [T] [thread 40083] [10.0] [cxt 0] Action link_monitor382_0
[13:53:36.219] [bmv2] [T] [thread 40083] [10.0] [cxt 0] link_monitor.p4(382) Primitive (hdr.probe.isValid()) ? 0 : byte_cnt
[13:53:36.219] [bmv2] [T] [thread 40083] [10.0] [cxt 0] Applying table 'tbl_link_monitor383'
[13:53:36.219] [bmv2] [D] [thread 40083] [10.0] [cxt 0] Looking up key:

[13:53:36.219] [bmv2] [D] [thread 40083] [10.0] [cxt 0] Table 'tbl_link_monitor383': miss
[13:53:36.219] [bmv2] [D] [thread 40083] [10.0] [cxt 0] Action entry is link_monitor383 - 
[13:53:36.219] [bmv2] [T] [thread 40083] [10.0] [cxt 0] Action link_monitor383
[13:53:36.219] [bmv2] [T] [thread 40083] [10.0] [cxt 0] link_monitor.p4(383) Primitive (bit<32>)standard_metadata.egress_port
[13:53:36.219] [bmv2] [T] [thread 40083] [10.0] [cxt 0] link_monitor.p4(383) Primitive byte_cnt_reg.write((bit<32>)standard_metadata.egress_port, new_byte_cnt)
[13:53:36.219] [bmv2] [T] [thread 40083] [10.0] [cxt 0] Wrote register 'MyEgress.byte_cnt_reg' at index 0 with value 350
[13:53:36.219] [bmv2] [T] [thread 40083] [10.0] [cxt 0] link_monitor.p4(385) Condition "hdr.probe.isValid()" (node_16) is false
[13:53:36.219] [bmv2] [D] [thread 40083] [10.0] [cxt 0] Pipeline 'egress': end
[13:53:36.219] [bmv2] [D] [thread 40083] [10.0] [cxt 0] Deparser 'deparser': start
[13:53:36.219] [bmv2] [T] [thread 40083] [10.0] [cxt 0] Skipping checksum 'cksum' update because condition not met
[13:53:36.219] [bmv2] [D] [thread 40083] [10.0] [cxt 0] Deparsing header 'ethernet'
[13:53:36.219] [bmv2] [D] [thread 40083] [10.0] [cxt 0] Deparser 'deparser': end
[13:53:36.219] [bmv2] [D] [thread 40087] [10.0] [cxt 0] Transmitting packet of size 70 out of port 0
[13:53:36.978] [bmv2] [D] [thread 40082] [11.0] [cxt 0] Processing packet received on port 2
[13:53:36.978] [bmv2] [D] [thread 40082] [11.0] [cxt 0] Parser 'parser': start
[13:53:36.978] [bmv2] [D] [thread 40082] [11.0] [cxt 0] Parser 'parser' entering state 'start'
[13:53:36.978] [bmv2] [D] [thread 40082] [11.0] [cxt 0] Extracting header 'ethernet'
[13:53:36.978] [bmv2] [D] [thread 40082] [11.0] [cxt 0] Parser state 'start': key is 86dd
[13:53:36.978] [bmv2] [T] [thread 40082] [11.0] [cxt 0] Bytes parsed: 14
[13:53:36.978] [bmv2] [D] [thread 40082] [11.0] [cxt 0] Parser 'parser': end
[13:53:36.978] [bmv2] [D] [thread 40082] [11.0] [cxt 0] Pipeline 'ingress': start
[13:53:36.978] [bmv2] [T] [thread 40082] [11.0] [cxt 0] link_monitor.p4(333) Condition "hdr.tcp.isValid()" (node_2) is false
[13:53:36.978] [bmv2] [T] [thread 40082] [11.0] [cxt 0] link_monitor.p4(337) Condition "hdr.ipv4.isValid()" (node_5) is false
[13:53:36.978] [bmv2] [T] [thread 40082] [11.0] [cxt 0] link_monitor.p4(340) Condition "hdr.probe.isValid()" (node_7) is false
[13:53:36.978] [bmv2] [D] [thread 40082] [11.0] [cxt 0] Pipeline 'ingress': end
[13:53:36.978] [bmv2] [D] [thread 40082] [11.0] [cxt 0] Egress port is 0
[13:53:36.978] [bmv2] [D] [thread 40082] [12.0] [cxt 0] Processing packet received on port 2
[13:53:36.978] [bmv2] [D] [thread 40082] [12.0] [cxt 0] Parser 'parser': start
[13:53:36.978] [bmv2] [D] [thread 40082] [12.0] [cxt 0] Parser 'parser' entering state 'start'
[13:53:36.978] [bmv2] [D] [thread 40082] [12.0] [cxt 0] Extracting header 'ethernet'
[13:53:36.978] [bmv2] [D] [thread 40082] [12.0] [cxt 0] Parser state 'start': key is 86dd
[13:53:36.978] [bmv2] [T] [thread 40082] [12.0] [cxt 0] Bytes parsed: 14
[13:53:36.978] [bmv2] [D] [thread 40082] [12.0] [cxt 0] Parser 'parser': end
[13:53:36.978] [bmv2] [D] [thread 40082] [12.0] [cxt 0] Pipeline 'ingress': start
[13:53:36.978] [bmv2] [T] [thread 40082] [12.0] [cxt 0] link_monitor.p4(333) Condition "hdr.tcp.isValid()" (node_2) is false
[13:53:36.978] [bmv2] [T] [thread 40082] [12.0] [cxt 0] link_monitor.p4(337) Condition "hdr.ipv4.isValid()" (node_5) is false
[13:53:36.978] [bmv2] [T] [thread 40082] [12.0] [cxt 0] link_monitor.p4(340) Condition "hdr.probe.isValid()" (node_7) is false
[13:53:36.978] [bmv2] [D] [thread 40082] [12.0] [cxt 0] Pipeline 'ingress': end
[13:53:36.978] [bmv2] [D] [thread 40082] [12.0] [cxt 0] Egress port is 0
[13:53:36.979] [bmv2] [D] [thread 40083] [11.0] [cxt 0] Pipeline 'egress': start
[13:53:36.979] [bmv2] [T] [thread 40083] [11.0] [cxt 0] Applying table 'tbl_link_monitor379'
[13:53:36.979] [bmv2] [D] [thread 40083] [11.0] [cxt 0] Looking up key:

[13:53:36.979] [bmv2] [D] [thread 40083] [11.0] [cxt 0] Table 'tbl_link_monitor379': miss
[13:53:36.979] [bmv2] [D] [thread 40083] [11.0] [cxt 0] Action entry is link_monitor379 - 
[13:53:36.979] [bmv2] [T] [thread 40083] [11.0] [cxt 0] Action link_monitor379
[13:53:36.979] [bmv2] [T] [thread 40083] [11.0] [cxt 0] link_monitor.p4(379) Primitive (bit<32>)standard_metadata.egress_port
[13:53:36.979] [bmv2] [T] [thread 40083] [11.0] [cxt 0] link_monitor.p4(379) Primitive byte_cnt_reg.read(byte_cnt, (bit<32>)standard_metadata.egress_port)
[13:53:36.979] [bmv2] [T] [thread 40083] [11.0] [cxt 0] Read register 'MyEgress.byte_cnt_reg' at index 0 read value 350
[13:53:36.979] [bmv2] [T] [thread 40083] [11.0] [cxt 0] link_monitor.p4(380) Primitive byte_cnt = byte_cnt + standard_metadata.packet_length
[13:53:36.979] [bmv2] [T] [thread 40083] [11.0] [cxt 0] link_monitor.p4(382) Condition "hdr.probe.isValid()" (node_12) is false
[13:53:36.979] [bmv2] [T] [thread 40083] [11.0] [cxt 0] Applying table 'tbl_link_monitor382_0'
[13:53:36.979] [bmv2] [D] [thread 40083] [11.0] [cxt 0] Looking up key:

[13:53:36.979] [bmv2] [D] [thread 40083] [11.0] [cxt 0] Table 'tbl_link_monitor382_0': miss
[13:53:36.979] [bmv2] [D] [thread 40083] [11.0] [cxt 0] Action entry is link_monitor382_0 - 
[13:53:36.979] [bmv2] [T] [thread 40083] [11.0] [cxt 0] Action link_monitor382_0
[13:53:36.979] [bmv2] [T] [thread 40083] [11.0] [cxt 0] link_monitor.p4(382) Primitive (hdr.probe.isValid()) ? 0 : byte_cnt
[13:53:36.979] [bmv2] [T] [thread 40083] [11.0] [cxt 0] Applying table 'tbl_link_monitor383'
[13:53:36.979] [bmv2] [D] [thread 40083] [11.0] [cxt 0] Looking up key:

[13:53:36.979] [bmv2] [D] [thread 40083] [11.0] [cxt 0] Table 'tbl_link_monitor383': miss
[13:53:36.979] [bmv2] [D] [thread 40083] [11.0] [cxt 0] Action entry is link_monitor383 - 
[13:53:36.979] [bmv2] [T] [thread 40083] [11.0] [cxt 0] Action link_monitor383
[13:53:36.979] [bmv2] [T] [thread 40083] [11.0] [cxt 0] link_monitor.p4(383) Primitive (bit<32>)standard_metadata.egress_port
[13:53:36.979] [bmv2] [T] [thread 40083] [11.0] [cxt 0] link_monitor.p4(383) Primitive byte_cnt_reg.write((bit<32>)standard_metadata.egress_port, new_byte_cnt)
[13:53:36.979] [bmv2] [T] [thread 40083] [11.0] [cxt 0] Wrote register 'MyEgress.byte_cnt_reg' at index 0 with value 420
[13:53:36.979] [bmv2] [T] [thread 40083] [11.0] [cxt 0] link_monitor.p4(385) Condition "hdr.probe.isValid()" (node_16) is false
[13:53:36.979] [bmv2] [D] [thread 40083] [11.0] [cxt 0] Pipeline 'egress': end
[13:53:36.979] [bmv2] [D] [thread 40083] [11.0] [cxt 0] Deparser 'deparser': start
[13:53:36.979] [bmv2] [T] [thread 40083] [11.0] [cxt 0] Skipping checksum 'cksum' update because condition not met
[13:53:36.979] [bmv2] [D] [thread 40083] [11.0] [cxt 0] Deparsing header 'ethernet'
[13:53:36.979] [bmv2] [D] [thread 40083] [11.0] [cxt 0] Deparser 'deparser': end
[13:53:36.979] [bmv2] [D] [thread 40083] [12.0] [cxt 0] Pipeline 'egress': start
[13:53:36.979] [bmv2] [T] [thread 40083] [12.0] [cxt 0] Applying table 'tbl_link_monitor379'
[13:53:36.979] [bmv2] [D] [thread 40083] [12.0] [cxt 0] Looking up key:

[13:53:36.979] [bmv2] [D] [thread 40083] [12.0] [cxt 0] Table 'tbl_link_monitor379': miss
[13:53:36.979] [bmv2] [D] [thread 40083] [12.0] [cxt 0] Action entry is link_monitor379 - 
[13:53:36.979] [bmv2] [T] [thread 40083] [12.0] [cxt 0] Action link_monitor379
[13:53:36.979] [bmv2] [T] [thread 40083] [12.0] [cxt 0] link_monitor.p4(379) Primitive (bit<32>)standard_metadata.egress_port
[13:53:36.979] [bmv2] [T] [thread 40083] [12.0] [cxt 0] link_monitor.p4(379) Primitive byte_cnt_reg.read(byte_cnt, (bit<32>)standard_metadata.egress_port)
[13:53:36.979] [bmv2] [T] [thread 40083] [12.0] [cxt 0] Read register 'MyEgress.byte_cnt_reg' at index 0 read value 420
[13:53:36.979] [bmv2] [T] [thread 40083] [12.0] [cxt 0] link_monitor.p4(380) Primitive byte_cnt = byte_cnt + standard_metadata.packet_length
[13:53:36.979] [bmv2] [T] [thread 40083] [12.0] [cxt 0] link_monitor.p4(382) Condition "hdr.probe.isValid()" (node_12) is false
[13:53:36.979] [bmv2] [T] [thread 40083] [12.0] [cxt 0] Applying table 'tbl_link_monitor382_0'
[13:53:36.979] [bmv2] [D] [thread 40083] [12.0] [cxt 0] Looking up key:

[13:53:36.979] [bmv2] [D] [thread 40083] [12.0] [cxt 0] Table 'tbl_link_monitor382_0': miss
[13:53:36.979] [bmv2] [D] [thread 40083] [12.0] [cxt 0] Action entry is link_monitor382_0 - 
[13:53:36.979] [bmv2] [T] [thread 40083] [12.0] [cxt 0] Action link_monitor382_0
[13:53:36.979] [bmv2] [T] [thread 40083] [12.0] [cxt 0] link_monitor.p4(382) Primitive (hdr.probe.isValid()) ? 0 : byte_cnt
[13:53:36.979] [bmv2] [T] [thread 40083] [12.0] [cxt 0] Applying table 'tbl_link_monitor383'
[13:53:36.979] [bmv2] [D] [thread 40083] [12.0] [cxt 0] Looking up key:

[13:53:36.979] [bmv2] [D] [thread 40083] [12.0] [cxt 0] Table 'tbl_link_monitor383': miss
[13:53:36.979] [bmv2] [D] [thread 40083] [12.0] [cxt 0] Action entry is link_monitor383 - 
[13:53:36.979] [bmv2] [T] [thread 40083] [12.0] [cxt 0] Action link_monitor383
[13:53:36.979] [bmv2] [T] [thread 40083] [12.0] [cxt 0] link_monitor.p4(383) Primitive (bit<32>)standard_metadata.egress_port
[13:53:36.979] [bmv2] [T] [thread 40083] [12.0] [cxt 0] link_monitor.p4(383) Primitive byte_cnt_reg.write((bit<32>)standard_metadata.egress_port, new_byte_cnt)
[13:53:36.979] [bmv2] [T] [thread 40083] [12.0] [cxt 0] Wrote register 'MyEgress.byte_cnt_reg' at index 0 with value 490
[13:53:36.979] [bmv2] [T] [thread 40083] [12.0] [cxt 0] link_monitor.p4(385) Condition "hdr.probe.isValid()" (node_16) is false
[13:53:36.979] [bmv2] [D] [thread 40083] [12.0] [cxt 0] Pipeline 'egress': end
[13:53:36.979] [bmv2] [D] [thread 40083] [12.0] [cxt 0] Deparser 'deparser': start
[13:53:36.979] [bmv2] [D] [thread 40087] [11.0] [cxt 0] Transmitting packet of size 70 out of port 0
[13:53:36.979] [bmv2] [T] [thread 40083] [12.0] [cxt 0] Skipping checksum 'cksum' update because condition not met
[13:53:36.979] [bmv2] [D] [thread 40083] [12.0] [cxt 0] Deparsing header 'ethernet'
[13:53:36.979] [bmv2] [D] [thread 40083] [12.0] [cxt 0] Deparser 'deparser': end
[13:53:36.979] [bmv2] [D] [thread 40087] [12.0] [cxt 0] Transmitting packet of size 70 out of port 0
[13:53:37.244] [bmv2] [D] [thread 40082] [13.0] [cxt 0] Processing packet received on port 1
[13:53:37.244] [bmv2] [D] [thread 40082] [13.0] [cxt 0] Parser 'parser': start
[13:53:37.244] [bmv2] [D] [thread 40082] [13.0] [cxt 0] Parser 'parser' entering state 'start'
[13:53:37.244] [bmv2] [D] [thread 40082] [13.0] [cxt 0] Extracting header 'ethernet'
[13:53:37.244] [bmv2] [D] [thread 40082] [13.0] [cxt 0] Parser state 'start': key is 86dd
[13:53:37.244] [bmv2] [T] [thread 40082] [13.0] [cxt 0] Bytes parsed: 14
[13:53:37.244] [bmv2] [D] [thread 40082] [13.0] [cxt 0] Parser 'parser': end
[13:53:37.244] [bmv2] [D] [thread 40082] [13.0] [cxt 0] Pipeline 'ingress': start
[13:53:37.244] [bmv2] [T] [thread 40082] [13.0] [cxt 0] link_monitor.p4(333) Condition "hdr.tcp.isValid()" (node_2) is false
[13:53:37.244] [bmv2] [T] [thread 40082] [13.0] [cxt 0] link_monitor.p4(337) Condition "hdr.ipv4.isValid()" (node_5) is false
[13:53:37.244] [bmv2] [T] [thread 40082] [13.0] [cxt 0] link_monitor.p4(340) Condition "hdr.probe.isValid()" (node_7) is false
[13:53:37.244] [bmv2] [D] [thread 40082] [13.0] [cxt 0] Pipeline 'ingress': end
[13:53:37.244] [bmv2] [D] [thread 40082] [13.0] [cxt 0] Egress port is 0
[13:53:37.244] [bmv2] [D] [thread 40083] [13.0] [cxt 0] Pipeline 'egress': start
[13:53:37.244] [bmv2] [T] [thread 40083] [13.0] [cxt 0] Applying table 'tbl_link_monitor379'
[13:53:37.244] [bmv2] [D] [thread 40083] [13.0] [cxt 0] Looking up key:

[13:53:37.244] [bmv2] [D] [thread 40083] [13.0] [cxt 0] Table 'tbl_link_monitor379': miss
[13:53:37.244] [bmv2] [D] [thread 40083] [13.0] [cxt 0] Action entry is link_monitor379 - 
[13:53:37.244] [bmv2] [T] [thread 40083] [13.0] [cxt 0] Action link_monitor379
[13:53:37.244] [bmv2] [T] [thread 40083] [13.0] [cxt 0] link_monitor.p4(379) Primitive (bit<32>)standard_metadata.egress_port
[13:53:37.244] [bmv2] [T] [thread 40083] [13.0] [cxt 0] link_monitor.p4(379) Primitive byte_cnt_reg.read(byte_cnt, (bit<32>)standard_metadata.egress_port)
[13:53:37.244] [bmv2] [T] [thread 40083] [13.0] [cxt 0] Read register 'MyEgress.byte_cnt_reg' at index 0 read value 490
[13:53:37.244] [bmv2] [T] [thread 40083] [13.0] [cxt 0] link_monitor.p4(380) Primitive byte_cnt = byte_cnt + standard_metadata.packet_length
[13:53:37.244] [bmv2] [T] [thread 40083] [13.0] [cxt 0] link_monitor.p4(382) Condition "hdr.probe.isValid()" (node_12) is false
[13:53:37.244] [bmv2] [T] [thread 40083] [13.0] [cxt 0] Applying table 'tbl_link_monitor382_0'
[13:53:37.244] [bmv2] [D] [thread 40083] [13.0] [cxt 0] Looking up key:

[13:53:37.244] [bmv2] [D] [thread 40083] [13.0] [cxt 0] Table 'tbl_link_monitor382_0': miss
[13:53:37.244] [bmv2] [D] [thread 40083] [13.0] [cxt 0] Action entry is link_monitor382_0 - 
[13:53:37.244] [bmv2] [T] [thread 40083] [13.0] [cxt 0] Action link_monitor382_0
[13:53:37.244] [bmv2] [T] [thread 40083] [13.0] [cxt 0] link_monitor.p4(382) Primitive (hdr.probe.isValid()) ? 0 : byte_cnt
[13:53:37.244] [bmv2] [T] [thread 40083] [13.0] [cxt 0] Applying table 'tbl_link_monitor383'
[13:53:37.244] [bmv2] [D] [thread 40083] [13.0] [cxt 0] Looking up key:

[13:53:37.244] [bmv2] [D] [thread 40083] [13.0] [cxt 0] Table 'tbl_link_monitor383': miss
[13:53:37.244] [bmv2] [D] [thread 40083] [13.0] [cxt 0] Action entry is link_monitor383 - 
[13:53:37.244] [bmv2] [T] [thread 40083] [13.0] [cxt 0] Action link_monitor383
[13:53:37.244] [bmv2] [T] [thread 40083] [13.0] [cxt 0] link_monitor.p4(383) Primitive (bit<32>)standard_metadata.egress_port
[13:53:37.244] [bmv2] [T] [thread 40083] [13.0] [cxt 0] link_monitor.p4(383) Primitive byte_cnt_reg.write((bit<32>)standard_metadata.egress_port, new_byte_cnt)
[13:53:37.244] [bmv2] [T] [thread 40083] [13.0] [cxt 0] Wrote register 'MyEgress.byte_cnt_reg' at index 0 with value 560
[13:53:37.244] [bmv2] [T] [thread 40083] [13.0] [cxt 0] link_monitor.p4(385) Condition "hdr.probe.isValid()" (node_16) is false
[13:53:37.244] [bmv2] [D] [thread 40083] [13.0] [cxt 0] Pipeline 'egress': end
[13:53:37.244] [bmv2] [D] [thread 40083] [13.0] [cxt 0] Deparser 'deparser': start
[13:53:37.244] [bmv2] [T] [thread 40083] [13.0] [cxt 0] Skipping checksum 'cksum' update because condition not met
[13:53:37.244] [bmv2] [D] [thread 40083] [13.0] [cxt 0] Deparsing header 'ethernet'
[13:53:37.244] [bmv2] [D] [thread 40083] [13.0] [cxt 0] Deparser 'deparser': end
[13:53:37.244] [bmv2] [D] [thread 40087] [13.0] [cxt 0] Transmitting packet of size 70 out of port 0
[13:53:50.557] [bmv2] [D] [thread 40082] [14.0] [cxt 0] Processing packet received on port 1
[13:53:50.557] [bmv2] [D] [thread 40082] [14.0] [cxt 0] Parser 'parser': start
[13:53:50.557] [bmv2] [D] [thread 40082] [14.0] [cxt 0] Parser 'parser' entering state 'start'
[13:53:50.557] [bmv2] [D] [thread 40082] [14.0] [cxt 0] Extracting header 'ethernet'
[13:53:50.557] [bmv2] [D] [thread 40082] [14.0] [cxt 0] Parser state 'start': key is 86dd
[13:53:50.557] [bmv2] [T] [thread 40082] [14.0] [cxt 0] Bytes parsed: 14
[13:53:50.557] [bmv2] [D] [thread 40082] [14.0] [cxt 0] Parser 'parser': end
[13:53:50.557] [bmv2] [D] [thread 40082] [14.0] [cxt 0] Pipeline 'ingress': start
[13:53:50.557] [bmv2] [T] [thread 40082] [14.0] [cxt 0] link_monitor.p4(333) Condition "hdr.tcp.isValid()" (node_2) is false
[13:53:50.557] [bmv2] [T] [thread 40082] [14.0] [cxt 0] link_monitor.p4(337) Condition "hdr.ipv4.isValid()" (node_5) is false
[13:53:50.557] [bmv2] [T] [thread 40082] [14.0] [cxt 0] link_monitor.p4(340) Condition "hdr.probe.isValid()" (node_7) is false
[13:53:50.557] [bmv2] [D] [thread 40082] [14.0] [cxt 0] Pipeline 'ingress': end
[13:53:50.557] [bmv2] [D] [thread 40082] [14.0] [cxt 0] Egress port is 0
[13:53:50.557] [bmv2] [D] [thread 40083] [14.0] [cxt 0] Pipeline 'egress': start
[13:53:50.557] [bmv2] [T] [thread 40083] [14.0] [cxt 0] Applying table 'tbl_link_monitor379'
[13:53:50.557] [bmv2] [D] [thread 40083] [14.0] [cxt 0] Looking up key:

[13:53:50.557] [bmv2] [D] [thread 40083] [14.0] [cxt 0] Table 'tbl_link_monitor379': miss
[13:53:50.557] [bmv2] [D] [thread 40083] [14.0] [cxt 0] Action entry is link_monitor379 - 
[13:53:50.557] [bmv2] [T] [thread 40083] [14.0] [cxt 0] Action link_monitor379
[13:53:50.557] [bmv2] [T] [thread 40083] [14.0] [cxt 0] link_monitor.p4(379) Primitive (bit<32>)standard_metadata.egress_port
[13:53:50.557] [bmv2] [T] [thread 40083] [14.0] [cxt 0] link_monitor.p4(379) Primitive byte_cnt_reg.read(byte_cnt, (bit<32>)standard_metadata.egress_port)
[13:53:50.557] [bmv2] [T] [thread 40083] [14.0] [cxt 0] Read register 'MyEgress.byte_cnt_reg' at index 0 read value 560
[13:53:50.557] [bmv2] [T] [thread 40083] [14.0] [cxt 0] link_monitor.p4(380) Primitive byte_cnt = byte_cnt + standard_metadata.packet_length
[13:53:50.557] [bmv2] [T] [thread 40083] [14.0] [cxt 0] link_monitor.p4(382) Condition "hdr.probe.isValid()" (node_12) is false
[13:53:50.557] [bmv2] [T] [thread 40083] [14.0] [cxt 0] Applying table 'tbl_link_monitor382_0'
[13:53:50.557] [bmv2] [D] [thread 40083] [14.0] [cxt 0] Looking up key:

[13:53:50.557] [bmv2] [D] [thread 40083] [14.0] [cxt 0] Table 'tbl_link_monitor382_0': miss
[13:53:50.557] [bmv2] [D] [thread 40083] [14.0] [cxt 0] Action entry is link_monitor382_0 - 
[13:53:50.557] [bmv2] [T] [thread 40083] [14.0] [cxt 0] Action link_monitor382_0
[13:53:50.557] [bmv2] [T] [thread 40083] [14.0] [cxt 0] link_monitor.p4(382) Primitive (hdr.probe.isValid()) ? 0 : byte_cnt
[13:53:50.557] [bmv2] [T] [thread 40083] [14.0] [cxt 0] Applying table 'tbl_link_monitor383'
[13:53:50.557] [bmv2] [D] [thread 40083] [14.0] [cxt 0] Looking up key:

[13:53:50.557] [bmv2] [D] [thread 40083] [14.0] [cxt 0] Table 'tbl_link_monitor383': miss
[13:53:50.557] [bmv2] [D] [thread 40083] [14.0] [cxt 0] Action entry is link_monitor383 - 
[13:53:50.557] [bmv2] [T] [thread 40083] [14.0] [cxt 0] Action link_monitor383
[13:53:50.557] [bmv2] [T] [thread 40083] [14.0] [cxt 0] link_monitor.p4(383) Primitive (bit<32>)standard_metadata.egress_port
[13:53:50.557] [bmv2] [T] [thread 40083] [14.0] [cxt 0] link_monitor.p4(383) Primitive byte_cnt_reg.write((bit<32>)standard_metadata.egress_port, new_byte_cnt)
[13:53:50.557] [bmv2] [T] [thread 40083] [14.0] [cxt 0] Wrote register 'MyEgress.byte_cnt_reg' at index 0 with value 630
[13:53:50.557] [bmv2] [T] [thread 40083] [14.0] [cxt 0] link_monitor.p4(385) Condition "hdr.probe.isValid()" (node_16) is false
[13:53:50.557] [bmv2] [D] [thread 40083] [14.0] [cxt 0] Pipeline 'egress': end
[13:53:50.557] [bmv2] [D] [thread 40083] [14.0] [cxt 0] Deparser 'deparser': start
[13:53:50.557] [bmv2] [T] [thread 40083] [14.0] [cxt 0] Skipping checksum 'cksum' update because condition not met
[13:53:50.557] [bmv2] [D] [thread 40083] [14.0] [cxt 0] Deparsing header 'ethernet'
[13:53:50.557] [bmv2] [D] [thread 40083] [14.0] [cxt 0] Deparser 'deparser': end
[13:53:50.558] [bmv2] [D] [thread 40087] [14.0] [cxt 0] Transmitting packet of size 70 out of port 0
[13:53:52.082] [bmv2] [D] [thread 40082] [15.0] [cxt 0] Processing packet received on port 2
[13:53:52.082] [bmv2] [D] [thread 40082] [15.0] [cxt 0] Parser 'parser': start
[13:53:52.082] [bmv2] [D] [thread 40082] [15.0] [cxt 0] Parser 'parser' entering state 'start'
[13:53:52.082] [bmv2] [D] [thread 40082] [15.0] [cxt 0] Extracting header 'ethernet'
[13:53:52.082] [bmv2] [D] [thread 40082] [15.0] [cxt 0] Parser state 'start': key is 86dd
[13:53:52.082] [bmv2] [T] [thread 40082] [15.0] [cxt 0] Bytes parsed: 14
[13:53:52.082] [bmv2] [D] [thread 40082] [15.0] [cxt 0] Parser 'parser': end
[13:53:52.082] [bmv2] [D] [thread 40082] [15.0] [cxt 0] Pipeline 'ingress': start
[13:53:52.082] [bmv2] [T] [thread 40082] [15.0] [cxt 0] link_monitor.p4(333) Condition "hdr.tcp.isValid()" (node_2) is false
[13:53:52.082] [bmv2] [T] [thread 40082] [15.0] [cxt 0] link_monitor.p4(337) Condition "hdr.ipv4.isValid()" (node_5) is false
[13:53:52.082] [bmv2] [T] [thread 40082] [15.0] [cxt 0] link_monitor.p4(340) Condition "hdr.probe.isValid()" (node_7) is false
[13:53:52.082] [bmv2] [D] [thread 40082] [15.0] [cxt 0] Pipeline 'ingress': end
[13:53:52.082] [bmv2] [D] [thread 40082] [15.0] [cxt 0] Egress port is 0
[13:53:52.082] [bmv2] [D] [thread 40083] [15.0] [cxt 0] Pipeline 'egress': start
[13:53:52.082] [bmv2] [T] [thread 40083] [15.0] [cxt 0] Applying table 'tbl_link_monitor379'
[13:53:52.082] [bmv2] [D] [thread 40083] [15.0] [cxt 0] Looking up key:

[13:53:52.082] [bmv2] [D] [thread 40083] [15.0] [cxt 0] Table 'tbl_link_monitor379': miss
[13:53:52.082] [bmv2] [D] [thread 40083] [15.0] [cxt 0] Action entry is link_monitor379 - 
[13:53:52.082] [bmv2] [T] [thread 40083] [15.0] [cxt 0] Action link_monitor379
[13:53:52.082] [bmv2] [T] [thread 40083] [15.0] [cxt 0] link_monitor.p4(379) Primitive (bit<32>)standard_metadata.egress_port
[13:53:52.082] [bmv2] [T] [thread 40083] [15.0] [cxt 0] link_monitor.p4(379) Primitive byte_cnt_reg.read(byte_cnt, (bit<32>)standard_metadata.egress_port)
[13:53:52.082] [bmv2] [T] [thread 40083] [15.0] [cxt 0] Read register 'MyEgress.byte_cnt_reg' at index 0 read value 630
[13:53:52.082] [bmv2] [T] [thread 40083] [15.0] [cxt 0] link_monitor.p4(380) Primitive byte_cnt = byte_cnt + standard_metadata.packet_length
[13:53:52.082] [bmv2] [T] [thread 40083] [15.0] [cxt 0] link_monitor.p4(382) Condition "hdr.probe.isValid()" (node_12) is false
[13:53:52.082] [bmv2] [T] [thread 40083] [15.0] [cxt 0] Applying table 'tbl_link_monitor382_0'
[13:53:52.082] [bmv2] [D] [thread 40083] [15.0] [cxt 0] Looking up key:

[13:53:52.082] [bmv2] [D] [thread 40083] [15.0] [cxt 0] Table 'tbl_link_monitor382_0': miss
[13:53:52.082] [bmv2] [D] [thread 40083] [15.0] [cxt 0] Action entry is link_monitor382_0 - 
[13:53:52.082] [bmv2] [T] [thread 40083] [15.0] [cxt 0] Action link_monitor382_0
[13:53:52.082] [bmv2] [T] [thread 40083] [15.0] [cxt 0] link_monitor.p4(382) Primitive (hdr.probe.isValid()) ? 0 : byte_cnt
[13:53:52.082] [bmv2] [T] [thread 40083] [15.0] [cxt 0] Applying table 'tbl_link_monitor383'
[13:53:52.082] [bmv2] [D] [thread 40083] [15.0] [cxt 0] Looking up key:

[13:53:52.082] [bmv2] [D] [thread 40083] [15.0] [cxt 0] Table 'tbl_link_monitor383': miss
[13:53:52.082] [bmv2] [D] [thread 40083] [15.0] [cxt 0] Action entry is link_monitor383 - 
[13:53:52.082] [bmv2] [T] [thread 40083] [15.0] [cxt 0] Action link_monitor383
[13:53:52.082] [bmv2] [T] [thread 40083] [15.0] [cxt 0] link_monitor.p4(383) Primitive (bit<32>)standard_metadata.egress_port
[13:53:52.082] [bmv2] [T] [thread 40083] [15.0] [cxt 0] link_monitor.p4(383) Primitive byte_cnt_reg.write((bit<32>)standard_metadata.egress_port, new_byte_cnt)
[13:53:52.082] [bmv2] [T] [thread 40083] [15.0] [cxt 0] Wrote register 'MyEgress.byte_cnt_reg' at index 0 with value 700
[13:53:52.082] [bmv2] [T] [thread 40083] [15.0] [cxt 0] link_monitor.p4(385) Condition "hdr.probe.isValid()" (node_16) is false
[13:53:52.082] [bmv2] [D] [thread 40083] [15.0] [cxt 0] Pipeline 'egress': end
[13:53:52.082] [bmv2] [D] [thread 40083] [15.0] [cxt 0] Deparser 'deparser': start
[13:53:52.082] [bmv2] [T] [thread 40083] [15.0] [cxt 0] Skipping checksum 'cksum' update because condition not met
[13:53:52.082] [bmv2] [D] [thread 40083] [15.0] [cxt 0] Deparsing header 'ethernet'
[13:53:52.082] [bmv2] [D] [thread 40083] [15.0] [cxt 0] Deparser 'deparser': end
[13:53:52.082] [bmv2] [D] [thread 40087] [15.0] [cxt 0] Transmitting packet of size 70 out of port 0
[13:53:52.338] [bmv2] [D] [thread 40082] [16.0] [cxt 0] Processing packet received on port 2
[13:53:52.338] [bmv2] [D] [thread 40082] [16.0] [cxt 0] Parser 'parser': start
[13:53:52.338] [bmv2] [D] [thread 40082] [16.0] [cxt 0] Parser 'parser' entering state 'start'
[13:53:52.338] [bmv2] [D] [thread 40082] [16.0] [cxt 0] Extracting header 'ethernet'
[13:53:52.338] [bmv2] [D] [thread 40082] [16.0] [cxt 0] Parser state 'start': key is 86dd
[13:53:52.338] [bmv2] [T] [thread 40082] [16.0] [cxt 0] Bytes parsed: 14
[13:53:52.338] [bmv2] [D] [thread 40082] [16.0] [cxt 0] Parser 'parser': end
[13:53:52.338] [bmv2] [D] [thread 40082] [16.0] [cxt 0] Pipeline 'ingress': start
[13:53:52.338] [bmv2] [T] [thread 40082] [16.0] [cxt 0] link_monitor.p4(333) Condition "hdr.tcp.isValid()" (node_2) is false
[13:53:52.338] [bmv2] [T] [thread 40082] [16.0] [cxt 0] link_monitor.p4(337) Condition "hdr.ipv4.isValid()" (node_5) is false
[13:53:52.338] [bmv2] [T] [thread 40082] [16.0] [cxt 0] link_monitor.p4(340) Condition "hdr.probe.isValid()" (node_7) is false
[13:53:52.338] [bmv2] [D] [thread 40082] [16.0] [cxt 0] Pipeline 'ingress': end
[13:53:52.338] [bmv2] [D] [thread 40082] [16.0] [cxt 0] Egress port is 0
[13:53:52.338] [bmv2] [D] [thread 40083] [16.0] [cxt 0] Pipeline 'egress': start
[13:53:52.338] [bmv2] [T] [thread 40083] [16.0] [cxt 0] Applying table 'tbl_link_monitor379'
[13:53:52.338] [bmv2] [D] [thread 40083] [16.0] [cxt 0] Looking up key:

[13:53:52.338] [bmv2] [D] [thread 40083] [16.0] [cxt 0] Table 'tbl_link_monitor379': miss
[13:53:52.338] [bmv2] [D] [thread 40083] [16.0] [cxt 0] Action entry is link_monitor379 - 
[13:53:52.338] [bmv2] [T] [thread 40083] [16.0] [cxt 0] Action link_monitor379
[13:53:52.338] [bmv2] [T] [thread 40083] [16.0] [cxt 0] link_monitor.p4(379) Primitive (bit<32>)standard_metadata.egress_port
[13:53:52.338] [bmv2] [T] [thread 40083] [16.0] [cxt 0] link_monitor.p4(379) Primitive byte_cnt_reg.read(byte_cnt, (bit<32>)standard_metadata.egress_port)
[13:53:52.338] [bmv2] [T] [thread 40083] [16.0] [cxt 0] Read register 'MyEgress.byte_cnt_reg' at index 0 read value 700
[13:53:52.338] [bmv2] [T] [thread 40083] [16.0] [cxt 0] link_monitor.p4(380) Primitive byte_cnt = byte_cnt + standard_metadata.packet_length
[13:53:52.338] [bmv2] [T] [thread 40083] [16.0] [cxt 0] link_monitor.p4(382) Condition "hdr.probe.isValid()" (node_12) is false
[13:53:52.338] [bmv2] [T] [thread 40083] [16.0] [cxt 0] Applying table 'tbl_link_monitor382_0'
[13:53:52.338] [bmv2] [D] [thread 40083] [16.0] [cxt 0] Looking up key:

[13:53:52.338] [bmv2] [D] [thread 40083] [16.0] [cxt 0] Table 'tbl_link_monitor382_0': miss
[13:53:52.338] [bmv2] [D] [thread 40083] [16.0] [cxt 0] Action entry is link_monitor382_0 - 
[13:53:52.338] [bmv2] [T] [thread 40083] [16.0] [cxt 0] Action link_monitor382_0
[13:53:52.338] [bmv2] [T] [thread 40083] [16.0] [cxt 0] link_monitor.p4(382) Primitive (hdr.probe.isValid()) ? 0 : byte_cnt
[13:53:52.338] [bmv2] [T] [thread 40083] [16.0] [cxt 0] Applying table 'tbl_link_monitor383'
[13:53:52.338] [bmv2] [D] [thread 40083] [16.0] [cxt 0] Looking up key:

[13:53:52.338] [bmv2] [D] [thread 40083] [16.0] [cxt 0] Table 'tbl_link_monitor383': miss
[13:53:52.338] [bmv2] [D] [thread 40083] [16.0] [cxt 0] Action entry is link_monitor383 - 
[13:53:52.338] [bmv2] [T] [thread 40083] [16.0] [cxt 0] Action link_monitor383
[13:53:52.338] [bmv2] [T] [thread 40083] [16.0] [cxt 0] link_monitor.p4(383) Primitive (bit<32>)standard_metadata.egress_port
[13:53:52.338] [bmv2] [T] [thread 40083] [16.0] [cxt 0] link_monitor.p4(383) Primitive byte_cnt_reg.write((bit<32>)standard_metadata.egress_port, new_byte_cnt)
[13:53:52.338] [bmv2] [T] [thread 40083] [16.0] [cxt 0] Wrote register 'MyEgress.byte_cnt_reg' at index 0 with value 770
[13:53:52.338] [bmv2] [T] [thread 40083] [16.0] [cxt 0] link_monitor.p4(385) Condition "hdr.probe.isValid()" (node_16) is false
[13:53:52.338] [bmv2] [D] [thread 40083] [16.0] [cxt 0] Pipeline 'egress': end
[13:53:52.338] [bmv2] [D] [thread 40083] [16.0] [cxt 0] Deparser 'deparser': start
[13:53:52.338] [bmv2] [T] [thread 40083] [16.0] [cxt 0] Skipping checksum 'cksum' update because condition not met
[13:53:52.338] [bmv2] [D] [thread 40083] [16.0] [cxt 0] Deparsing header 'ethernet'
[13:53:52.338] [bmv2] [D] [thread 40083] [16.0] [cxt 0] Deparser 'deparser': end
[13:53:52.338] [bmv2] [D] [thread 40087] [16.0] [cxt 0] Transmitting packet of size 70 out of port 0
[13:53:55.156] [bmv2] [D] [thread 40082] [17.0] [cxt 0] Processing packet received on port 1
[13:53:55.156] [bmv2] [D] [thread 40082] [17.0] [cxt 0] Parser 'parser': start
[13:53:55.156] [bmv2] [D] [thread 40082] [17.0] [cxt 0] Parser 'parser' entering state 'start'
[13:53:55.156] [bmv2] [D] [thread 40082] [17.0] [cxt 0] Extracting header 'ethernet'
[13:53:55.156] [bmv2] [D] [thread 40082] [17.0] [cxt 0] Parser state 'start': key is 86dd
[13:53:55.156] [bmv2] [T] [thread 40082] [17.0] [cxt 0] Bytes parsed: 14
[13:53:55.156] [bmv2] [D] [thread 40082] [17.0] [cxt 0] Parser 'parser': end
[13:53:55.156] [bmv2] [D] [thread 40082] [17.0] [cxt 0] Pipeline 'ingress': start
[13:53:55.156] [bmv2] [T] [thread 40082] [17.0] [cxt 0] link_monitor.p4(333) Condition "hdr.tcp.isValid()" (node_2) is false
[13:53:55.156] [bmv2] [T] [thread 40082] [17.0] [cxt 0] link_monitor.p4(337) Condition "hdr.ipv4.isValid()" (node_5) is false
[13:53:55.156] [bmv2] [T] [thread 40082] [17.0] [cxt 0] link_monitor.p4(340) Condition "hdr.probe.isValid()" (node_7) is false
[13:53:55.156] [bmv2] [D] [thread 40082] [17.0] [cxt 0] Pipeline 'ingress': end
[13:53:55.156] [bmv2] [D] [thread 40082] [17.0] [cxt 0] Egress port is 0
[13:53:55.156] [bmv2] [D] [thread 40083] [17.0] [cxt 0] Pipeline 'egress': start
[13:53:55.156] [bmv2] [T] [thread 40083] [17.0] [cxt 0] Applying table 'tbl_link_monitor379'
[13:53:55.156] [bmv2] [D] [thread 40083] [17.0] [cxt 0] Looking up key:

[13:53:55.156] [bmv2] [D] [thread 40083] [17.0] [cxt 0] Table 'tbl_link_monitor379': miss
[13:53:55.156] [bmv2] [D] [thread 40083] [17.0] [cxt 0] Action entry is link_monitor379 - 
[13:53:55.156] [bmv2] [T] [thread 40083] [17.0] [cxt 0] Action link_monitor379
[13:53:55.156] [bmv2] [T] [thread 40083] [17.0] [cxt 0] link_monitor.p4(379) Primitive (bit<32>)standard_metadata.egress_port
[13:53:55.156] [bmv2] [T] [thread 40083] [17.0] [cxt 0] link_monitor.p4(379) Primitive byte_cnt_reg.read(byte_cnt, (bit<32>)standard_metadata.egress_port)
[13:53:55.156] [bmv2] [T] [thread 40083] [17.0] [cxt 0] Read register 'MyEgress.byte_cnt_reg' at index 0 read value 770
[13:53:55.156] [bmv2] [T] [thread 40083] [17.0] [cxt 0] link_monitor.p4(380) Primitive byte_cnt = byte_cnt + standard_metadata.packet_length
[13:53:55.156] [bmv2] [T] [thread 40083] [17.0] [cxt 0] link_monitor.p4(382) Condition "hdr.probe.isValid()" (node_12) is false
[13:53:55.156] [bmv2] [T] [thread 40083] [17.0] [cxt 0] Applying table 'tbl_link_monitor382_0'
[13:53:55.156] [bmv2] [D] [thread 40083] [17.0] [cxt 0] Looking up key:

[13:53:55.156] [bmv2] [D] [thread 40083] [17.0] [cxt 0] Table 'tbl_link_monitor382_0': miss
[13:53:55.156] [bmv2] [D] [thread 40083] [17.0] [cxt 0] Action entry is link_monitor382_0 - 
[13:53:55.156] [bmv2] [T] [thread 40083] [17.0] [cxt 0] Action link_monitor382_0
[13:53:55.156] [bmv2] [T] [thread 40083] [17.0] [cxt 0] link_monitor.p4(382) Primitive (hdr.probe.isValid()) ? 0 : byte_cnt
[13:53:55.156] [bmv2] [T] [thread 40083] [17.0] [cxt 0] Applying table 'tbl_link_monitor383'
[13:53:55.156] [bmv2] [D] [thread 40083] [17.0] [cxt 0] Looking up key:

[13:53:55.156] [bmv2] [D] [thread 40083] [17.0] [cxt 0] Table 'tbl_link_monitor383': miss
[13:53:55.156] [bmv2] [D] [thread 40083] [17.0] [cxt 0] Action entry is link_monitor383 - 
[13:53:55.156] [bmv2] [T] [thread 40083] [17.0] [cxt 0] Action link_monitor383
[13:53:55.156] [bmv2] [T] [thread 40083] [17.0] [cxt 0] link_monitor.p4(383) Primitive (bit<32>)standard_metadata.egress_port
[13:53:55.156] [bmv2] [T] [thread 40083] [17.0] [cxt 0] link_monitor.p4(383) Primitive byte_cnt_reg.write((bit<32>)standard_metadata.egress_port, new_byte_cnt)
[13:53:55.156] [bmv2] [T] [thread 40083] [17.0] [cxt 0] Wrote register 'MyEgress.byte_cnt_reg' at index 0 with value 840
[13:53:55.156] [bmv2] [T] [thread 40083] [17.0] [cxt 0] link_monitor.p4(385) Condition "hdr.probe.isValid()" (node_16) is false
[13:53:55.156] [bmv2] [D] [thread 40083] [17.0] [cxt 0] Pipeline 'egress': end
[13:53:55.156] [bmv2] [D] [thread 40083] [17.0] [cxt 0] Deparser 'deparser': start
[13:53:55.156] [bmv2] [T] [thread 40083] [17.0] [cxt 0] Skipping checksum 'cksum' update because condition not met
[13:53:55.156] [bmv2] [D] [thread 40083] [17.0] [cxt 0] Deparsing header 'ethernet'
[13:53:55.156] [bmv2] [D] [thread 40083] [17.0] [cxt 0] Deparser 'deparser': end
[13:53:55.156] [bmv2] [D] [thread 40087] [17.0] [cxt 0] Transmitting packet of size 70 out of port 0
[13:54:19.745] [bmv2] [D] [thread 40082] [18.0] [cxt 0] Processing packet received on port 1
[13:54:19.745] [bmv2] [D] [thread 40082] [18.0] [cxt 0] Parser 'parser': start
[13:54:19.745] [bmv2] [D] [thread 40082] [18.0] [cxt 0] Parser 'parser' entering state 'start'
[13:54:19.745] [bmv2] [D] [thread 40082] [18.0] [cxt 0] Extracting header 'ethernet'
[13:54:19.745] [bmv2] [D] [thread 40082] [18.0] [cxt 0] Parser state 'start': key is 86dd
[13:54:19.745] [bmv2] [T] [thread 40082] [18.0] [cxt 0] Bytes parsed: 14
[13:54:19.745] [bmv2] [D] [thread 40082] [18.0] [cxt 0] Parser 'parser': end
[13:54:19.745] [bmv2] [D] [thread 40082] [18.0] [cxt 0] Pipeline 'ingress': start
[13:54:19.745] [bmv2] [T] [thread 40082] [18.0] [cxt 0] link_monitor.p4(333) Condition "hdr.tcp.isValid()" (node_2) is false
[13:54:19.745] [bmv2] [T] [thread 40082] [18.0] [cxt 0] link_monitor.p4(337) Condition "hdr.ipv4.isValid()" (node_5) is false
[13:54:19.745] [bmv2] [T] [thread 40082] [18.0] [cxt 0] link_monitor.p4(340) Condition "hdr.probe.isValid()" (node_7) is false
[13:54:19.745] [bmv2] [D] [thread 40082] [18.0] [cxt 0] Pipeline 'ingress': end
[13:54:19.745] [bmv2] [D] [thread 40082] [18.0] [cxt 0] Egress port is 0
[13:54:19.745] [bmv2] [D] [thread 40083] [18.0] [cxt 0] Pipeline 'egress': start
[13:54:19.745] [bmv2] [T] [thread 40083] [18.0] [cxt 0] Applying table 'tbl_link_monitor379'
[13:54:19.745] [bmv2] [D] [thread 40083] [18.0] [cxt 0] Looking up key:

[13:54:19.745] [bmv2] [D] [thread 40083] [18.0] [cxt 0] Table 'tbl_link_monitor379': miss
[13:54:19.745] [bmv2] [D] [thread 40083] [18.0] [cxt 0] Action entry is link_monitor379 - 
[13:54:19.745] [bmv2] [T] [thread 40083] [18.0] [cxt 0] Action link_monitor379
[13:54:19.745] [bmv2] [T] [thread 40083] [18.0] [cxt 0] link_monitor.p4(379) Primitive (bit<32>)standard_metadata.egress_port
[13:54:19.745] [bmv2] [T] [thread 40083] [18.0] [cxt 0] link_monitor.p4(379) Primitive byte_cnt_reg.read(byte_cnt, (bit<32>)standard_metadata.egress_port)
[13:54:19.745] [bmv2] [T] [thread 40083] [18.0] [cxt 0] Read register 'MyEgress.byte_cnt_reg' at index 0 read value 840
[13:54:19.745] [bmv2] [T] [thread 40083] [18.0] [cxt 0] link_monitor.p4(380) Primitive byte_cnt = byte_cnt + standard_metadata.packet_length
[13:54:19.745] [bmv2] [T] [thread 40083] [18.0] [cxt 0] link_monitor.p4(382) Condition "hdr.probe.isValid()" (node_12) is false
[13:54:19.745] [bmv2] [T] [thread 40083] [18.0] [cxt 0] Applying table 'tbl_link_monitor382_0'
[13:54:19.745] [bmv2] [D] [thread 40083] [18.0] [cxt 0] Looking up key:

[13:54:19.745] [bmv2] [D] [thread 40083] [18.0] [cxt 0] Table 'tbl_link_monitor382_0': miss
[13:54:19.745] [bmv2] [D] [thread 40083] [18.0] [cxt 0] Action entry is link_monitor382_0 - 
[13:54:19.745] [bmv2] [T] [thread 40083] [18.0] [cxt 0] Action link_monitor382_0
[13:54:19.745] [bmv2] [T] [thread 40083] [18.0] [cxt 0] link_monitor.p4(382) Primitive (hdr.probe.isValid()) ? 0 : byte_cnt
[13:54:19.745] [bmv2] [T] [thread 40083] [18.0] [cxt 0] Applying table 'tbl_link_monitor383'
[13:54:19.745] [bmv2] [D] [thread 40083] [18.0] [cxt 0] Looking up key:

[13:54:19.745] [bmv2] [D] [thread 40083] [18.0] [cxt 0] Table 'tbl_link_monitor383': miss
[13:54:19.745] [bmv2] [D] [thread 40083] [18.0] [cxt 0] Action entry is link_monitor383 - 
[13:54:19.745] [bmv2] [T] [thread 40083] [18.0] [cxt 0] Action link_monitor383
[13:54:19.745] [bmv2] [T] [thread 40083] [18.0] [cxt 0] link_monitor.p4(383) Primitive (bit<32>)standard_metadata.egress_port
[13:54:19.745] [bmv2] [T] [thread 40083] [18.0] [cxt 0] link_monitor.p4(383) Primitive byte_cnt_reg.write((bit<32>)standard_metadata.egress_port, new_byte_cnt)
[13:54:19.745] [bmv2] [T] [thread 40083] [18.0] [cxt 0] Wrote register 'MyEgress.byte_cnt_reg' at index 0 with value 910
[13:54:19.745] [bmv2] [T] [thread 40083] [18.0] [cxt 0] link_monitor.p4(385) Condition "hdr.probe.isValid()" (node_16) is false
[13:54:19.745] [bmv2] [D] [thread 40083] [18.0] [cxt 0] Pipeline 'egress': end
[13:54:19.745] [bmv2] [D] [thread 40083] [18.0] [cxt 0] Deparser 'deparser': start
[13:54:19.745] [bmv2] [T] [thread 40083] [18.0] [cxt 0] Skipping checksum 'cksum' update because condition not met
[13:54:19.745] [bmv2] [D] [thread 40083] [18.0] [cxt 0] Deparsing header 'ethernet'
[13:54:19.745] [bmv2] [D] [thread 40083] [18.0] [cxt 0] Deparser 'deparser': end
[13:54:19.745] [bmv2] [D] [thread 40087] [18.0] [cxt 0] Transmitting packet of size 70 out of port 0
[13:54:23.827] [bmv2] [D] [thread 40082] [19.0] [cxt 0] Processing packet received on port 2
[13:54:23.827] [bmv2] [D] [thread 40082] [19.0] [cxt 0] Parser 'parser': start
[13:54:23.827] [bmv2] [D] [thread 40082] [19.0] [cxt 0] Parser 'parser' entering state 'start'
[13:54:23.827] [bmv2] [D] [thread 40082] [19.0] [cxt 0] Extracting header 'ethernet'
[13:54:23.827] [bmv2] [D] [thread 40082] [19.0] [cxt 0] Parser state 'start': key is 86dd
[13:54:23.827] [bmv2] [T] [thread 40082] [19.0] [cxt 0] Bytes parsed: 14
[13:54:23.827] [bmv2] [D] [thread 40082] [19.0] [cxt 0] Parser 'parser': end
[13:54:23.827] [bmv2] [D] [thread 40082] [19.0] [cxt 0] Pipeline 'ingress': start
[13:54:23.827] [bmv2] [T] [thread 40082] [19.0] [cxt 0] link_monitor.p4(333) Condition "hdr.tcp.isValid()" (node_2) is false
[13:54:23.827] [bmv2] [T] [thread 40082] [19.0] [cxt 0] link_monitor.p4(337) Condition "hdr.ipv4.isValid()" (node_5) is false
[13:54:23.827] [bmv2] [T] [thread 40082] [19.0] [cxt 0] link_monitor.p4(340) Condition "hdr.probe.isValid()" (node_7) is false
[13:54:23.827] [bmv2] [D] [thread 40082] [19.0] [cxt 0] Pipeline 'ingress': end
[13:54:23.827] [bmv2] [D] [thread 40082] [19.0] [cxt 0] Egress port is 0
[13:54:23.827] [bmv2] [D] [thread 40082] [20.0] [cxt 0] Processing packet received on port 2
[13:54:23.827] [bmv2] [D] [thread 40082] [20.0] [cxt 0] Parser 'parser': start
[13:54:23.827] [bmv2] [D] [thread 40082] [20.0] [cxt 0] Parser 'parser' entering state 'start'
[13:54:23.827] [bmv2] [D] [thread 40082] [20.0] [cxt 0] Extracting header 'ethernet'
[13:54:23.827] [bmv2] [D] [thread 40082] [20.0] [cxt 0] Parser state 'start': key is 86dd
[13:54:23.827] [bmv2] [T] [thread 40082] [20.0] [cxt 0] Bytes parsed: 14
[13:54:23.828] [bmv2] [D] [thread 40082] [20.0] [cxt 0] Parser 'parser': end
[13:54:23.828] [bmv2] [D] [thread 40082] [20.0] [cxt 0] Pipeline 'ingress': start
[13:54:23.828] [bmv2] [T] [thread 40082] [20.0] [cxt 0] link_monitor.p4(333) Condition "hdr.tcp.isValid()" (node_2) is false
[13:54:23.828] [bmv2] [T] [thread 40082] [20.0] [cxt 0] link_monitor.p4(337) Condition "hdr.ipv4.isValid()" (node_5) is false
[13:54:23.828] [bmv2] [T] [thread 40082] [20.0] [cxt 0] link_monitor.p4(340) Condition "hdr.probe.isValid()" (node_7) is false
[13:54:23.828] [bmv2] [D] [thread 40082] [20.0] [cxt 0] Pipeline 'ingress': end
[13:54:23.828] [bmv2] [D] [thread 40082] [20.0] [cxt 0] Egress port is 0
[13:54:23.828] [bmv2] [D] [thread 40083] [19.0] [cxt 0] Pipeline 'egress': start
[13:54:23.828] [bmv2] [T] [thread 40083] [19.0] [cxt 0] Applying table 'tbl_link_monitor379'
[13:54:23.828] [bmv2] [D] [thread 40083] [19.0] [cxt 0] Looking up key:

[13:54:23.828] [bmv2] [D] [thread 40083] [19.0] [cxt 0] Table 'tbl_link_monitor379': miss
[13:54:23.828] [bmv2] [D] [thread 40083] [19.0] [cxt 0] Action entry is link_monitor379 - 
[13:54:23.828] [bmv2] [T] [thread 40083] [19.0] [cxt 0] Action link_monitor379
[13:54:23.828] [bmv2] [T] [thread 40083] [19.0] [cxt 0] link_monitor.p4(379) Primitive (bit<32>)standard_metadata.egress_port
[13:54:23.828] [bmv2] [T] [thread 40083] [19.0] [cxt 0] link_monitor.p4(379) Primitive byte_cnt_reg.read(byte_cnt, (bit<32>)standard_metadata.egress_port)
[13:54:23.828] [bmv2] [T] [thread 40083] [19.0] [cxt 0] Read register 'MyEgress.byte_cnt_reg' at index 0 read value 910
[13:54:23.828] [bmv2] [T] [thread 40083] [19.0] [cxt 0] link_monitor.p4(380) Primitive byte_cnt = byte_cnt + standard_metadata.packet_length
[13:54:23.828] [bmv2] [T] [thread 40083] [19.0] [cxt 0] link_monitor.p4(382) Condition "hdr.probe.isValid()" (node_12) is false
[13:54:23.828] [bmv2] [T] [thread 40083] [19.0] [cxt 0] Applying table 'tbl_link_monitor382_0'
[13:54:23.828] [bmv2] [D] [thread 40083] [19.0] [cxt 0] Looking up key:

[13:54:23.828] [bmv2] [D] [thread 40083] [19.0] [cxt 0] Table 'tbl_link_monitor382_0': miss
[13:54:23.828] [bmv2] [D] [thread 40083] [19.0] [cxt 0] Action entry is link_monitor382_0 - 
[13:54:23.828] [bmv2] [T] [thread 40083] [19.0] [cxt 0] Action link_monitor382_0
[13:54:23.828] [bmv2] [T] [thread 40083] [19.0] [cxt 0] link_monitor.p4(382) Primitive (hdr.probe.isValid()) ? 0 : byte_cnt
[13:54:23.828] [bmv2] [T] [thread 40083] [19.0] [cxt 0] Applying table 'tbl_link_monitor383'
[13:54:23.828] [bmv2] [D] [thread 40083] [19.0] [cxt 0] Looking up key:

[13:54:23.828] [bmv2] [D] [thread 40083] [19.0] [cxt 0] Table 'tbl_link_monitor383': miss
[13:54:23.828] [bmv2] [D] [thread 40083] [19.0] [cxt 0] Action entry is link_monitor383 - 
[13:54:23.828] [bmv2] [T] [thread 40083] [19.0] [cxt 0] Action link_monitor383
[13:54:23.828] [bmv2] [T] [thread 40083] [19.0] [cxt 0] link_monitor.p4(383) Primitive (bit<32>)standard_metadata.egress_port
[13:54:23.828] [bmv2] [T] [thread 40083] [19.0] [cxt 0] link_monitor.p4(383) Primitive byte_cnt_reg.write((bit<32>)standard_metadata.egress_port, new_byte_cnt)
[13:54:23.828] [bmv2] [T] [thread 40083] [19.0] [cxt 0] Wrote register 'MyEgress.byte_cnt_reg' at index 0 with value 980
[13:54:23.828] [bmv2] [T] [thread 40083] [19.0] [cxt 0] link_monitor.p4(385) Condition "hdr.probe.isValid()" (node_16) is false
[13:54:23.828] [bmv2] [D] [thread 40083] [19.0] [cxt 0] Pipeline 'egress': end
[13:54:23.828] [bmv2] [D] [thread 40083] [19.0] [cxt 0] Deparser 'deparser': start
[13:54:23.828] [bmv2] [T] [thread 40083] [19.0] [cxt 0] Skipping checksum 'cksum' update because condition not met
[13:54:23.828] [bmv2] [D] [thread 40083] [19.0] [cxt 0] Deparsing header 'ethernet'
[13:54:23.828] [bmv2] [D] [thread 40083] [19.0] [cxt 0] Deparser 'deparser': end
[13:54:23.828] [bmv2] [D] [thread 40083] [20.0] [cxt 0] Pipeline 'egress': start
[13:54:23.828] [bmv2] [T] [thread 40083] [20.0] [cxt 0] Applying table 'tbl_link_monitor379'
[13:54:23.828] [bmv2] [D] [thread 40083] [20.0] [cxt 0] Looking up key:

[13:54:23.828] [bmv2] [D] [thread 40083] [20.0] [cxt 0] Table 'tbl_link_monitor379': miss
[13:54:23.828] [bmv2] [D] [thread 40083] [20.0] [cxt 0] Action entry is link_monitor379 - 
[13:54:23.828] [bmv2] [T] [thread 40083] [20.0] [cxt 0] Action link_monitor379
[13:54:23.828] [bmv2] [T] [thread 40083] [20.0] [cxt 0] link_monitor.p4(379) Primitive (bit<32>)standard_metadata.egress_port
[13:54:23.828] [bmv2] [T] [thread 40083] [20.0] [cxt 0] link_monitor.p4(379) Primitive byte_cnt_reg.read(byte_cnt, (bit<32>)standard_metadata.egress_port)
[13:54:23.828] [bmv2] [T] [thread 40083] [20.0] [cxt 0] Read register 'MyEgress.byte_cnt_reg' at index 0 read value 980
[13:54:23.828] [bmv2] [T] [thread 40083] [20.0] [cxt 0] link_monitor.p4(380) Primitive byte_cnt = byte_cnt + standard_metadata.packet_length
[13:54:23.828] [bmv2] [T] [thread 40083] [20.0] [cxt 0] link_monitor.p4(382) Condition "hdr.probe.isValid()" (node_12) is false
[13:54:23.828] [bmv2] [T] [thread 40083] [20.0] [cxt 0] Applying table 'tbl_link_monitor382_0'
[13:54:23.828] [bmv2] [D] [thread 40083] [20.0] [cxt 0] Looking up key:

[13:54:23.828] [bmv2] [D] [thread 40083] [20.0] [cxt 0] Table 'tbl_link_monitor382_0': miss
[13:54:23.828] [bmv2] [D] [thread 40083] [20.0] [cxt 0] Action entry is link_monitor382_0 - 
[13:54:23.828] [bmv2] [T] [thread 40083] [20.0] [cxt 0] Action link_monitor382_0
[13:54:23.828] [bmv2] [T] [thread 40083] [20.0] [cxt 0] link_monitor.p4(382) Primitive (hdr.probe.isValid()) ? 0 : byte_cnt
[13:54:23.828] [bmv2] [T] [thread 40083] [20.0] [cxt 0] Applying table 'tbl_link_monitor383'
[13:54:23.828] [bmv2] [D] [thread 40083] [20.0] [cxt 0] Looking up key:

[13:54:23.828] [bmv2] [D] [thread 40083] [20.0] [cxt 0] Table 'tbl_link_monitor383': miss
[13:54:23.828] [bmv2] [D] [thread 40083] [20.0] [cxt 0] Action entry is link_monitor383 - 
[13:54:23.828] [bmv2] [T] [thread 40083] [20.0] [cxt 0] Action link_monitor383
[13:54:23.828] [bmv2] [T] [thread 40083] [20.0] [cxt 0] link_monitor.p4(383) Primitive (bit<32>)standard_metadata.egress_port
[13:54:23.828] [bmv2] [T] [thread 40083] [20.0] [cxt 0] link_monitor.p4(383) Primitive byte_cnt_reg.write((bit<32>)standard_metadata.egress_port, new_byte_cnt)
[13:54:23.828] [bmv2] [T] [thread 40083] [20.0] [cxt 0] Wrote register 'MyEgress.byte_cnt_reg' at index 0 with value 1050
[13:54:23.828] [bmv2] [T] [thread 40083] [20.0] [cxt 0] link_monitor.p4(385) Condition "hdr.probe.isValid()" (node_16) is false
[13:54:23.828] [bmv2] [D] [thread 40083] [20.0] [cxt 0] Pipeline 'egress': end
[13:54:23.828] [bmv2] [D] [thread 40083] [20.0] [cxt 0] Deparser 'deparser': start
[13:54:23.828] [bmv2] [T] [thread 40083] [20.0] [cxt 0] Skipping checksum 'cksum' update because condition not met
[13:54:23.828] [bmv2] [D] [thread 40083] [20.0] [cxt 0] Deparsing header 'ethernet'
[13:54:23.828] [bmv2] [D] [thread 40083] [20.0] [cxt 0] Deparser 'deparser': end
[13:54:23.828] [bmv2] [D] [thread 40087] [19.0] [cxt 0] Transmitting packet of size 70 out of port 0
[13:54:23.828] [bmv2] [D] [thread 40087] [20.0] [cxt 0] Transmitting packet of size 70 out of port 0
[13:54:29.970] [bmv2] [D] [thread 40082] [21.0] [cxt 0] Processing packet received on port 1
[13:54:29.970] [bmv2] [D] [thread 40082] [21.0] [cxt 0] Parser 'parser': start
[13:54:29.970] [bmv2] [D] [thread 40082] [21.0] [cxt 0] Parser 'parser' entering state 'start'
[13:54:29.970] [bmv2] [D] [thread 40082] [21.0] [cxt 0] Extracting header 'ethernet'
[13:54:29.970] [bmv2] [D] [thread 40082] [21.0] [cxt 0] Parser state 'start': key is 86dd
[13:54:29.970] [bmv2] [T] [thread 40082] [21.0] [cxt 0] Bytes parsed: 14
[13:54:29.970] [bmv2] [D] [thread 40082] [21.0] [cxt 0] Parser 'parser': end
[13:54:29.970] [bmv2] [D] [thread 40082] [21.0] [cxt 0] Pipeline 'ingress': start
[13:54:29.970] [bmv2] [T] [thread 40082] [21.0] [cxt 0] link_monitor.p4(333) Condition "hdr.tcp.isValid()" (node_2) is false
[13:54:29.970] [bmv2] [T] [thread 40082] [21.0] [cxt 0] link_monitor.p4(337) Condition "hdr.ipv4.isValid()" (node_5) is false
[13:54:29.970] [bmv2] [T] [thread 40082] [21.0] [cxt 0] link_monitor.p4(340) Condition "hdr.probe.isValid()" (node_7) is false
[13:54:29.970] [bmv2] [D] [thread 40082] [21.0] [cxt 0] Pipeline 'ingress': end
[13:54:29.970] [bmv2] [D] [thread 40082] [21.0] [cxt 0] Egress port is 0
[13:54:29.970] [bmv2] [D] [thread 40083] [21.0] [cxt 0] Pipeline 'egress': start
[13:54:29.970] [bmv2] [T] [thread 40083] [21.0] [cxt 0] Applying table 'tbl_link_monitor379'
[13:54:29.970] [bmv2] [D] [thread 40083] [21.0] [cxt 0] Looking up key:

[13:54:29.970] [bmv2] [D] [thread 40083] [21.0] [cxt 0] Table 'tbl_link_monitor379': miss
[13:54:29.970] [bmv2] [D] [thread 40083] [21.0] [cxt 0] Action entry is link_monitor379 - 
[13:54:29.970] [bmv2] [T] [thread 40083] [21.0] [cxt 0] Action link_monitor379
[13:54:29.970] [bmv2] [T] [thread 40083] [21.0] [cxt 0] link_monitor.p4(379) Primitive (bit<32>)standard_metadata.egress_port
[13:54:29.970] [bmv2] [T] [thread 40083] [21.0] [cxt 0] link_monitor.p4(379) Primitive byte_cnt_reg.read(byte_cnt, (bit<32>)standard_metadata.egress_port)
[13:54:29.970] [bmv2] [T] [thread 40083] [21.0] [cxt 0] Read register 'MyEgress.byte_cnt_reg' at index 0 read value 1050
[13:54:29.970] [bmv2] [T] [thread 40083] [21.0] [cxt 0] link_monitor.p4(380) Primitive byte_cnt = byte_cnt + standard_metadata.packet_length
[13:54:29.970] [bmv2] [T] [thread 40083] [21.0] [cxt 0] link_monitor.p4(382) Condition "hdr.probe.isValid()" (node_12) is false
[13:54:29.970] [bmv2] [T] [thread 40083] [21.0] [cxt 0] Applying table 'tbl_link_monitor382_0'
[13:54:29.970] [bmv2] [D] [thread 40083] [21.0] [cxt 0] Looking up key:

[13:54:29.970] [bmv2] [D] [thread 40083] [21.0] [cxt 0] Table 'tbl_link_monitor382_0': miss
[13:54:29.970] [bmv2] [D] [thread 40083] [21.0] [cxt 0] Action entry is link_monitor382_0 - 
[13:54:29.970] [bmv2] [T] [thread 40083] [21.0] [cxt 0] Action link_monitor382_0
[13:54:29.970] [bmv2] [T] [thread 40083] [21.0] [cxt 0] link_monitor.p4(382) Primitive (hdr.probe.isValid()) ? 0 : byte_cnt
[13:54:29.970] [bmv2] [T] [thread 40083] [21.0] [cxt 0] Applying table 'tbl_link_monitor383'
[13:54:29.970] [bmv2] [D] [thread 40083] [21.0] [cxt 0] Looking up key:

[13:54:29.970] [bmv2] [D] [thread 40083] [21.0] [cxt 0] Table 'tbl_link_monitor383': miss
[13:54:29.970] [bmv2] [D] [thread 40083] [21.0] [cxt 0] Action entry is link_monitor383 - 
[13:54:29.970] [bmv2] [T] [thread 40083] [21.0] [cxt 0] Action link_monitor383
[13:54:29.970] [bmv2] [T] [thread 40083] [21.0] [cxt 0] link_monitor.p4(383) Primitive (bit<32>)standard_metadata.egress_port
[13:54:29.970] [bmv2] [T] [thread 40083] [21.0] [cxt 0] link_monitor.p4(383) Primitive byte_cnt_reg.write((bit<32>)standard_metadata.egress_port, new_byte_cnt)
[13:54:29.970] [bmv2] [T] [thread 40083] [21.0] [cxt 0] Wrote register 'MyEgress.byte_cnt_reg' at index 0 with value 1120
[13:54:29.970] [bmv2] [T] [thread 40083] [21.0] [cxt 0] link_monitor.p4(385) Condition "hdr.probe.isValid()" (node_16) is false
[13:54:29.970] [bmv2] [D] [thread 40083] [21.0] [cxt 0] Pipeline 'egress': end
[13:54:29.970] [bmv2] [D] [thread 40083] [21.0] [cxt 0] Deparser 'deparser': start
[13:54:29.970] [bmv2] [T] [thread 40083] [21.0] [cxt 0] Skipping checksum 'cksum' update because condition not met
[13:54:29.970] [bmv2] [D] [thread 40083] [21.0] [cxt 0] Deparsing header 'ethernet'
[13:54:29.970] [bmv2] [D] [thread 40083] [21.0] [cxt 0] Deparser 'deparser': end
[13:54:29.970] [bmv2] [D] [thread 40087] [21.0] [cxt 0] Transmitting packet of size 70 out of port 0
[13:55:17.074] [bmv2] [D] [thread 40082] [22.0] [cxt 0] Processing packet received on port 1
[13:55:17.074] [bmv2] [D] [thread 40082] [22.0] [cxt 0] Parser 'parser': start
[13:55:17.074] [bmv2] [D] [thread 40082] [22.0] [cxt 0] Parser 'parser' entering state 'start'
[13:55:17.074] [bmv2] [D] [thread 40082] [22.0] [cxt 0] Extracting header 'ethernet'
[13:55:17.074] [bmv2] [D] [thread 40082] [22.0] [cxt 0] Parser state 'start': key is 86dd
[13:55:17.074] [bmv2] [T] [thread 40082] [22.0] [cxt 0] Bytes parsed: 14
[13:55:17.074] [bmv2] [D] [thread 40082] [22.0] [cxt 0] Parser 'parser': end
[13:55:17.074] [bmv2] [D] [thread 40082] [22.0] [cxt 0] Pipeline 'ingress': start
[13:55:17.074] [bmv2] [T] [thread 40082] [22.0] [cxt 0] link_monitor.p4(333) Condition "hdr.tcp.isValid()" (node_2) is false
[13:55:17.074] [bmv2] [T] [thread 40082] [22.0] [cxt 0] link_monitor.p4(337) Condition "hdr.ipv4.isValid()" (node_5) is false
[13:55:17.074] [bmv2] [T] [thread 40082] [22.0] [cxt 0] link_monitor.p4(340) Condition "hdr.probe.isValid()" (node_7) is false
[13:55:17.074] [bmv2] [D] [thread 40082] [22.0] [cxt 0] Pipeline 'ingress': end
[13:55:17.074] [bmv2] [D] [thread 40082] [22.0] [cxt 0] Egress port is 0
[13:55:17.074] [bmv2] [D] [thread 40083] [22.0] [cxt 0] Pipeline 'egress': start
[13:55:17.074] [bmv2] [T] [thread 40083] [22.0] [cxt 0] Applying table 'tbl_link_monitor379'
[13:55:17.074] [bmv2] [D] [thread 40083] [22.0] [cxt 0] Looking up key:

[13:55:17.074] [bmv2] [D] [thread 40083] [22.0] [cxt 0] Table 'tbl_link_monitor379': miss
[13:55:17.074] [bmv2] [D] [thread 40083] [22.0] [cxt 0] Action entry is link_monitor379 - 
[13:55:17.074] [bmv2] [T] [thread 40083] [22.0] [cxt 0] Action link_monitor379
[13:55:17.074] [bmv2] [T] [thread 40083] [22.0] [cxt 0] link_monitor.p4(379) Primitive (bit<32>)standard_metadata.egress_port
[13:55:17.074] [bmv2] [T] [thread 40083] [22.0] [cxt 0] link_monitor.p4(379) Primitive byte_cnt_reg.read(byte_cnt, (bit<32>)standard_metadata.egress_port)
[13:55:17.074] [bmv2] [T] [thread 40083] [22.0] [cxt 0] Read register 'MyEgress.byte_cnt_reg' at index 0 read value 1120
[13:55:17.074] [bmv2] [T] [thread 40083] [22.0] [cxt 0] link_monitor.p4(380) Primitive byte_cnt = byte_cnt + standard_metadata.packet_length
[13:55:17.074] [bmv2] [T] [thread 40083] [22.0] [cxt 0] link_monitor.p4(382) Condition "hdr.probe.isValid()" (node_12) is false
[13:55:17.074] [bmv2] [T] [thread 40083] [22.0] [cxt 0] Applying table 'tbl_link_monitor382_0'
[13:55:17.074] [bmv2] [D] [thread 40083] [22.0] [cxt 0] Looking up key:

[13:55:17.074] [bmv2] [D] [thread 40083] [22.0] [cxt 0] Table 'tbl_link_monitor382_0': miss
[13:55:17.074] [bmv2] [D] [thread 40083] [22.0] [cxt 0] Action entry is link_monitor382_0 - 
[13:55:17.074] [bmv2] [T] [thread 40083] [22.0] [cxt 0] Action link_monitor382_0
[13:55:17.074] [bmv2] [T] [thread 40083] [22.0] [cxt 0] link_monitor.p4(382) Primitive (hdr.probe.isValid()) ? 0 : byte_cnt
[13:55:17.074] [bmv2] [T] [thread 40083] [22.0] [cxt 0] Applying table 'tbl_link_monitor383'
[13:55:17.074] [bmv2] [D] [thread 40083] [22.0] [cxt 0] Looking up key:

[13:55:17.074] [bmv2] [D] [thread 40083] [22.0] [cxt 0] Table 'tbl_link_monitor383': miss
[13:55:17.074] [bmv2] [D] [thread 40083] [22.0] [cxt 0] Action entry is link_monitor383 - 
[13:55:17.074] [bmv2] [T] [thread 40083] [22.0] [cxt 0] Action link_monitor383
[13:55:17.074] [bmv2] [T] [thread 40083] [22.0] [cxt 0] link_monitor.p4(383) Primitive (bit<32>)standard_metadata.egress_port
[13:55:17.074] [bmv2] [T] [thread 40083] [22.0] [cxt 0] link_monitor.p4(383) Primitive byte_cnt_reg.write((bit<32>)standard_metadata.egress_port, new_byte_cnt)
[13:55:17.074] [bmv2] [T] [thread 40083] [22.0] [cxt 0] Wrote register 'MyEgress.byte_cnt_reg' at index 0 with value 1190
[13:55:17.074] [bmv2] [T] [thread 40083] [22.0] [cxt 0] link_monitor.p4(385) Condition "hdr.probe.isValid()" (node_16) is false
[13:55:17.074] [bmv2] [D] [thread 40083] [22.0] [cxt 0] Pipeline 'egress': end
[13:55:17.074] [bmv2] [D] [thread 40083] [22.0] [cxt 0] Deparser 'deparser': start
[13:55:17.074] [bmv2] [T] [thread 40083] [22.0] [cxt 0] Skipping checksum 'cksum' update because condition not met
[13:55:17.074] [bmv2] [D] [thread 40083] [22.0] [cxt 0] Deparsing header 'ethernet'
[13:55:17.074] [bmv2] [D] [thread 40083] [22.0] [cxt 0] Deparser 'deparser': end
[13:55:17.074] [bmv2] [D] [thread 40087] [22.0] [cxt 0] Transmitting packet of size 70 out of port 0
[13:55:27.314] [bmv2] [D] [thread 40082] [23.0] [cxt 0] Processing packet received on port 2
[13:55:27.314] [bmv2] [D] [thread 40082] [23.0] [cxt 0] Parser 'parser': start
[13:55:27.314] [bmv2] [D] [thread 40082] [23.0] [cxt 0] Parser 'parser' entering state 'start'
[13:55:27.314] [bmv2] [D] [thread 40082] [23.0] [cxt 0] Extracting header 'ethernet'
[13:55:27.314] [bmv2] [D] [thread 40082] [23.0] [cxt 0] Parser state 'start': key is 86dd
[13:55:27.314] [bmv2] [T] [thread 40082] [23.0] [cxt 0] Bytes parsed: 14
[13:55:27.314] [bmv2] [D] [thread 40082] [23.0] [cxt 0] Parser 'parser': end
[13:55:27.314] [bmv2] [D] [thread 40082] [23.0] [cxt 0] Pipeline 'ingress': start
[13:55:27.314] [bmv2] [T] [thread 40082] [23.0] [cxt 0] link_monitor.p4(333) Condition "hdr.tcp.isValid()" (node_2) is false
[13:55:27.314] [bmv2] [T] [thread 40082] [23.0] [cxt 0] link_monitor.p4(337) Condition "hdr.ipv4.isValid()" (node_5) is false
[13:55:27.314] [bmv2] [T] [thread 40082] [23.0] [cxt 0] link_monitor.p4(340) Condition "hdr.probe.isValid()" (node_7) is false
[13:55:27.314] [bmv2] [D] [thread 40082] [23.0] [cxt 0] Pipeline 'ingress': end
[13:55:27.314] [bmv2] [D] [thread 40082] [23.0] [cxt 0] Egress port is 0
[13:55:27.314] [bmv2] [D] [thread 40083] [23.0] [cxt 0] Pipeline 'egress': start
[13:55:27.314] [bmv2] [T] [thread 40083] [23.0] [cxt 0] Applying table 'tbl_link_monitor379'
[13:55:27.314] [bmv2] [D] [thread 40083] [23.0] [cxt 0] Looking up key:

[13:55:27.314] [bmv2] [D] [thread 40083] [23.0] [cxt 0] Table 'tbl_link_monitor379': miss
[13:55:27.314] [bmv2] [D] [thread 40083] [23.0] [cxt 0] Action entry is link_monitor379 - 
[13:55:27.314] [bmv2] [T] [thread 40083] [23.0] [cxt 0] Action link_monitor379
[13:55:27.314] [bmv2] [T] [thread 40083] [23.0] [cxt 0] link_monitor.p4(379) Primitive (bit<32>)standard_metadata.egress_port
[13:55:27.314] [bmv2] [T] [thread 40083] [23.0] [cxt 0] link_monitor.p4(379) Primitive byte_cnt_reg.read(byte_cnt, (bit<32>)standard_metadata.egress_port)
[13:55:27.314] [bmv2] [T] [thread 40083] [23.0] [cxt 0] Read register 'MyEgress.byte_cnt_reg' at index 0 read value 1190
[13:55:27.314] [bmv2] [T] [thread 40083] [23.0] [cxt 0] link_monitor.p4(380) Primitive byte_cnt = byte_cnt + standard_metadata.packet_length
[13:55:27.314] [bmv2] [T] [thread 40083] [23.0] [cxt 0] link_monitor.p4(382) Condition "hdr.probe.isValid()" (node_12) is false
[13:55:27.314] [bmv2] [T] [thread 40083] [23.0] [cxt 0] Applying table 'tbl_link_monitor382_0'
[13:55:27.314] [bmv2] [D] [thread 40083] [23.0] [cxt 0] Looking up key:

[13:55:27.314] [bmv2] [D] [thread 40083] [23.0] [cxt 0] Table 'tbl_link_monitor382_0': miss
[13:55:27.314] [bmv2] [D] [thread 40083] [23.0] [cxt 0] Action entry is link_monitor382_0 - 
[13:55:27.314] [bmv2] [T] [thread 40083] [23.0] [cxt 0] Action link_monitor382_0
[13:55:27.314] [bmv2] [T] [thread 40083] [23.0] [cxt 0] link_monitor.p4(382) Primitive (hdr.probe.isValid()) ? 0 : byte_cnt
[13:55:27.314] [bmv2] [T] [thread 40083] [23.0] [cxt 0] Applying table 'tbl_link_monitor383'
[13:55:27.314] [bmv2] [D] [thread 40083] [23.0] [cxt 0] Looking up key:

[13:55:27.314] [bmv2] [D] [thread 40083] [23.0] [cxt 0] Table 'tbl_link_monitor383': miss
[13:55:27.314] [bmv2] [D] [thread 40083] [23.0] [cxt 0] Action entry is link_monitor383 - 
[13:55:27.314] [bmv2] [T] [thread 40083] [23.0] [cxt 0] Action link_monitor383
[13:55:27.314] [bmv2] [T] [thread 40083] [23.0] [cxt 0] link_monitor.p4(383) Primitive (bit<32>)standard_metadata.egress_port
[13:55:27.314] [bmv2] [T] [thread 40083] [23.0] [cxt 0] link_monitor.p4(383) Primitive byte_cnt_reg.write((bit<32>)standard_metadata.egress_port, new_byte_cnt)
[13:55:27.314] [bmv2] [T] [thread 40083] [23.0] [cxt 0] Wrote register 'MyEgress.byte_cnt_reg' at index 0 with value 1260
[13:55:27.314] [bmv2] [T] [thread 40083] [23.0] [cxt 0] link_monitor.p4(385) Condition "hdr.probe.isValid()" (node_16) is false
[13:55:27.314] [bmv2] [D] [thread 40083] [23.0] [cxt 0] Pipeline 'egress': end
[13:55:27.314] [bmv2] [D] [thread 40083] [23.0] [cxt 0] Deparser 'deparser': start
[13:55:27.314] [bmv2] [T] [thread 40083] [23.0] [cxt 0] Skipping checksum 'cksum' update because condition not met
[13:55:27.314] [bmv2] [D] [thread 40083] [23.0] [cxt 0] Deparsing header 'ethernet'
[13:55:27.314] [bmv2] [D] [thread 40083] [23.0] [cxt 0] Deparser 'deparser': end
[13:55:27.314] [bmv2] [D] [thread 40087] [23.0] [cxt 0] Transmitting packet of size 70 out of port 0
[13:55:29.362] [bmv2] [D] [thread 40082] [24.0] [cxt 0] Processing packet received on port 2
[13:55:29.362] [bmv2] [D] [thread 40082] [24.0] [cxt 0] Parser 'parser': start
[13:55:29.362] [bmv2] [D] [thread 40082] [24.0] [cxt 0] Parser 'parser' entering state 'start'
[13:55:29.362] [bmv2] [D] [thread 40082] [24.0] [cxt 0] Extracting header 'ethernet'
[13:55:29.362] [bmv2] [D] [thread 40082] [24.0] [cxt 0] Parser state 'start': key is 86dd
[13:55:29.362] [bmv2] [T] [thread 40082] [24.0] [cxt 0] Bytes parsed: 14
[13:55:29.362] [bmv2] [D] [thread 40082] [24.0] [cxt 0] Parser 'parser': end
[13:55:29.362] [bmv2] [D] [thread 40082] [24.0] [cxt 0] Pipeline 'ingress': start
[13:55:29.362] [bmv2] [T] [thread 40082] [24.0] [cxt 0] link_monitor.p4(333) Condition "hdr.tcp.isValid()" (node_2) is false
[13:55:29.362] [bmv2] [T] [thread 40082] [24.0] [cxt 0] link_monitor.p4(337) Condition "hdr.ipv4.isValid()" (node_5) is false
[13:55:29.362] [bmv2] [T] [thread 40082] [24.0] [cxt 0] link_monitor.p4(340) Condition "hdr.probe.isValid()" (node_7) is false
[13:55:29.362] [bmv2] [D] [thread 40082] [24.0] [cxt 0] Pipeline 'ingress': end
[13:55:29.362] [bmv2] [D] [thread 40082] [24.0] [cxt 0] Egress port is 0
[13:55:29.362] [bmv2] [D] [thread 40083] [24.0] [cxt 0] Pipeline 'egress': start
[13:55:29.362] [bmv2] [T] [thread 40083] [24.0] [cxt 0] Applying table 'tbl_link_monitor379'
[13:55:29.362] [bmv2] [D] [thread 40083] [24.0] [cxt 0] Looking up key:

[13:55:29.362] [bmv2] [D] [thread 40083] [24.0] [cxt 0] Table 'tbl_link_monitor379': miss
[13:55:29.362] [bmv2] [D] [thread 40083] [24.0] [cxt 0] Action entry is link_monitor379 - 
[13:55:29.362] [bmv2] [T] [thread 40083] [24.0] [cxt 0] Action link_monitor379
[13:55:29.362] [bmv2] [T] [thread 40083] [24.0] [cxt 0] link_monitor.p4(379) Primitive (bit<32>)standard_metadata.egress_port
[13:55:29.362] [bmv2] [T] [thread 40083] [24.0] [cxt 0] link_monitor.p4(379) Primitive byte_cnt_reg.read(byte_cnt, (bit<32>)standard_metadata.egress_port)
[13:55:29.362] [bmv2] [T] [thread 40083] [24.0] [cxt 0] Read register 'MyEgress.byte_cnt_reg' at index 0 read value 1260
[13:55:29.362] [bmv2] [T] [thread 40083] [24.0] [cxt 0] link_monitor.p4(380) Primitive byte_cnt = byte_cnt + standard_metadata.packet_length
[13:55:29.362] [bmv2] [T] [thread 40083] [24.0] [cxt 0] link_monitor.p4(382) Condition "hdr.probe.isValid()" (node_12) is false
[13:55:29.362] [bmv2] [T] [thread 40083] [24.0] [cxt 0] Applying table 'tbl_link_monitor382_0'
[13:55:29.362] [bmv2] [D] [thread 40083] [24.0] [cxt 0] Looking up key:

[13:55:29.362] [bmv2] [D] [thread 40083] [24.0] [cxt 0] Table 'tbl_link_monitor382_0': miss
[13:55:29.362] [bmv2] [D] [thread 40083] [24.0] [cxt 0] Action entry is link_monitor382_0 - 
[13:55:29.362] [bmv2] [T] [thread 40083] [24.0] [cxt 0] Action link_monitor382_0
[13:55:29.362] [bmv2] [T] [thread 40083] [24.0] [cxt 0] link_monitor.p4(382) Primitive (hdr.probe.isValid()) ? 0 : byte_cnt
[13:55:29.362] [bmv2] [T] [thread 40083] [24.0] [cxt 0] Applying table 'tbl_link_monitor383'
[13:55:29.362] [bmv2] [D] [thread 40083] [24.0] [cxt 0] Looking up key:

[13:55:29.362] [bmv2] [D] [thread 40083] [24.0] [cxt 0] Table 'tbl_link_monitor383': miss
[13:55:29.362] [bmv2] [D] [thread 40083] [24.0] [cxt 0] Action entry is link_monitor383 - 
[13:55:29.362] [bmv2] [T] [thread 40083] [24.0] [cxt 0] Action link_monitor383
[13:55:29.362] [bmv2] [T] [thread 40083] [24.0] [cxt 0] link_monitor.p4(383) Primitive (bit<32>)standard_metadata.egress_port
[13:55:29.362] [bmv2] [T] [thread 40083] [24.0] [cxt 0] link_monitor.p4(383) Primitive byte_cnt_reg.write((bit<32>)standard_metadata.egress_port, new_byte_cnt)
[13:55:29.362] [bmv2] [T] [thread 40083] [24.0] [cxt 0] Wrote register 'MyEgress.byte_cnt_reg' at index 0 with value 1330
[13:55:29.362] [bmv2] [T] [thread 40083] [24.0] [cxt 0] link_monitor.p4(385) Condition "hdr.probe.isValid()" (node_16) is false
[13:55:29.362] [bmv2] [D] [thread 40083] [24.0] [cxt 0] Pipeline 'egress': end
[13:55:29.362] [bmv2] [D] [thread 40083] [24.0] [cxt 0] Deparser 'deparser': start
[13:55:29.362] [bmv2] [T] [thread 40083] [24.0] [cxt 0] Skipping checksum 'cksum' update because condition not met
[13:55:29.362] [bmv2] [D] [thread 40083] [24.0] [cxt 0] Deparsing header 'ethernet'
[13:55:29.362] [bmv2] [D] [thread 40083] [24.0] [cxt 0] Deparser 'deparser': end
[13:55:29.362] [bmv2] [D] [thread 40087] [24.0] [cxt 0] Transmitting packet of size 70 out of port 0
[13:55:39.601] [bmv2] [D] [thread 40082] [25.0] [cxt 0] Processing packet received on port 1
[13:55:39.601] [bmv2] [D] [thread 40082] [25.0] [cxt 0] Parser 'parser': start
[13:55:39.601] [bmv2] [D] [thread 40082] [25.0] [cxt 0] Parser 'parser' entering state 'start'
[13:55:39.601] [bmv2] [D] [thread 40082] [25.0] [cxt 0] Extracting header 'ethernet'
[13:55:39.601] [bmv2] [D] [thread 40082] [25.0] [cxt 0] Parser state 'start': key is 86dd
[13:55:39.601] [bmv2] [T] [thread 40082] [25.0] [cxt 0] Bytes parsed: 14
[13:55:39.601] [bmv2] [D] [thread 40082] [25.0] [cxt 0] Parser 'parser': end
[13:55:39.601] [bmv2] [D] [thread 40082] [25.0] [cxt 0] Pipeline 'ingress': start
[13:55:39.601] [bmv2] [T] [thread 40082] [25.0] [cxt 0] link_monitor.p4(333) Condition "hdr.tcp.isValid()" (node_2) is false
[13:55:39.601] [bmv2] [T] [thread 40082] [25.0] [cxt 0] link_monitor.p4(337) Condition "hdr.ipv4.isValid()" (node_5) is false
[13:55:39.601] [bmv2] [T] [thread 40082] [25.0] [cxt 0] link_monitor.p4(340) Condition "hdr.probe.isValid()" (node_7) is false
[13:55:39.601] [bmv2] [D] [thread 40082] [25.0] [cxt 0] Pipeline 'ingress': end
[13:55:39.601] [bmv2] [D] [thread 40082] [25.0] [cxt 0] Egress port is 0
[13:55:39.601] [bmv2] [D] [thread 40083] [25.0] [cxt 0] Pipeline 'egress': start
[13:55:39.601] [bmv2] [T] [thread 40083] [25.0] [cxt 0] Applying table 'tbl_link_monitor379'
[13:55:39.601] [bmv2] [D] [thread 40083] [25.0] [cxt 0] Looking up key:

[13:55:39.601] [bmv2] [D] [thread 40083] [25.0] [cxt 0] Table 'tbl_link_monitor379': miss
[13:55:39.601] [bmv2] [D] [thread 40083] [25.0] [cxt 0] Action entry is link_monitor379 - 
[13:55:39.601] [bmv2] [T] [thread 40083] [25.0] [cxt 0] Action link_monitor379
[13:55:39.601] [bmv2] [T] [thread 40083] [25.0] [cxt 0] link_monitor.p4(379) Primitive (bit<32>)standard_metadata.egress_port
[13:55:39.601] [bmv2] [T] [thread 40083] [25.0] [cxt 0] link_monitor.p4(379) Primitive byte_cnt_reg.read(byte_cnt, (bit<32>)standard_metadata.egress_port)
[13:55:39.601] [bmv2] [T] [thread 40083] [25.0] [cxt 0] Read register 'MyEgress.byte_cnt_reg' at index 0 read value 1330
[13:55:39.601] [bmv2] [T] [thread 40083] [25.0] [cxt 0] link_monitor.p4(380) Primitive byte_cnt = byte_cnt + standard_metadata.packet_length
[13:55:39.601] [bmv2] [T] [thread 40083] [25.0] [cxt 0] link_monitor.p4(382) Condition "hdr.probe.isValid()" (node_12) is false
[13:55:39.601] [bmv2] [T] [thread 40083] [25.0] [cxt 0] Applying table 'tbl_link_monitor382_0'
[13:55:39.601] [bmv2] [D] [thread 40083] [25.0] [cxt 0] Looking up key:

[13:55:39.601] [bmv2] [D] [thread 40083] [25.0] [cxt 0] Table 'tbl_link_monitor382_0': miss
[13:55:39.601] [bmv2] [D] [thread 40083] [25.0] [cxt 0] Action entry is link_monitor382_0 - 
[13:55:39.601] [bmv2] [T] [thread 40083] [25.0] [cxt 0] Action link_monitor382_0
[13:55:39.601] [bmv2] [T] [thread 40083] [25.0] [cxt 0] link_monitor.p4(382) Primitive (hdr.probe.isValid()) ? 0 : byte_cnt
[13:55:39.601] [bmv2] [T] [thread 40083] [25.0] [cxt 0] Applying table 'tbl_link_monitor383'
[13:55:39.601] [bmv2] [D] [thread 40083] [25.0] [cxt 0] Looking up key:

[13:55:39.601] [bmv2] [D] [thread 40083] [25.0] [cxt 0] Table 'tbl_link_monitor383': miss
[13:55:39.601] [bmv2] [D] [thread 40083] [25.0] [cxt 0] Action entry is link_monitor383 - 
[13:55:39.601] [bmv2] [T] [thread 40083] [25.0] [cxt 0] Action link_monitor383
[13:55:39.601] [bmv2] [T] [thread 40083] [25.0] [cxt 0] link_monitor.p4(383) Primitive (bit<32>)standard_metadata.egress_port
[13:55:39.601] [bmv2] [T] [thread 40083] [25.0] [cxt 0] link_monitor.p4(383) Primitive byte_cnt_reg.write((bit<32>)standard_metadata.egress_port, new_byte_cnt)
[13:55:39.601] [bmv2] [T] [thread 40083] [25.0] [cxt 0] Wrote register 'MyEgress.byte_cnt_reg' at index 0 with value 1400
[13:55:39.601] [bmv2] [T] [thread 40083] [25.0] [cxt 0] link_monitor.p4(385) Condition "hdr.probe.isValid()" (node_16) is false
[13:55:39.601] [bmv2] [D] [thread 40083] [25.0] [cxt 0] Pipeline 'egress': end
[13:55:39.601] [bmv2] [D] [thread 40083] [25.0] [cxt 0] Deparser 'deparser': start
[13:55:39.601] [bmv2] [T] [thread 40083] [25.0] [cxt 0] Skipping checksum 'cksum' update because condition not met
[13:55:39.601] [bmv2] [D] [thread 40083] [25.0] [cxt 0] Deparsing header 'ethernet'
[13:55:39.601] [bmv2] [D] [thread 40083] [25.0] [cxt 0] Deparser 'deparser': end
[13:55:39.601] [bmv2] [D] [thread 40087] [25.0] [cxt 0] Transmitting packet of size 70 out of port 0
open: No such file or directory
open: No such file or directory
open: No such file or directory
open: No such file or directory
