Calling target program-options parser
[08:37:30.440] [bmv2] [D] [thread 65385] Set default default entry for table 'MyIngress.ecmp_group': NoAction - 
[08:37:30.440] [bmv2] [D] [thread 65385] Set default default entry for table 'MyIngress.ecmp_nhop': NoAction - 
[08:37:30.440] [bmv2] [D] [thread 65385] Set default default entry for table 'MyEgress.send_frame': NoAction - 
Adding interface s1-eth1 as port 1
[08:37:30.441] [bmv2] [D] [thread 65385] Adding interface s1-eth1 as port 1
Adding interface s1-eth2 as port 2
[08:37:30.477] [bmv2] [D] [thread 65385] Adding interface s1-eth2 as port 2
Adding interface s1-eth3 as port 3
[08:37:30.517] [bmv2] [D] [thread 65385] Adding interface s1-eth3 as port 3
Server listening on 0.0.0.0:50051
[08:37:30.546] [bmv2] [I] [thread 65385] Starting Thrift server on port 9090
[08:37:30.547] [bmv2] [I] [thread 65385] Thrift server was started
[08:37:30.578] [bmv2] [D] [thread 65395] [0.0] [cxt 0] Processing packet received on port 2
[08:37:30.578] [bmv2] [D] [thread 65395] [0.0] [cxt 0] Parser 'parser': start
[08:37:30.578] [bmv2] [D] [thread 65395] [0.0] [cxt 0] Parser 'parser' entering state 'start'
[08:37:30.578] [bmv2] [D] [thread 65395] [0.0] [cxt 0] Extracting header 'ethernet'
[08:37:30.578] [bmv2] [D] [thread 65395] [0.0] [cxt 0] Parser state 'start': key is 86dd
[08:37:30.578] [bmv2] [T] [thread 65395] [0.0] [cxt 0] Bytes parsed: 14
[08:37:30.578] [bmv2] [D] [thread 65395] [0.0] [cxt 0] Parser 'parser': end
[08:37:30.578] [bmv2] [D] [thread 65395] [0.0] [cxt 0] Pipeline 'ingress': start
[08:37:30.578] [bmv2] [T] [thread 65395] [0.0] [cxt 0] load_balance.p4(163) Condition "hdr.ipv4.isValid() && hdr.ipv4.ttl > 0" (node_2) is false
[08:37:30.578] [bmv2] [D] [thread 65395] [0.0] [cxt 0] Pipeline 'ingress': end
[08:37:30.578] [bmv2] [D] [thread 65395] [0.0] [cxt 0] Egress port is 0
[08:37:30.579] [bmv2] [D] [thread 65396] [0.0] [cxt 0] Pipeline 'egress': start
[08:37:30.579] [bmv2] [T] [thread 65396] [0.0] [cxt 0] Applying table 'MyEgress.send_frame'
[08:37:30.579] [bmv2] [D] [thread 65396] [0.0] [cxt 0] Looking up key:
* standard_metadata.egress_port: 0000

[08:37:30.580] [bmv2] [D] [thread 65396] [0.0] [cxt 0] Table 'MyEgress.send_frame': miss
[08:37:30.580] [bmv2] [D] [thread 65396] [0.0] [cxt 0] Action entry is NoAction - 
[08:37:30.581] [bmv2] [T] [thread 65396] [0.0] [cxt 0] Action NoAction
[08:37:30.581] [bmv2] [D] [thread 65396] [0.0] [cxt 0] Pipeline 'egress': end
[08:37:30.581] [bmv2] [D] [thread 65396] [0.0] [cxt 0] Deparser 'deparser': start
[08:37:30.581] [bmv2] [T] [thread 65396] [0.0] [cxt 0] Skipping checksum 'cksum' update because condition not met
[08:37:30.581] [bmv2] [D] [thread 65396] [0.0] [cxt 0] Deparsing header 'ethernet'
[08:37:30.581] [bmv2] [D] [thread 65396] [0.0] [cxt 0] Deparser 'deparser': end
[08:37:30.581] [bmv2] [D] [thread 65400] [0.0] [cxt 0] Transmitting packet of size 90 out of port 0
[08:37:30.608] [bmv2] [D] [thread 65395] [1.0] [cxt 0] Processing packet received on port 2
[08:37:30.608] [bmv2] [D] [thread 65395] [1.0] [cxt 0] Parser 'parser': start
[08:37:30.608] [bmv2] [D] [thread 65395] [1.0] [cxt 0] Parser 'parser' entering state 'start'
[08:37:30.608] [bmv2] [D] [thread 65395] [1.0] [cxt 0] Extracting header 'ethernet'
[08:37:30.608] [bmv2] [D] [thread 65395] [1.0] [cxt 0] Parser state 'start': key is 86dd
[08:37:30.608] [bmv2] [T] [thread 65395] [1.0] [cxt 0] Bytes parsed: 14
[08:37:30.608] [bmv2] [D] [thread 65395] [1.0] [cxt 0] Parser 'parser': end
[08:37:30.608] [bmv2] [D] [thread 65395] [1.0] [cxt 0] Pipeline 'ingress': start
[08:37:30.608] [bmv2] [T] [thread 65395] [1.0] [cxt 0] load_balance.p4(163) Condition "hdr.ipv4.isValid() && hdr.ipv4.ttl > 0" (node_2) is false
[08:37:30.608] [bmv2] [D] [thread 65395] [1.0] [cxt 0] Pipeline 'ingress': end
[08:37:30.608] [bmv2] [D] [thread 65395] [1.0] [cxt 0] Egress port is 0
[08:37:30.609] [bmv2] [D] [thread 65396] [1.0] [cxt 0] Pipeline 'egress': start
[08:37:30.609] [bmv2] [T] [thread 65396] [1.0] [cxt 0] Applying table 'MyEgress.send_frame'
[08:37:30.609] [bmv2] [D] [thread 65396] [1.0] [cxt 0] Looking up key:
* standard_metadata.egress_port: 0000

[08:37:30.609] [bmv2] [D] [thread 65396] [1.0] [cxt 0] Table 'MyEgress.send_frame': miss
[08:37:30.609] [bmv2] [D] [thread 65396] [1.0] [cxt 0] Action entry is NoAction - 
[08:37:30.609] [bmv2] [T] [thread 65396] [1.0] [cxt 0] Action NoAction
[08:37:30.609] [bmv2] [D] [thread 65396] [1.0] [cxt 0] Pipeline 'egress': end
[08:37:30.609] [bmv2] [D] [thread 65396] [1.0] [cxt 0] Deparser 'deparser': start
[08:37:30.609] [bmv2] [T] [thread 65396] [1.0] [cxt 0] Skipping checksum 'cksum' update because condition not met
[08:37:30.609] [bmv2] [D] [thread 65396] [1.0] [cxt 0] Deparsing header 'ethernet'
[08:37:30.609] [bmv2] [D] [thread 65396] [1.0] [cxt 0] Deparser 'deparser': end
[08:37:30.609] [bmv2] [D] [thread 65400] [1.0] [cxt 0] Transmitting packet of size 90 out of port 0
[08:37:30.705] [bmv2] [D] [thread 65395] [2.0] [cxt 0] Processing packet received on port 3
[08:37:30.705] [bmv2] [D] [thread 65395] [2.0] [cxt 0] Parser 'parser': start
[08:37:30.705] [bmv2] [D] [thread 65395] [2.0] [cxt 0] Parser 'parser' entering state 'start'
[08:37:30.705] [bmv2] [D] [thread 65395] [2.0] [cxt 0] Extracting header 'ethernet'
[08:37:30.705] [bmv2] [D] [thread 65395] [2.0] [cxt 0] Parser state 'start': key is 86dd
[08:37:30.705] [bmv2] [T] [thread 65395] [2.0] [cxt 0] Bytes parsed: 14
[08:37:30.705] [bmv2] [D] [thread 65395] [2.0] [cxt 0] Parser 'parser': end
[08:37:30.705] [bmv2] [D] [thread 65395] [2.0] [cxt 0] Pipeline 'ingress': start
[08:37:30.705] [bmv2] [T] [thread 65395] [2.0] [cxt 0] load_balance.p4(163) Condition "hdr.ipv4.isValid() && hdr.ipv4.ttl > 0" (node_2) is false
[08:37:30.705] [bmv2] [D] [thread 65395] [2.0] [cxt 0] Pipeline 'ingress': end
[08:37:30.705] [bmv2] [D] [thread 65395] [2.0] [cxt 0] Egress port is 0
[08:37:30.706] [bmv2] [D] [thread 65396] [2.0] [cxt 0] Pipeline 'egress': start
[08:37:30.706] [bmv2] [T] [thread 65396] [2.0] [cxt 0] Applying table 'MyEgress.send_frame'
[08:37:30.706] [bmv2] [D] [thread 65396] [2.0] [cxt 0] Looking up key:
* standard_metadata.egress_port: 0000

[08:37:30.706] [bmv2] [D] [thread 65396] [2.0] [cxt 0] Table 'MyEgress.send_frame': miss
[08:37:30.706] [bmv2] [D] [thread 65396] [2.0] [cxt 0] Action entry is NoAction - 
[08:37:30.706] [bmv2] [T] [thread 65396] [2.0] [cxt 0] Action NoAction
[08:37:30.706] [bmv2] [D] [thread 65396] [2.0] [cxt 0] Pipeline 'egress': end
[08:37:30.707] [bmv2] [D] [thread 65396] [2.0] [cxt 0] Deparser 'deparser': start
[08:37:30.707] [bmv2] [T] [thread 65396] [2.0] [cxt 0] Skipping checksum 'cksum' update because condition not met
[08:37:30.707] [bmv2] [D] [thread 65396] [2.0] [cxt 0] Deparsing header 'ethernet'
[08:37:30.707] [bmv2] [D] [thread 65396] [2.0] [cxt 0] Deparser 'deparser': end
[08:37:30.707] [bmv2] [D] [thread 65400] [2.0] [cxt 0] Transmitting packet of size 86 out of port 0
[08:37:30.740] [bmv2] [D] [thread 65395] [3.0] [cxt 0] Processing packet received on port 1
[08:37:30.740] [bmv2] [D] [thread 65395] [3.0] [cxt 0] Parser 'parser': start
[08:37:30.740] [bmv2] [D] [thread 65395] [3.0] [cxt 0] Parser 'parser' entering state 'start'
[08:37:30.740] [bmv2] [D] [thread 65395] [3.0] [cxt 0] Extracting header 'ethernet'
[08:37:30.740] [bmv2] [D] [thread 65395] [3.0] [cxt 0] Parser state 'start': key is 86dd
[08:37:30.740] [bmv2] [T] [thread 65395] [3.0] [cxt 0] Bytes parsed: 14
[08:37:30.740] [bmv2] [D] [thread 65395] [3.0] [cxt 0] Parser 'parser': end
[08:37:30.740] [bmv2] [D] [thread 65395] [3.0] [cxt 0] Pipeline 'ingress': start
[08:37:30.740] [bmv2] [T] [thread 65395] [3.0] [cxt 0] load_balance.p4(163) Condition "hdr.ipv4.isValid() && hdr.ipv4.ttl > 0" (node_2) is false
[08:37:30.740] [bmv2] [D] [thread 65395] [3.0] [cxt 0] Pipeline 'ingress': end
[08:37:30.740] [bmv2] [D] [thread 65395] [3.0] [cxt 0] Egress port is 0
[08:37:30.741] [bmv2] [D] [thread 65396] [3.0] [cxt 0] Pipeline 'egress': start
[08:37:30.741] [bmv2] [T] [thread 65396] [3.0] [cxt 0] Applying table 'MyEgress.send_frame'
[08:37:30.741] [bmv2] [D] [thread 65396] [3.0] [cxt 0] Looking up key:
* standard_metadata.egress_port: 0000

[08:37:30.741] [bmv2] [D] [thread 65396] [3.0] [cxt 0] Table 'MyEgress.send_frame': miss
[08:37:30.741] [bmv2] [D] [thread 65396] [3.0] [cxt 0] Action entry is NoAction - 
[08:37:30.741] [bmv2] [T] [thread 65396] [3.0] [cxt 0] Action NoAction
[08:37:30.741] [bmv2] [D] [thread 65396] [3.0] [cxt 0] Pipeline 'egress': end
[08:37:30.741] [bmv2] [D] [thread 65396] [3.0] [cxt 0] Deparser 'deparser': start
[08:37:30.741] [bmv2] [T] [thread 65396] [3.0] [cxt 0] Skipping checksum 'cksum' update because condition not met
[08:37:30.741] [bmv2] [D] [thread 65396] [3.0] [cxt 0] Deparsing header 'ethernet'
[08:37:30.741] [bmv2] [D] [thread 65396] [3.0] [cxt 0] Deparser 'deparser': end
[08:37:30.742] [bmv2] [D] [thread 65400] [3.0] [cxt 0] Transmitting packet of size 90 out of port 0
[08:37:30.842] [bmv2] [D] [thread 65395] [4.0] [cxt 0] Processing packet received on port 1
[08:37:30.842] [bmv2] [D] [thread 65395] [4.0] [cxt 0] Parser 'parser': start
[08:37:30.842] [bmv2] [D] [thread 65395] [4.0] [cxt 0] Parser 'parser' entering state 'start'
[08:37:30.842] [bmv2] [D] [thread 65395] [4.0] [cxt 0] Extracting header 'ethernet'
[08:37:30.842] [bmv2] [D] [thread 65395] [4.0] [cxt 0] Parser state 'start': key is 86dd
[08:37:30.842] [bmv2] [T] [thread 65395] [4.0] [cxt 0] Bytes parsed: 14
[08:37:30.842] [bmv2] [D] [thread 65395] [4.0] [cxt 0] Parser 'parser': end
[08:37:30.842] [bmv2] [D] [thread 65395] [4.0] [cxt 0] Pipeline 'ingress': start
[08:37:30.842] [bmv2] [T] [thread 65395] [4.0] [cxt 0] load_balance.p4(163) Condition "hdr.ipv4.isValid() && hdr.ipv4.ttl > 0" (node_2) is false
[08:37:30.842] [bmv2] [D] [thread 65395] [4.0] [cxt 0] Pipeline 'ingress': end
[08:37:30.842] [bmv2] [D] [thread 65395] [4.0] [cxt 0] Egress port is 0
[08:37:30.842] [bmv2] [D] [thread 65395] [5.0] [cxt 0] Processing packet received on port 1
[08:37:30.843] [bmv2] [D] [thread 65395] [5.0] [cxt 0] Parser 'parser': start
[08:37:30.843] [bmv2] [D] [thread 65395] [5.0] [cxt 0] Parser 'parser' entering state 'start'
[08:37:30.843] [bmv2] [D] [thread 65395] [5.0] [cxt 0] Extracting header 'ethernet'
[08:37:30.843] [bmv2] [D] [thread 65395] [5.0] [cxt 0] Parser state 'start': key is 86dd
[08:37:30.843] [bmv2] [T] [thread 65395] [5.0] [cxt 0] Bytes parsed: 14
[08:37:30.843] [bmv2] [D] [thread 65395] [5.0] [cxt 0] Parser 'parser': end
[08:37:30.843] [bmv2] [D] [thread 65395] [5.0] [cxt 0] Pipeline 'ingress': start
[08:37:30.843] [bmv2] [T] [thread 65395] [5.0] [cxt 0] load_balance.p4(163) Condition "hdr.ipv4.isValid() && hdr.ipv4.ttl > 0" (node_2) is false
[08:37:30.843] [bmv2] [D] [thread 65395] [5.0] [cxt 0] Pipeline 'ingress': end
[08:37:30.843] [bmv2] [D] [thread 65395] [5.0] [cxt 0] Egress port is 0
[08:37:30.844] [bmv2] [D] [thread 65396] [4.0] [cxt 0] Pipeline 'egress': start
[08:37:30.844] [bmv2] [T] [thread 65396] [4.0] [cxt 0] Applying table 'MyEgress.send_frame'
[08:37:30.844] [bmv2] [D] [thread 65396] [4.0] [cxt 0] Looking up key:
* standard_metadata.egress_port: 0000

[08:37:30.844] [bmv2] [D] [thread 65396] [4.0] [cxt 0] Table 'MyEgress.send_frame': miss
[08:37:30.844] [bmv2] [D] [thread 65396] [4.0] [cxt 0] Action entry is NoAction - 
[08:37:30.844] [bmv2] [T] [thread 65396] [4.0] [cxt 0] Action NoAction
[08:37:30.844] [bmv2] [D] [thread 65396] [4.0] [cxt 0] Pipeline 'egress': end
[08:37:30.844] [bmv2] [D] [thread 65396] [4.0] [cxt 0] Deparser 'deparser': start
[08:37:30.844] [bmv2] [T] [thread 65396] [4.0] [cxt 0] Skipping checksum 'cksum' update because condition not met
[08:37:30.844] [bmv2] [D] [thread 65396] [4.0] [cxt 0] Deparsing header 'ethernet'
[08:37:30.844] [bmv2] [D] [thread 65396] [4.0] [cxt 0] Deparser 'deparser': end
[08:37:30.844] [bmv2] [D] [thread 65400] [4.0] [cxt 0] Transmitting packet of size 90 out of port 0
[08:37:30.844] [bmv2] [D] [thread 65396] [5.0] [cxt 0] Pipeline 'egress': start
[08:37:30.845] [bmv2] [T] [thread 65396] [5.0] [cxt 0] Applying table 'MyEgress.send_frame'
[08:37:30.845] [bmv2] [D] [thread 65396] [5.0] [cxt 0] Looking up key:
* standard_metadata.egress_port: 0000

[08:37:30.845] [bmv2] [D] [thread 65396] [5.0] [cxt 0] Table 'MyEgress.send_frame': miss
[08:37:30.845] [bmv2] [D] [thread 65396] [5.0] [cxt 0] Action entry is NoAction - 
[08:37:30.845] [bmv2] [T] [thread 65396] [5.0] [cxt 0] Action NoAction
[08:37:30.845] [bmv2] [D] [thread 65396] [5.0] [cxt 0] Pipeline 'egress': end
[08:37:30.845] [bmv2] [D] [thread 65396] [5.0] [cxt 0] Deparser 'deparser': start
[08:37:30.845] [bmv2] [T] [thread 65396] [5.0] [cxt 0] Skipping checksum 'cksum' update because condition not met
[08:37:30.845] [bmv2] [D] [thread 65396] [5.0] [cxt 0] Deparsing header 'ethernet'
[08:37:30.845] [bmv2] [D] [thread 65396] [5.0] [cxt 0] Deparser 'deparser': end
[08:37:30.845] [bmv2] [D] [thread 65400] [5.0] [cxt 0] Transmitting packet of size 70 out of port 0
[08:37:30.960] [bmv2] [D] [thread 65395] [6.0] [cxt 0] Processing packet received on port 3
[08:37:30.961] [bmv2] [D] [thread 65395] [6.0] [cxt 0] Parser 'parser': start
[08:37:30.961] [bmv2] [D] [thread 65395] [6.0] [cxt 0] Parser 'parser' entering state 'start'
[08:37:30.961] [bmv2] [D] [thread 65395] [6.0] [cxt 0] Extracting header 'ethernet'
[08:37:30.961] [bmv2] [D] [thread 65395] [6.0] [cxt 0] Parser state 'start': key is 86dd
[08:37:30.961] [bmv2] [T] [thread 65395] [6.0] [cxt 0] Bytes parsed: 14
[08:37:30.961] [bmv2] [D] [thread 65395] [6.0] [cxt 0] Parser 'parser': end
[08:37:30.961] [bmv2] [D] [thread 65395] [6.0] [cxt 0] Pipeline 'ingress': start
[08:37:30.961] [bmv2] [T] [thread 65395] [6.0] [cxt 0] load_balance.p4(163) Condition "hdr.ipv4.isValid() && hdr.ipv4.ttl > 0" (node_2) is false
[08:37:30.961] [bmv2] [D] [thread 65395] [6.0] [cxt 0] Pipeline 'ingress': end
[08:37:30.961] [bmv2] [D] [thread 65395] [6.0] [cxt 0] Egress port is 0
[08:37:30.961] [bmv2] [D] [thread 65396] [6.0] [cxt 0] Pipeline 'egress': start
[08:37:30.961] [bmv2] [T] [thread 65396] [6.0] [cxt 0] Applying table 'MyEgress.send_frame'
[08:37:30.961] [bmv2] [D] [thread 65396] [6.0] [cxt 0] Looking up key:
* standard_metadata.egress_port: 0000

[08:37:30.961] [bmv2] [D] [thread 65396] [6.0] [cxt 0] Table 'MyEgress.send_frame': miss
[08:37:30.961] [bmv2] [D] [thread 65396] [6.0] [cxt 0] Action entry is NoAction - 
[08:37:30.961] [bmv2] [T] [thread 65396] [6.0] [cxt 0] Action NoAction
[08:37:30.961] [bmv2] [D] [thread 65396] [6.0] [cxt 0] Pipeline 'egress': end
[08:37:30.961] [bmv2] [D] [thread 65396] [6.0] [cxt 0] Deparser 'deparser': start
[08:37:30.961] [bmv2] [T] [thread 65396] [6.0] [cxt 0] Skipping checksum 'cksum' update because condition not met
[08:37:30.961] [bmv2] [D] [thread 65396] [6.0] [cxt 0] Deparsing header 'ethernet'
[08:37:30.961] [bmv2] [D] [thread 65396] [6.0] [cxt 0] Deparser 'deparser': end
[08:37:30.961] [bmv2] [D] [thread 65400] [6.0] [cxt 0] Transmitting packet of size 86 out of port 0
[08:37:31.223] [bmv2] [D] [thread 65395] [7.0] [cxt 0] Processing packet received on port 2
[08:37:31.223] [bmv2] [D] [thread 65395] [7.0] [cxt 0] Parser 'parser': start
[08:37:31.223] [bmv2] [D] [thread 65395] [7.0] [cxt 0] Parser 'parser' entering state 'start'
[08:37:31.223] [bmv2] [D] [thread 65395] [7.0] [cxt 0] Extracting header 'ethernet'
[08:37:31.223] [bmv2] [D] [thread 65395] [7.0] [cxt 0] Parser state 'start': key is 86dd
[08:37:31.223] [bmv2] [T] [thread 65395] [7.0] [cxt 0] Bytes parsed: 14
[08:37:31.223] [bmv2] [D] [thread 65395] [7.0] [cxt 0] Parser 'parser': end
[08:37:31.223] [bmv2] [D] [thread 65395] [7.0] [cxt 0] Pipeline 'ingress': start
[08:37:31.223] [bmv2] [T] [thread 65395] [7.0] [cxt 0] load_balance.p4(163) Condition "hdr.ipv4.isValid() && hdr.ipv4.ttl > 0" (node_2) is false
[08:37:31.223] [bmv2] [D] [thread 65395] [7.0] [cxt 0] Pipeline 'ingress': end
[08:37:31.223] [bmv2] [D] [thread 65395] [7.0] [cxt 0] Egress port is 0
[08:37:31.223] [bmv2] [D] [thread 65395] [8.0] [cxt 0] Processing packet received on port 2
[08:37:31.223] [bmv2] [D] [thread 65395] [8.0] [cxt 0] Parser 'parser': start
[08:37:31.223] [bmv2] [D] [thread 65395] [8.0] [cxt 0] Parser 'parser' entering state 'start'
[08:37:31.223] [bmv2] [D] [thread 65395] [8.0] [cxt 0] Extracting header 'ethernet'
[08:37:31.223] [bmv2] [D] [thread 65395] [8.0] [cxt 0] Parser state 'start': key is 86dd
[08:37:31.223] [bmv2] [T] [thread 65395] [8.0] [cxt 0] Bytes parsed: 14
[08:37:31.223] [bmv2] [D] [thread 65395] [8.0] [cxt 0] Parser 'parser': end
[08:37:31.224] [bmv2] [D] [thread 65395] [8.0] [cxt 0] Pipeline 'ingress': start
[08:37:31.224] [bmv2] [T] [thread 65395] [8.0] [cxt 0] load_balance.p4(163) Condition "hdr.ipv4.isValid() && hdr.ipv4.ttl > 0" (node_2) is false
[08:37:31.224] [bmv2] [D] [thread 65395] [8.0] [cxt 0] Pipeline 'ingress': end
[08:37:31.224] [bmv2] [D] [thread 65395] [8.0] [cxt 0] Egress port is 0
[08:37:31.224] [bmv2] [D] [thread 65396] [7.0] [cxt 0] Pipeline 'egress': start
[08:37:31.224] [bmv2] [T] [thread 65396] [7.0] [cxt 0] Applying table 'MyEgress.send_frame'
[08:37:31.224] [bmv2] [D] [thread 65396] [7.0] [cxt 0] Looking up key:
* standard_metadata.egress_port: 0000

[08:37:31.224] [bmv2] [D] [thread 65396] [7.0] [cxt 0] Table 'MyEgress.send_frame': miss
[08:37:31.224] [bmv2] [D] [thread 65396] [7.0] [cxt 0] Action entry is NoAction - 
[08:37:31.224] [bmv2] [T] [thread 65396] [7.0] [cxt 0] Action NoAction
[08:37:31.224] [bmv2] [D] [thread 65396] [7.0] [cxt 0] Pipeline 'egress': end
[08:37:31.224] [bmv2] [D] [thread 65396] [7.0] [cxt 0] Deparser 'deparser': start
[08:37:31.224] [bmv2] [T] [thread 65396] [7.0] [cxt 0] Skipping checksum 'cksum' update because condition not met
[08:37:31.224] [bmv2] [D] [thread 65396] [7.0] [cxt 0] Deparsing header 'ethernet'
[08:37:31.224] [bmv2] [D] [thread 65396] [7.0] [cxt 0] Deparser 'deparser': end
[08:37:31.224] [bmv2] [D] [thread 65396] [8.0] [cxt 0] Pipeline 'egress': start
[08:37:31.224] [bmv2] [T] [thread 65396] [8.0] [cxt 0] Applying table 'MyEgress.send_frame'
[08:37:31.224] [bmv2] [D] [thread 65396] [8.0] [cxt 0] Looking up key:
* standard_metadata.egress_port: 0000

[08:37:31.224] [bmv2] [D] [thread 65396] [8.0] [cxt 0] Table 'MyEgress.send_frame': miss
[08:37:31.224] [bmv2] [D] [thread 65396] [8.0] [cxt 0] Action entry is NoAction - 
[08:37:31.224] [bmv2] [T] [thread 65396] [8.0] [cxt 0] Action NoAction
[08:37:31.224] [bmv2] [D] [thread 65396] [8.0] [cxt 0] Pipeline 'egress': end
[08:37:31.225] [bmv2] [D] [thread 65396] [8.0] [cxt 0] Deparser 'deparser': start
[08:37:31.225] [bmv2] [T] [thread 65396] [8.0] [cxt 0] Skipping checksum 'cksum' update because condition not met
[08:37:31.225] [bmv2] [D] [thread 65396] [8.0] [cxt 0] Deparsing header 'ethernet'
[08:37:31.225] [bmv2] [D] [thread 65396] [8.0] [cxt 0] Deparser 'deparser': end
[08:37:31.225] [bmv2] [D] [thread 65400] [7.0] [cxt 0] Transmitting packet of size 90 out of port 0
[08:37:31.225] [bmv2] [D] [thread 65400] [8.0] [cxt 0] Transmitting packet of size 70 out of port 0
[08:37:31.255] [bmv2] [D] [thread 65395] [9.0] [cxt 0] Processing packet received on port 2
[08:37:31.255] [bmv2] [D] [thread 65395] [9.0] [cxt 0] Parser 'parser': start
[08:37:31.255] [bmv2] [D] [thread 65395] [9.0] [cxt 0] Parser 'parser' entering state 'start'
[08:37:31.255] [bmv2] [D] [thread 65395] [9.0] [cxt 0] Extracting header 'ethernet'
[08:37:31.255] [bmv2] [D] [thread 65395] [9.0] [cxt 0] Parser state 'start': key is 86dd
[08:37:31.255] [bmv2] [T] [thread 65395] [9.0] [cxt 0] Bytes parsed: 14
[08:37:31.255] [bmv2] [D] [thread 65395] [9.0] [cxt 0] Parser 'parser': end
[08:37:31.255] [bmv2] [D] [thread 65395] [9.0] [cxt 0] Pipeline 'ingress': start
[08:37:31.255] [bmv2] [T] [thread 65395] [9.0] [cxt 0] load_balance.p4(163) Condition "hdr.ipv4.isValid() && hdr.ipv4.ttl > 0" (node_2) is false
[08:37:31.255] [bmv2] [D] [thread 65395] [9.0] [cxt 0] Pipeline 'ingress': end
[08:37:31.255] [bmv2] [D] [thread 65395] [9.0] [cxt 0] Egress port is 0
[08:37:31.255] [bmv2] [D] [thread 65395] [10.0] [cxt 0] Processing packet received on port 2
[08:37:31.255] [bmv2] [D] [thread 65395] [10.0] [cxt 0] Parser 'parser': start
[08:37:31.256] [bmv2] [D] [thread 65395] [10.0] [cxt 0] Parser 'parser' entering state 'start'
[08:37:31.256] [bmv2] [D] [thread 65395] [10.0] [cxt 0] Extracting header 'ethernet'
[08:37:31.256] [bmv2] [D] [thread 65395] [10.0] [cxt 0] Parser state 'start': key is 86dd
[08:37:31.256] [bmv2] [T] [thread 65395] [10.0] [cxt 0] Bytes parsed: 14
[08:37:31.256] [bmv2] [D] [thread 65395] [10.0] [cxt 0] Parser 'parser': end
[08:37:31.256] [bmv2] [D] [thread 65395] [10.0] [cxt 0] Pipeline 'ingress': start
[08:37:31.256] [bmv2] [T] [thread 65395] [10.0] [cxt 0] load_balance.p4(163) Condition "hdr.ipv4.isValid() && hdr.ipv4.ttl > 0" (node_2) is false
[08:37:31.256] [bmv2] [D] [thread 65395] [10.0] [cxt 0] Pipeline 'ingress': end
[08:37:31.256] [bmv2] [D] [thread 65395] [10.0] [cxt 0] Egress port is 0
[08:37:31.256] [bmv2] [D] [thread 65396] [9.0] [cxt 0] Pipeline 'egress': start
[08:37:31.256] [bmv2] [T] [thread 65396] [9.0] [cxt 0] Applying table 'MyEgress.send_frame'
[08:37:31.256] [bmv2] [D] [thread 65396] [9.0] [cxt 0] Looking up key:
* standard_metadata.egress_port: 0000

[08:37:31.256] [bmv2] [D] [thread 65396] [9.0] [cxt 0] Table 'MyEgress.send_frame': miss
[08:37:31.256] [bmv2] [D] [thread 65396] [9.0] [cxt 0] Action entry is NoAction - 
[08:37:31.256] [bmv2] [T] [thread 65396] [9.0] [cxt 0] Action NoAction
[08:37:31.256] [bmv2] [D] [thread 65396] [9.0] [cxt 0] Pipeline 'egress': end
[08:37:31.256] [bmv2] [D] [thread 65396] [9.0] [cxt 0] Deparser 'deparser': start
[08:37:31.256] [bmv2] [T] [thread 65396] [9.0] [cxt 0] Skipping checksum 'cksum' update because condition not met
[08:37:31.256] [bmv2] [D] [thread 65396] [9.0] [cxt 0] Deparsing header 'ethernet'
[08:37:31.256] [bmv2] [D] [thread 65396] [9.0] [cxt 0] Deparser 'deparser': end
[08:37:31.257] [bmv2] [D] [thread 65396] [10.0] [cxt 0] Pipeline 'egress': start
[08:37:31.257] [bmv2] [T] [thread 65396] [10.0] [cxt 0] Applying table 'MyEgress.send_frame'
[08:37:31.257] [bmv2] [D] [thread 65396] [10.0] [cxt 0] Looking up key:
* standard_metadata.egress_port: 0000

[08:37:31.257] [bmv2] [D] [thread 65396] [10.0] [cxt 0] Table 'MyEgress.send_frame': miss
[08:37:31.257] [bmv2] [D] [thread 65396] [10.0] [cxt 0] Action entry is NoAction - 
[08:37:31.257] [bmv2] [T] [thread 65396] [10.0] [cxt 0] Action NoAction
[08:37:31.257] [bmv2] [D] [thread 65396] [10.0] [cxt 0] Pipeline 'egress': end
[08:37:31.257] [bmv2] [D] [thread 65396] [10.0] [cxt 0] Deparser 'deparser': start
[08:37:31.257] [bmv2] [T] [thread 65396] [10.0] [cxt 0] Skipping checksum 'cksum' update because condition not met
[08:37:31.257] [bmv2] [D] [thread 65396] [10.0] [cxt 0] Deparsing header 'ethernet'
[08:37:31.257] [bmv2] [D] [thread 65396] [10.0] [cxt 0] Deparser 'deparser': end
[08:37:31.257] [bmv2] [D] [thread 65400] [9.0] [cxt 0] Transmitting packet of size 90 out of port 0
[08:37:31.257] [bmv2] [D] [thread 65400] [10.0] [cxt 0] Transmitting packet of size 70 out of port 0
[08:37:31.409] [bmv2] [D] [thread 65395] [11.0] [cxt 0] Processing packet received on port 1
[08:37:31.409] [bmv2] [D] [thread 65395] [11.0] [cxt 0] Parser 'parser': start
[08:37:31.409] [bmv2] [D] [thread 65395] [11.0] [cxt 0] Parser 'parser' entering state 'start'
[08:37:31.409] [bmv2] [D] [thread 65395] [11.0] [cxt 0] Extracting header 'ethernet'
[08:37:31.409] [bmv2] [D] [thread 65395] [11.0] [cxt 0] Parser state 'start': key is 86dd
[08:37:31.409] [bmv2] [T] [thread 65395] [11.0] [cxt 0] Bytes parsed: 14
[08:37:31.409] [bmv2] [D] [thread 65395] [11.0] [cxt 0] Parser 'parser': end
[08:37:31.409] [bmv2] [D] [thread 65395] [11.0] [cxt 0] Pipeline 'ingress': start
[08:37:31.409] [bmv2] [T] [thread 65395] [11.0] [cxt 0] load_balance.p4(163) Condition "hdr.ipv4.isValid() && hdr.ipv4.ttl > 0" (node_2) is false
[08:37:31.409] [bmv2] [D] [thread 65395] [11.0] [cxt 0] Pipeline 'ingress': end
[08:37:31.409] [bmv2] [D] [thread 65395] [11.0] [cxt 0] Egress port is 0
[08:37:31.409] [bmv2] [D] [thread 65396] [11.0] [cxt 0] Pipeline 'egress': start
[08:37:31.409] [bmv2] [T] [thread 65396] [11.0] [cxt 0] Applying table 'MyEgress.send_frame'
[08:37:31.409] [bmv2] [D] [thread 65396] [11.0] [cxt 0] Looking up key:
* standard_metadata.egress_port: 0000

[08:37:31.409] [bmv2] [D] [thread 65396] [11.0] [cxt 0] Table 'MyEgress.send_frame': miss
[08:37:31.409] [bmv2] [D] [thread 65396] [11.0] [cxt 0] Action entry is NoAction - 
[08:37:31.410] [bmv2] [T] [thread 65396] [11.0] [cxt 0] Action NoAction
[08:37:31.410] [bmv2] [D] [thread 65396] [11.0] [cxt 0] Pipeline 'egress': end
[08:37:31.410] [bmv2] [D] [thread 65396] [11.0] [cxt 0] Deparser 'deparser': start
[08:37:31.410] [bmv2] [T] [thread 65396] [11.0] [cxt 0] Skipping checksum 'cksum' update because condition not met
[08:37:31.410] [bmv2] [D] [thread 65396] [11.0] [cxt 0] Deparsing header 'ethernet'
[08:37:31.410] [bmv2] [D] [thread 65396] [11.0] [cxt 0] Deparser 'deparser': end
[08:37:31.410] [bmv2] [D] [thread 65400] [11.0] [cxt 0] Transmitting packet of size 90 out of port 0
[08:37:31.735] [bmv2] [D] [thread 65395] [12.0] [cxt 0] Processing packet received on port 3
[08:37:31.735] [bmv2] [D] [thread 65395] [12.0] [cxt 0] Parser 'parser': start
[08:37:31.735] [bmv2] [D] [thread 65395] [12.0] [cxt 0] Parser 'parser' entering state 'start'
[08:37:31.735] [bmv2] [D] [thread 65395] [12.0] [cxt 0] Extracting header 'ethernet'
[08:37:31.735] [bmv2] [D] [thread 65395] [12.0] [cxt 0] Parser state 'start': key is 86dd
[08:37:31.735] [bmv2] [T] [thread 65395] [12.0] [cxt 0] Bytes parsed: 14
[08:37:31.735] [bmv2] [D] [thread 65395] [12.0] [cxt 0] Parser 'parser': end
[08:37:31.735] [bmv2] [D] [thread 65395] [12.0] [cxt 0] Pipeline 'ingress': start
[08:37:31.735] [bmv2] [T] [thread 65395] [12.0] [cxt 0] load_balance.p4(163) Condition "hdr.ipv4.isValid() && hdr.ipv4.ttl > 0" (node_2) is false
[08:37:31.735] [bmv2] [D] [thread 65395] [12.0] [cxt 0] Pipeline 'ingress': end
[08:37:31.735] [bmv2] [D] [thread 65395] [12.0] [cxt 0] Egress port is 0
[08:37:31.735] [bmv2] [D] [thread 65395] [13.0] [cxt 0] Processing packet received on port 3
[08:37:31.735] [bmv2] [D] [thread 65395] [13.0] [cxt 0] Parser 'parser': start
[08:37:31.735] [bmv2] [D] [thread 65395] [13.0] [cxt 0] Parser 'parser' entering state 'start'
[08:37:31.735] [bmv2] [D] [thread 65395] [13.0] [cxt 0] Extracting header 'ethernet'
[08:37:31.735] [bmv2] [D] [thread 65395] [13.0] [cxt 0] Parser state 'start': key is 86dd
[08:37:31.735] [bmv2] [T] [thread 65395] [13.0] [cxt 0] Bytes parsed: 14
[08:37:31.735] [bmv2] [D] [thread 65395] [13.0] [cxt 0] Parser 'parser': end
[08:37:31.735] [bmv2] [D] [thread 65395] [13.0] [cxt 0] Pipeline 'ingress': start
[08:37:31.735] [bmv2] [T] [thread 65395] [13.0] [cxt 0] load_balance.p4(163) Condition "hdr.ipv4.isValid() && hdr.ipv4.ttl > 0" (node_2) is false
[08:37:31.735] [bmv2] [D] [thread 65395] [13.0] [cxt 0] Pipeline 'ingress': end
[08:37:31.735] [bmv2] [D] [thread 65395] [13.0] [cxt 0] Egress port is 0
[08:37:31.736] [bmv2] [D] [thread 65396] [12.0] [cxt 0] Pipeline 'egress': start
[08:37:31.736] [bmv2] [T] [thread 65396] [12.0] [cxt 0] Applying table 'MyEgress.send_frame'
[08:37:31.736] [bmv2] [D] [thread 65396] [12.0] [cxt 0] Looking up key:
* standard_metadata.egress_port: 0000

[08:37:31.736] [bmv2] [D] [thread 65396] [12.0] [cxt 0] Table 'MyEgress.send_frame': miss
[08:37:31.736] [bmv2] [D] [thread 65396] [12.0] [cxt 0] Action entry is NoAction - 
[08:37:31.736] [bmv2] [T] [thread 65396] [12.0] [cxt 0] Action NoAction
[08:37:31.736] [bmv2] [D] [thread 65396] [12.0] [cxt 0] Pipeline 'egress': end
[08:37:31.736] [bmv2] [D] [thread 65396] [12.0] [cxt 0] Deparser 'deparser': start
[08:37:31.736] [bmv2] [T] [thread 65396] [12.0] [cxt 0] Skipping checksum 'cksum' update because condition not met
[08:37:31.736] [bmv2] [D] [thread 65396] [12.0] [cxt 0] Deparsing header 'ethernet'
[08:37:31.736] [bmv2] [D] [thread 65396] [12.0] [cxt 0] Deparser 'deparser': end
[08:37:31.736] [bmv2] [D] [thread 65396] [13.0] [cxt 0] Pipeline 'egress': start
[08:37:31.736] [bmv2] [T] [thread 65396] [13.0] [cxt 0] Applying table 'MyEgress.send_frame'
[08:37:31.736] [bmv2] [D] [thread 65396] [13.0] [cxt 0] Looking up key:
* standard_metadata.egress_port: 0000

[08:37:31.736] [bmv2] [D] [thread 65396] [13.0] [cxt 0] Table 'MyEgress.send_frame': miss
[08:37:31.736] [bmv2] [D] [thread 65396] [13.0] [cxt 0] Action entry is NoAction - 
[08:37:31.736] [bmv2] [T] [thread 65396] [13.0] [cxt 0] Action NoAction
[08:37:31.736] [bmv2] [D] [thread 65396] [13.0] [cxt 0] Pipeline 'egress': end
[08:37:31.736] [bmv2] [D] [thread 65396] [13.0] [cxt 0] Deparser 'deparser': start
[08:37:31.736] [bmv2] [T] [thread 65396] [13.0] [cxt 0] Skipping checksum 'cksum' update because condition not met
[08:37:31.736] [bmv2] [D] [thread 65396] [13.0] [cxt 0] Deparsing header 'ethernet'
[08:37:31.736] [bmv2] [D] [thread 65396] [13.0] [cxt 0] Deparser 'deparser': end
[08:37:31.736] [bmv2] [D] [thread 65400] [12.0] [cxt 0] Transmitting packet of size 90 out of port 0
[08:37:31.736] [bmv2] [D] [thread 65400] [13.0] [cxt 0] Transmitting packet of size 70 out of port 0
[08:37:31.858] [bmv2] [D] [thread 65395] [14.0] [cxt 0] Processing packet received on port 2
[08:37:31.858] [bmv2] [D] [thread 65395] [14.0] [cxt 0] Parser 'parser': start
[08:37:31.859] [bmv2] [D] [thread 65395] [14.0] [cxt 0] Parser 'parser' entering state 'start'
[08:37:31.859] [bmv2] [D] [thread 65395] [14.0] [cxt 0] Extracting header 'ethernet'
[08:37:31.859] [bmv2] [D] [thread 65395] [14.0] [cxt 0] Parser state 'start': key is 86dd
[08:37:31.859] [bmv2] [T] [thread 65395] [14.0] [cxt 0] Bytes parsed: 14
[08:37:31.859] [bmv2] [D] [thread 65395] [14.0] [cxt 0] Parser 'parser': end
[08:37:31.859] [bmv2] [D] [thread 65395] [14.0] [cxt 0] Pipeline 'ingress': start
[08:37:31.859] [bmv2] [T] [thread 65395] [14.0] [cxt 0] load_balance.p4(163) Condition "hdr.ipv4.isValid() && hdr.ipv4.ttl > 0" (node_2) is false
[08:37:31.859] [bmv2] [D] [thread 65395] [14.0] [cxt 0] Pipeline 'ingress': end
[08:37:31.859] [bmv2] [D] [thread 65395] [14.0] [cxt 0] Egress port is 0
[08:37:31.859] [bmv2] [D] [thread 65396] [14.0] [cxt 0] Pipeline 'egress': start
[08:37:31.859] [bmv2] [T] [thread 65396] [14.0] [cxt 0] Applying table 'MyEgress.send_frame'
[08:37:31.859] [bmv2] [D] [thread 65396] [14.0] [cxt 0] Looking up key:
* standard_metadata.egress_port: 0000

[08:37:31.859] [bmv2] [D] [thread 65396] [14.0] [cxt 0] Table 'MyEgress.send_frame': miss
[08:37:31.859] [bmv2] [D] [thread 65396] [14.0] [cxt 0] Action entry is NoAction - 
[08:37:31.859] [bmv2] [T] [thread 65396] [14.0] [cxt 0] Action NoAction
[08:37:31.859] [bmv2] [D] [thread 65396] [14.0] [cxt 0] Pipeline 'egress': end
[08:37:31.859] [bmv2] [D] [thread 65396] [14.0] [cxt 0] Deparser 'deparser': start
[08:37:31.859] [bmv2] [T] [thread 65396] [14.0] [cxt 0] Skipping checksum 'cksum' update because condition not met
[08:37:31.859] [bmv2] [D] [thread 65396] [14.0] [cxt 0] Deparsing header 'ethernet'
[08:37:31.859] [bmv2] [D] [thread 65396] [14.0] [cxt 0] Deparser 'deparser': end
[08:37:31.859] [bmv2] [D] [thread 65400] [14.0] [cxt 0] Transmitting packet of size 90 out of port 0
[08:37:31.933] [bmv2] [D] [thread 65395] [15.0] [cxt 0] Processing packet received on port 3
[08:37:31.933] [bmv2] [D] [thread 65395] [15.0] [cxt 0] Parser 'parser': start
[08:37:31.933] [bmv2] [D] [thread 65395] [15.0] [cxt 0] Parser 'parser' entering state 'start'
[08:37:31.933] [bmv2] [D] [thread 65395] [15.0] [cxt 0] Extracting header 'ethernet'
[08:37:31.933] [bmv2] [D] [thread 65395] [15.0] [cxt 0] Parser state 'start': key is 86dd
[08:37:31.933] [bmv2] [T] [thread 65395] [15.0] [cxt 0] Bytes parsed: 14
[08:37:31.933] [bmv2] [D] [thread 65395] [15.0] [cxt 0] Parser 'parser': end
[08:37:31.933] [bmv2] [D] [thread 65395] [15.0] [cxt 0] Pipeline 'ingress': start
[08:37:31.933] [bmv2] [T] [thread 65395] [15.0] [cxt 0] load_balance.p4(163) Condition "hdr.ipv4.isValid() && hdr.ipv4.ttl > 0" (node_2) is false
[08:37:31.933] [bmv2] [D] [thread 65395] [15.0] [cxt 0] Pipeline 'ingress': end
[08:37:31.933] [bmv2] [D] [thread 65395] [15.0] [cxt 0] Egress port is 0
[08:37:31.933] [bmv2] [D] [thread 65396] [15.0] [cxt 0] Pipeline 'egress': start
[08:37:31.933] [bmv2] [T] [thread 65396] [15.0] [cxt 0] Applying table 'MyEgress.send_frame'
[08:37:31.933] [bmv2] [D] [thread 65396] [15.0] [cxt 0] Looking up key:
* standard_metadata.egress_port: 0000

[08:37:31.933] [bmv2] [D] [thread 65396] [15.0] [cxt 0] Table 'MyEgress.send_frame': miss
[08:37:31.933] [bmv2] [D] [thread 65396] [15.0] [cxt 0] Action entry is NoAction - 
[08:37:31.933] [bmv2] [T] [thread 65396] [15.0] [cxt 0] Action NoAction
[08:37:31.933] [bmv2] [D] [thread 65396] [15.0] [cxt 0] Pipeline 'egress': end
[08:37:31.933] [bmv2] [D] [thread 65396] [15.0] [cxt 0] Deparser 'deparser': start
[08:37:31.933] [bmv2] [T] [thread 65396] [15.0] [cxt 0] Skipping checksum 'cksum' update because condition not met
[08:37:31.933] [bmv2] [D] [thread 65396] [15.0] [cxt 0] Deparsing header 'ethernet'
[08:37:31.933] [bmv2] [D] [thread 65396] [15.0] [cxt 0] Deparser 'deparser': end
[08:37:31.933] [bmv2] [D] [thread 65400] [15.0] [cxt 0] Transmitting packet of size 90 out of port 0
[08:37:31.990] [bmv2] [D] [thread 65395] [16.0] [cxt 0] Processing packet received on port 3
[08:37:31.990] [bmv2] [D] [thread 65395] [16.0] [cxt 0] Parser 'parser': start
[08:37:31.990] [bmv2] [D] [thread 65395] [16.0] [cxt 0] Parser 'parser' entering state 'start'
[08:37:31.990] [bmv2] [D] [thread 65395] [16.0] [cxt 0] Extracting header 'ethernet'
[08:37:31.990] [bmv2] [D] [thread 65395] [16.0] [cxt 0] Parser state 'start': key is 86dd
[08:37:31.991] [bmv2] [T] [thread 65395] [16.0] [cxt 0] Bytes parsed: 14
[08:37:31.991] [bmv2] [D] [thread 65395] [16.0] [cxt 0] Parser 'parser': end
[08:37:31.991] [bmv2] [D] [thread 65395] [16.0] [cxt 0] Pipeline 'ingress': start
[08:37:31.991] [bmv2] [T] [thread 65395] [16.0] [cxt 0] load_balance.p4(163) Condition "hdr.ipv4.isValid() && hdr.ipv4.ttl > 0" (node_2) is false
[08:37:31.991] [bmv2] [D] [thread 65395] [16.0] [cxt 0] Pipeline 'ingress': end
[08:37:31.991] [bmv2] [D] [thread 65395] [16.0] [cxt 0] Egress port is 0
[08:37:31.991] [bmv2] [D] [thread 65395] [17.0] [cxt 0] Processing packet received on port 3
[08:37:31.991] [bmv2] [D] [thread 65395] [17.0] [cxt 0] Parser 'parser': start
[08:37:31.991] [bmv2] [D] [thread 65395] [17.0] [cxt 0] Parser 'parser' entering state 'start'
[08:37:31.991] [bmv2] [D] [thread 65395] [17.0] [cxt 0] Extracting header 'ethernet'
[08:37:31.991] [bmv2] [D] [thread 65395] [17.0] [cxt 0] Parser state 'start': key is 86dd
[08:37:31.991] [bmv2] [T] [thread 65395] [17.0] [cxt 0] Bytes parsed: 14
[08:37:31.991] [bmv2] [D] [thread 65395] [17.0] [cxt 0] Parser 'parser': end
[08:37:31.991] [bmv2] [D] [thread 65395] [17.0] [cxt 0] Pipeline 'ingress': start
[08:37:31.991] [bmv2] [T] [thread 65395] [17.0] [cxt 0] load_balance.p4(163) Condition "hdr.ipv4.isValid() && hdr.ipv4.ttl > 0" (node_2) is false
[08:37:31.991] [bmv2] [D] [thread 65395] [17.0] [cxt 0] Pipeline 'ingress': end
[08:37:31.991] [bmv2] [D] [thread 65395] [17.0] [cxt 0] Egress port is 0
[08:37:31.992] [bmv2] [D] [thread 65396] [16.0] [cxt 0] Pipeline 'egress': start
[08:37:31.992] [bmv2] [T] [thread 65396] [16.0] [cxt 0] Applying table 'MyEgress.send_frame'
[08:37:31.992] [bmv2] [D] [thread 65396] [16.0] [cxt 0] Looking up key:
* standard_metadata.egress_port: 0000

[08:37:31.992] [bmv2] [D] [thread 65396] [16.0] [cxt 0] Table 'MyEgress.send_frame': miss
[08:37:31.992] [bmv2] [D] [thread 65396] [16.0] [cxt 0] Action entry is NoAction - 
[08:37:31.992] [bmv2] [T] [thread 65396] [16.0] [cxt 0] Action NoAction
[08:37:31.992] [bmv2] [D] [thread 65396] [16.0] [cxt 0] Pipeline 'egress': end
[08:37:31.992] [bmv2] [D] [thread 65396] [16.0] [cxt 0] Deparser 'deparser': start
[08:37:31.992] [bmv2] [T] [thread 65396] [16.0] [cxt 0] Skipping checksum 'cksum' update because condition not met
[08:37:31.992] [bmv2] [D] [thread 65396] [16.0] [cxt 0] Deparsing header 'ethernet'
[08:37:31.992] [bmv2] [D] [thread 65396] [16.0] [cxt 0] Deparser 'deparser': end
[08:37:31.992] [bmv2] [D] [thread 65396] [17.0] [cxt 0] Pipeline 'egress': start
[08:37:31.992] [bmv2] [T] [thread 65396] [17.0] [cxt 0] Applying table 'MyEgress.send_frame'
[08:37:31.992] [bmv2] [D] [thread 65396] [17.0] [cxt 0] Looking up key:
* standard_metadata.egress_port: 0000

[08:37:31.992] [bmv2] [D] [thread 65396] [17.0] [cxt 0] Table 'MyEgress.send_frame': miss
[08:37:31.992] [bmv2] [D] [thread 65396] [17.0] [cxt 0] Action entry is NoAction - 
[08:37:31.992] [bmv2] [T] [thread 65396] [17.0] [cxt 0] Action NoAction
[08:37:31.992] [bmv2] [D] [thread 65396] [17.0] [cxt 0] Pipeline 'egress': end
[08:37:31.992] [bmv2] [D] [thread 65396] [17.0] [cxt 0] Deparser 'deparser': start
[08:37:31.992] [bmv2] [T] [thread 65396] [17.0] [cxt 0] Skipping checksum 'cksum' update because condition not met
[08:37:31.992] [bmv2] [D] [thread 65396] [17.0] [cxt 0] Deparsing header 'ethernet'
[08:37:31.993] [bmv2] [D] [thread 65400] [16.0] [cxt 0] Transmitting packet of size 90 out of port 0
[08:37:31.992] [bmv2] [D] [thread 65396] [17.0] [cxt 0] Deparser 'deparser': end
[08:37:31.995] [bmv2] [D] [thread 65400] [17.0] [cxt 0] Transmitting packet of size 70 out of port 0
[08:37:32.050] [bmv2] [D] [thread 65395] [18.0] [cxt 0] Processing packet received on port 2
[08:37:32.050] [bmv2] [D] [thread 65395] [18.0] [cxt 0] Parser 'parser': start
[08:37:32.050] [bmv2] [D] [thread 65395] [18.0] [cxt 0] Parser 'parser' entering state 'start'
[08:37:32.050] [bmv2] [D] [thread 65395] [18.0] [cxt 0] Extracting header 'ethernet'
[08:37:32.051] [bmv2] [D] [thread 65395] [18.0] [cxt 0] Parser state 'start': key is 86dd
[08:37:32.051] [bmv2] [T] [thread 65395] [18.0] [cxt 0] Bytes parsed: 14
[08:37:32.051] [bmv2] [D] [thread 65395] [18.0] [cxt 0] Parser 'parser': end
[08:37:32.051] [bmv2] [D] [thread 65395] [18.0] [cxt 0] Pipeline 'ingress': start
[08:37:32.051] [bmv2] [T] [thread 65395] [18.0] [cxt 0] load_balance.p4(163) Condition "hdr.ipv4.isValid() && hdr.ipv4.ttl > 0" (node_2) is false
[08:37:32.051] [bmv2] [D] [thread 65395] [18.0] [cxt 0] Pipeline 'ingress': end
[08:37:32.051] [bmv2] [D] [thread 65395] [18.0] [cxt 0] Egress port is 0
[08:37:32.051] [bmv2] [D] [thread 65396] [18.0] [cxt 0] Pipeline 'egress': start
[08:37:32.051] [bmv2] [T] [thread 65396] [18.0] [cxt 0] Applying table 'MyEgress.send_frame'
[08:37:32.051] [bmv2] [D] [thread 65396] [18.0] [cxt 0] Looking up key:
* standard_metadata.egress_port: 0000

[08:37:32.051] [bmv2] [D] [thread 65396] [18.0] [cxt 0] Table 'MyEgress.send_frame': miss
[08:37:32.051] [bmv2] [D] [thread 65396] [18.0] [cxt 0] Action entry is NoAction - 
[08:37:32.051] [bmv2] [T] [thread 65396] [18.0] [cxt 0] Action NoAction
[08:37:32.051] [bmv2] [D] [thread 65396] [18.0] [cxt 0] Pipeline 'egress': end
[08:37:32.051] [bmv2] [D] [thread 65396] [18.0] [cxt 0] Deparser 'deparser': start
[08:37:32.051] [bmv2] [T] [thread 65396] [18.0] [cxt 0] Skipping checksum 'cksum' update because condition not met
[08:37:32.051] [bmv2] [D] [thread 65396] [18.0] [cxt 0] Deparsing header 'ethernet'
[08:37:32.051] [bmv2] [D] [thread 65396] [18.0] [cxt 0] Deparser 'deparser': end
[08:37:32.051] [bmv2] [D] [thread 65400] [18.0] [cxt 0] Transmitting packet of size 90 out of port 0
[08:37:32.913] [bmv2] [D] [thread 65395] [19.0] [cxt 0] Processing packet received on port 3
[08:37:32.913] [bmv2] [D] [thread 65395] [19.0] [cxt 0] Parser 'parser': start
[08:37:32.913] [bmv2] [D] [thread 65395] [19.0] [cxt 0] Parser 'parser' entering state 'start'
[08:37:32.913] [bmv2] [D] [thread 65395] [19.0] [cxt 0] Extracting header 'ethernet'
[08:37:32.913] [bmv2] [D] [thread 65395] [19.0] [cxt 0] Parser state 'start': key is 86dd
[08:37:32.913] [bmv2] [T] [thread 65395] [19.0] [cxt 0] Bytes parsed: 14
[08:37:32.913] [bmv2] [D] [thread 65395] [19.0] [cxt 0] Parser 'parser': end
[08:37:32.913] [bmv2] [D] [thread 65395] [19.0] [cxt 0] Pipeline 'ingress': start
[08:37:32.913] [bmv2] [T] [thread 65395] [19.0] [cxt 0] load_balance.p4(163) Condition "hdr.ipv4.isValid() && hdr.ipv4.ttl > 0" (node_2) is false
[08:37:32.913] [bmv2] [D] [thread 65395] [19.0] [cxt 0] Pipeline 'ingress': end
[08:37:32.913] [bmv2] [D] [thread 65395] [19.0] [cxt 0] Egress port is 0
[08:37:32.914] [bmv2] [D] [thread 65396] [19.0] [cxt 0] Pipeline 'egress': start
[08:37:32.914] [bmv2] [T] [thread 65396] [19.0] [cxt 0] Applying table 'MyEgress.send_frame'
[08:37:32.914] [bmv2] [D] [thread 65396] [19.0] [cxt 0] Looking up key:
* standard_metadata.egress_port: 0000

[08:37:32.914] [bmv2] [D] [thread 65396] [19.0] [cxt 0] Table 'MyEgress.send_frame': miss
[08:37:32.914] [bmv2] [D] [thread 65396] [19.0] [cxt 0] Action entry is NoAction - 
[08:37:32.914] [bmv2] [T] [thread 65396] [19.0] [cxt 0] Action NoAction
[08:37:32.914] [bmv2] [D] [thread 65396] [19.0] [cxt 0] Pipeline 'egress': end
[08:37:32.914] [bmv2] [D] [thread 65396] [19.0] [cxt 0] Deparser 'deparser': start
[08:37:32.914] [bmv2] [T] [thread 65396] [19.0] [cxt 0] Skipping checksum 'cksum' update because condition not met
[08:37:32.914] [bmv2] [D] [thread 65396] [19.0] [cxt 0] Deparsing header 'ethernet'
[08:37:32.915] [bmv2] [D] [thread 65396] [19.0] [cxt 0] Deparser 'deparser': end
[08:37:32.916] [bmv2] [D] [thread 65400] [19.0] [cxt 0] Transmitting packet of size 90 out of port 0
[08:37:33.819] [bmv2] [W] [thread 65449] [P4Runtime] p4::tmp::P4DeviceConfig is deprecated
[08:37:33.824] [bmv2] [D] [thread 65449] Set default default entry for table 'MyIngress.ecmp_group': NoAction - 
[08:37:33.824] [bmv2] [D] [thread 65449] Set default default entry for table 'MyIngress.ecmp_nhop': NoAction - 
[08:37:33.824] [bmv2] [D] [thread 65449] Set default default entry for table 'MyEgress.send_frame': NoAction - 
[08:37:33.846] [bmv2] [D] [thread 65449] simple_switch target has been notified of a config swap
[08:37:33.860] [bmv2] [D] [thread 65450] Set default entry for table 'MyIngress.ecmp_group': MyIngress.drop - 
[08:37:33.868] [bmv2] [D] [thread 65449] Entry 0 added to table 'MyIngress.ecmp_group'
[08:37:33.868] [bmv2] [D] [thread 65449] Dumping entry 0
Match key:
* hdr.ipv4.dstAddr    : LPM       0a000001/32
Action entry: MyIngress.set_mp_select - 0,2,

[08:37:33.881] [bmv2] [D] [thread 65450] Entry 0 added to table 'MyIngress.ecmp_nhop'
[08:37:33.881] [bmv2] [D] [thread 65450] Dumping entry 0
Match key:
* meta.mp_select      : EXACT     0000
Action entry: MyIngress.set_nhop - 80000000202,a000202,2,

[08:37:33.887] [bmv2] [D] [thread 65449] Entry 1 added to table 'MyIngress.ecmp_nhop'
[08:37:33.887] [bmv2] [D] [thread 65449] Dumping entry 1
Match key:
* meta.mp_select      : EXACT     0001
Action entry: MyIngress.set_nhop - 80000000303,a000303,3,

[08:37:33.896] [bmv2] [D] [thread 65450] Entry 0 added to table 'MyEgress.send_frame'
[08:37:33.896] [bmv2] [D] [thread 65450] Dumping entry 0
Match key:
* standard_metadata.egress_port: EXACT     0002
Action entry: MyEgress.rewrite_mac - 80000000100,

[08:37:33.911] [bmv2] [D] [thread 65449] Entry 1 added to table 'MyEgress.send_frame'
[08:37:33.911] [bmv2] [D] [thread 65449] Dumping entry 1
Match key:
* standard_metadata.egress_port: EXACT     0003
Action entry: MyEgress.rewrite_mac - 80000000100,

[08:37:34.737] [bmv2] [D] [thread 65395] [20.0] [cxt 0] Processing packet received on port 1
[08:37:34.737] [bmv2] [D] [thread 65395] [20.0] [cxt 0] Parser 'parser': start
[08:37:34.737] [bmv2] [D] [thread 65395] [20.0] [cxt 0] Parser 'parser' entering state 'start'
[08:37:34.737] [bmv2] [D] [thread 65395] [20.0] [cxt 0] Extracting header 'ethernet'
[08:37:34.737] [bmv2] [D] [thread 65395] [20.0] [cxt 0] Parser state 'start': key is 86dd
[08:37:34.737] [bmv2] [T] [thread 65395] [20.0] [cxt 0] Bytes parsed: 14
[08:37:34.737] [bmv2] [D] [thread 65395] [20.0] [cxt 0] Parser 'parser': end
[08:37:34.737] [bmv2] [D] [thread 65395] [20.0] [cxt 0] Pipeline 'ingress': start
[08:37:34.737] [bmv2] [T] [thread 65395] [20.0] [cxt 0] load_balance.p4(163) Condition "hdr.ipv4.isValid() && hdr.ipv4.ttl > 0" (node_2) is false
[08:37:34.737] [bmv2] [D] [thread 65395] [20.0] [cxt 0] Pipeline 'ingress': end
[08:37:34.737] [bmv2] [D] [thread 65395] [20.0] [cxt 0] Egress port is 0
[08:37:34.737] [bmv2] [D] [thread 65396] [20.0] [cxt 0] Pipeline 'egress': start
[08:37:34.737] [bmv2] [T] [thread 65396] [20.0] [cxt 0] Applying table 'MyEgress.send_frame'
[08:37:34.737] [bmv2] [D] [thread 65396] [20.0] [cxt 0] Looking up key:
* standard_metadata.egress_port: 0000

[08:37:34.737] [bmv2] [D] [thread 65396] [20.0] [cxt 0] Table 'MyEgress.send_frame': miss
[08:37:34.737] [bmv2] [D] [thread 65396] [20.0] [cxt 0] Action entry is NoAction - 
[08:37:34.737] [bmv2] [T] [thread 65396] [20.0] [cxt 0] Action NoAction
[08:37:34.737] [bmv2] [D] [thread 65396] [20.0] [cxt 0] Pipeline 'egress': end
[08:37:34.737] [bmv2] [D] [thread 65396] [20.0] [cxt 0] Deparser 'deparser': start
[08:37:34.737] [bmv2] [T] [thread 65396] [20.0] [cxt 0] Skipping checksum 'cksum' update because condition not met
[08:37:34.737] [bmv2] [D] [thread 65396] [20.0] [cxt 0] Deparsing header 'ethernet'
[08:37:34.737] [bmv2] [D] [thread 65396] [20.0] [cxt 0] Deparser 'deparser': end
[08:37:34.737] [bmv2] [D] [thread 65400] [20.0] [cxt 0] Transmitting packet of size 70 out of port 0
[08:37:34.994] [bmv2] [D] [thread 65395] [21.0] [cxt 0] Processing packet received on port 2
[08:37:34.994] [bmv2] [D] [thread 65395] [21.0] [cxt 0] Parser 'parser': start
[08:37:34.994] [bmv2] [D] [thread 65395] [21.0] [cxt 0] Parser 'parser' entering state 'start'
[08:37:34.994] [bmv2] [D] [thread 65395] [21.0] [cxt 0] Extracting header 'ethernet'
[08:37:34.994] [bmv2] [D] [thread 65395] [21.0] [cxt 0] Parser state 'start': key is 86dd
[08:37:34.994] [bmv2] [T] [thread 65395] [21.0] [cxt 0] Bytes parsed: 14
[08:37:34.994] [bmv2] [D] [thread 65395] [21.0] [cxt 0] Parser 'parser': end
[08:37:34.994] [bmv2] [D] [thread 65395] [21.0] [cxt 0] Pipeline 'ingress': start
[08:37:34.994] [bmv2] [T] [thread 65395] [21.0] [cxt 0] load_balance.p4(163) Condition "hdr.ipv4.isValid() && hdr.ipv4.ttl > 0" (node_2) is false
[08:37:34.994] [bmv2] [D] [thread 65395] [21.0] [cxt 0] Pipeline 'ingress': end
[08:37:34.994] [bmv2] [D] [thread 65395] [21.0] [cxt 0] Egress port is 0
[08:37:34.994] [bmv2] [D] [thread 65396] [21.0] [cxt 0] Pipeline 'egress': start
[08:37:34.994] [bmv2] [T] [thread 65396] [21.0] [cxt 0] Applying table 'MyEgress.send_frame'
[08:37:34.994] [bmv2] [D] [thread 65396] [21.0] [cxt 0] Looking up key:
* standard_metadata.egress_port: 0000

[08:37:34.994] [bmv2] [D] [thread 65396] [21.0] [cxt 0] Table 'MyEgress.send_frame': miss
[08:37:34.994] [bmv2] [D] [thread 65396] [21.0] [cxt 0] Action entry is NoAction - 
[08:37:34.994] [bmv2] [T] [thread 65396] [21.0] [cxt 0] Action NoAction
[08:37:34.994] [bmv2] [D] [thread 65396] [21.0] [cxt 0] Pipeline 'egress': end
[08:37:34.994] [bmv2] [D] [thread 65396] [21.0] [cxt 0] Deparser 'deparser': start
[08:37:34.994] [bmv2] [T] [thread 65396] [21.0] [cxt 0] Skipping checksum 'cksum' update because condition not met
[08:37:34.994] [bmv2] [D] [thread 65396] [21.0] [cxt 0] Deparsing header 'ethernet'
[08:37:34.994] [bmv2] [D] [thread 65396] [21.0] [cxt 0] Deparser 'deparser': end
[08:37:34.994] [bmv2] [D] [thread 65400] [21.0] [cxt 0] Transmitting packet of size 70 out of port 0
[08:37:35.508] [bmv2] [D] [thread 65395] [22.0] [cxt 0] Processing packet received on port 2
[08:37:35.508] [bmv2] [D] [thread 65395] [22.0] [cxt 0] Parser 'parser': start
[08:37:35.508] [bmv2] [D] [thread 65395] [22.0] [cxt 0] Parser 'parser' entering state 'start'
[08:37:35.508] [bmv2] [D] [thread 65395] [22.0] [cxt 0] Extracting header 'ethernet'
[08:37:35.508] [bmv2] [D] [thread 65395] [22.0] [cxt 0] Parser state 'start': key is 86dd
[08:37:35.508] [bmv2] [T] [thread 65395] [22.0] [cxt 0] Bytes parsed: 14
[08:37:35.508] [bmv2] [D] [thread 65395] [22.0] [cxt 0] Parser 'parser': end
[08:37:35.508] [bmv2] [D] [thread 65395] [22.0] [cxt 0] Pipeline 'ingress': start
[08:37:35.508] [bmv2] [T] [thread 65395] [22.0] [cxt 0] load_balance.p4(163) Condition "hdr.ipv4.isValid() && hdr.ipv4.ttl > 0" (node_2) is false
[08:37:35.508] [bmv2] [D] [thread 65395] [22.0] [cxt 0] Pipeline 'ingress': end
[08:37:35.508] [bmv2] [D] [thread 65395] [22.0] [cxt 0] Egress port is 0
[08:37:35.509] [bmv2] [D] [thread 65396] [22.0] [cxt 0] Pipeline 'egress': start
[08:37:35.509] [bmv2] [T] [thread 65396] [22.0] [cxt 0] Applying table 'MyEgress.send_frame'
[08:37:35.509] [bmv2] [D] [thread 65396] [22.0] [cxt 0] Looking up key:
* standard_metadata.egress_port: 0000

[08:37:35.509] [bmv2] [D] [thread 65396] [22.0] [cxt 0] Table 'MyEgress.send_frame': miss
[08:37:35.509] [bmv2] [D] [thread 65396] [22.0] [cxt 0] Action entry is NoAction - 
[08:37:35.509] [bmv2] [T] [thread 65396] [22.0] [cxt 0] Action NoAction
[08:37:35.509] [bmv2] [D] [thread 65396] [22.0] [cxt 0] Pipeline 'egress': end
[08:37:35.509] [bmv2] [D] [thread 65396] [22.0] [cxt 0] Deparser 'deparser': start
[08:37:35.509] [bmv2] [T] [thread 65396] [22.0] [cxt 0] Skipping checksum 'cksum' update because condition not met
[08:37:35.509] [bmv2] [D] [thread 65396] [22.0] [cxt 0] Deparsing header 'ethernet'
[08:37:35.509] [bmv2] [D] [thread 65396] [22.0] [cxt 0] Deparser 'deparser': end
[08:37:35.509] [bmv2] [D] [thread 65400] [22.0] [cxt 0] Transmitting packet of size 70 out of port 0
[08:37:36.018] [bmv2] [D] [thread 65395] [23.0] [cxt 0] Processing packet received on port 3
[08:37:36.018] [bmv2] [D] [thread 65395] [23.0] [cxt 0] Parser 'parser': start
[08:37:36.018] [bmv2] [D] [thread 65395] [23.0] [cxt 0] Parser 'parser' entering state 'start'
[08:37:36.018] [bmv2] [D] [thread 65395] [23.0] [cxt 0] Extracting header 'ethernet'
[08:37:36.018] [bmv2] [D] [thread 65395] [23.0] [cxt 0] Parser state 'start': key is 86dd
[08:37:36.018] [bmv2] [T] [thread 65395] [23.0] [cxt 0] Bytes parsed: 14
[08:37:36.018] [bmv2] [D] [thread 65395] [23.0] [cxt 0] Parser 'parser': end
[08:37:36.019] [bmv2] [D] [thread 65395] [23.0] [cxt 0] Pipeline 'ingress': start
[08:37:36.019] [bmv2] [T] [thread 65395] [23.0] [cxt 0] load_balance.p4(163) Condition "hdr.ipv4.isValid() && hdr.ipv4.ttl > 0" (node_2) is false
[08:37:36.019] [bmv2] [D] [thread 65395] [23.0] [cxt 0] Pipeline 'ingress': end
[08:37:36.019] [bmv2] [D] [thread 65395] [23.0] [cxt 0] Egress port is 0
[08:37:36.019] [bmv2] [D] [thread 65395] [24.0] [cxt 0] Processing packet received on port 3
[08:37:36.019] [bmv2] [D] [thread 65395] [24.0] [cxt 0] Parser 'parser': start
[08:37:36.019] [bmv2] [D] [thread 65395] [24.0] [cxt 0] Parser 'parser' entering state 'start'
[08:37:36.019] [bmv2] [D] [thread 65395] [24.0] [cxt 0] Extracting header 'ethernet'
[08:37:36.019] [bmv2] [D] [thread 65395] [24.0] [cxt 0] Parser state 'start': key is 86dd
[08:37:36.019] [bmv2] [T] [thread 65395] [24.0] [cxt 0] Bytes parsed: 14
[08:37:36.019] [bmv2] [D] [thread 65395] [24.0] [cxt 0] Parser 'parser': end
[08:37:36.019] [bmv2] [D] [thread 65395] [24.0] [cxt 0] Pipeline 'ingress': start
[08:37:36.019] [bmv2] [T] [thread 65395] [24.0] [cxt 0] load_balance.p4(163) Condition "hdr.ipv4.isValid() && hdr.ipv4.ttl > 0" (node_2) is false
[08:37:36.019] [bmv2] [D] [thread 65395] [24.0] [cxt 0] Pipeline 'ingress': end
[08:37:36.019] [bmv2] [D] [thread 65395] [24.0] [cxt 0] Egress port is 0
[08:37:36.019] [bmv2] [D] [thread 65396] [23.0] [cxt 0] Pipeline 'egress': start
[08:37:36.019] [bmv2] [T] [thread 65396] [23.0] [cxt 0] Applying table 'MyEgress.send_frame'
[08:37:36.019] [bmv2] [D] [thread 65396] [23.0] [cxt 0] Looking up key:
* standard_metadata.egress_port: 0000

[08:37:36.019] [bmv2] [D] [thread 65396] [23.0] [cxt 0] Table 'MyEgress.send_frame': miss
[08:37:36.019] [bmv2] [D] [thread 65396] [23.0] [cxt 0] Action entry is NoAction - 
[08:37:36.019] [bmv2] [T] [thread 65396] [23.0] [cxt 0] Action NoAction
[08:37:36.019] [bmv2] [D] [thread 65396] [23.0] [cxt 0] Pipeline 'egress': end
[08:37:36.019] [bmv2] [D] [thread 65396] [23.0] [cxt 0] Deparser 'deparser': start
[08:37:36.019] [bmv2] [T] [thread 65396] [23.0] [cxt 0] Skipping checksum 'cksum' update because condition not met
[08:37:36.019] [bmv2] [D] [thread 65396] [23.0] [cxt 0] Deparsing header 'ethernet'
[08:37:36.019] [bmv2] [D] [thread 65396] [23.0] [cxt 0] Deparser 'deparser': end
[08:37:36.019] [bmv2] [D] [thread 65396] [24.0] [cxt 0] Pipeline 'egress': start
[08:37:36.019] [bmv2] [T] [thread 65396] [24.0] [cxt 0] Applying table 'MyEgress.send_frame'
[08:37:36.019] [bmv2] [D] [thread 65396] [24.0] [cxt 0] Looking up key:
* standard_metadata.egress_port: 0000

[08:37:36.019] [bmv2] [D] [thread 65396] [24.0] [cxt 0] Table 'MyEgress.send_frame': miss
[08:37:36.019] [bmv2] [D] [thread 65396] [24.0] [cxt 0] Action entry is NoAction - 
[08:37:36.019] [bmv2] [T] [thread 65396] [24.0] [cxt 0] Action NoAction
[08:37:36.019] [bmv2] [D] [thread 65396] [24.0] [cxt 0] Pipeline 'egress': end
[08:37:36.019] [bmv2] [D] [thread 65396] [24.0] [cxt 0] Deparser 'deparser': start
[08:37:36.019] [bmv2] [T] [thread 65396] [24.0] [cxt 0] Skipping checksum 'cksum' update because condition not met
[08:37:36.019] [bmv2] [D] [thread 65396] [24.0] [cxt 0] Deparsing header 'ethernet'
[08:37:36.019] [bmv2] [D] [thread 65396] [24.0] [cxt 0] Deparser 'deparser': end
[08:37:36.020] [bmv2] [D] [thread 65400] [23.0] [cxt 0] Transmitting packet of size 70 out of port 0
[08:37:36.020] [bmv2] [D] [thread 65400] [24.0] [cxt 0] Transmitting packet of size 70 out of port 0
[08:37:41.905] [bmv2] [D] [thread 65395] [25.0] [cxt 0] Processing packet received on port 2
[08:37:41.905] [bmv2] [D] [thread 65395] [25.0] [cxt 0] Parser 'parser': start
[08:37:41.905] [bmv2] [D] [thread 65395] [25.0] [cxt 0] Parser 'parser' entering state 'start'
[08:37:41.905] [bmv2] [D] [thread 65395] [25.0] [cxt 0] Extracting header 'ethernet'
[08:37:41.905] [bmv2] [D] [thread 65395] [25.0] [cxt 0] Parser state 'start': key is 86dd
[08:37:41.905] [bmv2] [T] [thread 65395] [25.0] [cxt 0] Bytes parsed: 14
[08:37:41.905] [bmv2] [D] [thread 65395] [25.0] [cxt 0] Parser 'parser': end
[08:37:41.905] [bmv2] [D] [thread 65395] [25.0] [cxt 0] Pipeline 'ingress': start
[08:37:41.905] [bmv2] [T] [thread 65395] [25.0] [cxt 0] load_balance.p4(163) Condition "hdr.ipv4.isValid() && hdr.ipv4.ttl > 0" (node_2) is false
[08:37:41.905] [bmv2] [D] [thread 65395] [25.0] [cxt 0] Pipeline 'ingress': end
[08:37:41.905] [bmv2] [D] [thread 65395] [25.0] [cxt 0] Egress port is 0
[08:37:41.905] [bmv2] [D] [thread 65396] [25.0] [cxt 0] Pipeline 'egress': start
[08:37:41.905] [bmv2] [T] [thread 65396] [25.0] [cxt 0] Applying table 'MyEgress.send_frame'
[08:37:41.905] [bmv2] [D] [thread 65396] [25.0] [cxt 0] Looking up key:
* standard_metadata.egress_port: 0000

[08:37:41.905] [bmv2] [D] [thread 65396] [25.0] [cxt 0] Table 'MyEgress.send_frame': miss
[08:37:41.905] [bmv2] [D] [thread 65396] [25.0] [cxt 0] Action entry is NoAction - 
[08:37:41.905] [bmv2] [T] [thread 65396] [25.0] [cxt 0] Action NoAction
[08:37:41.905] [bmv2] [D] [thread 65396] [25.0] [cxt 0] Pipeline 'egress': end
[08:37:41.905] [bmv2] [D] [thread 65396] [25.0] [cxt 0] Deparser 'deparser': start
[08:37:41.905] [bmv2] [T] [thread 65396] [25.0] [cxt 0] Skipping checksum 'cksum' update because condition not met
[08:37:41.905] [bmv2] [D] [thread 65396] [25.0] [cxt 0] Deparsing header 'ethernet'
[08:37:41.905] [bmv2] [D] [thread 65396] [25.0] [cxt 0] Deparser 'deparser': end
[08:37:41.905] [bmv2] [D] [thread 65400] [25.0] [cxt 0] Transmitting packet of size 70 out of port 0
[08:37:42.417] [bmv2] [D] [thread 65395] [26.0] [cxt 0] Processing packet received on port 1
[08:37:42.417] [bmv2] [D] [thread 65395] [26.0] [cxt 0] Parser 'parser': start
[08:37:42.417] [bmv2] [D] [thread 65395] [26.0] [cxt 0] Parser 'parser' entering state 'start'
[08:37:42.417] [bmv2] [D] [thread 65395] [26.0] [cxt 0] Extracting header 'ethernet'
[08:37:42.417] [bmv2] [D] [thread 65395] [26.0] [cxt 0] Parser state 'start': key is 86dd
[08:37:42.417] [bmv2] [T] [thread 65395] [26.0] [cxt 0] Bytes parsed: 14
[08:37:42.417] [bmv2] [D] [thread 65395] [26.0] [cxt 0] Parser 'parser': end
[08:37:42.417] [bmv2] [D] [thread 65395] [26.0] [cxt 0] Pipeline 'ingress': start
[08:37:42.417] [bmv2] [T] [thread 65395] [26.0] [cxt 0] load_balance.p4(163) Condition "hdr.ipv4.isValid() && hdr.ipv4.ttl > 0" (node_2) is false
[08:37:42.417] [bmv2] [D] [thread 65395] [26.0] [cxt 0] Pipeline 'ingress': end
[08:37:42.417] [bmv2] [D] [thread 65395] [26.0] [cxt 0] Egress port is 0
[08:37:42.417] [bmv2] [D] [thread 65396] [26.0] [cxt 0] Pipeline 'egress': start
[08:37:42.417] [bmv2] [T] [thread 65396] [26.0] [cxt 0] Applying table 'MyEgress.send_frame'
[08:37:42.417] [bmv2] [D] [thread 65396] [26.0] [cxt 0] Looking up key:
* standard_metadata.egress_port: 0000

[08:37:42.417] [bmv2] [D] [thread 65396] [26.0] [cxt 0] Table 'MyEgress.send_frame': miss
[08:37:42.417] [bmv2] [D] [thread 65396] [26.0] [cxt 0] Action entry is NoAction - 
[08:37:42.417] [bmv2] [T] [thread 65396] [26.0] [cxt 0] Action NoAction
[08:37:42.417] [bmv2] [D] [thread 65396] [26.0] [cxt 0] Pipeline 'egress': end
[08:37:42.418] [bmv2] [D] [thread 65396] [26.0] [cxt 0] Deparser 'deparser': start
[08:37:42.418] [bmv2] [T] [thread 65396] [26.0] [cxt 0] Skipping checksum 'cksum' update because condition not met
[08:37:42.418] [bmv2] [D] [thread 65396] [26.0] [cxt 0] Deparsing header 'ethernet'
[08:37:42.418] [bmv2] [D] [thread 65396] [26.0] [cxt 0] Deparser 'deparser': end
[08:37:42.418] [bmv2] [D] [thread 65400] [26.0] [cxt 0] Transmitting packet of size 70 out of port 0
[08:37:44.208] [bmv2] [D] [thread 65395] [27.0] [cxt 0] Processing packet received on port 2
[08:37:44.209] [bmv2] [D] [thread 65395] [27.0] [cxt 0] Parser 'parser': start
[08:37:44.209] [bmv2] [D] [thread 65395] [27.0] [cxt 0] Parser 'parser' entering state 'start'
[08:37:44.209] [bmv2] [D] [thread 65395] [27.0] [cxt 0] Extracting header 'ethernet'
[08:37:44.209] [bmv2] [D] [thread 65395] [27.0] [cxt 0] Parser state 'start': key is 86dd
[08:37:44.209] [bmv2] [T] [thread 65395] [27.0] [cxt 0] Bytes parsed: 14
[08:37:44.209] [bmv2] [D] [thread 65395] [27.0] [cxt 0] Parser 'parser': end
[08:37:44.209] [bmv2] [D] [thread 65395] [27.0] [cxt 0] Pipeline 'ingress': start
[08:37:44.209] [bmv2] [T] [thread 65395] [27.0] [cxt 0] load_balance.p4(163) Condition "hdr.ipv4.isValid() && hdr.ipv4.ttl > 0" (node_2) is false
[08:37:44.209] [bmv2] [D] [thread 65395] [27.0] [cxt 0] Pipeline 'ingress': end
[08:37:44.209] [bmv2] [D] [thread 65395] [27.0] [cxt 0] Egress port is 0
[08:37:44.209] [bmv2] [D] [thread 65395] [28.0] [cxt 0] Processing packet received on port 3
[08:37:44.209] [bmv2] [D] [thread 65395] [28.0] [cxt 0] Parser 'parser': start
[08:37:44.209] [bmv2] [D] [thread 65395] [28.0] [cxt 0] Parser 'parser' entering state 'start'
[08:37:44.209] [bmv2] [D] [thread 65395] [28.0] [cxt 0] Extracting header 'ethernet'
[08:37:44.209] [bmv2] [D] [thread 65395] [28.0] [cxt 0] Parser state 'start': key is 86dd
[08:37:44.209] [bmv2] [T] [thread 65395] [28.0] [cxt 0] Bytes parsed: 14
[08:37:44.209] [bmv2] [D] [thread 65395] [28.0] [cxt 0] Parser 'parser': end
[08:37:44.209] [bmv2] [D] [thread 65395] [28.0] [cxt 0] Pipeline 'ingress': start
[08:37:44.209] [bmv2] [T] [thread 65395] [28.0] [cxt 0] load_balance.p4(163) Condition "hdr.ipv4.isValid() && hdr.ipv4.ttl > 0" (node_2) is false
[08:37:44.209] [bmv2] [D] [thread 65395] [28.0] [cxt 0] Pipeline 'ingress': end
[08:37:44.209] [bmv2] [D] [thread 65395] [28.0] [cxt 0] Egress port is 0
[08:37:44.209] [bmv2] [D] [thread 65396] [27.0] [cxt 0] Pipeline 'egress': start
[08:37:44.209] [bmv2] [T] [thread 65396] [27.0] [cxt 0] Applying table 'MyEgress.send_frame'
[08:37:44.209] [bmv2] [D] [thread 65396] [27.0] [cxt 0] Looking up key:
* standard_metadata.egress_port: 0000

[08:37:44.209] [bmv2] [D] [thread 65396] [27.0] [cxt 0] Table 'MyEgress.send_frame': miss
[08:37:44.209] [bmv2] [D] [thread 65396] [27.0] [cxt 0] Action entry is NoAction - 
[08:37:44.209] [bmv2] [T] [thread 65396] [27.0] [cxt 0] Action NoAction
[08:37:44.209] [bmv2] [D] [thread 65396] [27.0] [cxt 0] Pipeline 'egress': end
[08:37:44.209] [bmv2] [D] [thread 65396] [27.0] [cxt 0] Deparser 'deparser': start
[08:37:44.209] [bmv2] [T] [thread 65396] [27.0] [cxt 0] Skipping checksum 'cksum' update because condition not met
[08:37:44.209] [bmv2] [D] [thread 65396] [27.0] [cxt 0] Deparsing header 'ethernet'
[08:37:44.209] [bmv2] [D] [thread 65396] [27.0] [cxt 0] Deparser 'deparser': end
[08:37:44.209] [bmv2] [D] [thread 65396] [28.0] [cxt 0] Pipeline 'egress': start
[08:37:44.209] [bmv2] [T] [thread 65396] [28.0] [cxt 0] Applying table 'MyEgress.send_frame'
[08:37:44.209] [bmv2] [D] [thread 65396] [28.0] [cxt 0] Looking up key:
* standard_metadata.egress_port: 0000

[08:37:44.209] [bmv2] [D] [thread 65396] [28.0] [cxt 0] Table 'MyEgress.send_frame': miss
[08:37:44.209] [bmv2] [D] [thread 65396] [28.0] [cxt 0] Action entry is NoAction - 
[08:37:44.209] [bmv2] [T] [thread 65396] [28.0] [cxt 0] Action NoAction
[08:37:44.209] [bmv2] [D] [thread 65396] [28.0] [cxt 0] Pipeline 'egress': end
[08:37:44.209] [bmv2] [D] [thread 65396] [28.0] [cxt 0] Deparser 'deparser': start
[08:37:44.209] [bmv2] [T] [thread 65396] [28.0] [cxt 0] Skipping checksum 'cksum' update because condition not met
[08:37:44.209] [bmv2] [D] [thread 65396] [28.0] [cxt 0] Deparsing header 'ethernet'
[08:37:44.209] [bmv2] [D] [thread 65396] [28.0] [cxt 0] Deparser 'deparser': end
[08:37:44.210] [bmv2] [D] [thread 65400] [27.0] [cxt 0] Transmitting packet of size 70 out of port 0
[08:37:44.210] [bmv2] [D] [thread 65400] [28.0] [cxt 0] Transmitting packet of size 70 out of port 0
[08:37:44.721] [bmv2] [D] [thread 65395] [29.0] [cxt 0] Processing packet received on port 3
[08:37:44.721] [bmv2] [D] [thread 65395] [29.0] [cxt 0] Parser 'parser': start
[08:37:44.721] [bmv2] [D] [thread 65395] [29.0] [cxt 0] Parser 'parser' entering state 'start'
[08:37:44.721] [bmv2] [D] [thread 65395] [29.0] [cxt 0] Extracting header 'ethernet'
[08:37:44.721] [bmv2] [D] [thread 65395] [29.0] [cxt 0] Parser state 'start': key is 86dd
[08:37:44.721] [bmv2] [T] [thread 65395] [29.0] [cxt 0] Bytes parsed: 14
[08:37:44.721] [bmv2] [D] [thread 65395] [29.0] [cxt 0] Parser 'parser': end
[08:37:44.721] [bmv2] [D] [thread 65395] [29.0] [cxt 0] Pipeline 'ingress': start
[08:37:44.721] [bmv2] [T] [thread 65395] [29.0] [cxt 0] load_balance.p4(163) Condition "hdr.ipv4.isValid() && hdr.ipv4.ttl > 0" (node_2) is false
[08:37:44.721] [bmv2] [D] [thread 65395] [29.0] [cxt 0] Pipeline 'ingress': end
[08:37:44.721] [bmv2] [D] [thread 65395] [29.0] [cxt 0] Egress port is 0
[08:37:44.721] [bmv2] [D] [thread 65396] [29.0] [cxt 0] Pipeline 'egress': start
[08:37:44.721] [bmv2] [T] [thread 65396] [29.0] [cxt 0] Applying table 'MyEgress.send_frame'
[08:37:44.722] [bmv2] [D] [thread 65396] [29.0] [cxt 0] Looking up key:
* standard_metadata.egress_port: 0000

[08:37:44.722] [bmv2] [D] [thread 65396] [29.0] [cxt 0] Table 'MyEgress.send_frame': miss
[08:37:44.722] [bmv2] [D] [thread 65396] [29.0] [cxt 0] Action entry is NoAction - 
[08:37:44.722] [bmv2] [T] [thread 65396] [29.0] [cxt 0] Action NoAction
[08:37:44.722] [bmv2] [D] [thread 65396] [29.0] [cxt 0] Pipeline 'egress': end
[08:37:44.722] [bmv2] [D] [thread 65396] [29.0] [cxt 0] Deparser 'deparser': start
[08:37:44.722] [bmv2] [T] [thread 65396] [29.0] [cxt 0] Skipping checksum 'cksum' update because condition not met
[08:37:44.722] [bmv2] [D] [thread 65396] [29.0] [cxt 0] Deparsing header 'ethernet'
[08:37:44.722] [bmv2] [D] [thread 65396] [29.0] [cxt 0] Deparser 'deparser': end
[08:37:44.723] [bmv2] [D] [thread 65400] [29.0] [cxt 0] Transmitting packet of size 70 out of port 0
[08:37:56.241] [bmv2] [D] [thread 65395] [30.0] [cxt 0] Processing packet received on port 2
[08:37:56.241] [bmv2] [D] [thread 65395] [30.0] [cxt 0] Parser 'parser': start
[08:37:56.241] [bmv2] [D] [thread 65395] [30.0] [cxt 0] Parser 'parser' entering state 'start'
[08:37:56.241] [bmv2] [D] [thread 65395] [30.0] [cxt 0] Extracting header 'ethernet'
[08:37:56.241] [bmv2] [D] [thread 65395] [30.0] [cxt 0] Parser state 'start': key is 86dd
[08:37:56.241] [bmv2] [T] [thread 65395] [30.0] [cxt 0] Bytes parsed: 14
[08:37:56.241] [bmv2] [D] [thread 65395] [30.0] [cxt 0] Parser 'parser': end
[08:37:56.241] [bmv2] [D] [thread 65395] [30.0] [cxt 0] Pipeline 'ingress': start
[08:37:56.241] [bmv2] [T] [thread 65395] [30.0] [cxt 0] load_balance.p4(163) Condition "hdr.ipv4.isValid() && hdr.ipv4.ttl > 0" (node_2) is false
[08:37:56.241] [bmv2] [D] [thread 65395] [30.0] [cxt 0] Pipeline 'ingress': end
[08:37:56.241] [bmv2] [D] [thread 65395] [30.0] [cxt 0] Egress port is 0
[08:37:56.242] [bmv2] [D] [thread 65396] [30.0] [cxt 0] Pipeline 'egress': start
[08:37:56.242] [bmv2] [T] [thread 65396] [30.0] [cxt 0] Applying table 'MyEgress.send_frame'
[08:37:56.242] [bmv2] [D] [thread 65396] [30.0] [cxt 0] Looking up key:
* standard_metadata.egress_port: 0000

[08:37:56.242] [bmv2] [D] [thread 65396] [30.0] [cxt 0] Table 'MyEgress.send_frame': miss
[08:37:56.242] [bmv2] [D] [thread 65396] [30.0] [cxt 0] Action entry is NoAction - 
[08:37:56.242] [bmv2] [T] [thread 65396] [30.0] [cxt 0] Action NoAction
[08:37:56.242] [bmv2] [D] [thread 65396] [30.0] [cxt 0] Pipeline 'egress': end
[08:37:56.242] [bmv2] [D] [thread 65396] [30.0] [cxt 0] Deparser 'deparser': start
[08:37:56.242] [bmv2] [T] [thread 65396] [30.0] [cxt 0] Skipping checksum 'cksum' update because condition not met
[08:37:56.242] [bmv2] [D] [thread 65396] [30.0] [cxt 0] Deparsing header 'ethernet'
[08:37:56.242] [bmv2] [D] [thread 65396] [30.0] [cxt 0] Deparser 'deparser': end
[08:37:56.242] [bmv2] [D] [thread 65400] [30.0] [cxt 0] Transmitting packet of size 70 out of port 0
[08:37:57.524] [bmv2] [D] [thread 65395] [31.0] [cxt 0] Processing packet received on port 1
[08:37:57.524] [bmv2] [D] [thread 65395] [31.0] [cxt 0] Parser 'parser': start
[08:37:57.524] [bmv2] [D] [thread 65395] [31.0] [cxt 0] Parser 'parser' entering state 'start'
[08:37:57.524] [bmv2] [D] [thread 65395] [31.0] [cxt 0] Extracting header 'ethernet'
[08:37:57.524] [bmv2] [D] [thread 65395] [31.0] [cxt 0] Parser state 'start': key is 86dd
[08:37:57.524] [bmv2] [T] [thread 65395] [31.0] [cxt 0] Bytes parsed: 14
[08:37:57.524] [bmv2] [D] [thread 65395] [31.0] [cxt 0] Parser 'parser': end
[08:37:57.524] [bmv2] [D] [thread 65395] [31.0] [cxt 0] Pipeline 'ingress': start
[08:37:57.524] [bmv2] [T] [thread 65395] [31.0] [cxt 0] load_balance.p4(163) Condition "hdr.ipv4.isValid() && hdr.ipv4.ttl > 0" (node_2) is false
[08:37:57.524] [bmv2] [D] [thread 65395] [31.0] [cxt 0] Pipeline 'ingress': end
[08:37:57.524] [bmv2] [D] [thread 65395] [31.0] [cxt 0] Egress port is 0
[08:37:57.524] [bmv2] [D] [thread 65396] [31.0] [cxt 0] Pipeline 'egress': start
[08:37:57.524] [bmv2] [T] [thread 65396] [31.0] [cxt 0] Applying table 'MyEgress.send_frame'
[08:37:57.524] [bmv2] [D] [thread 65396] [31.0] [cxt 0] Looking up key:
* standard_metadata.egress_port: 0000

[08:37:57.524] [bmv2] [D] [thread 65396] [31.0] [cxt 0] Table 'MyEgress.send_frame': miss
[08:37:57.524] [bmv2] [D] [thread 65396] [31.0] [cxt 0] Action entry is NoAction - 
[08:37:57.524] [bmv2] [T] [thread 65396] [31.0] [cxt 0] Action NoAction
[08:37:57.524] [bmv2] [D] [thread 65396] [31.0] [cxt 0] Pipeline 'egress': end
[08:37:57.524] [bmv2] [D] [thread 65396] [31.0] [cxt 0] Deparser 'deparser': start
[08:37:57.524] [bmv2] [T] [thread 65396] [31.0] [cxt 0] Skipping checksum 'cksum' update because condition not met
[08:37:57.524] [bmv2] [D] [thread 65396] [31.0] [cxt 0] Deparsing header 'ethernet'
[08:37:57.524] [bmv2] [D] [thread 65396] [31.0] [cxt 0] Deparser 'deparser': end
[08:37:57.524] [bmv2] [D] [thread 65400] [31.0] [cxt 0] Transmitting packet of size 70 out of port 0
[08:38:01.873] [bmv2] [D] [thread 65395] [32.0] [cxt 0] Processing packet received on port 3
[08:38:01.873] [bmv2] [D] [thread 65395] [32.0] [cxt 0] Parser 'parser': start
[08:38:01.873] [bmv2] [D] [thread 65395] [32.0] [cxt 0] Parser 'parser' entering state 'start'
[08:38:01.873] [bmv2] [D] [thread 65395] [32.0] [cxt 0] Extracting header 'ethernet'
[08:38:01.873] [bmv2] [D] [thread 65395] [32.0] [cxt 0] Parser state 'start': key is 86dd
[08:38:01.873] [bmv2] [T] [thread 65395] [32.0] [cxt 0] Bytes parsed: 14
[08:38:01.873] [bmv2] [D] [thread 65395] [32.0] [cxt 0] Parser 'parser': end
[08:38:01.873] [bmv2] [D] [thread 65395] [32.0] [cxt 0] Pipeline 'ingress': start
[08:38:01.873] [bmv2] [T] [thread 65395] [32.0] [cxt 0] load_balance.p4(163) Condition "hdr.ipv4.isValid() && hdr.ipv4.ttl > 0" (node_2) is false
[08:38:01.873] [bmv2] [D] [thread 65395] [32.0] [cxt 0] Pipeline 'ingress': end
[08:38:01.873] [bmv2] [D] [thread 65395] [32.0] [cxt 0] Egress port is 0
[08:38:01.873] [bmv2] [D] [thread 65395] [33.0] [cxt 0] Processing packet received on port 3
[08:38:01.873] [bmv2] [D] [thread 65395] [33.0] [cxt 0] Parser 'parser': start
[08:38:01.873] [bmv2] [D] [thread 65395] [33.0] [cxt 0] Parser 'parser' entering state 'start'
[08:38:01.873] [bmv2] [D] [thread 65395] [33.0] [cxt 0] Extracting header 'ethernet'
[08:38:01.873] [bmv2] [D] [thread 65395] [33.0] [cxt 0] Parser state 'start': key is 86dd
[08:38:01.873] [bmv2] [T] [thread 65395] [33.0] [cxt 0] Bytes parsed: 14
[08:38:01.873] [bmv2] [D] [thread 65395] [33.0] [cxt 0] Parser 'parser': end
[08:38:01.873] [bmv2] [D] [thread 65395] [33.0] [cxt 0] Pipeline 'ingress': start
[08:38:01.873] [bmv2] [T] [thread 65395] [33.0] [cxt 0] load_balance.p4(163) Condition "hdr.ipv4.isValid() && hdr.ipv4.ttl > 0" (node_2) is false
[08:38:01.873] [bmv2] [D] [thread 65395] [33.0] [cxt 0] Pipeline 'ingress': end
[08:38:01.873] [bmv2] [D] [thread 65395] [33.0] [cxt 0] Egress port is 0
[08:38:01.874] [bmv2] [D] [thread 65396] [32.0] [cxt 0] Pipeline 'egress': start
[08:38:01.874] [bmv2] [T] [thread 65396] [32.0] [cxt 0] Applying table 'MyEgress.send_frame'
[08:38:01.874] [bmv2] [D] [thread 65396] [32.0] [cxt 0] Looking up key:
* standard_metadata.egress_port: 0000

[08:38:01.874] [bmv2] [D] [thread 65396] [32.0] [cxt 0] Table 'MyEgress.send_frame': miss
[08:38:01.874] [bmv2] [D] [thread 65396] [32.0] [cxt 0] Action entry is NoAction - 
[08:38:01.874] [bmv2] [T] [thread 65396] [32.0] [cxt 0] Action NoAction
[08:38:01.874] [bmv2] [D] [thread 65396] [32.0] [cxt 0] Pipeline 'egress': end
[08:38:01.874] [bmv2] [D] [thread 65396] [32.0] [cxt 0] Deparser 'deparser': start
[08:38:01.874] [bmv2] [T] [thread 65396] [32.0] [cxt 0] Skipping checksum 'cksum' update because condition not met
[08:38:01.874] [bmv2] [D] [thread 65396] [32.0] [cxt 0] Deparsing header 'ethernet'
[08:38:01.874] [bmv2] [D] [thread 65396] [32.0] [cxt 0] Deparser 'deparser': end
[08:38:01.874] [bmv2] [D] [thread 65396] [33.0] [cxt 0] Pipeline 'egress': start
[08:38:01.874] [bmv2] [T] [thread 65396] [33.0] [cxt 0] Applying table 'MyEgress.send_frame'
[08:38:01.874] [bmv2] [D] [thread 65396] [33.0] [cxt 0] Looking up key:
* standard_metadata.egress_port: 0000

[08:38:01.874] [bmv2] [D] [thread 65396] [33.0] [cxt 0] Table 'MyEgress.send_frame': miss
[08:38:01.874] [bmv2] [D] [thread 65396] [33.0] [cxt 0] Action entry is NoAction - 
[08:38:01.874] [bmv2] [T] [thread 65396] [33.0] [cxt 0] Action NoAction
[08:38:01.874] [bmv2] [D] [thread 65396] [33.0] [cxt 0] Pipeline 'egress': end
[08:38:01.874] [bmv2] [D] [thread 65396] [33.0] [cxt 0] Deparser 'deparser': start
[08:38:01.874] [bmv2] [T] [thread 65396] [33.0] [cxt 0] Skipping checksum 'cksum' update because condition not met
[08:38:01.874] [bmv2] [D] [thread 65396] [33.0] [cxt 0] Deparsing header 'ethernet'
[08:38:01.874] [bmv2] [D] [thread 65396] [33.0] [cxt 0] Deparser 'deparser': end
[08:38:01.874] [bmv2] [D] [thread 65400] [32.0] [cxt 0] Transmitting packet of size 70 out of port 0
[08:38:01.874] [bmv2] [D] [thread 65400] [33.0] [cxt 0] Transmitting packet of size 70 out of port 0
[08:38:03.923] [bmv2] [D] [thread 65395] [34.0] [cxt 0] Processing packet received on port 2
[08:38:03.923] [bmv2] [D] [thread 65395] [34.0] [cxt 0] Parser 'parser': start
[08:38:03.923] [bmv2] [D] [thread 65395] [34.0] [cxt 0] Parser 'parser' entering state 'start'
[08:38:03.923] [bmv2] [D] [thread 65395] [34.0] [cxt 0] Extracting header 'ethernet'
[08:38:03.923] [bmv2] [D] [thread 65395] [34.0] [cxt 0] Parser state 'start': key is 86dd
[08:38:03.923] [bmv2] [T] [thread 65395] [34.0] [cxt 0] Bytes parsed: 14
[08:38:03.923] [bmv2] [D] [thread 65395] [34.0] [cxt 0] Parser 'parser': end
[08:38:03.923] [bmv2] [D] [thread 65395] [34.0] [cxt 0] Pipeline 'ingress': start
[08:38:03.923] [bmv2] [T] [thread 65395] [34.0] [cxt 0] load_balance.p4(163) Condition "hdr.ipv4.isValid() && hdr.ipv4.ttl > 0" (node_2) is false
[08:38:03.923] [bmv2] [D] [thread 65395] [34.0] [cxt 0] Pipeline 'ingress': end
[08:38:03.923] [bmv2] [D] [thread 65395] [34.0] [cxt 0] Egress port is 0
[08:38:03.923] [bmv2] [D] [thread 65396] [34.0] [cxt 0] Pipeline 'egress': start
[08:38:03.923] [bmv2] [T] [thread 65396] [34.0] [cxt 0] Applying table 'MyEgress.send_frame'
[08:38:03.923] [bmv2] [D] [thread 65396] [34.0] [cxt 0] Looking up key:
* standard_metadata.egress_port: 0000

[08:38:03.923] [bmv2] [D] [thread 65396] [34.0] [cxt 0] Table 'MyEgress.send_frame': miss
[08:38:03.923] [bmv2] [D] [thread 65396] [34.0] [cxt 0] Action entry is NoAction - 
[08:38:03.923] [bmv2] [T] [thread 65396] [34.0] [cxt 0] Action NoAction
[08:38:03.923] [bmv2] [D] [thread 65396] [34.0] [cxt 0] Pipeline 'egress': end
[08:38:03.923] [bmv2] [D] [thread 65396] [34.0] [cxt 0] Deparser 'deparser': start
[08:38:03.923] [bmv2] [T] [thread 65396] [34.0] [cxt 0] Skipping checksum 'cksum' update because condition not met
[08:38:03.923] [bmv2] [D] [thread 65396] [34.0] [cxt 0] Deparsing header 'ethernet'
[08:38:03.923] [bmv2] [D] [thread 65396] [34.0] [cxt 0] Deparser 'deparser': end
[08:38:03.923] [bmv2] [D] [thread 65400] [34.0] [cxt 0] Transmitting packet of size 70 out of port 0
[08:38:13.735] [bmv2] [D] [thread 65395] [35.0] [cxt 0] Processing packet received on port 1
[08:38:13.735] [bmv2] [D] [thread 65395] [35.0] [cxt 0] Parser 'parser': start
[08:38:13.735] [bmv2] [D] [thread 65395] [35.0] [cxt 0] Parser 'parser' entering state 'start'
[08:38:13.735] [bmv2] [D] [thread 65395] [35.0] [cxt 0] Extracting header 'ethernet'
[08:38:13.735] [bmv2] [D] [thread 65395] [35.0] [cxt 0] Parser state 'start': key is 0800
[08:38:13.735] [bmv2] [T] [thread 65395] [35.0] [cxt 0] Bytes parsed: 14
[08:38:13.735] [bmv2] [D] [thread 65395] [35.0] [cxt 0] Parser 'parser' entering state 'parse_ipv4'
[08:38:13.735] [bmv2] [D] [thread 65395] [35.0] [cxt 0] Extracting header 'ipv4'
[08:38:13.735] [bmv2] [D] [thread 65395] [35.0] [cxt 0] Parser state 'parse_ipv4': key is 06
[08:38:13.735] [bmv2] [T] [thread 65395] [35.0] [cxt 0] Bytes parsed: 34
[08:38:13.735] [bmv2] [D] [thread 65395] [35.0] [cxt 0] Parser 'parser' entering state 'parse_tcp'
[08:38:13.735] [bmv2] [D] [thread 65395] [35.0] [cxt 0] Extracting header 'tcp'
[08:38:13.735] [bmv2] [D] [thread 65395] [35.0] [cxt 0] Parser state 'parse_tcp' has no switch, going to default next state
[08:38:13.735] [bmv2] [T] [thread 65395] [35.0] [cxt 0] Bytes parsed: 54
[08:38:13.735] [bmv2] [D] [thread 65395] [35.0] [cxt 0] Parser 'parser': end
[08:38:13.735] [bmv2] [D] [thread 65395] [35.0] [cxt 0] Pipeline 'ingress': start
[08:38:13.735] [bmv2] [T] [thread 65395] [35.0] [cxt 0] load_balance.p4(163) Condition "hdr.ipv4.isValid() && hdr.ipv4.ttl > 0" (node_2) is true
[08:38:13.736] [bmv2] [T] [thread 65395] [35.0] [cxt 0] Applying table 'MyIngress.ecmp_group'
[08:38:13.736] [bmv2] [D] [thread 65395] [35.0] [cxt 0] Looking up key:
* hdr.ipv4.dstAddr    : 0a000001

[08:38:13.736] [bmv2] [D] [thread 65395] [35.0] [cxt 0] Table 'MyIngress.ecmp_group': hit with handle 0
[08:38:13.736] [bmv2] [D] [thread 65395] [35.0] [cxt 0] Dumping entry 0
Match key:
* hdr.ipv4.dstAddr    : LPM       0a000001/32
Action entry: MyIngress.set_mp_select - 0,2,

[08:38:13.736] [bmv2] [D] [thread 65395] [35.0] [cxt 0] Action entry is MyIngress.set_mp_select - 0,2,
[08:38:13.736] [bmv2] [T] [thread 65395] [35.0] [cxt 0] Action MyIngress.set_mp_select
[08:38:13.736] [bmv2] [T] [thread 65395] [35.0] [cxt 0] load_balance.p4(119) Primitive hdr.ipv4.srcAddr
[08:38:13.736] [bmv2] [T] [thread 65395] [35.0] [cxt 0] load_balance.p4(120) Primitive hdr.ipv4.dstAddr
[08:38:13.736] [bmv2] [T] [thread 65395] [35.0] [cxt 0] load_balance.p4(121) Primitive hdr.ipv4.protocol
[08:38:13.736] [bmv2] [T] [thread 65395] [35.0] [cxt 0] load_balance.p4(122) Primitive hdr.tcp.srcPort
[08:38:13.736] [bmv2] [T] [thread 65395] [35.0] [cxt 0] load_balance.p4(123) Primitive hdr.tcp.dstPort
[08:38:13.736] [bmv2] [T] [thread 65395] [35.0] [cxt 0] load_balance.p4(115) Primitive hash( ...
[08:38:13.736] [bmv2] [T] [thread 65395] [35.0] [cxt 0] hash(base=0, max=2) = 1
[08:38:13.736] [bmv2] [T] [thread 65395] [35.0] [cxt 0] Applying table 'MyIngress.ecmp_nhop'
[08:38:13.736] [bmv2] [D] [thread 65395] [35.0] [cxt 0] Looking up key:
* meta.mp_select      : 0001

[08:38:13.736] [bmv2] [D] [thread 65395] [35.0] [cxt 0] Table 'MyIngress.ecmp_nhop': hit with handle 1
[08:38:13.736] [bmv2] [D] [thread 65395] [35.0] [cxt 0] Dumping entry 1
Match key:
* meta.mp_select      : EXACT     0001
Action entry: MyIngress.set_nhop - 80000000303,a000303,3,

[08:38:13.736] [bmv2] [D] [thread 65395] [35.0] [cxt 0] Action entry is MyIngress.set_nhop - 80000000303,a000303,3,
[08:38:13.736] [bmv2] [T] [thread 65395] [35.0] [cxt 0] Action MyIngress.set_nhop
[08:38:13.736] [bmv2] [T] [thread 65395] [35.0] [cxt 0] load_balance.p4(137) Primitive hdr.ethernet.dstAddr = nhop_dmac
[08:38:13.736] [bmv2] [T] [thread 65395] [35.0] [cxt 0] load_balance.p4(138) Primitive hdr.ipv4.dstAddr = nhop_ipv4
[08:38:13.736] [bmv2] [T] [thread 65395] [35.0] [cxt 0] load_balance.p4(139) Primitive standard_metadata.egress_spec = port
[08:38:13.736] [bmv2] [T] [thread 65395] [35.0] [cxt 0] load_balance.p4(140) Primitive hdr.ipv4.ttl = hdr.ipv4.ttl - 1
[08:38:13.736] [bmv2] [D] [thread 65395] [35.0] [cxt 0] Pipeline 'ingress': end
[08:38:13.736] [bmv2] [D] [thread 65395] [35.0] [cxt 0] Egress port is 3
[08:38:13.737] [bmv2] [D] [thread 65399] [35.0] [cxt 0] Pipeline 'egress': start
[08:38:13.737] [bmv2] [T] [thread 65399] [35.0] [cxt 0] Applying table 'MyEgress.send_frame'
[08:38:13.737] [bmv2] [D] [thread 65399] [35.0] [cxt 0] Looking up key:
* standard_metadata.egress_port: 0003

[08:38:13.737] [bmv2] [D] [thread 65399] [35.0] [cxt 0] Table 'MyEgress.send_frame': hit with handle 1
[08:38:13.737] [bmv2] [D] [thread 65399] [35.0] [cxt 0] Dumping entry 1
Match key:
* standard_metadata.egress_port: EXACT     0003
Action entry: MyEgress.rewrite_mac - 80000000100,

[08:38:13.737] [bmv2] [D] [thread 65399] [35.0] [cxt 0] Action entry is MyEgress.rewrite_mac - 80000000100,
[08:38:13.737] [bmv2] [T] [thread 65399] [35.0] [cxt 0] Action MyEgress.rewrite_mac
[08:38:13.737] [bmv2] [T] [thread 65399] [35.0] [cxt 0] load_balance.p4(179) Primitive hdr.ethernet.srcAddr = smac
[08:38:13.737] [bmv2] [D] [thread 65399] [35.0] [cxt 0] Pipeline 'egress': end
[08:38:13.737] [bmv2] [D] [thread 65399] [35.0] [cxt 0] Deparser 'deparser': start
[08:38:13.737] [bmv2] [D] [thread 65399] [35.0] [cxt 0] Updating checksum 'cksum'
[08:38:13.737] [bmv2] [D] [thread 65399] [35.0] [cxt 0] Deparsing header 'ethernet'
[08:38:13.737] [bmv2] [D] [thread 65399] [35.0] [cxt 0] Deparsing header 'ipv4'
[08:38:13.737] [bmv2] [D] [thread 65399] [35.0] [cxt 0] Deparsing header 'tcp'
[08:38:13.737] [bmv2] [D] [thread 65399] [35.0] [cxt 0] Deparser 'deparser': end
[08:38:13.737] [bmv2] [D] [thread 65400] [35.0] [cxt 0] Transmitting packet of size 60 out of port 3
[08:38:17.858] [bmv2] [D] [thread 65395] [36.0] [cxt 0] Processing packet received on port 1
[08:38:17.858] [bmv2] [D] [thread 65395] [36.0] [cxt 0] Parser 'parser': start
[08:38:17.858] [bmv2] [D] [thread 65395] [36.0] [cxt 0] Parser 'parser' entering state 'start'
[08:38:17.858] [bmv2] [D] [thread 65395] [36.0] [cxt 0] Extracting header 'ethernet'
[08:38:17.858] [bmv2] [D] [thread 65395] [36.0] [cxt 0] Parser state 'start': key is 0800
[08:38:17.858] [bmv2] [T] [thread 65395] [36.0] [cxt 0] Bytes parsed: 14
[08:38:17.858] [bmv2] [D] [thread 65395] [36.0] [cxt 0] Parser 'parser' entering state 'parse_ipv4'
[08:38:17.858] [bmv2] [D] [thread 65395] [36.0] [cxt 0] Extracting header 'ipv4'
[08:38:17.858] [bmv2] [D] [thread 65395] [36.0] [cxt 0] Parser state 'parse_ipv4': key is 06
[08:38:17.858] [bmv2] [T] [thread 65395] [36.0] [cxt 0] Bytes parsed: 34
[08:38:17.858] [bmv2] [D] [thread 65395] [36.0] [cxt 0] Parser 'parser' entering state 'parse_tcp'
[08:38:17.858] [bmv2] [D] [thread 65395] [36.0] [cxt 0] Extracting header 'tcp'
[08:38:17.858] [bmv2] [D] [thread 65395] [36.0] [cxt 0] Parser state 'parse_tcp' has no switch, going to default next state
[08:38:17.858] [bmv2] [T] [thread 65395] [36.0] [cxt 0] Bytes parsed: 54
[08:38:17.858] [bmv2] [D] [thread 65395] [36.0] [cxt 0] Parser 'parser': end
[08:38:17.858] [bmv2] [D] [thread 65395] [36.0] [cxt 0] Pipeline 'ingress': start
[08:38:17.859] [bmv2] [T] [thread 65395] [36.0] [cxt 0] load_balance.p4(163) Condition "hdr.ipv4.isValid() && hdr.ipv4.ttl > 0" (node_2) is true
[08:38:17.859] [bmv2] [T] [thread 65395] [36.0] [cxt 0] Applying table 'MyIngress.ecmp_group'
[08:38:17.859] [bmv2] [D] [thread 65395] [36.0] [cxt 0] Looking up key:
* hdr.ipv4.dstAddr    : 0a000001

[08:38:17.859] [bmv2] [D] [thread 65395] [36.0] [cxt 0] Table 'MyIngress.ecmp_group': hit with handle 0
[08:38:17.859] [bmv2] [D] [thread 65395] [36.0] [cxt 0] Dumping entry 0
Match key:
* hdr.ipv4.dstAddr    : LPM       0a000001/32
Action entry: MyIngress.set_mp_select - 0,2,

[08:38:17.859] [bmv2] [D] [thread 65395] [36.0] [cxt 0] Action entry is MyIngress.set_mp_select - 0,2,
[08:38:17.859] [bmv2] [T] [thread 65395] [36.0] [cxt 0] Action MyIngress.set_mp_select
[08:38:17.859] [bmv2] [T] [thread 65395] [36.0] [cxt 0] load_balance.p4(119) Primitive hdr.ipv4.srcAddr
[08:38:17.859] [bmv2] [T] [thread 65395] [36.0] [cxt 0] load_balance.p4(120) Primitive hdr.ipv4.dstAddr
[08:38:17.859] [bmv2] [T] [thread 65395] [36.0] [cxt 0] load_balance.p4(121) Primitive hdr.ipv4.protocol
[08:38:17.859] [bmv2] [T] [thread 65395] [36.0] [cxt 0] load_balance.p4(122) Primitive hdr.tcp.srcPort
[08:38:17.859] [bmv2] [T] [thread 65395] [36.0] [cxt 0] load_balance.p4(123) Primitive hdr.tcp.dstPort
[08:38:17.859] [bmv2] [T] [thread 65395] [36.0] [cxt 0] load_balance.p4(115) Primitive hash( ...
[08:38:17.859] [bmv2] [T] [thread 65395] [36.0] [cxt 0] hash(base=0, max=2) = 1
[08:38:17.859] [bmv2] [T] [thread 65395] [36.0] [cxt 0] Applying table 'MyIngress.ecmp_nhop'
[08:38:17.859] [bmv2] [D] [thread 65395] [36.0] [cxt 0] Looking up key:
* meta.mp_select      : 0001

[08:38:17.859] [bmv2] [D] [thread 65395] [36.0] [cxt 0] Table 'MyIngress.ecmp_nhop': hit with handle 1
[08:38:17.859] [bmv2] [D] [thread 65395] [36.0] [cxt 0] Dumping entry 1
Match key:
* meta.mp_select      : EXACT     0001
Action entry: MyIngress.set_nhop - 80000000303,a000303,3,

[08:38:17.859] [bmv2] [D] [thread 65395] [36.0] [cxt 0] Action entry is MyIngress.set_nhop - 80000000303,a000303,3,
[08:38:17.859] [bmv2] [T] [thread 65395] [36.0] [cxt 0] Action MyIngress.set_nhop
[08:38:17.859] [bmv2] [T] [thread 65395] [36.0] [cxt 0] load_balance.p4(137) Primitive hdr.ethernet.dstAddr = nhop_dmac
[08:38:17.859] [bmv2] [T] [thread 65395] [36.0] [cxt 0] load_balance.p4(138) Primitive hdr.ipv4.dstAddr = nhop_ipv4
[08:38:17.859] [bmv2] [T] [thread 65395] [36.0] [cxt 0] load_balance.p4(139) Primitive standard_metadata.egress_spec = port
[08:38:17.859] [bmv2] [T] [thread 65395] [36.0] [cxt 0] load_balance.p4(140) Primitive hdr.ipv4.ttl = hdr.ipv4.ttl - 1
[08:38:17.859] [bmv2] [D] [thread 65395] [36.0] [cxt 0] Pipeline 'ingress': end
[08:38:17.859] [bmv2] [D] [thread 65395] [36.0] [cxt 0] Egress port is 3
[08:38:17.859] [bmv2] [D] [thread 65399] [36.0] [cxt 0] Pipeline 'egress': start
[08:38:17.859] [bmv2] [T] [thread 65399] [36.0] [cxt 0] Applying table 'MyEgress.send_frame'
[08:38:17.859] [bmv2] [D] [thread 65399] [36.0] [cxt 0] Looking up key:
* standard_metadata.egress_port: 0003

[08:38:17.859] [bmv2] [D] [thread 65399] [36.0] [cxt 0] Table 'MyEgress.send_frame': hit with handle 1
[08:38:17.859] [bmv2] [D] [thread 65399] [36.0] [cxt 0] Dumping entry 1
Match key:
* standard_metadata.egress_port: EXACT     0003
Action entry: MyEgress.rewrite_mac - 80000000100,

[08:38:17.859] [bmv2] [D] [thread 65399] [36.0] [cxt 0] Action entry is MyEgress.rewrite_mac - 80000000100,
[08:38:17.859] [bmv2] [T] [thread 65399] [36.0] [cxt 0] Action MyEgress.rewrite_mac
[08:38:17.859] [bmv2] [T] [thread 65399] [36.0] [cxt 0] load_balance.p4(179) Primitive hdr.ethernet.srcAddr = smac
[08:38:17.859] [bmv2] [D] [thread 65399] [36.0] [cxt 0] Pipeline 'egress': end
[08:38:17.859] [bmv2] [D] [thread 65399] [36.0] [cxt 0] Deparser 'deparser': start
[08:38:17.859] [bmv2] [D] [thread 65399] [36.0] [cxt 0] Updating checksum 'cksum'
[08:38:17.859] [bmv2] [D] [thread 65399] [36.0] [cxt 0] Deparsing header 'ethernet'
[08:38:17.859] [bmv2] [D] [thread 65399] [36.0] [cxt 0] Deparsing header 'ipv4'
[08:38:17.859] [bmv2] [D] [thread 65399] [36.0] [cxt 0] Deparsing header 'tcp'
[08:38:17.859] [bmv2] [D] [thread 65399] [36.0] [cxt 0] Deparser 'deparser': end
[08:38:17.859] [bmv2] [D] [thread 65400] [36.0] [cxt 0] Transmitting packet of size 60 out of port 3
[08:38:19.366] [bmv2] [D] [thread 65395] [37.0] [cxt 0] Processing packet received on port 1
[08:38:19.366] [bmv2] [D] [thread 65395] [37.0] [cxt 0] Parser 'parser': start
[08:38:19.366] [bmv2] [D] [thread 65395] [37.0] [cxt 0] Parser 'parser' entering state 'start'
[08:38:19.366] [bmv2] [D] [thread 65395] [37.0] [cxt 0] Extracting header 'ethernet'
[08:38:19.366] [bmv2] [D] [thread 65395] [37.0] [cxt 0] Parser state 'start': key is 0800
[08:38:19.366] [bmv2] [T] [thread 65395] [37.0] [cxt 0] Bytes parsed: 14
[08:38:19.366] [bmv2] [D] [thread 65395] [37.0] [cxt 0] Parser 'parser' entering state 'parse_ipv4'
[08:38:19.366] [bmv2] [D] [thread 65395] [37.0] [cxt 0] Extracting header 'ipv4'
[08:38:19.366] [bmv2] [D] [thread 65395] [37.0] [cxt 0] Parser state 'parse_ipv4': key is 06
[08:38:19.366] [bmv2] [T] [thread 65395] [37.0] [cxt 0] Bytes parsed: 34
[08:38:19.366] [bmv2] [D] [thread 65395] [37.0] [cxt 0] Parser 'parser' entering state 'parse_tcp'
[08:38:19.366] [bmv2] [D] [thread 65395] [37.0] [cxt 0] Extracting header 'tcp'
[08:38:19.366] [bmv2] [D] [thread 65395] [37.0] [cxt 0] Parser state 'parse_tcp' has no switch, going to default next state
[08:38:19.366] [bmv2] [T] [thread 65395] [37.0] [cxt 0] Bytes parsed: 54
[08:38:19.366] [bmv2] [D] [thread 65395] [37.0] [cxt 0] Parser 'parser': end
[08:38:19.366] [bmv2] [D] [thread 65395] [37.0] [cxt 0] Pipeline 'ingress': start
[08:38:19.366] [bmv2] [T] [thread 65395] [37.0] [cxt 0] load_balance.p4(163) Condition "hdr.ipv4.isValid() && hdr.ipv4.ttl > 0" (node_2) is true
[08:38:19.366] [bmv2] [T] [thread 65395] [37.0] [cxt 0] Applying table 'MyIngress.ecmp_group'
[08:38:19.366] [bmv2] [D] [thread 65395] [37.0] [cxt 0] Looking up key:
* hdr.ipv4.dstAddr    : 0a000001

[08:38:19.367] [bmv2] [D] [thread 65395] [37.0] [cxt 0] Table 'MyIngress.ecmp_group': hit with handle 0
[08:38:19.367] [bmv2] [D] [thread 65395] [37.0] [cxt 0] Dumping entry 0
Match key:
* hdr.ipv4.dstAddr    : LPM       0a000001/32
Action entry: MyIngress.set_mp_select - 0,2,

[08:38:19.367] [bmv2] [D] [thread 65395] [37.0] [cxt 0] Action entry is MyIngress.set_mp_select - 0,2,
[08:38:19.367] [bmv2] [T] [thread 65395] [37.0] [cxt 0] Action MyIngress.set_mp_select
[08:38:19.367] [bmv2] [T] [thread 65395] [37.0] [cxt 0] load_balance.p4(119) Primitive hdr.ipv4.srcAddr
[08:38:19.367] [bmv2] [T] [thread 65395] [37.0] [cxt 0] load_balance.p4(120) Primitive hdr.ipv4.dstAddr
[08:38:19.367] [bmv2] [T] [thread 65395] [37.0] [cxt 0] load_balance.p4(121) Primitive hdr.ipv4.protocol
[08:38:19.367] [bmv2] [T] [thread 65395] [37.0] [cxt 0] load_balance.p4(122) Primitive hdr.tcp.srcPort
[08:38:19.367] [bmv2] [T] [thread 65395] [37.0] [cxt 0] load_balance.p4(123) Primitive hdr.tcp.dstPort
[08:38:19.367] [bmv2] [T] [thread 65395] [37.0] [cxt 0] load_balance.p4(115) Primitive hash( ...
[08:38:19.367] [bmv2] [T] [thread 65395] [37.0] [cxt 0] hash(base=0, max=2) = 1
[08:38:19.367] [bmv2] [T] [thread 65395] [37.0] [cxt 0] Applying table 'MyIngress.ecmp_nhop'
[08:38:19.367] [bmv2] [D] [thread 65395] [37.0] [cxt 0] Looking up key:
* meta.mp_select      : 0001

[08:38:19.367] [bmv2] [D] [thread 65395] [37.0] [cxt 0] Table 'MyIngress.ecmp_nhop': hit with handle 1
[08:38:19.367] [bmv2] [D] [thread 65395] [37.0] [cxt 0] Dumping entry 1
Match key:
* meta.mp_select      : EXACT     0001
Action entry: MyIngress.set_nhop - 80000000303,a000303,3,

[08:38:19.367] [bmv2] [D] [thread 65395] [37.0] [cxt 0] Action entry is MyIngress.set_nhop - 80000000303,a000303,3,
[08:38:19.367] [bmv2] [T] [thread 65395] [37.0] [cxt 0] Action MyIngress.set_nhop
[08:38:19.367] [bmv2] [T] [thread 65395] [37.0] [cxt 0] load_balance.p4(137) Primitive hdr.ethernet.dstAddr = nhop_dmac
[08:38:19.367] [bmv2] [T] [thread 65395] [37.0] [cxt 0] load_balance.p4(138) Primitive hdr.ipv4.dstAddr = nhop_ipv4
[08:38:19.367] [bmv2] [T] [thread 65395] [37.0] [cxt 0] load_balance.p4(139) Primitive standard_metadata.egress_spec = port
[08:38:19.367] [bmv2] [T] [thread 65395] [37.0] [cxt 0] load_balance.p4(140) Primitive hdr.ipv4.ttl = hdr.ipv4.ttl - 1
[08:38:19.367] [bmv2] [D] [thread 65395] [37.0] [cxt 0] Pipeline 'ingress': end
[08:38:19.367] [bmv2] [D] [thread 65395] [37.0] [cxt 0] Egress port is 3
[08:38:19.367] [bmv2] [D] [thread 65399] [37.0] [cxt 0] Pipeline 'egress': start
[08:38:19.368] [bmv2] [T] [thread 65399] [37.0] [cxt 0] Applying table 'MyEgress.send_frame'
[08:38:19.368] [bmv2] [D] [thread 65399] [37.0] [cxt 0] Looking up key:
* standard_metadata.egress_port: 0003

[08:38:19.368] [bmv2] [D] [thread 65399] [37.0] [cxt 0] Table 'MyEgress.send_frame': hit with handle 1
[08:38:19.368] [bmv2] [D] [thread 65399] [37.0] [cxt 0] Dumping entry 1
Match key:
* standard_metadata.egress_port: EXACT     0003
Action entry: MyEgress.rewrite_mac - 80000000100,

[08:38:19.368] [bmv2] [D] [thread 65399] [37.0] [cxt 0] Action entry is MyEgress.rewrite_mac - 80000000100,
[08:38:19.368] [bmv2] [T] [thread 65399] [37.0] [cxt 0] Action MyEgress.rewrite_mac
[08:38:19.368] [bmv2] [T] [thread 65399] [37.0] [cxt 0] load_balance.p4(179) Primitive hdr.ethernet.srcAddr = smac
[08:38:19.368] [bmv2] [D] [thread 65399] [37.0] [cxt 0] Pipeline 'egress': end
[08:38:19.368] [bmv2] [D] [thread 65399] [37.0] [cxt 0] Deparser 'deparser': start
[08:38:19.368] [bmv2] [D] [thread 65399] [37.0] [cxt 0] Updating checksum 'cksum'
[08:38:19.368] [bmv2] [D] [thread 65399] [37.0] [cxt 0] Deparsing header 'ethernet'
[08:38:19.368] [bmv2] [D] [thread 65399] [37.0] [cxt 0] Deparsing header 'ipv4'
[08:38:19.368] [bmv2] [D] [thread 65399] [37.0] [cxt 0] Deparsing header 'tcp'
[08:38:19.368] [bmv2] [D] [thread 65399] [37.0] [cxt 0] Deparser 'deparser': end
[08:38:19.368] [bmv2] [D] [thread 65400] [37.0] [cxt 0] Transmitting packet of size 60 out of port 3
[08:38:20.815] [bmv2] [D] [thread 65395] [38.0] [cxt 0] Processing packet received on port 1
[08:38:20.815] [bmv2] [D] [thread 65395] [38.0] [cxt 0] Parser 'parser': start
[08:38:20.815] [bmv2] [D] [thread 65395] [38.0] [cxt 0] Parser 'parser' entering state 'start'
[08:38:20.815] [bmv2] [D] [thread 65395] [38.0] [cxt 0] Extracting header 'ethernet'
[08:38:20.815] [bmv2] [D] [thread 65395] [38.0] [cxt 0] Parser state 'start': key is 0800
[08:38:20.815] [bmv2] [T] [thread 65395] [38.0] [cxt 0] Bytes parsed: 14
[08:38:20.815] [bmv2] [D] [thread 65395] [38.0] [cxt 0] Parser 'parser' entering state 'parse_ipv4'
[08:38:20.815] [bmv2] [D] [thread 65395] [38.0] [cxt 0] Extracting header 'ipv4'
[08:38:20.815] [bmv2] [D] [thread 65395] [38.0] [cxt 0] Parser state 'parse_ipv4': key is 06
[08:38:20.815] [bmv2] [T] [thread 65395] [38.0] [cxt 0] Bytes parsed: 34
[08:38:20.815] [bmv2] [D] [thread 65395] [38.0] [cxt 0] Parser 'parser' entering state 'parse_tcp'
[08:38:20.815] [bmv2] [D] [thread 65395] [38.0] [cxt 0] Extracting header 'tcp'
[08:38:20.815] [bmv2] [D] [thread 65395] [38.0] [cxt 0] Parser state 'parse_tcp' has no switch, going to default next state
[08:38:20.815] [bmv2] [T] [thread 65395] [38.0] [cxt 0] Bytes parsed: 54
[08:38:20.815] [bmv2] [D] [thread 65395] [38.0] [cxt 0] Parser 'parser': end
[08:38:20.815] [bmv2] [D] [thread 65395] [38.0] [cxt 0] Pipeline 'ingress': start
[08:38:20.815] [bmv2] [T] [thread 65395] [38.0] [cxt 0] load_balance.p4(163) Condition "hdr.ipv4.isValid() && hdr.ipv4.ttl > 0" (node_2) is true
[08:38:20.815] [bmv2] [T] [thread 65395] [38.0] [cxt 0] Applying table 'MyIngress.ecmp_group'
[08:38:20.815] [bmv2] [D] [thread 65395] [38.0] [cxt 0] Looking up key:
* hdr.ipv4.dstAddr    : 0a000001

[08:38:20.815] [bmv2] [D] [thread 65395] [38.0] [cxt 0] Table 'MyIngress.ecmp_group': hit with handle 0
[08:38:20.815] [bmv2] [D] [thread 65395] [38.0] [cxt 0] Dumping entry 0
Match key:
* hdr.ipv4.dstAddr    : LPM       0a000001/32
Action entry: MyIngress.set_mp_select - 0,2,

[08:38:20.815] [bmv2] [D] [thread 65395] [38.0] [cxt 0] Action entry is MyIngress.set_mp_select - 0,2,
[08:38:20.815] [bmv2] [T] [thread 65395] [38.0] [cxt 0] Action MyIngress.set_mp_select
[08:38:20.815] [bmv2] [T] [thread 65395] [38.0] [cxt 0] load_balance.p4(119) Primitive hdr.ipv4.srcAddr
[08:38:20.815] [bmv2] [T] [thread 65395] [38.0] [cxt 0] load_balance.p4(120) Primitive hdr.ipv4.dstAddr
[08:38:20.815] [bmv2] [T] [thread 65395] [38.0] [cxt 0] load_balance.p4(121) Primitive hdr.ipv4.protocol
[08:38:20.815] [bmv2] [T] [thread 65395] [38.0] [cxt 0] load_balance.p4(122) Primitive hdr.tcp.srcPort
[08:38:20.815] [bmv2] [T] [thread 65395] [38.0] [cxt 0] load_balance.p4(123) Primitive hdr.tcp.dstPort
[08:38:20.815] [bmv2] [T] [thread 65395] [38.0] [cxt 0] load_balance.p4(115) Primitive hash( ...
[08:38:20.815] [bmv2] [T] [thread 65395] [38.0] [cxt 0] hash(base=0, max=2) = 1
[08:38:20.815] [bmv2] [T] [thread 65395] [38.0] [cxt 0] Applying table 'MyIngress.ecmp_nhop'
[08:38:20.815] [bmv2] [D] [thread 65395] [38.0] [cxt 0] Looking up key:
* meta.mp_select      : 0001

[08:38:20.815] [bmv2] [D] [thread 65395] [38.0] [cxt 0] Table 'MyIngress.ecmp_nhop': hit with handle 1
[08:38:20.815] [bmv2] [D] [thread 65395] [38.0] [cxt 0] Dumping entry 1
Match key:
* meta.mp_select      : EXACT     0001
Action entry: MyIngress.set_nhop - 80000000303,a000303,3,

[08:38:20.815] [bmv2] [D] [thread 65395] [38.0] [cxt 0] Action entry is MyIngress.set_nhop - 80000000303,a000303,3,
[08:38:20.815] [bmv2] [T] [thread 65395] [38.0] [cxt 0] Action MyIngress.set_nhop
[08:38:20.815] [bmv2] [T] [thread 65395] [38.0] [cxt 0] load_balance.p4(137) Primitive hdr.ethernet.dstAddr = nhop_dmac
[08:38:20.815] [bmv2] [T] [thread 65395] [38.0] [cxt 0] load_balance.p4(138) Primitive hdr.ipv4.dstAddr = nhop_ipv4
[08:38:20.815] [bmv2] [T] [thread 65395] [38.0] [cxt 0] load_balance.p4(139) Primitive standard_metadata.egress_spec = port
[08:38:20.815] [bmv2] [T] [thread 65395] [38.0] [cxt 0] load_balance.p4(140) Primitive hdr.ipv4.ttl = hdr.ipv4.ttl - 1
[08:38:20.815] [bmv2] [D] [thread 65395] [38.0] [cxt 0] Pipeline 'ingress': end
[08:38:20.815] [bmv2] [D] [thread 65395] [38.0] [cxt 0] Egress port is 3
[08:38:20.815] [bmv2] [D] [thread 65399] [38.0] [cxt 0] Pipeline 'egress': start
[08:38:20.815] [bmv2] [T] [thread 65399] [38.0] [cxt 0] Applying table 'MyEgress.send_frame'
[08:38:20.815] [bmv2] [D] [thread 65399] [38.0] [cxt 0] Looking up key:
* standard_metadata.egress_port: 0003

[08:38:20.815] [bmv2] [D] [thread 65399] [38.0] [cxt 0] Table 'MyEgress.send_frame': hit with handle 1
[08:38:20.815] [bmv2] [D] [thread 65399] [38.0] [cxt 0] Dumping entry 1
Match key:
* standard_metadata.egress_port: EXACT     0003
Action entry: MyEgress.rewrite_mac - 80000000100,

[08:38:20.815] [bmv2] [D] [thread 65399] [38.0] [cxt 0] Action entry is MyEgress.rewrite_mac - 80000000100,
[08:38:20.815] [bmv2] [T] [thread 65399] [38.0] [cxt 0] Action MyEgress.rewrite_mac
[08:38:20.815] [bmv2] [T] [thread 65399] [38.0] [cxt 0] load_balance.p4(179) Primitive hdr.ethernet.srcAddr = smac
[08:38:20.815] [bmv2] [D] [thread 65399] [38.0] [cxt 0] Pipeline 'egress': end
[08:38:20.815] [bmv2] [D] [thread 65399] [38.0] [cxt 0] Deparser 'deparser': start
[08:38:20.815] [bmv2] [D] [thread 65399] [38.0] [cxt 0] Updating checksum 'cksum'
[08:38:20.815] [bmv2] [D] [thread 65399] [38.0] [cxt 0] Deparsing header 'ethernet'
[08:38:20.815] [bmv2] [D] [thread 65399] [38.0] [cxt 0] Deparsing header 'ipv4'
[08:38:20.815] [bmv2] [D] [thread 65399] [38.0] [cxt 0] Deparsing header 'tcp'
[08:38:20.815] [bmv2] [D] [thread 65399] [38.0] [cxt 0] Deparser 'deparser': end
[08:38:20.815] [bmv2] [D] [thread 65400] [38.0] [cxt 0] Transmitting packet of size 60 out of port 3
[08:38:22.110] [bmv2] [D] [thread 65395] [39.0] [cxt 0] Processing packet received on port 1
[08:38:22.110] [bmv2] [D] [thread 65395] [39.0] [cxt 0] Parser 'parser': start
[08:38:22.110] [bmv2] [D] [thread 65395] [39.0] [cxt 0] Parser 'parser' entering state 'start'
[08:38:22.110] [bmv2] [D] [thread 65395] [39.0] [cxt 0] Extracting header 'ethernet'
[08:38:22.110] [bmv2] [D] [thread 65395] [39.0] [cxt 0] Parser state 'start': key is 0800
[08:38:22.110] [bmv2] [T] [thread 65395] [39.0] [cxt 0] Bytes parsed: 14
[08:38:22.110] [bmv2] [D] [thread 65395] [39.0] [cxt 0] Parser 'parser' entering state 'parse_ipv4'
[08:38:22.110] [bmv2] [D] [thread 65395] [39.0] [cxt 0] Extracting header 'ipv4'
[08:38:22.110] [bmv2] [D] [thread 65395] [39.0] [cxt 0] Parser state 'parse_ipv4': key is 06
[08:38:22.110] [bmv2] [T] [thread 65395] [39.0] [cxt 0] Bytes parsed: 34
[08:38:22.110] [bmv2] [D] [thread 65395] [39.0] [cxt 0] Parser 'parser' entering state 'parse_tcp'
[08:38:22.110] [bmv2] [D] [thread 65395] [39.0] [cxt 0] Extracting header 'tcp'
[08:38:22.110] [bmv2] [D] [thread 65395] [39.0] [cxt 0] Parser state 'parse_tcp' has no switch, going to default next state
[08:38:22.110] [bmv2] [T] [thread 65395] [39.0] [cxt 0] Bytes parsed: 54
[08:38:22.110] [bmv2] [D] [thread 65395] [39.0] [cxt 0] Parser 'parser': end
[08:38:22.110] [bmv2] [D] [thread 65395] [39.0] [cxt 0] Pipeline 'ingress': start
[08:38:22.110] [bmv2] [T] [thread 65395] [39.0] [cxt 0] load_balance.p4(163) Condition "hdr.ipv4.isValid() && hdr.ipv4.ttl > 0" (node_2) is true
[08:38:22.111] [bmv2] [T] [thread 65395] [39.0] [cxt 0] Applying table 'MyIngress.ecmp_group'
[08:38:22.111] [bmv2] [D] [thread 65395] [39.0] [cxt 0] Looking up key:
* hdr.ipv4.dstAddr    : 0a000001

[08:38:22.111] [bmv2] [D] [thread 65395] [39.0] [cxt 0] Table 'MyIngress.ecmp_group': hit with handle 0
[08:38:22.111] [bmv2] [D] [thread 65395] [39.0] [cxt 0] Dumping entry 0
Match key:
* hdr.ipv4.dstAddr    : LPM       0a000001/32
Action entry: MyIngress.set_mp_select - 0,2,

[08:38:22.111] [bmv2] [D] [thread 65395] [39.0] [cxt 0] Action entry is MyIngress.set_mp_select - 0,2,
[08:38:22.111] [bmv2] [T] [thread 65395] [39.0] [cxt 0] Action MyIngress.set_mp_select
[08:38:22.111] [bmv2] [T] [thread 65395] [39.0] [cxt 0] load_balance.p4(119) Primitive hdr.ipv4.srcAddr
[08:38:22.111] [bmv2] [T] [thread 65395] [39.0] [cxt 0] load_balance.p4(120) Primitive hdr.ipv4.dstAddr
[08:38:22.111] [bmv2] [T] [thread 65395] [39.0] [cxt 0] load_balance.p4(121) Primitive hdr.ipv4.protocol
[08:38:22.111] [bmv2] [T] [thread 65395] [39.0] [cxt 0] load_balance.p4(122) Primitive hdr.tcp.srcPort
[08:38:22.111] [bmv2] [T] [thread 65395] [39.0] [cxt 0] load_balance.p4(123) Primitive hdr.tcp.dstPort
[08:38:22.111] [bmv2] [T] [thread 65395] [39.0] [cxt 0] load_balance.p4(115) Primitive hash( ...
[08:38:22.111] [bmv2] [T] [thread 65395] [39.0] [cxt 0] hash(base=0, max=2) = 1
[08:38:22.111] [bmv2] [T] [thread 65395] [39.0] [cxt 0] Applying table 'MyIngress.ecmp_nhop'
[08:38:22.111] [bmv2] [D] [thread 65395] [39.0] [cxt 0] Looking up key:
* meta.mp_select      : 0001

[08:38:22.111] [bmv2] [D] [thread 65395] [39.0] [cxt 0] Table 'MyIngress.ecmp_nhop': hit with handle 1
[08:38:22.111] [bmv2] [D] [thread 65395] [39.0] [cxt 0] Dumping entry 1
Match key:
* meta.mp_select      : EXACT     0001
Action entry: MyIngress.set_nhop - 80000000303,a000303,3,

[08:38:22.111] [bmv2] [D] [thread 65395] [39.0] [cxt 0] Action entry is MyIngress.set_nhop - 80000000303,a000303,3,
[08:38:22.111] [bmv2] [T] [thread 65395] [39.0] [cxt 0] Action MyIngress.set_nhop
[08:38:22.111] [bmv2] [T] [thread 65395] [39.0] [cxt 0] load_balance.p4(137) Primitive hdr.ethernet.dstAddr = nhop_dmac
[08:38:22.111] [bmv2] [T] [thread 65395] [39.0] [cxt 0] load_balance.p4(138) Primitive hdr.ipv4.dstAddr = nhop_ipv4
[08:38:22.111] [bmv2] [T] [thread 65395] [39.0] [cxt 0] load_balance.p4(139) Primitive standard_metadata.egress_spec = port
[08:38:22.111] [bmv2] [T] [thread 65395] [39.0] [cxt 0] load_balance.p4(140) Primitive hdr.ipv4.ttl = hdr.ipv4.ttl - 1
[08:38:22.111] [bmv2] [D] [thread 65395] [39.0] [cxt 0] Pipeline 'ingress': end
[08:38:22.111] [bmv2] [D] [thread 65395] [39.0] [cxt 0] Egress port is 3
[08:38:22.111] [bmv2] [D] [thread 65399] [39.0] [cxt 0] Pipeline 'egress': start
[08:38:22.111] [bmv2] [T] [thread 65399] [39.0] [cxt 0] Applying table 'MyEgress.send_frame'
[08:38:22.111] [bmv2] [D] [thread 65399] [39.0] [cxt 0] Looking up key:
* standard_metadata.egress_port: 0003

[08:38:22.111] [bmv2] [D] [thread 65399] [39.0] [cxt 0] Table 'MyEgress.send_frame': hit with handle 1
[08:38:22.111] [bmv2] [D] [thread 65399] [39.0] [cxt 0] Dumping entry 1
Match key:
* standard_metadata.egress_port: EXACT     0003
Action entry: MyEgress.rewrite_mac - 80000000100,

[08:38:22.111] [bmv2] [D] [thread 65399] [39.0] [cxt 0] Action entry is MyEgress.rewrite_mac - 80000000100,
[08:38:22.111] [bmv2] [T] [thread 65399] [39.0] [cxt 0] Action MyEgress.rewrite_mac
[08:38:22.111] [bmv2] [T] [thread 65399] [39.0] [cxt 0] load_balance.p4(179) Primitive hdr.ethernet.srcAddr = smac
[08:38:22.111] [bmv2] [D] [thread 65399] [39.0] [cxt 0] Pipeline 'egress': end
[08:38:22.111] [bmv2] [D] [thread 65399] [39.0] [cxt 0] Deparser 'deparser': start
[08:38:22.111] [bmv2] [D] [thread 65399] [39.0] [cxt 0] Updating checksum 'cksum'
[08:38:22.111] [bmv2] [D] [thread 65399] [39.0] [cxt 0] Deparsing header 'ethernet'
[08:38:22.111] [bmv2] [D] [thread 65399] [39.0] [cxt 0] Deparsing header 'ipv4'
[08:38:22.111] [bmv2] [D] [thread 65399] [39.0] [cxt 0] Deparsing header 'tcp'
[08:38:22.111] [bmv2] [D] [thread 65399] [39.0] [cxt 0] Deparser 'deparser': end
[08:38:22.111] [bmv2] [D] [thread 65400] [39.0] [cxt 0] Transmitting packet of size 60 out of port 3
[08:38:23.115] [bmv2] [D] [thread 65395] [40.0] [cxt 0] Processing packet received on port 1
[08:38:23.115] [bmv2] [D] [thread 65395] [40.0] [cxt 0] Parser 'parser': start
[08:38:23.115] [bmv2] [D] [thread 65395] [40.0] [cxt 0] Parser 'parser' entering state 'start'
[08:38:23.115] [bmv2] [D] [thread 65395] [40.0] [cxt 0] Extracting header 'ethernet'
[08:38:23.115] [bmv2] [D] [thread 65395] [40.0] [cxt 0] Parser state 'start': key is 0800
[08:38:23.115] [bmv2] [T] [thread 65395] [40.0] [cxt 0] Bytes parsed: 14
[08:38:23.115] [bmv2] [D] [thread 65395] [40.0] [cxt 0] Parser 'parser' entering state 'parse_ipv4'
[08:38:23.115] [bmv2] [D] [thread 65395] [40.0] [cxt 0] Extracting header 'ipv4'
[08:38:23.115] [bmv2] [D] [thread 65395] [40.0] [cxt 0] Parser state 'parse_ipv4': key is 06
[08:38:23.115] [bmv2] [T] [thread 65395] [40.0] [cxt 0] Bytes parsed: 34
[08:38:23.115] [bmv2] [D] [thread 65395] [40.0] [cxt 0] Parser 'parser' entering state 'parse_tcp'
[08:38:23.115] [bmv2] [D] [thread 65395] [40.0] [cxt 0] Extracting header 'tcp'
[08:38:23.115] [bmv2] [D] [thread 65395] [40.0] [cxt 0] Parser state 'parse_tcp' has no switch, going to default next state
[08:38:23.115] [bmv2] [T] [thread 65395] [40.0] [cxt 0] Bytes parsed: 54
[08:38:23.115] [bmv2] [D] [thread 65395] [40.0] [cxt 0] Parser 'parser': end
[08:38:23.115] [bmv2] [D] [thread 65395] [40.0] [cxt 0] Pipeline 'ingress': start
[08:38:23.115] [bmv2] [T] [thread 65395] [40.0] [cxt 0] load_balance.p4(163) Condition "hdr.ipv4.isValid() && hdr.ipv4.ttl > 0" (node_2) is true
[08:38:23.115] [bmv2] [T] [thread 65395] [40.0] [cxt 0] Applying table 'MyIngress.ecmp_group'
[08:38:23.115] [bmv2] [D] [thread 65395] [40.0] [cxt 0] Looking up key:
* hdr.ipv4.dstAddr    : 0a000001

[08:38:23.115] [bmv2] [D] [thread 65395] [40.0] [cxt 0] Table 'MyIngress.ecmp_group': hit with handle 0
[08:38:23.115] [bmv2] [D] [thread 65395] [40.0] [cxt 0] Dumping entry 0
Match key:
* hdr.ipv4.dstAddr    : LPM       0a000001/32
Action entry: MyIngress.set_mp_select - 0,2,

[08:38:23.115] [bmv2] [D] [thread 65395] [40.0] [cxt 0] Action entry is MyIngress.set_mp_select - 0,2,
[08:38:23.115] [bmv2] [T] [thread 65395] [40.0] [cxt 0] Action MyIngress.set_mp_select
[08:38:23.115] [bmv2] [T] [thread 65395] [40.0] [cxt 0] load_balance.p4(119) Primitive hdr.ipv4.srcAddr
[08:38:23.115] [bmv2] [T] [thread 65395] [40.0] [cxt 0] load_balance.p4(120) Primitive hdr.ipv4.dstAddr
[08:38:23.115] [bmv2] [T] [thread 65395] [40.0] [cxt 0] load_balance.p4(121) Primitive hdr.ipv4.protocol
[08:38:23.115] [bmv2] [T] [thread 65395] [40.0] [cxt 0] load_balance.p4(122) Primitive hdr.tcp.srcPort
[08:38:23.115] [bmv2] [T] [thread 65395] [40.0] [cxt 0] load_balance.p4(123) Primitive hdr.tcp.dstPort
[08:38:23.115] [bmv2] [T] [thread 65395] [40.0] [cxt 0] load_balance.p4(115) Primitive hash( ...
[08:38:23.115] [bmv2] [T] [thread 65395] [40.0] [cxt 0] hash(base=0, max=2) = 0
[08:38:23.116] [bmv2] [T] [thread 65395] [40.0] [cxt 0] Applying table 'MyIngress.ecmp_nhop'
[08:38:23.116] [bmv2] [D] [thread 65395] [40.0] [cxt 0] Looking up key:
* meta.mp_select      : 0000

[08:38:23.116] [bmv2] [D] [thread 65395] [40.0] [cxt 0] Table 'MyIngress.ecmp_nhop': hit with handle 0
[08:38:23.116] [bmv2] [D] [thread 65395] [40.0] [cxt 0] Dumping entry 0
Match key:
* meta.mp_select      : EXACT     0000
Action entry: MyIngress.set_nhop - 80000000202,a000202,2,

[08:38:23.116] [bmv2] [D] [thread 65395] [40.0] [cxt 0] Action entry is MyIngress.set_nhop - 80000000202,a000202,2,
[08:38:23.116] [bmv2] [T] [thread 65395] [40.0] [cxt 0] Action MyIngress.set_nhop
[08:38:23.116] [bmv2] [T] [thread 65395] [40.0] [cxt 0] load_balance.p4(137) Primitive hdr.ethernet.dstAddr = nhop_dmac
[08:38:23.116] [bmv2] [T] [thread 65395] [40.0] [cxt 0] load_balance.p4(138) Primitive hdr.ipv4.dstAddr = nhop_ipv4
[08:38:23.116] [bmv2] [T] [thread 65395] [40.0] [cxt 0] load_balance.p4(139) Primitive standard_metadata.egress_spec = port
[08:38:23.116] [bmv2] [T] [thread 65395] [40.0] [cxt 0] load_balance.p4(140) Primitive hdr.ipv4.ttl = hdr.ipv4.ttl - 1
[08:38:23.116] [bmv2] [D] [thread 65395] [40.0] [cxt 0] Pipeline 'ingress': end
[08:38:23.116] [bmv2] [D] [thread 65395] [40.0] [cxt 0] Egress port is 2
[08:38:23.116] [bmv2] [D] [thread 65398] [40.0] [cxt 0] Pipeline 'egress': start
[08:38:23.116] [bmv2] [T] [thread 65398] [40.0] [cxt 0] Applying table 'MyEgress.send_frame'
[08:38:23.116] [bmv2] [D] [thread 65398] [40.0] [cxt 0] Looking up key:
* standard_metadata.egress_port: 0002

[08:38:23.116] [bmv2] [D] [thread 65398] [40.0] [cxt 0] Table 'MyEgress.send_frame': hit with handle 0
[08:38:23.116] [bmv2] [D] [thread 65398] [40.0] [cxt 0] Dumping entry 0
Match key:
* standard_metadata.egress_port: EXACT     0002
Action entry: MyEgress.rewrite_mac - 80000000100,

[08:38:23.116] [bmv2] [D] [thread 65398] [40.0] [cxt 0] Action entry is MyEgress.rewrite_mac - 80000000100,
[08:38:23.116] [bmv2] [T] [thread 65398] [40.0] [cxt 0] Action MyEgress.rewrite_mac
[08:38:23.116] [bmv2] [T] [thread 65398] [40.0] [cxt 0] load_balance.p4(179) Primitive hdr.ethernet.srcAddr = smac
[08:38:23.116] [bmv2] [D] [thread 65398] [40.0] [cxt 0] Pipeline 'egress': end
[08:38:23.116] [bmv2] [D] [thread 65398] [40.0] [cxt 0] Deparser 'deparser': start
[08:38:23.116] [bmv2] [D] [thread 65398] [40.0] [cxt 0] Updating checksum 'cksum'
[08:38:23.116] [bmv2] [D] [thread 65398] [40.0] [cxt 0] Deparsing header 'ethernet'
[08:38:23.116] [bmv2] [D] [thread 65398] [40.0] [cxt 0] Deparsing header 'ipv4'
[08:38:23.116] [bmv2] [D] [thread 65398] [40.0] [cxt 0] Deparsing header 'tcp'
[08:38:23.116] [bmv2] [D] [thread 65398] [40.0] [cxt 0] Deparser 'deparser': end
[08:38:23.116] [bmv2] [D] [thread 65400] [40.0] [cxt 0] Transmitting packet of size 60 out of port 2
[08:38:24.087] [bmv2] [D] [thread 65395] [41.0] [cxt 0] Processing packet received on port 1
[08:38:24.087] [bmv2] [D] [thread 65395] [41.0] [cxt 0] Parser 'parser': start
[08:38:24.087] [bmv2] [D] [thread 65395] [41.0] [cxt 0] Parser 'parser' entering state 'start'
[08:38:24.087] [bmv2] [D] [thread 65395] [41.0] [cxt 0] Extracting header 'ethernet'
[08:38:24.087] [bmv2] [D] [thread 65395] [41.0] [cxt 0] Parser state 'start': key is 0800
[08:38:24.087] [bmv2] [T] [thread 65395] [41.0] [cxt 0] Bytes parsed: 14
[08:38:24.087] [bmv2] [D] [thread 65395] [41.0] [cxt 0] Parser 'parser' entering state 'parse_ipv4'
[08:38:24.087] [bmv2] [D] [thread 65395] [41.0] [cxt 0] Extracting header 'ipv4'
[08:38:24.087] [bmv2] [D] [thread 65395] [41.0] [cxt 0] Parser state 'parse_ipv4': key is 06
[08:38:24.087] [bmv2] [T] [thread 65395] [41.0] [cxt 0] Bytes parsed: 34
[08:38:24.087] [bmv2] [D] [thread 65395] [41.0] [cxt 0] Parser 'parser' entering state 'parse_tcp'
[08:38:24.087] [bmv2] [D] [thread 65395] [41.0] [cxt 0] Extracting header 'tcp'
[08:38:24.088] [bmv2] [D] [thread 65395] [41.0] [cxt 0] Parser state 'parse_tcp' has no switch, going to default next state
[08:38:24.088] [bmv2] [T] [thread 65395] [41.0] [cxt 0] Bytes parsed: 54
[08:38:24.088] [bmv2] [D] [thread 65395] [41.0] [cxt 0] Parser 'parser': end
[08:38:24.088] [bmv2] [D] [thread 65395] [41.0] [cxt 0] Pipeline 'ingress': start
[08:38:24.088] [bmv2] [T] [thread 65395] [41.0] [cxt 0] load_balance.p4(163) Condition "hdr.ipv4.isValid() && hdr.ipv4.ttl > 0" (node_2) is true
[08:38:24.088] [bmv2] [T] [thread 65395] [41.0] [cxt 0] Applying table 'MyIngress.ecmp_group'
[08:38:24.088] [bmv2] [D] [thread 65395] [41.0] [cxt 0] Looking up key:
* hdr.ipv4.dstAddr    : 0a000001

[08:38:24.088] [bmv2] [D] [thread 65395] [41.0] [cxt 0] Table 'MyIngress.ecmp_group': hit with handle 0
[08:38:24.088] [bmv2] [D] [thread 65395] [41.0] [cxt 0] Dumping entry 0
Match key:
* hdr.ipv4.dstAddr    : LPM       0a000001/32
Action entry: MyIngress.set_mp_select - 0,2,

[08:38:24.088] [bmv2] [D] [thread 65395] [41.0] [cxt 0] Action entry is MyIngress.set_mp_select - 0,2,
[08:38:24.088] [bmv2] [T] [thread 65395] [41.0] [cxt 0] Action MyIngress.set_mp_select
[08:38:24.088] [bmv2] [T] [thread 65395] [41.0] [cxt 0] load_balance.p4(119) Primitive hdr.ipv4.srcAddr
[08:38:24.088] [bmv2] [T] [thread 65395] [41.0] [cxt 0] load_balance.p4(120) Primitive hdr.ipv4.dstAddr
[08:38:24.088] [bmv2] [T] [thread 65395] [41.0] [cxt 0] load_balance.p4(121) Primitive hdr.ipv4.protocol
[08:38:24.088] [bmv2] [T] [thread 65395] [41.0] [cxt 0] load_balance.p4(122) Primitive hdr.tcp.srcPort
[08:38:24.088] [bmv2] [T] [thread 65395] [41.0] [cxt 0] load_balance.p4(123) Primitive hdr.tcp.dstPort
[08:38:24.088] [bmv2] [T] [thread 65395] [41.0] [cxt 0] load_balance.p4(115) Primitive hash( ...
[08:38:24.088] [bmv2] [T] [thread 65395] [41.0] [cxt 0] hash(base=0, max=2) = 0
[08:38:24.089] [bmv2] [T] [thread 65395] [41.0] [cxt 0] Applying table 'MyIngress.ecmp_nhop'
[08:38:24.089] [bmv2] [D] [thread 65395] [41.0] [cxt 0] Looking up key:
* meta.mp_select      : 0000

[08:38:24.089] [bmv2] [D] [thread 65395] [41.0] [cxt 0] Table 'MyIngress.ecmp_nhop': hit with handle 0
[08:38:24.089] [bmv2] [D] [thread 65395] [41.0] [cxt 0] Dumping entry 0
Match key:
* meta.mp_select      : EXACT     0000
Action entry: MyIngress.set_nhop - 80000000202,a000202,2,

[08:38:24.089] [bmv2] [D] [thread 65395] [41.0] [cxt 0] Action entry is MyIngress.set_nhop - 80000000202,a000202,2,
[08:38:24.089] [bmv2] [T] [thread 65395] [41.0] [cxt 0] Action MyIngress.set_nhop
[08:38:24.089] [bmv2] [T] [thread 65395] [41.0] [cxt 0] load_balance.p4(137) Primitive hdr.ethernet.dstAddr = nhop_dmac
[08:38:24.089] [bmv2] [T] [thread 65395] [41.0] [cxt 0] load_balance.p4(138) Primitive hdr.ipv4.dstAddr = nhop_ipv4
[08:38:24.089] [bmv2] [T] [thread 65395] [41.0] [cxt 0] load_balance.p4(139) Primitive standard_metadata.egress_spec = port
[08:38:24.089] [bmv2] [T] [thread 65395] [41.0] [cxt 0] load_balance.p4(140) Primitive hdr.ipv4.ttl = hdr.ipv4.ttl - 1
[08:38:24.089] [bmv2] [D] [thread 65395] [41.0] [cxt 0] Pipeline 'ingress': end
[08:38:24.089] [bmv2] [D] [thread 65395] [41.0] [cxt 0] Egress port is 2
[08:38:24.089] [bmv2] [D] [thread 65398] [41.0] [cxt 0] Pipeline 'egress': start
[08:38:24.089] [bmv2] [T] [thread 65398] [41.0] [cxt 0] Applying table 'MyEgress.send_frame'
[08:38:24.089] [bmv2] [D] [thread 65398] [41.0] [cxt 0] Looking up key:
* standard_metadata.egress_port: 0002

[08:38:24.089] [bmv2] [D] [thread 65398] [41.0] [cxt 0] Table 'MyEgress.send_frame': hit with handle 0
[08:38:24.089] [bmv2] [D] [thread 65398] [41.0] [cxt 0] Dumping entry 0
Match key:
* standard_metadata.egress_port: EXACT     0002
Action entry: MyEgress.rewrite_mac - 80000000100,

[08:38:24.089] [bmv2] [D] [thread 65398] [41.0] [cxt 0] Action entry is MyEgress.rewrite_mac - 80000000100,
[08:38:24.089] [bmv2] [T] [thread 65398] [41.0] [cxt 0] Action MyEgress.rewrite_mac
[08:38:24.089] [bmv2] [T] [thread 65398] [41.0] [cxt 0] load_balance.p4(179) Primitive hdr.ethernet.srcAddr = smac
[08:38:24.089] [bmv2] [D] [thread 65398] [41.0] [cxt 0] Pipeline 'egress': end
[08:38:24.089] [bmv2] [D] [thread 65398] [41.0] [cxt 0] Deparser 'deparser': start
[08:38:24.089] [bmv2] [D] [thread 65398] [41.0] [cxt 0] Updating checksum 'cksum'
[08:38:24.089] [bmv2] [D] [thread 65398] [41.0] [cxt 0] Deparsing header 'ethernet'
[08:38:24.089] [bmv2] [D] [thread 65398] [41.0] [cxt 0] Deparsing header 'ipv4'
[08:38:24.090] [bmv2] [D] [thread 65398] [41.0] [cxt 0] Deparsing header 'tcp'
[08:38:24.090] [bmv2] [D] [thread 65398] [41.0] [cxt 0] Deparser 'deparser': end
[08:38:24.090] [bmv2] [D] [thread 65400] [41.0] [cxt 0] Transmitting packet of size 60 out of port 2
[08:38:25.034] [bmv2] [D] [thread 65395] [42.0] [cxt 0] Processing packet received on port 1
[08:38:25.034] [bmv2] [D] [thread 65395] [42.0] [cxt 0] Parser 'parser': start
[08:38:25.034] [bmv2] [D] [thread 65395] [42.0] [cxt 0] Parser 'parser' entering state 'start'
[08:38:25.034] [bmv2] [D] [thread 65395] [42.0] [cxt 0] Extracting header 'ethernet'
[08:38:25.034] [bmv2] [D] [thread 65395] [42.0] [cxt 0] Parser state 'start': key is 0800
[08:38:25.035] [bmv2] [T] [thread 65395] [42.0] [cxt 0] Bytes parsed: 14
[08:38:25.035] [bmv2] [D] [thread 65395] [42.0] [cxt 0] Parser 'parser' entering state 'parse_ipv4'
[08:38:25.035] [bmv2] [D] [thread 65395] [42.0] [cxt 0] Extracting header 'ipv4'
[08:38:25.035] [bmv2] [D] [thread 65395] [42.0] [cxt 0] Parser state 'parse_ipv4': key is 06
[08:38:25.035] [bmv2] [T] [thread 65395] [42.0] [cxt 0] Bytes parsed: 34
[08:38:25.035] [bmv2] [D] [thread 65395] [42.0] [cxt 0] Parser 'parser' entering state 'parse_tcp'
[08:38:25.035] [bmv2] [D] [thread 65395] [42.0] [cxt 0] Extracting header 'tcp'
[08:38:25.035] [bmv2] [D] [thread 65395] [42.0] [cxt 0] Parser state 'parse_tcp' has no switch, going to default next state
[08:38:25.035] [bmv2] [T] [thread 65395] [42.0] [cxt 0] Bytes parsed: 54
[08:38:25.035] [bmv2] [D] [thread 65395] [42.0] [cxt 0] Parser 'parser': end
[08:38:25.035] [bmv2] [D] [thread 65395] [42.0] [cxt 0] Pipeline 'ingress': start
[08:38:25.035] [bmv2] [T] [thread 65395] [42.0] [cxt 0] load_balance.p4(163) Condition "hdr.ipv4.isValid() && hdr.ipv4.ttl > 0" (node_2) is true
[08:38:25.035] [bmv2] [T] [thread 65395] [42.0] [cxt 0] Applying table 'MyIngress.ecmp_group'
[08:38:25.035] [bmv2] [D] [thread 65395] [42.0] [cxt 0] Looking up key:
* hdr.ipv4.dstAddr    : 0a000001

[08:38:25.035] [bmv2] [D] [thread 65395] [42.0] [cxt 0] Table 'MyIngress.ecmp_group': hit with handle 0
[08:38:25.035] [bmv2] [D] [thread 65395] [42.0] [cxt 0] Dumping entry 0
Match key:
* hdr.ipv4.dstAddr    : LPM       0a000001/32
Action entry: MyIngress.set_mp_select - 0,2,

[08:38:25.035] [bmv2] [D] [thread 65395] [42.0] [cxt 0] Action entry is MyIngress.set_mp_select - 0,2,
[08:38:25.035] [bmv2] [T] [thread 65395] [42.0] [cxt 0] Action MyIngress.set_mp_select
[08:38:25.035] [bmv2] [T] [thread 65395] [42.0] [cxt 0] load_balance.p4(119) Primitive hdr.ipv4.srcAddr
[08:38:25.035] [bmv2] [T] [thread 65395] [42.0] [cxt 0] load_balance.p4(120) Primitive hdr.ipv4.dstAddr
[08:38:25.035] [bmv2] [T] [thread 65395] [42.0] [cxt 0] load_balance.p4(121) Primitive hdr.ipv4.protocol
[08:38:25.035] [bmv2] [T] [thread 65395] [42.0] [cxt 0] load_balance.p4(122) Primitive hdr.tcp.srcPort
[08:38:25.035] [bmv2] [T] [thread 65395] [42.0] [cxt 0] load_balance.p4(123) Primitive hdr.tcp.dstPort
[08:38:25.036] [bmv2] [T] [thread 65395] [42.0] [cxt 0] load_balance.p4(115) Primitive hash( ...
[08:38:25.036] [bmv2] [T] [thread 65395] [42.0] [cxt 0] hash(base=0, max=2) = 1
[08:38:25.036] [bmv2] [T] [thread 65395] [42.0] [cxt 0] Applying table 'MyIngress.ecmp_nhop'
[08:38:25.036] [bmv2] [D] [thread 65395] [42.0] [cxt 0] Looking up key:
* meta.mp_select      : 0001

[08:38:25.036] [bmv2] [D] [thread 65395] [42.0] [cxt 0] Table 'MyIngress.ecmp_nhop': hit with handle 1
[08:38:25.036] [bmv2] [D] [thread 65395] [42.0] [cxt 0] Dumping entry 1
Match key:
* meta.mp_select      : EXACT     0001
Action entry: MyIngress.set_nhop - 80000000303,a000303,3,

[08:38:25.036] [bmv2] [D] [thread 65395] [42.0] [cxt 0] Action entry is MyIngress.set_nhop - 80000000303,a000303,3,
[08:38:25.036] [bmv2] [T] [thread 65395] [42.0] [cxt 0] Action MyIngress.set_nhop
[08:38:25.036] [bmv2] [T] [thread 65395] [42.0] [cxt 0] load_balance.p4(137) Primitive hdr.ethernet.dstAddr = nhop_dmac
[08:38:25.037] [bmv2] [T] [thread 65395] [42.0] [cxt 0] load_balance.p4(138) Primitive hdr.ipv4.dstAddr = nhop_ipv4
[08:38:25.037] [bmv2] [T] [thread 65395] [42.0] [cxt 0] load_balance.p4(139) Primitive standard_metadata.egress_spec = port
[08:38:25.037] [bmv2] [T] [thread 65395] [42.0] [cxt 0] load_balance.p4(140) Primitive hdr.ipv4.ttl = hdr.ipv4.ttl - 1
[08:38:25.037] [bmv2] [D] [thread 65395] [42.0] [cxt 0] Pipeline 'ingress': end
[08:38:25.037] [bmv2] [D] [thread 65395] [42.0] [cxt 0] Egress port is 3
[08:38:25.037] [bmv2] [D] [thread 65399] [42.0] [cxt 0] Pipeline 'egress': start
[08:38:25.037] [bmv2] [T] [thread 65399] [42.0] [cxt 0] Applying table 'MyEgress.send_frame'
[08:38:25.037] [bmv2] [D] [thread 65399] [42.0] [cxt 0] Looking up key:
* standard_metadata.egress_port: 0003

[08:38:25.037] [bmv2] [D] [thread 65399] [42.0] [cxt 0] Table 'MyEgress.send_frame': hit with handle 1
[08:38:25.037] [bmv2] [D] [thread 65399] [42.0] [cxt 0] Dumping entry 1
Match key:
* standard_metadata.egress_port: EXACT     0003
Action entry: MyEgress.rewrite_mac - 80000000100,

[08:38:25.037] [bmv2] [D] [thread 65399] [42.0] [cxt 0] Action entry is MyEgress.rewrite_mac - 80000000100,
[08:38:25.037] [bmv2] [T] [thread 65399] [42.0] [cxt 0] Action MyEgress.rewrite_mac
[08:38:25.037] [bmv2] [T] [thread 65399] [42.0] [cxt 0] load_balance.p4(179) Primitive hdr.ethernet.srcAddr = smac
[08:38:25.037] [bmv2] [D] [thread 65399] [42.0] [cxt 0] Pipeline 'egress': end
[08:38:25.037] [bmv2] [D] [thread 65399] [42.0] [cxt 0] Deparser 'deparser': start
[08:38:25.037] [bmv2] [D] [thread 65399] [42.0] [cxt 0] Updating checksum 'cksum'
[08:38:25.037] [bmv2] [D] [thread 65399] [42.0] [cxt 0] Deparsing header 'ethernet'
[08:38:25.037] [bmv2] [D] [thread 65399] [42.0] [cxt 0] Deparsing header 'ipv4'
[08:38:25.037] [bmv2] [D] [thread 65399] [42.0] [cxt 0] Deparsing header 'tcp'
[08:38:25.037] [bmv2] [D] [thread 65399] [42.0] [cxt 0] Deparser 'deparser': end
[08:38:25.037] [bmv2] [D] [thread 65400] [42.0] [cxt 0] Transmitting packet of size 60 out of port 3
[08:38:26.098] [bmv2] [D] [thread 65395] [43.0] [cxt 0] Processing packet received on port 1
[08:38:26.098] [bmv2] [D] [thread 65395] [43.0] [cxt 0] Parser 'parser': start
[08:38:26.098] [bmv2] [D] [thread 65395] [43.0] [cxt 0] Parser 'parser' entering state 'start'
[08:38:26.098] [bmv2] [D] [thread 65395] [43.0] [cxt 0] Extracting header 'ethernet'
[08:38:26.098] [bmv2] [D] [thread 65395] [43.0] [cxt 0] Parser state 'start': key is 0800
[08:38:26.098] [bmv2] [T] [thread 65395] [43.0] [cxt 0] Bytes parsed: 14
[08:38:26.098] [bmv2] [D] [thread 65395] [43.0] [cxt 0] Parser 'parser' entering state 'parse_ipv4'
[08:38:26.098] [bmv2] [D] [thread 65395] [43.0] [cxt 0] Extracting header 'ipv4'
[08:38:26.098] [bmv2] [D] [thread 65395] [43.0] [cxt 0] Parser state 'parse_ipv4': key is 06
[08:38:26.099] [bmv2] [T] [thread 65395] [43.0] [cxt 0] Bytes parsed: 34
[08:38:26.099] [bmv2] [D] [thread 65395] [43.0] [cxt 0] Parser 'parser' entering state 'parse_tcp'
[08:38:26.099] [bmv2] [D] [thread 65395] [43.0] [cxt 0] Extracting header 'tcp'
[08:38:26.099] [bmv2] [D] [thread 65395] [43.0] [cxt 0] Parser state 'parse_tcp' has no switch, going to default next state
[08:38:26.099] [bmv2] [T] [thread 65395] [43.0] [cxt 0] Bytes parsed: 54
[08:38:26.099] [bmv2] [D] [thread 65395] [43.0] [cxt 0] Parser 'parser': end
[08:38:26.099] [bmv2] [D] [thread 65395] [43.0] [cxt 0] Pipeline 'ingress': start
[08:38:26.099] [bmv2] [T] [thread 65395] [43.0] [cxt 0] load_balance.p4(163) Condition "hdr.ipv4.isValid() && hdr.ipv4.ttl > 0" (node_2) is true
[08:38:26.099] [bmv2] [T] [thread 65395] [43.0] [cxt 0] Applying table 'MyIngress.ecmp_group'
[08:38:26.099] [bmv2] [D] [thread 65395] [43.0] [cxt 0] Looking up key:
* hdr.ipv4.dstAddr    : 0a000001

[08:38:26.099] [bmv2] [D] [thread 65395] [43.0] [cxt 0] Table 'MyIngress.ecmp_group': hit with handle 0
[08:38:26.099] [bmv2] [D] [thread 65395] [43.0] [cxt 0] Dumping entry 0
Match key:
* hdr.ipv4.dstAddr    : LPM       0a000001/32
Action entry: MyIngress.set_mp_select - 0,2,

[08:38:26.099] [bmv2] [D] [thread 65395] [43.0] [cxt 0] Action entry is MyIngress.set_mp_select - 0,2,
[08:38:26.099] [bmv2] [T] [thread 65395] [43.0] [cxt 0] Action MyIngress.set_mp_select
[08:38:26.099] [bmv2] [T] [thread 65395] [43.0] [cxt 0] load_balance.p4(119) Primitive hdr.ipv4.srcAddr
[08:38:26.099] [bmv2] [T] [thread 65395] [43.0] [cxt 0] load_balance.p4(120) Primitive hdr.ipv4.dstAddr
[08:38:26.099] [bmv2] [T] [thread 65395] [43.0] [cxt 0] load_balance.p4(121) Primitive hdr.ipv4.protocol
[08:38:26.099] [bmv2] [T] [thread 65395] [43.0] [cxt 0] load_balance.p4(122) Primitive hdr.tcp.srcPort
[08:38:26.099] [bmv2] [T] [thread 65395] [43.0] [cxt 0] load_balance.p4(123) Primitive hdr.tcp.dstPort
[08:38:26.100] [bmv2] [T] [thread 65395] [43.0] [cxt 0] load_balance.p4(115) Primitive hash( ...
[08:38:26.100] [bmv2] [T] [thread 65395] [43.0] [cxt 0] hash(base=0, max=2) = 1
[08:38:26.100] [bmv2] [T] [thread 65395] [43.0] [cxt 0] Applying table 'MyIngress.ecmp_nhop'
[08:38:26.100] [bmv2] [D] [thread 65395] [43.0] [cxt 0] Looking up key:
* meta.mp_select      : 0001

[08:38:26.100] [bmv2] [D] [thread 65395] [43.0] [cxt 0] Table 'MyIngress.ecmp_nhop': hit with handle 1
[08:38:26.100] [bmv2] [D] [thread 65395] [43.0] [cxt 0] Dumping entry 1
Match key:
* meta.mp_select      : EXACT     0001
Action entry: MyIngress.set_nhop - 80000000303,a000303,3,

[08:38:26.100] [bmv2] [D] [thread 65395] [43.0] [cxt 0] Action entry is MyIngress.set_nhop - 80000000303,a000303,3,
[08:38:26.100] [bmv2] [T] [thread 65395] [43.0] [cxt 0] Action MyIngress.set_nhop
[08:38:26.100] [bmv2] [T] [thread 65395] [43.0] [cxt 0] load_balance.p4(137) Primitive hdr.ethernet.dstAddr = nhop_dmac
[08:38:26.100] [bmv2] [T] [thread 65395] [43.0] [cxt 0] load_balance.p4(138) Primitive hdr.ipv4.dstAddr = nhop_ipv4
[08:38:26.100] [bmv2] [T] [thread 65395] [43.0] [cxt 0] load_balance.p4(139) Primitive standard_metadata.egress_spec = port
[08:38:26.100] [bmv2] [T] [thread 65395] [43.0] [cxt 0] load_balance.p4(140) Primitive hdr.ipv4.ttl = hdr.ipv4.ttl - 1
[08:38:26.100] [bmv2] [D] [thread 65395] [43.0] [cxt 0] Pipeline 'ingress': end
[08:38:26.100] [bmv2] [D] [thread 65395] [43.0] [cxt 0] Egress port is 3
[08:38:26.100] [bmv2] [D] [thread 65399] [43.0] [cxt 0] Pipeline 'egress': start
[08:38:26.101] [bmv2] [T] [thread 65399] [43.0] [cxt 0] Applying table 'MyEgress.send_frame'
[08:38:26.101] [bmv2] [D] [thread 65399] [43.0] [cxt 0] Looking up key:
* standard_metadata.egress_port: 0003

[08:38:26.101] [bmv2] [D] [thread 65399] [43.0] [cxt 0] Table 'MyEgress.send_frame': hit with handle 1
[08:38:26.101] [bmv2] [D] [thread 65399] [43.0] [cxt 0] Dumping entry 1
Match key:
* standard_metadata.egress_port: EXACT     0003
Action entry: MyEgress.rewrite_mac - 80000000100,

[08:38:26.101] [bmv2] [D] [thread 65399] [43.0] [cxt 0] Action entry is MyEgress.rewrite_mac - 80000000100,
[08:38:26.101] [bmv2] [T] [thread 65399] [43.0] [cxt 0] Action MyEgress.rewrite_mac
[08:38:26.101] [bmv2] [T] [thread 65399] [43.0] [cxt 0] load_balance.p4(179) Primitive hdr.ethernet.srcAddr = smac
[08:38:26.101] [bmv2] [D] [thread 65399] [43.0] [cxt 0] Pipeline 'egress': end
[08:38:26.101] [bmv2] [D] [thread 65399] [43.0] [cxt 0] Deparser 'deparser': start
[08:38:26.101] [bmv2] [D] [thread 65399] [43.0] [cxt 0] Updating checksum 'cksum'
[08:38:26.101] [bmv2] [D] [thread 65399] [43.0] [cxt 0] Deparsing header 'ethernet'
[08:38:26.101] [bmv2] [D] [thread 65399] [43.0] [cxt 0] Deparsing header 'ipv4'
[08:38:26.101] [bmv2] [D] [thread 65399] [43.0] [cxt 0] Deparsing header 'tcp'
[08:38:26.101] [bmv2] [D] [thread 65399] [43.0] [cxt 0] Deparser 'deparser': end
[08:38:26.101] [bmv2] [D] [thread 65400] [43.0] [cxt 0] Transmitting packet of size 60 out of port 3
[08:38:26.452] [bmv2] [D] [thread 65395] [44.0] [cxt 0] Processing packet received on port 2
[08:38:26.452] [bmv2] [D] [thread 65395] [44.0] [cxt 0] Parser 'parser': start
[08:38:26.452] [bmv2] [D] [thread 65395] [44.0] [cxt 0] Parser 'parser' entering state 'start'
[08:38:26.452] [bmv2] [D] [thread 65395] [44.0] [cxt 0] Extracting header 'ethernet'
[08:38:26.453] [bmv2] [D] [thread 65395] [44.0] [cxt 0] Parser state 'start': key is 86dd
[08:38:26.453] [bmv2] [T] [thread 65395] [44.0] [cxt 0] Bytes parsed: 14
[08:38:26.453] [bmv2] [D] [thread 65395] [44.0] [cxt 0] Parser 'parser': end
[08:38:26.453] [bmv2] [D] [thread 65395] [44.0] [cxt 0] Pipeline 'ingress': start
[08:38:26.453] [bmv2] [T] [thread 65395] [44.0] [cxt 0] load_balance.p4(163) Condition "hdr.ipv4.isValid() && hdr.ipv4.ttl > 0" (node_2) is false
[08:38:26.453] [bmv2] [D] [thread 65395] [44.0] [cxt 0] Pipeline 'ingress': end
[08:38:26.453] [bmv2] [D] [thread 65395] [44.0] [cxt 0] Egress port is 0
[08:38:26.453] [bmv2] [D] [thread 65396] [44.0] [cxt 0] Pipeline 'egress': start
[08:38:26.453] [bmv2] [T] [thread 65396] [44.0] [cxt 0] Applying table 'MyEgress.send_frame'
[08:38:26.453] [bmv2] [D] [thread 65396] [44.0] [cxt 0] Looking up key:
* standard_metadata.egress_port: 0000

[08:38:26.453] [bmv2] [D] [thread 65396] [44.0] [cxt 0] Table 'MyEgress.send_frame': miss
[08:38:26.453] [bmv2] [D] [thread 65396] [44.0] [cxt 0] Action entry is NoAction - 
[08:38:26.453] [bmv2] [T] [thread 65396] [44.0] [cxt 0] Action NoAction
[08:38:26.453] [bmv2] [D] [thread 65396] [44.0] [cxt 0] Pipeline 'egress': end
[08:38:26.453] [bmv2] [D] [thread 65396] [44.0] [cxt 0] Deparser 'deparser': start
[08:38:26.453] [bmv2] [T] [thread 65396] [44.0] [cxt 0] Skipping checksum 'cksum' update because condition not met
[08:38:26.453] [bmv2] [D] [thread 65396] [44.0] [cxt 0] Deparsing header 'ethernet'
[08:38:26.453] [bmv2] [D] [thread 65396] [44.0] [cxt 0] Deparser 'deparser': end
[08:38:26.453] [bmv2] [D] [thread 65400] [44.0] [cxt 0] Transmitting packet of size 70 out of port 0
[08:38:27.199] [bmv2] [D] [thread 65395] [45.0] [cxt 0] Processing packet received on port 1
[08:38:27.199] [bmv2] [D] [thread 65395] [45.0] [cxt 0] Parser 'parser': start
[08:38:27.199] [bmv2] [D] [thread 65395] [45.0] [cxt 0] Parser 'parser' entering state 'start'
[08:38:27.199] [bmv2] [D] [thread 65395] [45.0] [cxt 0] Extracting header 'ethernet'
[08:38:27.199] [bmv2] [D] [thread 65395] [45.0] [cxt 0] Parser state 'start': key is 0800
[08:38:27.199] [bmv2] [T] [thread 65395] [45.0] [cxt 0] Bytes parsed: 14
[08:38:27.199] [bmv2] [D] [thread 65395] [45.0] [cxt 0] Parser 'parser' entering state 'parse_ipv4'
[08:38:27.199] [bmv2] [D] [thread 65395] [45.0] [cxt 0] Extracting header 'ipv4'
[08:38:27.199] [bmv2] [D] [thread 65395] [45.0] [cxt 0] Parser state 'parse_ipv4': key is 06
[08:38:27.199] [bmv2] [T] [thread 65395] [45.0] [cxt 0] Bytes parsed: 34
[08:38:27.199] [bmv2] [D] [thread 65395] [45.0] [cxt 0] Parser 'parser' entering state 'parse_tcp'
[08:38:27.199] [bmv2] [D] [thread 65395] [45.0] [cxt 0] Extracting header 'tcp'
[08:38:27.199] [bmv2] [D] [thread 65395] [45.0] [cxt 0] Parser state 'parse_tcp' has no switch, going to default next state
[08:38:27.199] [bmv2] [T] [thread 65395] [45.0] [cxt 0] Bytes parsed: 54
[08:38:27.199] [bmv2] [D] [thread 65395] [45.0] [cxt 0] Parser 'parser': end
[08:38:27.199] [bmv2] [D] [thread 65395] [45.0] [cxt 0] Pipeline 'ingress': start
[08:38:27.199] [bmv2] [T] [thread 65395] [45.0] [cxt 0] load_balance.p4(163) Condition "hdr.ipv4.isValid() && hdr.ipv4.ttl > 0" (node_2) is true
[08:38:27.199] [bmv2] [T] [thread 65395] [45.0] [cxt 0] Applying table 'MyIngress.ecmp_group'
[08:38:27.199] [bmv2] [D] [thread 65395] [45.0] [cxt 0] Looking up key:
* hdr.ipv4.dstAddr    : 0a000001

[08:38:27.199] [bmv2] [D] [thread 65395] [45.0] [cxt 0] Table 'MyIngress.ecmp_group': hit with handle 0
[08:38:27.199] [bmv2] [D] [thread 65395] [45.0] [cxt 0] Dumping entry 0
Match key:
* hdr.ipv4.dstAddr    : LPM       0a000001/32
Action entry: MyIngress.set_mp_select - 0,2,

[08:38:27.199] [bmv2] [D] [thread 65395] [45.0] [cxt 0] Action entry is MyIngress.set_mp_select - 0,2,
[08:38:27.199] [bmv2] [T] [thread 65395] [45.0] [cxt 0] Action MyIngress.set_mp_select
[08:38:27.199] [bmv2] [T] [thread 65395] [45.0] [cxt 0] load_balance.p4(119) Primitive hdr.ipv4.srcAddr
[08:38:27.199] [bmv2] [T] [thread 65395] [45.0] [cxt 0] load_balance.p4(120) Primitive hdr.ipv4.dstAddr
[08:38:27.199] [bmv2] [T] [thread 65395] [45.0] [cxt 0] load_balance.p4(121) Primitive hdr.ipv4.protocol
[08:38:27.199] [bmv2] [T] [thread 65395] [45.0] [cxt 0] load_balance.p4(122) Primitive hdr.tcp.srcPort
[08:38:27.199] [bmv2] [T] [thread 65395] [45.0] [cxt 0] load_balance.p4(123) Primitive hdr.tcp.dstPort
[08:38:27.200] [bmv2] [T] [thread 65395] [45.0] [cxt 0] load_balance.p4(115) Primitive hash( ...
[08:38:27.200] [bmv2] [T] [thread 65395] [45.0] [cxt 0] hash(base=0, max=2) = 0
[08:38:27.200] [bmv2] [T] [thread 65395] [45.0] [cxt 0] Applying table 'MyIngress.ecmp_nhop'
[08:38:27.200] [bmv2] [D] [thread 65395] [45.0] [cxt 0] Looking up key:
* meta.mp_select      : 0000

[08:38:27.200] [bmv2] [D] [thread 65395] [45.0] [cxt 0] Table 'MyIngress.ecmp_nhop': hit with handle 0
[08:38:27.200] [bmv2] [D] [thread 65395] [45.0] [cxt 0] Dumping entry 0
Match key:
* meta.mp_select      : EXACT     0000
Action entry: MyIngress.set_nhop - 80000000202,a000202,2,

[08:38:27.200] [bmv2] [D] [thread 65395] [45.0] [cxt 0] Action entry is MyIngress.set_nhop - 80000000202,a000202,2,
[08:38:27.200] [bmv2] [T] [thread 65395] [45.0] [cxt 0] Action MyIngress.set_nhop
[08:38:27.200] [bmv2] [T] [thread 65395] [45.0] [cxt 0] load_balance.p4(137) Primitive hdr.ethernet.dstAddr = nhop_dmac
[08:38:27.200] [bmv2] [T] [thread 65395] [45.0] [cxt 0] load_balance.p4(138) Primitive hdr.ipv4.dstAddr = nhop_ipv4
[08:38:27.200] [bmv2] [T] [thread 65395] [45.0] [cxt 0] load_balance.p4(139) Primitive standard_metadata.egress_spec = port
[08:38:27.200] [bmv2] [T] [thread 65395] [45.0] [cxt 0] load_balance.p4(140) Primitive hdr.ipv4.ttl = hdr.ipv4.ttl - 1
[08:38:27.200] [bmv2] [D] [thread 65395] [45.0] [cxt 0] Pipeline 'ingress': end
[08:38:27.200] [bmv2] [D] [thread 65395] [45.0] [cxt 0] Egress port is 2
[08:38:27.200] [bmv2] [D] [thread 65398] [45.0] [cxt 0] Pipeline 'egress': start
[08:38:27.200] [bmv2] [T] [thread 65398] [45.0] [cxt 0] Applying table 'MyEgress.send_frame'
[08:38:27.200] [bmv2] [D] [thread 65398] [45.0] [cxt 0] Looking up key:
* standard_metadata.egress_port: 0002

[08:38:27.200] [bmv2] [D] [thread 65398] [45.0] [cxt 0] Table 'MyEgress.send_frame': hit with handle 0
[08:38:27.200] [bmv2] [D] [thread 65398] [45.0] [cxt 0] Dumping entry 0
Match key:
* standard_metadata.egress_port: EXACT     0002
Action entry: MyEgress.rewrite_mac - 80000000100,

[08:38:27.200] [bmv2] [D] [thread 65398] [45.0] [cxt 0] Action entry is MyEgress.rewrite_mac - 80000000100,
[08:38:27.200] [bmv2] [T] [thread 65398] [45.0] [cxt 0] Action MyEgress.rewrite_mac
[08:38:27.200] [bmv2] [T] [thread 65398] [45.0] [cxt 0] load_balance.p4(179) Primitive hdr.ethernet.srcAddr = smac
[08:38:27.200] [bmv2] [D] [thread 65398] [45.0] [cxt 0] Pipeline 'egress': end
[08:38:27.200] [bmv2] [D] [thread 65398] [45.0] [cxt 0] Deparser 'deparser': start
[08:38:27.200] [bmv2] [D] [thread 65398] [45.0] [cxt 0] Updating checksum 'cksum'
[08:38:27.200] [bmv2] [D] [thread 65398] [45.0] [cxt 0] Deparsing header 'ethernet'
[08:38:27.200] [bmv2] [D] [thread 65398] [45.0] [cxt 0] Deparsing header 'ipv4'
[08:38:27.200] [bmv2] [D] [thread 65398] [45.0] [cxt 0] Deparsing header 'tcp'
[08:38:27.200] [bmv2] [D] [thread 65398] [45.0] [cxt 0] Deparser 'deparser': end
[08:38:27.200] [bmv2] [D] [thread 65400] [45.0] [cxt 0] Transmitting packet of size 60 out of port 2
[08:38:28.497] [bmv2] [D] [thread 65395] [46.0] [cxt 0] Processing packet received on port 1
[08:38:28.497] [bmv2] [D] [thread 65395] [46.0] [cxt 0] Parser 'parser': start
[08:38:28.497] [bmv2] [D] [thread 65395] [46.0] [cxt 0] Parser 'parser' entering state 'start'
[08:38:28.497] [bmv2] [D] [thread 65395] [46.0] [cxt 0] Extracting header 'ethernet'
[08:38:28.497] [bmv2] [D] [thread 65395] [46.0] [cxt 0] Parser state 'start': key is 86dd
[08:38:28.497] [bmv2] [T] [thread 65395] [46.0] [cxt 0] Bytes parsed: 14
[08:38:28.497] [bmv2] [D] [thread 65395] [46.0] [cxt 0] Parser 'parser': end
[08:38:28.497] [bmv2] [D] [thread 65395] [46.0] [cxt 0] Pipeline 'ingress': start
[08:38:28.497] [bmv2] [T] [thread 65395] [46.0] [cxt 0] load_balance.p4(163) Condition "hdr.ipv4.isValid() && hdr.ipv4.ttl > 0" (node_2) is false
[08:38:28.497] [bmv2] [D] [thread 65395] [46.0] [cxt 0] Pipeline 'ingress': end
[08:38:28.497] [bmv2] [D] [thread 65395] [46.0] [cxt 0] Egress port is 0
[08:38:28.497] [bmv2] [D] [thread 65396] [46.0] [cxt 0] Pipeline 'egress': start
[08:38:28.497] [bmv2] [T] [thread 65396] [46.0] [cxt 0] Applying table 'MyEgress.send_frame'
[08:38:28.497] [bmv2] [D] [thread 65396] [46.0] [cxt 0] Looking up key:
* standard_metadata.egress_port: 0000

[08:38:28.497] [bmv2] [D] [thread 65396] [46.0] [cxt 0] Table 'MyEgress.send_frame': miss
[08:38:28.497] [bmv2] [D] [thread 65396] [46.0] [cxt 0] Action entry is NoAction - 
[08:38:28.498] [bmv2] [T] [thread 65396] [46.0] [cxt 0] Action NoAction
[08:38:28.498] [bmv2] [D] [thread 65396] [46.0] [cxt 0] Pipeline 'egress': end
[08:38:28.498] [bmv2] [D] [thread 65396] [46.0] [cxt 0] Deparser 'deparser': start
[08:38:28.498] [bmv2] [T] [thread 65396] [46.0] [cxt 0] Skipping checksum 'cksum' update because condition not met
[08:38:28.498] [bmv2] [D] [thread 65396] [46.0] [cxt 0] Deparsing header 'ethernet'
[08:38:28.498] [bmv2] [D] [thread 65396] [46.0] [cxt 0] Deparser 'deparser': end
[08:38:28.498] [bmv2] [D] [thread 65400] [46.0] [cxt 0] Transmitting packet of size 70 out of port 0
[08:38:36.692] [bmv2] [D] [thread 65395] [47.0] [cxt 0] Processing packet received on port 3
[08:38:36.692] [bmv2] [D] [thread 65395] [47.0] [cxt 0] Parser 'parser': start
[08:38:36.693] [bmv2] [D] [thread 65395] [47.0] [cxt 0] Parser 'parser' entering state 'start'
[08:38:36.693] [bmv2] [D] [thread 65395] [47.0] [cxt 0] Extracting header 'ethernet'
[08:38:36.693] [bmv2] [D] [thread 65395] [47.0] [cxt 0] Parser state 'start': key is 86dd
[08:38:36.693] [bmv2] [T] [thread 65395] [47.0] [cxt 0] Bytes parsed: 14
[08:38:36.693] [bmv2] [D] [thread 65395] [47.0] [cxt 0] Parser 'parser': end
[08:38:36.693] [bmv2] [D] [thread 65395] [47.0] [cxt 0] Pipeline 'ingress': start
[08:38:36.693] [bmv2] [T] [thread 65395] [47.0] [cxt 0] load_balance.p4(163) Condition "hdr.ipv4.isValid() && hdr.ipv4.ttl > 0" (node_2) is false
[08:38:36.693] [bmv2] [D] [thread 65395] [47.0] [cxt 0] Pipeline 'ingress': end
[08:38:36.693] [bmv2] [D] [thread 65395] [47.0] [cxt 0] Egress port is 0
[08:38:36.693] [bmv2] [D] [thread 65395] [48.0] [cxt 0] Processing packet received on port 3
[08:38:36.693] [bmv2] [D] [thread 65395] [48.0] [cxt 0] Parser 'parser': start
[08:38:36.693] [bmv2] [D] [thread 65395] [48.0] [cxt 0] Parser 'parser' entering state 'start'
[08:38:36.693] [bmv2] [D] [thread 65395] [48.0] [cxt 0] Extracting header 'ethernet'
[08:38:36.693] [bmv2] [D] [thread 65395] [48.0] [cxt 0] Parser state 'start': key is 86dd
[08:38:36.693] [bmv2] [T] [thread 65395] [48.0] [cxt 0] Bytes parsed: 14
[08:38:36.693] [bmv2] [D] [thread 65395] [48.0] [cxt 0] Parser 'parser': end
[08:38:36.693] [bmv2] [D] [thread 65395] [48.0] [cxt 0] Pipeline 'ingress': start
[08:38:36.693] [bmv2] [T] [thread 65395] [48.0] [cxt 0] load_balance.p4(163) Condition "hdr.ipv4.isValid() && hdr.ipv4.ttl > 0" (node_2) is false
[08:38:36.693] [bmv2] [D] [thread 65395] [48.0] [cxt 0] Pipeline 'ingress': end
[08:38:36.693] [bmv2] [D] [thread 65395] [48.0] [cxt 0] Egress port is 0
[08:38:36.693] [bmv2] [D] [thread 65396] [47.0] [cxt 0] Pipeline 'egress': start
[08:38:36.693] [bmv2] [T] [thread 65396] [47.0] [cxt 0] Applying table 'MyEgress.send_frame'
[08:38:36.693] [bmv2] [D] [thread 65396] [47.0] [cxt 0] Looking up key:
* standard_metadata.egress_port: 0000

[08:38:36.693] [bmv2] [D] [thread 65396] [47.0] [cxt 0] Table 'MyEgress.send_frame': miss
[08:38:36.693] [bmv2] [D] [thread 65396] [47.0] [cxt 0] Action entry is NoAction - 
[08:38:36.693] [bmv2] [T] [thread 65396] [47.0] [cxt 0] Action NoAction
[08:38:36.693] [bmv2] [D] [thread 65396] [47.0] [cxt 0] Pipeline 'egress': end
[08:38:36.693] [bmv2] [D] [thread 65396] [47.0] [cxt 0] Deparser 'deparser': start
[08:38:36.693] [bmv2] [T] [thread 65396] [47.0] [cxt 0] Skipping checksum 'cksum' update because condition not met
[08:38:36.693] [bmv2] [D] [thread 65396] [47.0] [cxt 0] Deparsing header 'ethernet'
[08:38:36.693] [bmv2] [D] [thread 65396] [47.0] [cxt 0] Deparser 'deparser': end
[08:38:36.693] [bmv2] [D] [thread 65396] [48.0] [cxt 0] Pipeline 'egress': start
[08:38:36.693] [bmv2] [T] [thread 65396] [48.0] [cxt 0] Applying table 'MyEgress.send_frame'
[08:38:36.693] [bmv2] [D] [thread 65396] [48.0] [cxt 0] Looking up key:
* standard_metadata.egress_port: 0000

[08:38:36.693] [bmv2] [D] [thread 65396] [48.0] [cxt 0] Table 'MyEgress.send_frame': miss
[08:38:36.693] [bmv2] [D] [thread 65396] [48.0] [cxt 0] Action entry is NoAction - 
[08:38:36.693] [bmv2] [T] [thread 65396] [48.0] [cxt 0] Action NoAction
[08:38:36.693] [bmv2] [D] [thread 65396] [48.0] [cxt 0] Pipeline 'egress': end
[08:38:36.693] [bmv2] [D] [thread 65396] [48.0] [cxt 0] Deparser 'deparser': start
[08:38:36.693] [bmv2] [T] [thread 65396] [48.0] [cxt 0] Skipping checksum 'cksum' update because condition not met
[08:38:36.693] [bmv2] [D] [thread 65396] [48.0] [cxt 0] Deparsing header 'ethernet'
[08:38:36.693] [bmv2] [D] [thread 65396] [48.0] [cxt 0] Deparser 'deparser': end
[08:38:36.693] [bmv2] [D] [thread 65400] [47.0] [cxt 0] Transmitting packet of size 70 out of port 0
[08:38:36.693] [bmv2] [D] [thread 65400] [48.0] [cxt 0] Transmitting packet of size 70 out of port 0
open: No such file or directory
open: No such file or directory
open: No such file or directory
open: No such file or directory
open: No such file or directory
