Calling target program-options parser
[15:27:41.805] [bmv2] [D] [thread 45719] Set default default entry for table 'MyIngress.tcp_lb': MyIngress.drop - 
[15:27:41.806] [bmv2] [D] [thread 45719] Set default default entry for table 'MyIngress.tcp_lb_nhop': MyIngress.drop - 
[15:27:41.806] [bmv2] [D] [thread 45719] Set default default entry for table 'MyIngress.ipv4_lpm': MyIngress.drop - 
[15:27:41.806] [bmv2] [D] [thread 45719] Set default default entry for table 'tbl_link_monitor339': link_monitor339 - 
[15:27:41.809] [bmv2] [D] [thread 45719] Set default default entry for table 'tbl_link_monitor377': link_monitor377 - 
[15:27:41.809] [bmv2] [D] [thread 45719] Set default default entry for table 'tbl_link_monitor380': link_monitor380 - 
[15:27:41.809] [bmv2] [D] [thread 45719] Set default default entry for table 'tbl_link_monitor380_0': link_monitor380_0 - 
[15:27:41.809] [bmv2] [D] [thread 45719] Set default default entry for table 'tbl_link_monitor381': link_monitor381 - 
[15:27:41.809] [bmv2] [D] [thread 45719] Set default default entry for table 'tbl_link_monitor385': link_monitor385 - 
[15:27:41.809] [bmv2] [D] [thread 45719] Set default default entry for table 'tbl_link_monitor388': link_monitor388 - 
[15:27:41.809] [bmv2] [D] [thread 45719] Set default default entry for table 'tbl_link_monitor391': link_monitor391 - 
[15:27:41.809] [bmv2] [D] [thread 45719] Set default default entry for table 'MyEgress.swid': NoAction - 
[15:27:41.809] [bmv2] [D] [thread 45719] Set default default entry for table 'tbl_link_monitor396': link_monitor396 - 
Adding interface s1-eth1 as port 1
[15:27:41.820] [bmv2] [D] [thread 45719] Adding interface s1-eth1 as port 1
Adding interface s1-eth2 as port 2
[15:27:41.853] [bmv2] [D] [thread 45719] Adding interface s1-eth2 as port 2
Adding interface s1-eth3 as port 3
[15:27:41.883] [bmv2] [D] [thread 45719] Adding interface s1-eth3 as port 3
Adding interface s1-eth4 as port 4
[15:27:41.904] [bmv2] [D] [thread 45719] Adding interface s1-eth4 as port 4
Server listening on 0.0.0.0:50051
[15:27:41.937] [bmv2] [I] [thread 45719] Starting Thrift server on port 9090
[15:27:41.941] [bmv2] [I] [thread 45719] Thrift server was started
[15:27:41.991] [bmv2] [D] [thread 45730] [0.0] [cxt 0] Processing packet received on port 3
[15:27:41.991] [bmv2] [D] [thread 45730] [0.0] [cxt 0] Parser 'parser': start
[15:27:41.991] [bmv2] [D] [thread 45730] [0.0] [cxt 0] Parser 'parser' entering state 'start'
[15:27:41.991] [bmv2] [D] [thread 45730] [0.0] [cxt 0] Extracting header 'ethernet'
[15:27:41.991] [bmv2] [D] [thread 45730] [0.0] [cxt 0] Parser state 'start': key is 86dd
[15:27:41.991] [bmv2] [T] [thread 45730] [0.0] [cxt 0] Bytes parsed: 14
[15:27:41.991] [bmv2] [D] [thread 45730] [0.0] [cxt 0] Parser 'parser': end
[15:27:41.991] [bmv2] [D] [thread 45730] [0.0] [cxt 0] Pipeline 'ingress': start
[15:27:41.991] [bmv2] [T] [thread 45730] [0.0] [cxt 0] link_monitor.p4(331) Condition "hdr.tcp.isValid()" (node_2) is false
[15:27:41.991] [bmv2] [T] [thread 45730] [0.0] [cxt 0] link_monitor.p4(335) Condition "hdr.ipv4.isValid()" (node_5) is false
[15:27:41.991] [bmv2] [T] [thread 45730] [0.0] [cxt 0] link_monitor.p4(338) Condition "hdr.probe.isValid()" (node_7) is false
[15:27:41.991] [bmv2] [D] [thread 45730] [0.0] [cxt 0] Pipeline 'ingress': end
[15:27:41.991] [bmv2] [D] [thread 45730] [0.0] [cxt 0] Egress port is 0
[15:27:41.991] [bmv2] [D] [thread 45730] [1.0] [cxt 0] Processing packet received on port 3
[15:27:41.991] [bmv2] [D] [thread 45730] [1.0] [cxt 0] Parser 'parser': start
[15:27:41.991] [bmv2] [D] [thread 45730] [1.0] [cxt 0] Parser 'parser' entering state 'start'
[15:27:41.991] [bmv2] [D] [thread 45730] [1.0] [cxt 0] Extracting header 'ethernet'
[15:27:41.991] [bmv2] [D] [thread 45730] [1.0] [cxt 0] Parser state 'start': key is 86dd
[15:27:41.991] [bmv2] [T] [thread 45730] [1.0] [cxt 0] Bytes parsed: 14
[15:27:41.991] [bmv2] [D] [thread 45730] [1.0] [cxt 0] Parser 'parser': end
[15:27:41.991] [bmv2] [D] [thread 45730] [1.0] [cxt 0] Pipeline 'ingress': start
[15:27:41.991] [bmv2] [T] [thread 45730] [1.0] [cxt 0] link_monitor.p4(331) Condition "hdr.tcp.isValid()" (node_2) is false
[15:27:41.992] [bmv2] [T] [thread 45730] [1.0] [cxt 0] link_monitor.p4(335) Condition "hdr.ipv4.isValid()" (node_5) is false
[15:27:41.992] [bmv2] [T] [thread 45730] [1.0] [cxt 0] link_monitor.p4(338) Condition "hdr.probe.isValid()" (node_7) is false
[15:27:41.992] [bmv2] [D] [thread 45730] [1.0] [cxt 0] Pipeline 'ingress': end
[15:27:41.992] [bmv2] [D] [thread 45730] [1.0] [cxt 0] Egress port is 0
[15:27:41.992] [bmv2] [D] [thread 45731] [0.0] [cxt 0] Pipeline 'egress': start
[15:27:41.992] [bmv2] [T] [thread 45731] [0.0] [cxt 0] Applying table 'tbl_link_monitor377'
[15:27:41.992] [bmv2] [D] [thread 45731] [0.0] [cxt 0] Looking up key:

[15:27:41.992] [bmv2] [D] [thread 45731] [0.0] [cxt 0] Table 'tbl_link_monitor377': miss
[15:27:41.992] [bmv2] [D] [thread 45731] [0.0] [cxt 0] Action entry is link_monitor377 - 
[15:27:41.992] [bmv2] [T] [thread 45731] [0.0] [cxt 0] Action link_monitor377
[15:27:41.992] [bmv2] [T] [thread 45731] [0.0] [cxt 0] link_monitor.p4(377) Primitive (bit<32>)standard_metadata.egress_port
[15:27:41.992] [bmv2] [T] [thread 45731] [0.0] [cxt 0] link_monitor.p4(377) Primitive byte_cnt_reg.read(byte_cnt, (bit<32>)standard_metadata.egress_port)
[15:27:41.992] [bmv2] [T] [thread 45731] [0.0] [cxt 0] Read register 'MyEgress.byte_cnt_reg' at index 0 read value 0
[15:27:41.992] [bmv2] [T] [thread 45731] [0.0] [cxt 0] link_monitor.p4(378) Primitive byte_cnt = byte_cnt + standard_metadata.packet_length
[15:27:41.992] [bmv2] [T] [thread 45731] [0.0] [cxt 0] link_monitor.p4(380) Condition "hdr.probe.isValid()" (node_12) is false
[15:27:41.992] [bmv2] [T] [thread 45731] [0.0] [cxt 0] Applying table 'tbl_link_monitor380_0'
[15:27:41.992] [bmv2] [D] [thread 45731] [0.0] [cxt 0] Looking up key:

[15:27:41.992] [bmv2] [D] [thread 45731] [0.0] [cxt 0] Table 'tbl_link_monitor380_0': miss
[15:27:41.992] [bmv2] [D] [thread 45731] [0.0] [cxt 0] Action entry is link_monitor380_0 - 
[15:27:41.992] [bmv2] [T] [thread 45731] [0.0] [cxt 0] Action link_monitor380_0
[15:27:41.992] [bmv2] [T] [thread 45731] [0.0] [cxt 0] link_monitor.p4(380) Primitive (hdr.probe.isValid()) ? 0 : byte_cnt
[15:27:41.992] [bmv2] [T] [thread 45731] [0.0] [cxt 0] Applying table 'tbl_link_monitor381'
[15:27:41.992] [bmv2] [D] [thread 45731] [0.0] [cxt 0] Looking up key:

[15:27:41.992] [bmv2] [D] [thread 45731] [0.0] [cxt 0] Table 'tbl_link_monitor381': miss
[15:27:41.992] [bmv2] [D] [thread 45731] [0.0] [cxt 0] Action entry is link_monitor381 - 
[15:27:41.992] [bmv2] [T] [thread 45731] [0.0] [cxt 0] Action link_monitor381
[15:27:41.992] [bmv2] [T] [thread 45731] [0.0] [cxt 0] link_monitor.p4(381) Primitive (bit<32>)standard_metadata.egress_port
[15:27:41.992] [bmv2] [T] [thread 45731] [0.0] [cxt 0] link_monitor.p4(381) Primitive byte_cnt_reg.write((bit<32>)standard_metadata.egress_port, new_byte_cnt)
[15:27:41.992] [bmv2] [T] [thread 45731] [0.0] [cxt 0] Wrote register 'MyEgress.byte_cnt_reg' at index 0 with value 86
[15:27:41.992] [bmv2] [T] [thread 45731] [0.0] [cxt 0] link_monitor.p4(383) Condition "hdr.probe.isValid()" (node_16) is false
[15:27:41.992] [bmv2] [D] [thread 45731] [0.0] [cxt 0] Pipeline 'egress': end
[15:27:41.992] [bmv2] [D] [thread 45731] [0.0] [cxt 0] Deparser 'deparser': start
[15:27:41.992] [bmv2] [T] [thread 45731] [0.0] [cxt 0] Skipping checksum 'cksum' update because condition not met
[15:27:41.992] [bmv2] [D] [thread 45731] [0.0] [cxt 0] Deparsing header 'ethernet'
[15:27:41.992] [bmv2] [D] [thread 45731] [0.0] [cxt 0] Deparser 'deparser': end
[15:27:41.992] [bmv2] [D] [thread 45731] [1.0] [cxt 0] Pipeline 'egress': start
[15:27:41.992] [bmv2] [T] [thread 45731] [1.0] [cxt 0] Applying table 'tbl_link_monitor377'
[15:27:41.992] [bmv2] [D] [thread 45731] [1.0] [cxt 0] Looking up key:

[15:27:41.992] [bmv2] [D] [thread 45731] [1.0] [cxt 0] Table 'tbl_link_monitor377': miss
[15:27:41.992] [bmv2] [D] [thread 45731] [1.0] [cxt 0] Action entry is link_monitor377 - 
[15:27:41.992] [bmv2] [T] [thread 45731] [1.0] [cxt 0] Action link_monitor377
[15:27:41.992] [bmv2] [T] [thread 45731] [1.0] [cxt 0] link_monitor.p4(377) Primitive (bit<32>)standard_metadata.egress_port
[15:27:41.992] [bmv2] [T] [thread 45731] [1.0] [cxt 0] link_monitor.p4(377) Primitive byte_cnt_reg.read(byte_cnt, (bit<32>)standard_metadata.egress_port)
[15:27:41.992] [bmv2] [T] [thread 45731] [1.0] [cxt 0] Read register 'MyEgress.byte_cnt_reg' at index 0 read value 86
[15:27:41.992] [bmv2] [T] [thread 45731] [1.0] [cxt 0] link_monitor.p4(378) Primitive byte_cnt = byte_cnt + standard_metadata.packet_length
[15:27:41.992] [bmv2] [T] [thread 45731] [1.0] [cxt 0] link_monitor.p4(380) Condition "hdr.probe.isValid()" (node_12) is false
[15:27:41.992] [bmv2] [T] [thread 45731] [1.0] [cxt 0] Applying table 'tbl_link_monitor380_0'
[15:27:41.992] [bmv2] [D] [thread 45731] [1.0] [cxt 0] Looking up key:

[15:27:41.992] [bmv2] [D] [thread 45731] [1.0] [cxt 0] Table 'tbl_link_monitor380_0': miss
[15:27:41.992] [bmv2] [D] [thread 45731] [1.0] [cxt 0] Action entry is link_monitor380_0 - 
[15:27:41.992] [bmv2] [T] [thread 45731] [1.0] [cxt 0] Action link_monitor380_0
[15:27:41.992] [bmv2] [T] [thread 45731] [1.0] [cxt 0] link_monitor.p4(380) Primitive (hdr.probe.isValid()) ? 0 : byte_cnt
[15:27:41.992] [bmv2] [T] [thread 45731] [1.0] [cxt 0] Applying table 'tbl_link_monitor381'
[15:27:41.992] [bmv2] [D] [thread 45731] [1.0] [cxt 0] Looking up key:

[15:27:41.992] [bmv2] [D] [thread 45731] [1.0] [cxt 0] Table 'tbl_link_monitor381': miss
[15:27:41.992] [bmv2] [D] [thread 45731] [1.0] [cxt 0] Action entry is link_monitor381 - 
[15:27:41.992] [bmv2] [T] [thread 45731] [1.0] [cxt 0] Action link_monitor381
[15:27:41.992] [bmv2] [T] [thread 45731] [1.0] [cxt 0] link_monitor.p4(381) Primitive (bit<32>)standard_metadata.egress_port
[15:27:41.992] [bmv2] [T] [thread 45731] [1.0] [cxt 0] link_monitor.p4(381) Primitive byte_cnt_reg.write((bit<32>)standard_metadata.egress_port, new_byte_cnt)
[15:27:41.992] [bmv2] [T] [thread 45731] [1.0] [cxt 0] Wrote register 'MyEgress.byte_cnt_reg' at index 0 with value 172
[15:27:41.992] [bmv2] [T] [thread 45731] [1.0] [cxt 0] link_monitor.p4(383) Condition "hdr.probe.isValid()" (node_16) is false
[15:27:41.992] [bmv2] [D] [thread 45731] [1.0] [cxt 0] Pipeline 'egress': end
[15:27:41.992] [bmv2] [D] [thread 45731] [1.0] [cxt 0] Deparser 'deparser': start
[15:27:41.992] [bmv2] [T] [thread 45731] [1.0] [cxt 0] Skipping checksum 'cksum' update because condition not met
[15:27:41.992] [bmv2] [D] [thread 45731] [1.0] [cxt 0] Deparsing header 'ethernet'
[15:27:41.992] [bmv2] [D] [thread 45731] [1.0] [cxt 0] Deparser 'deparser': end
[15:27:41.993] [bmv2] [D] [thread 45735] [0.0] [cxt 0] Transmitting packet of size 86 out of port 0
[15:27:41.993] [bmv2] [D] [thread 45735] [1.0] [cxt 0] Transmitting packet of size 86 out of port 0
[15:27:42.012] [bmv2] [D] [thread 45730] [2.0] [cxt 0] Processing packet received on port 4
[15:27:42.012] [bmv2] [D] [thread 45730] [2.0] [cxt 0] Parser 'parser': start
[15:27:42.012] [bmv2] [D] [thread 45730] [2.0] [cxt 0] Parser 'parser' entering state 'start'
[15:27:42.012] [bmv2] [D] [thread 45730] [2.0] [cxt 0] Extracting header 'ethernet'
[15:27:42.012] [bmv2] [D] [thread 45730] [2.0] [cxt 0] Parser state 'start': key is 86dd
[15:27:42.012] [bmv2] [T] [thread 45730] [2.0] [cxt 0] Bytes parsed: 14
[15:27:42.012] [bmv2] [D] [thread 45730] [2.0] [cxt 0] Parser 'parser': end
[15:27:42.012] [bmv2] [D] [thread 45730] [2.0] [cxt 0] Pipeline 'ingress': start
[15:27:42.012] [bmv2] [T] [thread 45730] [2.0] [cxt 0] link_monitor.p4(331) Condition "hdr.tcp.isValid()" (node_2) is false
[15:27:42.012] [bmv2] [T] [thread 45730] [2.0] [cxt 0] link_monitor.p4(335) Condition "hdr.ipv4.isValid()" (node_5) is false
[15:27:42.012] [bmv2] [T] [thread 45730] [2.0] [cxt 0] link_monitor.p4(338) Condition "hdr.probe.isValid()" (node_7) is false
[15:27:42.012] [bmv2] [D] [thread 45730] [2.0] [cxt 0] Pipeline 'ingress': end
[15:27:42.012] [bmv2] [D] [thread 45730] [2.0] [cxt 0] Egress port is 0
[15:27:42.012] [bmv2] [D] [thread 45731] [2.0] [cxt 0] Pipeline 'egress': start
[15:27:42.012] [bmv2] [T] [thread 45731] [2.0] [cxt 0] Applying table 'tbl_link_monitor377'
[15:27:42.013] [bmv2] [D] [thread 45731] [2.0] [cxt 0] Looking up key:

[15:27:42.013] [bmv2] [D] [thread 45731] [2.0] [cxt 0] Table 'tbl_link_monitor377': miss
[15:27:42.013] [bmv2] [D] [thread 45731] [2.0] [cxt 0] Action entry is link_monitor377 - 
[15:27:42.013] [bmv2] [T] [thread 45731] [2.0] [cxt 0] Action link_monitor377
[15:27:42.013] [bmv2] [T] [thread 45731] [2.0] [cxt 0] link_monitor.p4(377) Primitive (bit<32>)standard_metadata.egress_port
[15:27:42.013] [bmv2] [T] [thread 45731] [2.0] [cxt 0] link_monitor.p4(377) Primitive byte_cnt_reg.read(byte_cnt, (bit<32>)standard_metadata.egress_port)
[15:27:42.013] [bmv2] [T] [thread 45731] [2.0] [cxt 0] Read register 'MyEgress.byte_cnt_reg' at index 0 read value 172
[15:27:42.013] [bmv2] [T] [thread 45731] [2.0] [cxt 0] link_monitor.p4(378) Primitive byte_cnt = byte_cnt + standard_metadata.packet_length
[15:27:42.013] [bmv2] [T] [thread 45731] [2.0] [cxt 0] link_monitor.p4(380) Condition "hdr.probe.isValid()" (node_12) is false
[15:27:42.013] [bmv2] [T] [thread 45731] [2.0] [cxt 0] Applying table 'tbl_link_monitor380_0'
[15:27:42.013] [bmv2] [D] [thread 45731] [2.0] [cxt 0] Looking up key:

[15:27:42.013] [bmv2] [D] [thread 45731] [2.0] [cxt 0] Table 'tbl_link_monitor380_0': miss
[15:27:42.013] [bmv2] [D] [thread 45731] [2.0] [cxt 0] Action entry is link_monitor380_0 - 
[15:27:42.013] [bmv2] [T] [thread 45731] [2.0] [cxt 0] Action link_monitor380_0
[15:27:42.013] [bmv2] [T] [thread 45731] [2.0] [cxt 0] link_monitor.p4(380) Primitive (hdr.probe.isValid()) ? 0 : byte_cnt
[15:27:42.013] [bmv2] [T] [thread 45731] [2.0] [cxt 0] Applying table 'tbl_link_monitor381'
[15:27:42.013] [bmv2] [D] [thread 45731] [2.0] [cxt 0] Looking up key:

[15:27:42.013] [bmv2] [D] [thread 45731] [2.0] [cxt 0] Table 'tbl_link_monitor381': miss
[15:27:42.013] [bmv2] [D] [thread 45731] [2.0] [cxt 0] Action entry is link_monitor381 - 
[15:27:42.013] [bmv2] [T] [thread 45731] [2.0] [cxt 0] Action link_monitor381
[15:27:42.013] [bmv2] [T] [thread 45731] [2.0] [cxt 0] link_monitor.p4(381) Primitive (bit<32>)standard_metadata.egress_port
[15:27:42.013] [bmv2] [T] [thread 45731] [2.0] [cxt 0] link_monitor.p4(381) Primitive byte_cnt_reg.write((bit<32>)standard_metadata.egress_port, new_byte_cnt)
[15:27:42.013] [bmv2] [T] [thread 45731] [2.0] [cxt 0] Wrote register 'MyEgress.byte_cnt_reg' at index 0 with value 262
[15:27:42.013] [bmv2] [T] [thread 45731] [2.0] [cxt 0] link_monitor.p4(383) Condition "hdr.probe.isValid()" (node_16) is false
[15:27:42.013] [bmv2] [D] [thread 45731] [2.0] [cxt 0] Pipeline 'egress': end
[15:27:42.013] [bmv2] [D] [thread 45731] [2.0] [cxt 0] Deparser 'deparser': start
[15:27:42.013] [bmv2] [T] [thread 45731] [2.0] [cxt 0] Skipping checksum 'cksum' update because condition not met
[15:27:42.013] [bmv2] [D] [thread 45731] [2.0] [cxt 0] Deparsing header 'ethernet'
[15:27:42.013] [bmv2] [D] [thread 45731] [2.0] [cxt 0] Deparser 'deparser': end
[15:27:42.013] [bmv2] [D] [thread 45735] [2.0] [cxt 0] Transmitting packet of size 90 out of port 0
[15:27:42.055] [bmv2] [D] [thread 45730] [3.0] [cxt 0] Processing packet received on port 3
[15:27:42.055] [bmv2] [D] [thread 45730] [3.0] [cxt 0] Parser 'parser': start
[15:27:42.055] [bmv2] [D] [thread 45730] [3.0] [cxt 0] Parser 'parser' entering state 'start'
[15:27:42.055] [bmv2] [D] [thread 45730] [3.0] [cxt 0] Extracting header 'ethernet'
[15:27:42.055] [bmv2] [D] [thread 45730] [3.0] [cxt 0] Parser state 'start': key is 86dd
[15:27:42.055] [bmv2] [T] [thread 45730] [3.0] [cxt 0] Bytes parsed: 14
[15:27:42.055] [bmv2] [D] [thread 45730] [3.0] [cxt 0] Parser 'parser': end
[15:27:42.055] [bmv2] [D] [thread 45730] [3.0] [cxt 0] Pipeline 'ingress': start
[15:27:42.055] [bmv2] [T] [thread 45730] [3.0] [cxt 0] link_monitor.p4(331) Condition "hdr.tcp.isValid()" (node_2) is false
[15:27:42.056] [bmv2] [T] [thread 45730] [3.0] [cxt 0] link_monitor.p4(335) Condition "hdr.ipv4.isValid()" (node_5) is false
[15:27:42.056] [bmv2] [T] [thread 45730] [3.0] [cxt 0] link_monitor.p4(338) Condition "hdr.probe.isValid()" (node_7) is false
[15:27:42.056] [bmv2] [D] [thread 45730] [3.0] [cxt 0] Pipeline 'ingress': end
[15:27:42.056] [bmv2] [D] [thread 45730] [3.0] [cxt 0] Egress port is 0
[15:27:42.056] [bmv2] [D] [thread 45731] [3.0] [cxt 0] Pipeline 'egress': start
[15:27:42.056] [bmv2] [T] [thread 45731] [3.0] [cxt 0] Applying table 'tbl_link_monitor377'
[15:27:42.056] [bmv2] [D] [thread 45731] [3.0] [cxt 0] Looking up key:

[15:27:42.056] [bmv2] [D] [thread 45731] [3.0] [cxt 0] Table 'tbl_link_monitor377': miss
[15:27:42.056] [bmv2] [D] [thread 45731] [3.0] [cxt 0] Action entry is link_monitor377 - 
[15:27:42.056] [bmv2] [T] [thread 45731] [3.0] [cxt 0] Action link_monitor377
[15:27:42.056] [bmv2] [T] [thread 45731] [3.0] [cxt 0] link_monitor.p4(377) Primitive (bit<32>)standard_metadata.egress_port
[15:27:42.056] [bmv2] [T] [thread 45731] [3.0] [cxt 0] link_monitor.p4(377) Primitive byte_cnt_reg.read(byte_cnt, (bit<32>)standard_metadata.egress_port)
[15:27:42.056] [bmv2] [T] [thread 45731] [3.0] [cxt 0] Read register 'MyEgress.byte_cnt_reg' at index 0 read value 262
[15:27:42.056] [bmv2] [T] [thread 45731] [3.0] [cxt 0] link_monitor.p4(378) Primitive byte_cnt = byte_cnt + standard_metadata.packet_length
[15:27:42.056] [bmv2] [T] [thread 45731] [3.0] [cxt 0] link_monitor.p4(380) Condition "hdr.probe.isValid()" (node_12) is false
[15:27:42.056] [bmv2] [T] [thread 45731] [3.0] [cxt 0] Applying table 'tbl_link_monitor380_0'
[15:27:42.056] [bmv2] [D] [thread 45731] [3.0] [cxt 0] Looking up key:

[15:27:42.056] [bmv2] [D] [thread 45731] [3.0] [cxt 0] Table 'tbl_link_monitor380_0': miss
[15:27:42.056] [bmv2] [D] [thread 45731] [3.0] [cxt 0] Action entry is link_monitor380_0 - 
[15:27:42.056] [bmv2] [T] [thread 45731] [3.0] [cxt 0] Action link_monitor380_0
[15:27:42.056] [bmv2] [T] [thread 45731] [3.0] [cxt 0] link_monitor.p4(380) Primitive (hdr.probe.isValid()) ? 0 : byte_cnt
[15:27:42.056] [bmv2] [T] [thread 45731] [3.0] [cxt 0] Applying table 'tbl_link_monitor381'
[15:27:42.056] [bmv2] [D] [thread 45731] [3.0] [cxt 0] Looking up key:

[15:27:42.056] [bmv2] [D] [thread 45731] [3.0] [cxt 0] Table 'tbl_link_monitor381': miss
[15:27:42.056] [bmv2] [D] [thread 45731] [3.0] [cxt 0] Action entry is link_monitor381 - 
[15:27:42.056] [bmv2] [T] [thread 45731] [3.0] [cxt 0] Action link_monitor381
[15:27:42.056] [bmv2] [T] [thread 45731] [3.0] [cxt 0] link_monitor.p4(381) Primitive (bit<32>)standard_metadata.egress_port
[15:27:42.056] [bmv2] [T] [thread 45731] [3.0] [cxt 0] link_monitor.p4(381) Primitive byte_cnt_reg.write((bit<32>)standard_metadata.egress_port, new_byte_cnt)
[15:27:42.056] [bmv2] [T] [thread 45731] [3.0] [cxt 0] Wrote register 'MyEgress.byte_cnt_reg' at index 0 with value 352
[15:27:42.056] [bmv2] [T] [thread 45731] [3.0] [cxt 0] link_monitor.p4(383) Condition "hdr.probe.isValid()" (node_16) is false
[15:27:42.056] [bmv2] [D] [thread 45731] [3.0] [cxt 0] Pipeline 'egress': end
[15:27:42.056] [bmv2] [D] [thread 45731] [3.0] [cxt 0] Deparser 'deparser': start
[15:27:42.056] [bmv2] [T] [thread 45731] [3.0] [cxt 0] Skipping checksum 'cksum' update because condition not met
[15:27:42.056] [bmv2] [D] [thread 45731] [3.0] [cxt 0] Deparsing header 'ethernet'
[15:27:42.056] [bmv2] [D] [thread 45731] [3.0] [cxt 0] Deparser 'deparser': end
[15:27:42.057] [bmv2] [D] [thread 45735] [3.0] [cxt 0] Transmitting packet of size 90 out of port 0
[15:27:42.116] [bmv2] [D] [thread 45730] [4.0] [cxt 0] Processing packet received on port 2
[15:27:42.116] [bmv2] [D] [thread 45730] [4.0] [cxt 0] Parser 'parser': start
[15:27:42.116] [bmv2] [D] [thread 45730] [4.0] [cxt 0] Parser 'parser' entering state 'start'
[15:27:42.116] [bmv2] [D] [thread 45730] [4.0] [cxt 0] Extracting header 'ethernet'
[15:27:42.116] [bmv2] [D] [thread 45730] [4.0] [cxt 0] Parser state 'start': key is 86dd
[15:27:42.116] [bmv2] [T] [thread 45730] [4.0] [cxt 0] Bytes parsed: 14
[15:27:42.116] [bmv2] [D] [thread 45730] [4.0] [cxt 0] Parser 'parser': end
[15:27:42.116] [bmv2] [D] [thread 45730] [4.0] [cxt 0] Pipeline 'ingress': start
[15:27:42.116] [bmv2] [T] [thread 45730] [4.0] [cxt 0] link_monitor.p4(331) Condition "hdr.tcp.isValid()" (node_2) is false
[15:27:42.116] [bmv2] [T] [thread 45730] [4.0] [cxt 0] link_monitor.p4(335) Condition "hdr.ipv4.isValid()" (node_5) is false
[15:27:42.116] [bmv2] [T] [thread 45730] [4.0] [cxt 0] link_monitor.p4(338) Condition "hdr.probe.isValid()" (node_7) is false
[15:27:42.116] [bmv2] [D] [thread 45730] [4.0] [cxt 0] Pipeline 'ingress': end
[15:27:42.116] [bmv2] [D] [thread 45730] [4.0] [cxt 0] Egress port is 0
[15:27:42.116] [bmv2] [D] [thread 45731] [4.0] [cxt 0] Pipeline 'egress': start
[15:27:42.116] [bmv2] [T] [thread 45731] [4.0] [cxt 0] Applying table 'tbl_link_monitor377'
[15:27:42.116] [bmv2] [D] [thread 45731] [4.0] [cxt 0] Looking up key:

[15:27:42.116] [bmv2] [D] [thread 45731] [4.0] [cxt 0] Table 'tbl_link_monitor377': miss
[15:27:42.116] [bmv2] [D] [thread 45731] [4.0] [cxt 0] Action entry is link_monitor377 - 
[15:27:42.116] [bmv2] [T] [thread 45731] [4.0] [cxt 0] Action link_monitor377
[15:27:42.116] [bmv2] [T] [thread 45731] [4.0] [cxt 0] link_monitor.p4(377) Primitive (bit<32>)standard_metadata.egress_port
[15:27:42.117] [bmv2] [T] [thread 45731] [4.0] [cxt 0] link_monitor.p4(377) Primitive byte_cnt_reg.read(byte_cnt, (bit<32>)standard_metadata.egress_port)
[15:27:42.117] [bmv2] [T] [thread 45731] [4.0] [cxt 0] Read register 'MyEgress.byte_cnt_reg' at index 0 read value 352
[15:27:42.117] [bmv2] [T] [thread 45731] [4.0] [cxt 0] link_monitor.p4(378) Primitive byte_cnt = byte_cnt + standard_metadata.packet_length
[15:27:42.117] [bmv2] [T] [thread 45731] [4.0] [cxt 0] link_monitor.p4(380) Condition "hdr.probe.isValid()" (node_12) is false
[15:27:42.117] [bmv2] [T] [thread 45731] [4.0] [cxt 0] Applying table 'tbl_link_monitor380_0'
[15:27:42.117] [bmv2] [D] [thread 45731] [4.0] [cxt 0] Looking up key:

[15:27:42.117] [bmv2] [D] [thread 45731] [4.0] [cxt 0] Table 'tbl_link_monitor380_0': miss
[15:27:42.117] [bmv2] [D] [thread 45731] [4.0] [cxt 0] Action entry is link_monitor380_0 - 
[15:27:42.117] [bmv2] [T] [thread 45731] [4.0] [cxt 0] Action link_monitor380_0
[15:27:42.117] [bmv2] [T] [thread 45731] [4.0] [cxt 0] link_monitor.p4(380) Primitive (hdr.probe.isValid()) ? 0 : byte_cnt
[15:27:42.117] [bmv2] [T] [thread 45731] [4.0] [cxt 0] Applying table 'tbl_link_monitor381'
[15:27:42.117] [bmv2] [D] [thread 45731] [4.0] [cxt 0] Looking up key:

[15:27:42.117] [bmv2] [D] [thread 45731] [4.0] [cxt 0] Table 'tbl_link_monitor381': miss
[15:27:42.117] [bmv2] [D] [thread 45731] [4.0] [cxt 0] Action entry is link_monitor381 - 
[15:27:42.117] [bmv2] [T] [thread 45731] [4.0] [cxt 0] Action link_monitor381
[15:27:42.117] [bmv2] [T] [thread 45731] [4.0] [cxt 0] link_monitor.p4(381) Primitive (bit<32>)standard_metadata.egress_port
[15:27:42.117] [bmv2] [T] [thread 45731] [4.0] [cxt 0] link_monitor.p4(381) Primitive byte_cnt_reg.write((bit<32>)standard_metadata.egress_port, new_byte_cnt)
[15:27:42.117] [bmv2] [T] [thread 45731] [4.0] [cxt 0] Wrote register 'MyEgress.byte_cnt_reg' at index 0 with value 438
[15:27:42.117] [bmv2] [T] [thread 45731] [4.0] [cxt 0] link_monitor.p4(383) Condition "hdr.probe.isValid()" (node_16) is false
[15:27:42.117] [bmv2] [D] [thread 45731] [4.0] [cxt 0] Pipeline 'egress': end
[15:27:42.117] [bmv2] [D] [thread 45731] [4.0] [cxt 0] Deparser 'deparser': start
[15:27:42.117] [bmv2] [T] [thread 45731] [4.0] [cxt 0] Skipping checksum 'cksum' update because condition not met
[15:27:42.117] [bmv2] [D] [thread 45731] [4.0] [cxt 0] Deparsing header 'ethernet'
[15:27:42.117] [bmv2] [D] [thread 45731] [4.0] [cxt 0] Deparser 'deparser': end
[15:27:42.117] [bmv2] [D] [thread 45735] [4.0] [cxt 0] Transmitting packet of size 86 out of port 0
[15:27:42.296] [bmv2] [D] [thread 45730] [5.0] [cxt 0] Processing packet received on port 4
[15:27:42.296] [bmv2] [D] [thread 45730] [5.0] [cxt 0] Parser 'parser': start
[15:27:42.296] [bmv2] [D] [thread 45730] [5.0] [cxt 0] Parser 'parser' entering state 'start'
[15:27:42.296] [bmv2] [D] [thread 45730] [5.0] [cxt 0] Extracting header 'ethernet'
[15:27:42.296] [bmv2] [D] [thread 45730] [5.0] [cxt 0] Parser state 'start': key is 86dd
[15:27:42.297] [bmv2] [T] [thread 45730] [5.0] [cxt 0] Bytes parsed: 14
[15:27:42.297] [bmv2] [D] [thread 45730] [5.0] [cxt 0] Parser 'parser': end
[15:27:42.297] [bmv2] [D] [thread 45730] [5.0] [cxt 0] Pipeline 'ingress': start
[15:27:42.297] [bmv2] [T] [thread 45730] [5.0] [cxt 0] link_monitor.p4(331) Condition "hdr.tcp.isValid()" (node_2) is false
[15:27:42.297] [bmv2] [T] [thread 45730] [5.0] [cxt 0] link_monitor.p4(335) Condition "hdr.ipv4.isValid()" (node_5) is false
[15:27:42.297] [bmv2] [T] [thread 45730] [5.0] [cxt 0] link_monitor.p4(338) Condition "hdr.probe.isValid()" (node_7) is false
[15:27:42.297] [bmv2] [D] [thread 45730] [5.0] [cxt 0] Pipeline 'ingress': end
[15:27:42.297] [bmv2] [D] [thread 45730] [5.0] [cxt 0] Egress port is 0
[15:27:42.297] [bmv2] [D] [thread 45731] [5.0] [cxt 0] Pipeline 'egress': start
[15:27:42.297] [bmv2] [T] [thread 45731] [5.0] [cxt 0] Applying table 'tbl_link_monitor377'
[15:27:42.297] [bmv2] [D] [thread 45731] [5.0] [cxt 0] Looking up key:

[15:27:42.297] [bmv2] [D] [thread 45731] [5.0] [cxt 0] Table 'tbl_link_monitor377': miss
[15:27:42.297] [bmv2] [D] [thread 45731] [5.0] [cxt 0] Action entry is link_monitor377 - 
[15:27:42.297] [bmv2] [T] [thread 45731] [5.0] [cxt 0] Action link_monitor377
[15:27:42.297] [bmv2] [T] [thread 45731] [5.0] [cxt 0] link_monitor.p4(377) Primitive (bit<32>)standard_metadata.egress_port
[15:27:42.297] [bmv2] [T] [thread 45731] [5.0] [cxt 0] link_monitor.p4(377) Primitive byte_cnt_reg.read(byte_cnt, (bit<32>)standard_metadata.egress_port)
[15:27:42.297] [bmv2] [T] [thread 45731] [5.0] [cxt 0] Read register 'MyEgress.byte_cnt_reg' at index 0 read value 438
[15:27:42.297] [bmv2] [T] [thread 45731] [5.0] [cxt 0] link_monitor.p4(378) Primitive byte_cnt = byte_cnt + standard_metadata.packet_length
[15:27:42.297] [bmv2] [T] [thread 45731] [5.0] [cxt 0] link_monitor.p4(380) Condition "hdr.probe.isValid()" (node_12) is false
[15:27:42.297] [bmv2] [T] [thread 45731] [5.0] [cxt 0] Applying table 'tbl_link_monitor380_0'
[15:27:42.297] [bmv2] [D] [thread 45731] [5.0] [cxt 0] Looking up key:

[15:27:42.297] [bmv2] [D] [thread 45731] [5.0] [cxt 0] Table 'tbl_link_monitor380_0': miss
[15:27:42.297] [bmv2] [D] [thread 45731] [5.0] [cxt 0] Action entry is link_monitor380_0 - 
[15:27:42.297] [bmv2] [T] [thread 45731] [5.0] [cxt 0] Action link_monitor380_0
[15:27:42.297] [bmv2] [T] [thread 45731] [5.0] [cxt 0] link_monitor.p4(380) Primitive (hdr.probe.isValid()) ? 0 : byte_cnt
[15:27:42.297] [bmv2] [T] [thread 45731] [5.0] [cxt 0] Applying table 'tbl_link_monitor381'
[15:27:42.297] [bmv2] [D] [thread 45731] [5.0] [cxt 0] Looking up key:

[15:27:42.297] [bmv2] [D] [thread 45731] [5.0] [cxt 0] Table 'tbl_link_monitor381': miss
[15:27:42.297] [bmv2] [D] [thread 45731] [5.0] [cxt 0] Action entry is link_monitor381 - 
[15:27:42.297] [bmv2] [T] [thread 45731] [5.0] [cxt 0] Action link_monitor381
[15:27:42.297] [bmv2] [T] [thread 45731] [5.0] [cxt 0] link_monitor.p4(381) Primitive (bit<32>)standard_metadata.egress_port
[15:27:42.297] [bmv2] [T] [thread 45731] [5.0] [cxt 0] link_monitor.p4(381) Primitive byte_cnt_reg.write((bit<32>)standard_metadata.egress_port, new_byte_cnt)
[15:27:42.297] [bmv2] [T] [thread 45731] [5.0] [cxt 0] Wrote register 'MyEgress.byte_cnt_reg' at index 0 with value 524
[15:27:42.297] [bmv2] [T] [thread 45731] [5.0] [cxt 0] link_monitor.p4(383) Condition "hdr.probe.isValid()" (node_16) is false
[15:27:42.297] [bmv2] [D] [thread 45731] [5.0] [cxt 0] Pipeline 'egress': end
[15:27:42.297] [bmv2] [D] [thread 45731] [5.0] [cxt 0] Deparser 'deparser': start
[15:27:42.297] [bmv2] [T] [thread 45731] [5.0] [cxt 0] Skipping checksum 'cksum' update because condition not met
[15:27:42.297] [bmv2] [D] [thread 45731] [5.0] [cxt 0] Deparsing header 'ethernet'
[15:27:42.297] [bmv2] [D] [thread 45731] [5.0] [cxt 0] Deparser 'deparser': end
[15:27:42.297] [bmv2] [D] [thread 45735] [5.0] [cxt 0] Transmitting packet of size 86 out of port 0
[15:27:42.345] [bmv2] [D] [thread 45730] [6.0] [cxt 0] Processing packet received on port 4
[15:27:42.345] [bmv2] [D] [thread 45730] [6.0] [cxt 0] Parser 'parser': start
[15:27:42.345] [bmv2] [D] [thread 45730] [6.0] [cxt 0] Parser 'parser' entering state 'start'
[15:27:42.345] [bmv2] [D] [thread 45730] [6.0] [cxt 0] Extracting header 'ethernet'
[15:27:42.345] [bmv2] [D] [thread 45730] [6.0] [cxt 0] Parser state 'start': key is 86dd
[15:27:42.345] [bmv2] [T] [thread 45730] [6.0] [cxt 0] Bytes parsed: 14
[15:27:42.345] [bmv2] [D] [thread 45730] [6.0] [cxt 0] Parser 'parser': end
[15:27:42.345] [bmv2] [D] [thread 45730] [6.0] [cxt 0] Pipeline 'ingress': start
[15:27:42.345] [bmv2] [T] [thread 45730] [6.0] [cxt 0] link_monitor.p4(331) Condition "hdr.tcp.isValid()" (node_2) is false
[15:27:42.345] [bmv2] [T] [thread 45730] [6.0] [cxt 0] link_monitor.p4(335) Condition "hdr.ipv4.isValid()" (node_5) is false
[15:27:42.345] [bmv2] [T] [thread 45730] [6.0] [cxt 0] link_monitor.p4(338) Condition "hdr.probe.isValid()" (node_7) is false
[15:27:42.345] [bmv2] [D] [thread 45730] [6.0] [cxt 0] Pipeline 'ingress': end
[15:27:42.345] [bmv2] [D] [thread 45730] [6.0] [cxt 0] Egress port is 0
[15:27:42.345] [bmv2] [D] [thread 45731] [6.0] [cxt 0] Pipeline 'egress': start
[15:27:42.345] [bmv2] [T] [thread 45731] [6.0] [cxt 0] Applying table 'tbl_link_monitor377'
[15:27:42.345] [bmv2] [D] [thread 45731] [6.0] [cxt 0] Looking up key:

[15:27:42.345] [bmv2] [D] [thread 45731] [6.0] [cxt 0] Table 'tbl_link_monitor377': miss
[15:27:42.345] [bmv2] [D] [thread 45731] [6.0] [cxt 0] Action entry is link_monitor377 - 
[15:27:42.345] [bmv2] [T] [thread 45731] [6.0] [cxt 0] Action link_monitor377
[15:27:42.345] [bmv2] [T] [thread 45731] [6.0] [cxt 0] link_monitor.p4(377) Primitive (bit<32>)standard_metadata.egress_port
[15:27:42.345] [bmv2] [T] [thread 45731] [6.0] [cxt 0] link_monitor.p4(377) Primitive byte_cnt_reg.read(byte_cnt, (bit<32>)standard_metadata.egress_port)
[15:27:42.345] [bmv2] [T] [thread 45731] [6.0] [cxt 0] Read register 'MyEgress.byte_cnt_reg' at index 0 read value 524
[15:27:42.345] [bmv2] [T] [thread 45731] [6.0] [cxt 0] link_monitor.p4(378) Primitive byte_cnt = byte_cnt + standard_metadata.packet_length
[15:27:42.345] [bmv2] [T] [thread 45731] [6.0] [cxt 0] link_monitor.p4(380) Condition "hdr.probe.isValid()" (node_12) is false
[15:27:42.345] [bmv2] [T] [thread 45731] [6.0] [cxt 0] Applying table 'tbl_link_monitor380_0'
[15:27:42.345] [bmv2] [D] [thread 45731] [6.0] [cxt 0] Looking up key:

[15:27:42.345] [bmv2] [D] [thread 45731] [6.0] [cxt 0] Table 'tbl_link_monitor380_0': miss
[15:27:42.345] [bmv2] [D] [thread 45731] [6.0] [cxt 0] Action entry is link_monitor380_0 - 
[15:27:42.345] [bmv2] [T] [thread 45731] [6.0] [cxt 0] Action link_monitor380_0
[15:27:42.345] [bmv2] [T] [thread 45731] [6.0] [cxt 0] link_monitor.p4(380) Primitive (hdr.probe.isValid()) ? 0 : byte_cnt
[15:27:42.345] [bmv2] [T] [thread 45731] [6.0] [cxt 0] Applying table 'tbl_link_monitor381'
[15:27:42.345] [bmv2] [D] [thread 45731] [6.0] [cxt 0] Looking up key:

[15:27:42.345] [bmv2] [D] [thread 45731] [6.0] [cxt 0] Table 'tbl_link_monitor381': miss
[15:27:42.345] [bmv2] [D] [thread 45731] [6.0] [cxt 0] Action entry is link_monitor381 - 
[15:27:42.345] [bmv2] [T] [thread 45731] [6.0] [cxt 0] Action link_monitor381
[15:27:42.345] [bmv2] [T] [thread 45731] [6.0] [cxt 0] link_monitor.p4(381) Primitive (bit<32>)standard_metadata.egress_port
[15:27:42.345] [bmv2] [T] [thread 45731] [6.0] [cxt 0] link_monitor.p4(381) Primitive byte_cnt_reg.write((bit<32>)standard_metadata.egress_port, new_byte_cnt)
[15:27:42.345] [bmv2] [T] [thread 45731] [6.0] [cxt 0] Wrote register 'MyEgress.byte_cnt_reg' at index 0 with value 610
[15:27:42.345] [bmv2] [T] [thread 45731] [6.0] [cxt 0] link_monitor.p4(383) Condition "hdr.probe.isValid()" (node_16) is false
[15:27:42.345] [bmv2] [D] [thread 45731] [6.0] [cxt 0] Pipeline 'egress': end
[15:27:42.345] [bmv2] [D] [thread 45731] [6.0] [cxt 0] Deparser 'deparser': start
[15:27:42.345] [bmv2] [T] [thread 45731] [6.0] [cxt 0] Skipping checksum 'cksum' update because condition not met
[15:27:42.345] [bmv2] [D] [thread 45731] [6.0] [cxt 0] Deparsing header 'ethernet'
[15:27:42.345] [bmv2] [D] [thread 45731] [6.0] [cxt 0] Deparser 'deparser': end
[15:27:42.345] [bmv2] [D] [thread 45735] [6.0] [cxt 0] Transmitting packet of size 86 out of port 0
[15:27:42.501] [bmv2] [D] [thread 45730] [7.0] [cxt 0] Processing packet received on port 1
[15:27:42.501] [bmv2] [D] [thread 45730] [7.0] [cxt 0] Parser 'parser': start
[15:27:42.501] [bmv2] [D] [thread 45730] [7.0] [cxt 0] Parser 'parser' entering state 'start'
[15:27:42.501] [bmv2] [D] [thread 45730] [7.0] [cxt 0] Extracting header 'ethernet'
[15:27:42.501] [bmv2] [D] [thread 45730] [7.0] [cxt 0] Parser state 'start': key is 86dd
[15:27:42.501] [bmv2] [T] [thread 45730] [7.0] [cxt 0] Bytes parsed: 14
[15:27:42.501] [bmv2] [D] [thread 45730] [7.0] [cxt 0] Parser 'parser': end
[15:27:42.501] [bmv2] [D] [thread 45730] [7.0] [cxt 0] Pipeline 'ingress': start
[15:27:42.501] [bmv2] [T] [thread 45730] [7.0] [cxt 0] link_monitor.p4(331) Condition "hdr.tcp.isValid()" (node_2) is false
[15:27:42.501] [bmv2] [T] [thread 45730] [7.0] [cxt 0] link_monitor.p4(335) Condition "hdr.ipv4.isValid()" (node_5) is false
[15:27:42.501] [bmv2] [T] [thread 45730] [7.0] [cxt 0] link_monitor.p4(338) Condition "hdr.probe.isValid()" (node_7) is false
[15:27:42.501] [bmv2] [D] [thread 45730] [7.0] [cxt 0] Pipeline 'ingress': end
[15:27:42.501] [bmv2] [D] [thread 45730] [7.0] [cxt 0] Egress port is 0
[15:27:42.501] [bmv2] [D] [thread 45731] [7.0] [cxt 0] Pipeline 'egress': start
[15:27:42.501] [bmv2] [T] [thread 45731] [7.0] [cxt 0] Applying table 'tbl_link_monitor377'
[15:27:42.501] [bmv2] [D] [thread 45731] [7.0] [cxt 0] Looking up key:

[15:27:42.501] [bmv2] [D] [thread 45731] [7.0] [cxt 0] Table 'tbl_link_monitor377': miss
[15:27:42.501] [bmv2] [D] [thread 45731] [7.0] [cxt 0] Action entry is link_monitor377 - 
[15:27:42.501] [bmv2] [T] [thread 45731] [7.0] [cxt 0] Action link_monitor377
[15:27:42.501] [bmv2] [T] [thread 45731] [7.0] [cxt 0] link_monitor.p4(377) Primitive (bit<32>)standard_metadata.egress_port
[15:27:42.501] [bmv2] [T] [thread 45731] [7.0] [cxt 0] link_monitor.p4(377) Primitive byte_cnt_reg.read(byte_cnt, (bit<32>)standard_metadata.egress_port)
[15:27:42.501] [bmv2] [T] [thread 45731] [7.0] [cxt 0] Read register 'MyEgress.byte_cnt_reg' at index 0 read value 610
[15:27:42.501] [bmv2] [T] [thread 45731] [7.0] [cxt 0] link_monitor.p4(378) Primitive byte_cnt = byte_cnt + standard_metadata.packet_length
[15:27:42.501] [bmv2] [T] [thread 45731] [7.0] [cxt 0] link_monitor.p4(380) Condition "hdr.probe.isValid()" (node_12) is false
[15:27:42.501] [bmv2] [T] [thread 45731] [7.0] [cxt 0] Applying table 'tbl_link_monitor380_0'
[15:27:42.501] [bmv2] [D] [thread 45731] [7.0] [cxt 0] Looking up key:

[15:27:42.501] [bmv2] [D] [thread 45731] [7.0] [cxt 0] Table 'tbl_link_monitor380_0': miss
[15:27:42.501] [bmv2] [D] [thread 45731] [7.0] [cxt 0] Action entry is link_monitor380_0 - 
[15:27:42.501] [bmv2] [T] [thread 45731] [7.0] [cxt 0] Action link_monitor380_0
[15:27:42.501] [bmv2] [T] [thread 45731] [7.0] [cxt 0] link_monitor.p4(380) Primitive (hdr.probe.isValid()) ? 0 : byte_cnt
[15:27:42.502] [bmv2] [T] [thread 45731] [7.0] [cxt 0] Applying table 'tbl_link_monitor381'
[15:27:42.502] [bmv2] [D] [thread 45731] [7.0] [cxt 0] Looking up key:

[15:27:42.502] [bmv2] [D] [thread 45731] [7.0] [cxt 0] Table 'tbl_link_monitor381': miss
[15:27:42.502] [bmv2] [D] [thread 45731] [7.0] [cxt 0] Action entry is link_monitor381 - 
[15:27:42.502] [bmv2] [T] [thread 45731] [7.0] [cxt 0] Action link_monitor381
[15:27:42.502] [bmv2] [T] [thread 45731] [7.0] [cxt 0] link_monitor.p4(381) Primitive (bit<32>)standard_metadata.egress_port
[15:27:42.502] [bmv2] [T] [thread 45731] [7.0] [cxt 0] link_monitor.p4(381) Primitive byte_cnt_reg.write((bit<32>)standard_metadata.egress_port, new_byte_cnt)
[15:27:42.502] [bmv2] [T] [thread 45731] [7.0] [cxt 0] Wrote register 'MyEgress.byte_cnt_reg' at index 0 with value 700
[15:27:42.502] [bmv2] [T] [thread 45731] [7.0] [cxt 0] link_monitor.p4(383) Condition "hdr.probe.isValid()" (node_16) is false
[15:27:42.502] [bmv2] [D] [thread 45731] [7.0] [cxt 0] Pipeline 'egress': end
[15:27:42.502] [bmv2] [D] [thread 45731] [7.0] [cxt 0] Deparser 'deparser': start
[15:27:42.502] [bmv2] [T] [thread 45731] [7.0] [cxt 0] Skipping checksum 'cksum' update because condition not met
[15:27:42.502] [bmv2] [D] [thread 45731] [7.0] [cxt 0] Deparsing header 'ethernet'
[15:27:42.502] [bmv2] [D] [thread 45731] [7.0] [cxt 0] Deparser 'deparser': end
[15:27:42.502] [bmv2] [D] [thread 45735] [7.0] [cxt 0] Transmitting packet of size 90 out of port 0
[15:27:42.532] [bmv2] [D] [thread 45730] [8.0] [cxt 0] Processing packet received on port 2
[15:27:42.532] [bmv2] [D] [thread 45730] [8.0] [cxt 0] Parser 'parser': start
[15:27:42.532] [bmv2] [D] [thread 45730] [8.0] [cxt 0] Parser 'parser' entering state 'start'
[15:27:42.532] [bmv2] [D] [thread 45730] [8.0] [cxt 0] Extracting header 'ethernet'
[15:27:42.532] [bmv2] [D] [thread 45730] [8.0] [cxt 0] Parser state 'start': key is 86dd
[15:27:42.532] [bmv2] [T] [thread 45730] [8.0] [cxt 0] Bytes parsed: 14
[15:27:42.532] [bmv2] [D] [thread 45730] [8.0] [cxt 0] Parser 'parser': end
[15:27:42.532] [bmv2] [D] [thread 45730] [8.0] [cxt 0] Pipeline 'ingress': start
[15:27:42.532] [bmv2] [T] [thread 45730] [8.0] [cxt 0] link_monitor.p4(331) Condition "hdr.tcp.isValid()" (node_2) is false
[15:27:42.532] [bmv2] [T] [thread 45730] [8.0] [cxt 0] link_monitor.p4(335) Condition "hdr.ipv4.isValid()" (node_5) is false
[15:27:42.532] [bmv2] [T] [thread 45730] [8.0] [cxt 0] link_monitor.p4(338) Condition "hdr.probe.isValid()" (node_7) is false
[15:27:42.532] [bmv2] [D] [thread 45730] [8.0] [cxt 0] Pipeline 'ingress': end
[15:27:42.532] [bmv2] [D] [thread 45730] [8.0] [cxt 0] Egress port is 0
[15:27:42.532] [bmv2] [D] [thread 45731] [8.0] [cxt 0] Pipeline 'egress': start
[15:27:42.532] [bmv2] [T] [thread 45731] [8.0] [cxt 0] Applying table 'tbl_link_monitor377'
[15:27:42.532] [bmv2] [D] [thread 45731] [8.0] [cxt 0] Looking up key:

[15:27:42.532] [bmv2] [D] [thread 45731] [8.0] [cxt 0] Table 'tbl_link_monitor377': miss
[15:27:42.532] [bmv2] [D] [thread 45731] [8.0] [cxt 0] Action entry is link_monitor377 - 
[15:27:42.532] [bmv2] [T] [thread 45731] [8.0] [cxt 0] Action link_monitor377
[15:27:42.532] [bmv2] [T] [thread 45731] [8.0] [cxt 0] link_monitor.p4(377) Primitive (bit<32>)standard_metadata.egress_port
[15:27:42.532] [bmv2] [T] [thread 45731] [8.0] [cxt 0] link_monitor.p4(377) Primitive byte_cnt_reg.read(byte_cnt, (bit<32>)standard_metadata.egress_port)
[15:27:42.532] [bmv2] [T] [thread 45731] [8.0] [cxt 0] Read register 'MyEgress.byte_cnt_reg' at index 0 read value 700
[15:27:42.532] [bmv2] [T] [thread 45731] [8.0] [cxt 0] link_monitor.p4(378) Primitive byte_cnt = byte_cnt + standard_metadata.packet_length
[15:27:42.532] [bmv2] [T] [thread 45731] [8.0] [cxt 0] link_monitor.p4(380) Condition "hdr.probe.isValid()" (node_12) is false
[15:27:42.532] [bmv2] [T] [thread 45731] [8.0] [cxt 0] Applying table 'tbl_link_monitor380_0'
[15:27:42.532] [bmv2] [D] [thread 45731] [8.0] [cxt 0] Looking up key:

[15:27:42.532] [bmv2] [D] [thread 45731] [8.0] [cxt 0] Table 'tbl_link_monitor380_0': miss
[15:27:42.532] [bmv2] [D] [thread 45731] [8.0] [cxt 0] Action entry is link_monitor380_0 - 
[15:27:42.532] [bmv2] [T] [thread 45731] [8.0] [cxt 0] Action link_monitor380_0
[15:27:42.532] [bmv2] [T] [thread 45731] [8.0] [cxt 0] link_monitor.p4(380) Primitive (hdr.probe.isValid()) ? 0 : byte_cnt
[15:27:42.532] [bmv2] [T] [thread 45731] [8.0] [cxt 0] Applying table 'tbl_link_monitor381'
[15:27:42.532] [bmv2] [D] [thread 45731] [8.0] [cxt 0] Looking up key:

[15:27:42.532] [bmv2] [D] [thread 45731] [8.0] [cxt 0] Table 'tbl_link_monitor381': miss
[15:27:42.532] [bmv2] [D] [thread 45731] [8.0] [cxt 0] Action entry is link_monitor381 - 
[15:27:42.532] [bmv2] [T] [thread 45731] [8.0] [cxt 0] Action link_monitor381
[15:27:42.532] [bmv2] [T] [thread 45731] [8.0] [cxt 0] link_monitor.p4(381) Primitive (bit<32>)standard_metadata.egress_port
[15:27:42.532] [bmv2] [T] [thread 45731] [8.0] [cxt 0] link_monitor.p4(381) Primitive byte_cnt_reg.write((bit<32>)standard_metadata.egress_port, new_byte_cnt)
[15:27:42.532] [bmv2] [T] [thread 45731] [8.0] [cxt 0] Wrote register 'MyEgress.byte_cnt_reg' at index 0 with value 790
[15:27:42.532] [bmv2] [T] [thread 45731] [8.0] [cxt 0] link_monitor.p4(383) Condition "hdr.probe.isValid()" (node_16) is false
[15:27:42.532] [bmv2] [D] [thread 45731] [8.0] [cxt 0] Pipeline 'egress': end
[15:27:42.532] [bmv2] [D] [thread 45731] [8.0] [cxt 0] Deparser 'deparser': start
[15:27:42.532] [bmv2] [T] [thread 45731] [8.0] [cxt 0] Skipping checksum 'cksum' update because condition not met
[15:27:42.532] [bmv2] [D] [thread 45731] [8.0] [cxt 0] Deparsing header 'ethernet'
[15:27:42.532] [bmv2] [D] [thread 45731] [8.0] [cxt 0] Deparser 'deparser': end
[15:27:42.532] [bmv2] [D] [thread 45735] [8.0] [cxt 0] Transmitting packet of size 90 out of port 0
[15:27:42.545] [bmv2] [D] [thread 45730] [9.0] [cxt 0] Processing packet received on port 1
[15:27:42.545] [bmv2] [D] [thread 45730] [9.0] [cxt 0] Parser 'parser': start
[15:27:42.545] [bmv2] [D] [thread 45730] [9.0] [cxt 0] Parser 'parser' entering state 'start'
[15:27:42.545] [bmv2] [D] [thread 45730] [9.0] [cxt 0] Extracting header 'ethernet'
[15:27:42.545] [bmv2] [D] [thread 45730] [9.0] [cxt 0] Parser state 'start': key is 86dd
[15:27:42.545] [bmv2] [T] [thread 45730] [9.0] [cxt 0] Bytes parsed: 14
[15:27:42.545] [bmv2] [D] [thread 45730] [9.0] [cxt 0] Parser 'parser': end
[15:27:42.545] [bmv2] [D] [thread 45730] [9.0] [cxt 0] Pipeline 'ingress': start
[15:27:42.545] [bmv2] [T] [thread 45730] [9.0] [cxt 0] link_monitor.p4(331) Condition "hdr.tcp.isValid()" (node_2) is false
[15:27:42.545] [bmv2] [T] [thread 45730] [9.0] [cxt 0] link_monitor.p4(335) Condition "hdr.ipv4.isValid()" (node_5) is false
[15:27:42.545] [bmv2] [T] [thread 45730] [9.0] [cxt 0] link_monitor.p4(338) Condition "hdr.probe.isValid()" (node_7) is false
[15:27:42.545] [bmv2] [D] [thread 45730] [9.0] [cxt 0] Pipeline 'ingress': end
[15:27:42.545] [bmv2] [D] [thread 45730] [9.0] [cxt 0] Egress port is 0
[15:27:42.545] [bmv2] [D] [thread 45730] [10.0] [cxt 0] Processing packet received on port 1
[15:27:42.545] [bmv2] [D] [thread 45730] [10.0] [cxt 0] Parser 'parser': start
[15:27:42.545] [bmv2] [D] [thread 45730] [10.0] [cxt 0] Parser 'parser' entering state 'start'
[15:27:42.545] [bmv2] [D] [thread 45730] [10.0] [cxt 0] Extracting header 'ethernet'
[15:27:42.545] [bmv2] [D] [thread 45730] [10.0] [cxt 0] Parser state 'start': key is 86dd
[15:27:42.545] [bmv2] [T] [thread 45730] [10.0] [cxt 0] Bytes parsed: 14
[15:27:42.545] [bmv2] [D] [thread 45730] [10.0] [cxt 0] Parser 'parser': end
[15:27:42.545] [bmv2] [D] [thread 45730] [10.0] [cxt 0] Pipeline 'ingress': start
[15:27:42.545] [bmv2] [T] [thread 45730] [10.0] [cxt 0] link_monitor.p4(331) Condition "hdr.tcp.isValid()" (node_2) is false
[15:27:42.545] [bmv2] [T] [thread 45730] [10.0] [cxt 0] link_monitor.p4(335) Condition "hdr.ipv4.isValid()" (node_5) is false
[15:27:42.545] [bmv2] [T] [thread 45730] [10.0] [cxt 0] link_monitor.p4(338) Condition "hdr.probe.isValid()" (node_7) is false
[15:27:42.545] [bmv2] [D] [thread 45730] [10.0] [cxt 0] Pipeline 'ingress': end
[15:27:42.545] [bmv2] [D] [thread 45730] [10.0] [cxt 0] Egress port is 0
[15:27:42.546] [bmv2] [D] [thread 45731] [9.0] [cxt 0] Pipeline 'egress': start
[15:27:42.546] [bmv2] [T] [thread 45731] [9.0] [cxt 0] Applying table 'tbl_link_monitor377'
[15:27:42.546] [bmv2] [D] [thread 45731] [9.0] [cxt 0] Looking up key:

[15:27:42.546] [bmv2] [D] [thread 45731] [9.0] [cxt 0] Table 'tbl_link_monitor377': miss
[15:27:42.546] [bmv2] [D] [thread 45731] [9.0] [cxt 0] Action entry is link_monitor377 - 
[15:27:42.546] [bmv2] [T] [thread 45731] [9.0] [cxt 0] Action link_monitor377
[15:27:42.546] [bmv2] [T] [thread 45731] [9.0] [cxt 0] link_monitor.p4(377) Primitive (bit<32>)standard_metadata.egress_port
[15:27:42.546] [bmv2] [T] [thread 45731] [9.0] [cxt 0] link_monitor.p4(377) Primitive byte_cnt_reg.read(byte_cnt, (bit<32>)standard_metadata.egress_port)
[15:27:42.546] [bmv2] [T] [thread 45731] [9.0] [cxt 0] Read register 'MyEgress.byte_cnt_reg' at index 0 read value 790
[15:27:42.546] [bmv2] [T] [thread 45731] [9.0] [cxt 0] link_monitor.p4(378) Primitive byte_cnt = byte_cnt + standard_metadata.packet_length
[15:27:42.546] [bmv2] [T] [thread 45731] [9.0] [cxt 0] link_monitor.p4(380) Condition "hdr.probe.isValid()" (node_12) is false
[15:27:42.546] [bmv2] [T] [thread 45731] [9.0] [cxt 0] Applying table 'tbl_link_monitor380_0'
[15:27:42.546] [bmv2] [D] [thread 45731] [9.0] [cxt 0] Looking up key:

[15:27:42.546] [bmv2] [D] [thread 45731] [9.0] [cxt 0] Table 'tbl_link_monitor380_0': miss
[15:27:42.546] [bmv2] [D] [thread 45731] [9.0] [cxt 0] Action entry is link_monitor380_0 - 
[15:27:42.546] [bmv2] [T] [thread 45731] [9.0] [cxt 0] Action link_monitor380_0
[15:27:42.546] [bmv2] [T] [thread 45731] [9.0] [cxt 0] link_monitor.p4(380) Primitive (hdr.probe.isValid()) ? 0 : byte_cnt
[15:27:42.546] [bmv2] [T] [thread 45731] [9.0] [cxt 0] Applying table 'tbl_link_monitor381'
[15:27:42.546] [bmv2] [D] [thread 45731] [9.0] [cxt 0] Looking up key:

[15:27:42.546] [bmv2] [D] [thread 45731] [9.0] [cxt 0] Table 'tbl_link_monitor381': miss
[15:27:42.546] [bmv2] [D] [thread 45731] [9.0] [cxt 0] Action entry is link_monitor381 - 
[15:27:42.546] [bmv2] [T] [thread 45731] [9.0] [cxt 0] Action link_monitor381
[15:27:42.546] [bmv2] [T] [thread 45731] [9.0] [cxt 0] link_monitor.p4(381) Primitive (bit<32>)standard_metadata.egress_port
[15:27:42.546] [bmv2] [T] [thread 45731] [9.0] [cxt 0] link_monitor.p4(381) Primitive byte_cnt_reg.write((bit<32>)standard_metadata.egress_port, new_byte_cnt)
[15:27:42.546] [bmv2] [T] [thread 45731] [9.0] [cxt 0] Wrote register 'MyEgress.byte_cnt_reg' at index 0 with value 880
[15:27:42.546] [bmv2] [T] [thread 45731] [9.0] [cxt 0] link_monitor.p4(383) Condition "hdr.probe.isValid()" (node_16) is false
[15:27:42.546] [bmv2] [D] [thread 45731] [9.0] [cxt 0] Pipeline 'egress': end
[15:27:42.546] [bmv2] [D] [thread 45731] [9.0] [cxt 0] Deparser 'deparser': start
[15:27:42.546] [bmv2] [T] [thread 45731] [9.0] [cxt 0] Skipping checksum 'cksum' update because condition not met
[15:27:42.546] [bmv2] [D] [thread 45731] [9.0] [cxt 0] Deparsing header 'ethernet'
[15:27:42.546] [bmv2] [D] [thread 45731] [9.0] [cxt 0] Deparser 'deparser': end
[15:27:42.546] [bmv2] [D] [thread 45731] [10.0] [cxt 0] Pipeline 'egress': start
[15:27:42.546] [bmv2] [T] [thread 45731] [10.0] [cxt 0] Applying table 'tbl_link_monitor377'
[15:27:42.546] [bmv2] [D] [thread 45731] [10.0] [cxt 0] Looking up key:

[15:27:42.546] [bmv2] [D] [thread 45731] [10.0] [cxt 0] Table 'tbl_link_monitor377': miss
[15:27:42.546] [bmv2] [D] [thread 45731] [10.0] [cxt 0] Action entry is link_monitor377 - 
[15:27:42.546] [bmv2] [T] [thread 45731] [10.0] [cxt 0] Action link_monitor377
[15:27:42.546] [bmv2] [T] [thread 45731] [10.0] [cxt 0] link_monitor.p4(377) Primitive (bit<32>)standard_metadata.egress_port
[15:27:42.546] [bmv2] [T] [thread 45731] [10.0] [cxt 0] link_monitor.p4(377) Primitive byte_cnt_reg.read(byte_cnt, (bit<32>)standard_metadata.egress_port)
[15:27:42.546] [bmv2] [T] [thread 45731] [10.0] [cxt 0] Read register 'MyEgress.byte_cnt_reg' at index 0 read value 880
[15:27:42.546] [bmv2] [T] [thread 45731] [10.0] [cxt 0] link_monitor.p4(378) Primitive byte_cnt = byte_cnt + standard_metadata.packet_length
[15:27:42.546] [bmv2] [T] [thread 45731] [10.0] [cxt 0] link_monitor.p4(380) Condition "hdr.probe.isValid()" (node_12) is false
[15:27:42.546] [bmv2] [T] [thread 45731] [10.0] [cxt 0] Applying table 'tbl_link_monitor380_0'
[15:27:42.546] [bmv2] [D] [thread 45731] [10.0] [cxt 0] Looking up key:

[15:27:42.546] [bmv2] [D] [thread 45731] [10.0] [cxt 0] Table 'tbl_link_monitor380_0': miss
[15:27:42.546] [bmv2] [D] [thread 45731] [10.0] [cxt 0] Action entry is link_monitor380_0 - 
[15:27:42.546] [bmv2] [T] [thread 45731] [10.0] [cxt 0] Action link_monitor380_0
[15:27:42.546] [bmv2] [T] [thread 45731] [10.0] [cxt 0] link_monitor.p4(380) Primitive (hdr.probe.isValid()) ? 0 : byte_cnt
[15:27:42.546] [bmv2] [T] [thread 45731] [10.0] [cxt 0] Applying table 'tbl_link_monitor381'
[15:27:42.546] [bmv2] [D] [thread 45731] [10.0] [cxt 0] Looking up key:

[15:27:42.546] [bmv2] [D] [thread 45731] [10.0] [cxt 0] Table 'tbl_link_monitor381': miss
[15:27:42.546] [bmv2] [D] [thread 45731] [10.0] [cxt 0] Action entry is link_monitor381 - 
[15:27:42.546] [bmv2] [T] [thread 45731] [10.0] [cxt 0] Action link_monitor381
[15:27:42.546] [bmv2] [T] [thread 45731] [10.0] [cxt 0] link_monitor.p4(381) Primitive (bit<32>)standard_metadata.egress_port
[15:27:42.546] [bmv2] [T] [thread 45731] [10.0] [cxt 0] link_monitor.p4(381) Primitive byte_cnt_reg.write((bit<32>)standard_metadata.egress_port, new_byte_cnt)
[15:27:42.546] [bmv2] [T] [thread 45731] [10.0] [cxt 0] Wrote register 'MyEgress.byte_cnt_reg' at index 0 with value 950
[15:27:42.546] [bmv2] [T] [thread 45731] [10.0] [cxt 0] link_monitor.p4(383) Condition "hdr.probe.isValid()" (node_16) is false
[15:27:42.546] [bmv2] [D] [thread 45731] [10.0] [cxt 0] Pipeline 'egress': end
[15:27:42.546] [bmv2] [D] [thread 45731] [10.0] [cxt 0] Deparser 'deparser': start
[15:27:42.546] [bmv2] [T] [thread 45731] [10.0] [cxt 0] Skipping checksum 'cksum' update because condition not met
[15:27:42.546] [bmv2] [D] [thread 45731] [10.0] [cxt 0] Deparsing header 'ethernet'
[15:27:42.546] [bmv2] [D] [thread 45731] [10.0] [cxt 0] Deparser 'deparser': end
[15:27:42.546] [bmv2] [D] [thread 45735] [9.0] [cxt 0] Transmitting packet of size 90 out of port 0
[15:27:42.546] [bmv2] [D] [thread 45735] [10.0] [cxt 0] Transmitting packet of size 70 out of port 0
[15:27:43.018] [bmv2] [D] [thread 45730] [11.0] [cxt 0] Processing packet received on port 3
[15:27:43.018] [bmv2] [D] [thread 45730] [11.0] [cxt 0] Parser 'parser': start
[15:27:43.018] [bmv2] [D] [thread 45730] [11.0] [cxt 0] Parser 'parser' entering state 'start'
[15:27:43.018] [bmv2] [D] [thread 45730] [11.0] [cxt 0] Extracting header 'ethernet'
[15:27:43.018] [bmv2] [D] [thread 45730] [11.0] [cxt 0] Parser state 'start': key is 86dd
[15:27:43.018] [bmv2] [T] [thread 45730] [11.0] [cxt 0] Bytes parsed: 14
[15:27:43.018] [bmv2] [D] [thread 45730] [11.0] [cxt 0] Parser 'parser': end
[15:27:43.018] [bmv2] [D] [thread 45730] [11.0] [cxt 0] Pipeline 'ingress': start
[15:27:43.018] [bmv2] [T] [thread 45730] [11.0] [cxt 0] link_monitor.p4(331) Condition "hdr.tcp.isValid()" (node_2) is false
[15:27:43.018] [bmv2] [T] [thread 45730] [11.0] [cxt 0] link_monitor.p4(335) Condition "hdr.ipv4.isValid()" (node_5) is false
[15:27:43.018] [bmv2] [T] [thread 45730] [11.0] [cxt 0] link_monitor.p4(338) Condition "hdr.probe.isValid()" (node_7) is false
[15:27:43.018] [bmv2] [D] [thread 45730] [11.0] [cxt 0] Pipeline 'ingress': end
[15:27:43.018] [bmv2] [D] [thread 45730] [11.0] [cxt 0] Egress port is 0
[15:27:43.018] [bmv2] [D] [thread 45730] [12.0] [cxt 0] Processing packet received on port 3
[15:27:43.018] [bmv2] [D] [thread 45730] [12.0] [cxt 0] Parser 'parser': start
[15:27:43.018] [bmv2] [D] [thread 45730] [12.0] [cxt 0] Parser 'parser' entering state 'start'
[15:27:43.018] [bmv2] [D] [thread 45730] [12.0] [cxt 0] Extracting header 'ethernet'
[15:27:43.018] [bmv2] [D] [thread 45730] [12.0] [cxt 0] Parser state 'start': key is 86dd
[15:27:43.018] [bmv2] [T] [thread 45730] [12.0] [cxt 0] Bytes parsed: 14
[15:27:43.018] [bmv2] [D] [thread 45730] [12.0] [cxt 0] Parser 'parser': end
[15:27:43.018] [bmv2] [D] [thread 45730] [12.0] [cxt 0] Pipeline 'ingress': start
[15:27:43.018] [bmv2] [T] [thread 45730] [12.0] [cxt 0] link_monitor.p4(331) Condition "hdr.tcp.isValid()" (node_2) is false
[15:27:43.018] [bmv2] [T] [thread 45730] [12.0] [cxt 0] link_monitor.p4(335) Condition "hdr.ipv4.isValid()" (node_5) is false
[15:27:43.018] [bmv2] [T] [thread 45730] [12.0] [cxt 0] link_monitor.p4(338) Condition "hdr.probe.isValid()" (node_7) is false
[15:27:43.018] [bmv2] [D] [thread 45730] [12.0] [cxt 0] Pipeline 'ingress': end
[15:27:43.018] [bmv2] [D] [thread 45730] [12.0] [cxt 0] Egress port is 0
[15:27:43.018] [bmv2] [D] [thread 45730] [13.0] [cxt 0] Processing packet received on port 3
[15:27:43.019] [bmv2] [D] [thread 45730] [13.0] [cxt 0] Parser 'parser': start
[15:27:43.019] [bmv2] [D] [thread 45730] [13.0] [cxt 0] Parser 'parser' entering state 'start'
[15:27:43.019] [bmv2] [D] [thread 45730] [13.0] [cxt 0] Extracting header 'ethernet'
[15:27:43.019] [bmv2] [D] [thread 45730] [13.0] [cxt 0] Parser state 'start': key is 86dd
[15:27:43.019] [bmv2] [T] [thread 45730] [13.0] [cxt 0] Bytes parsed: 14
[15:27:43.019] [bmv2] [D] [thread 45730] [13.0] [cxt 0] Parser 'parser': end
[15:27:43.019] [bmv2] [D] [thread 45730] [13.0] [cxt 0] Pipeline 'ingress': start
[15:27:43.019] [bmv2] [T] [thread 45730] [13.0] [cxt 0] link_monitor.p4(331) Condition "hdr.tcp.isValid()" (node_2) is false
[15:27:43.019] [bmv2] [T] [thread 45730] [13.0] [cxt 0] link_monitor.p4(335) Condition "hdr.ipv4.isValid()" (node_5) is false
[15:27:43.019] [bmv2] [T] [thread 45730] [13.0] [cxt 0] link_monitor.p4(338) Condition "hdr.probe.isValid()" (node_7) is false
[15:27:43.019] [bmv2] [D] [thread 45730] [13.0] [cxt 0] Pipeline 'ingress': end
[15:27:43.019] [bmv2] [D] [thread 45730] [13.0] [cxt 0] Egress port is 0
[15:27:43.019] [bmv2] [D] [thread 45730] [14.0] [cxt 0] Processing packet received on port 3
[15:27:43.019] [bmv2] [D] [thread 45730] [14.0] [cxt 0] Parser 'parser': start
[15:27:43.019] [bmv2] [D] [thread 45730] [14.0] [cxt 0] Parser 'parser' entering state 'start'
[15:27:43.019] [bmv2] [D] [thread 45730] [14.0] [cxt 0] Extracting header 'ethernet'
[15:27:43.019] [bmv2] [D] [thread 45730] [14.0] [cxt 0] Parser state 'start': key is 86dd
[15:27:43.019] [bmv2] [T] [thread 45730] [14.0] [cxt 0] Bytes parsed: 14
[15:27:43.019] [bmv2] [D] [thread 45730] [14.0] [cxt 0] Parser 'parser': end
[15:27:43.019] [bmv2] [D] [thread 45730] [14.0] [cxt 0] Pipeline 'ingress': start
[15:27:43.019] [bmv2] [T] [thread 45730] [14.0] [cxt 0] link_monitor.p4(331) Condition "hdr.tcp.isValid()" (node_2) is false
[15:27:43.019] [bmv2] [T] [thread 45730] [14.0] [cxt 0] link_monitor.p4(335) Condition "hdr.ipv4.isValid()" (node_5) is false
[15:27:43.019] [bmv2] [T] [thread 45730] [14.0] [cxt 0] link_monitor.p4(338) Condition "hdr.probe.isValid()" (node_7) is false
[15:27:43.019] [bmv2] [D] [thread 45730] [14.0] [cxt 0] Pipeline 'ingress': end
[15:27:43.019] [bmv2] [D] [thread 45730] [14.0] [cxt 0] Egress port is 0
[15:27:43.019] [bmv2] [D] [thread 45731] [11.0] [cxt 0] Pipeline 'egress': start
[15:27:43.019] [bmv2] [T] [thread 45731] [11.0] [cxt 0] Applying table 'tbl_link_monitor377'
[15:27:43.019] [bmv2] [D] [thread 45731] [11.0] [cxt 0] Looking up key:

[15:27:43.019] [bmv2] [D] [thread 45731] [11.0] [cxt 0] Table 'tbl_link_monitor377': miss
[15:27:43.019] [bmv2] [D] [thread 45731] [11.0] [cxt 0] Action entry is link_monitor377 - 
[15:27:43.019] [bmv2] [T] [thread 45731] [11.0] [cxt 0] Action link_monitor377
[15:27:43.019] [bmv2] [T] [thread 45731] [11.0] [cxt 0] link_monitor.p4(377) Primitive (bit<32>)standard_metadata.egress_port
[15:27:43.019] [bmv2] [T] [thread 45731] [11.0] [cxt 0] link_monitor.p4(377) Primitive byte_cnt_reg.read(byte_cnt, (bit<32>)standard_metadata.egress_port)
[15:27:43.019] [bmv2] [T] [thread 45731] [11.0] [cxt 0] Read register 'MyEgress.byte_cnt_reg' at index 0 read value 950
[15:27:43.019] [bmv2] [T] [thread 45731] [11.0] [cxt 0] link_monitor.p4(378) Primitive byte_cnt = byte_cnt + standard_metadata.packet_length
[15:27:43.019] [bmv2] [T] [thread 45731] [11.0] [cxt 0] link_monitor.p4(380) Condition "hdr.probe.isValid()" (node_12) is false
[15:27:43.019] [bmv2] [T] [thread 45731] [11.0] [cxt 0] Applying table 'tbl_link_monitor380_0'
[15:27:43.019] [bmv2] [D] [thread 45731] [11.0] [cxt 0] Looking up key:

[15:27:43.019] [bmv2] [D] [thread 45731] [11.0] [cxt 0] Table 'tbl_link_monitor380_0': miss
[15:27:43.019] [bmv2] [D] [thread 45731] [11.0] [cxt 0] Action entry is link_monitor380_0 - 
[15:27:43.019] [bmv2] [T] [thread 45731] [11.0] [cxt 0] Action link_monitor380_0
[15:27:43.019] [bmv2] [T] [thread 45731] [11.0] [cxt 0] link_monitor.p4(380) Primitive (hdr.probe.isValid()) ? 0 : byte_cnt
[15:27:43.019] [bmv2] [T] [thread 45731] [11.0] [cxt 0] Applying table 'tbl_link_monitor381'
[15:27:43.019] [bmv2] [D] [thread 45731] [11.0] [cxt 0] Looking up key:

[15:27:43.019] [bmv2] [D] [thread 45731] [11.0] [cxt 0] Table 'tbl_link_monitor381': miss
[15:27:43.019] [bmv2] [D] [thread 45731] [11.0] [cxt 0] Action entry is link_monitor381 - 
[15:27:43.019] [bmv2] [T] [thread 45731] [11.0] [cxt 0] Action link_monitor381
[15:27:43.019] [bmv2] [T] [thread 45731] [11.0] [cxt 0] link_monitor.p4(381) Primitive (bit<32>)standard_metadata.egress_port
[15:27:43.019] [bmv2] [T] [thread 45731] [11.0] [cxt 0] link_monitor.p4(381) Primitive byte_cnt_reg.write((bit<32>)standard_metadata.egress_port, new_byte_cnt)
[15:27:43.019] [bmv2] [T] [thread 45731] [11.0] [cxt 0] Wrote register 'MyEgress.byte_cnt_reg' at index 0 with value 1040
[15:27:43.019] [bmv2] [T] [thread 45731] [11.0] [cxt 0] link_monitor.p4(383) Condition "hdr.probe.isValid()" (node_16) is false
[15:27:43.019] [bmv2] [D] [thread 45731] [11.0] [cxt 0] Pipeline 'egress': end
[15:27:43.019] [bmv2] [D] [thread 45731] [11.0] [cxt 0] Deparser 'deparser': start
[15:27:43.019] [bmv2] [T] [thread 45731] [11.0] [cxt 0] Skipping checksum 'cksum' update because condition not met
[15:27:43.019] [bmv2] [D] [thread 45731] [11.0] [cxt 0] Deparsing header 'ethernet'
[15:27:43.019] [bmv2] [D] [thread 45731] [11.0] [cxt 0] Deparser 'deparser': end
[15:27:43.019] [bmv2] [D] [thread 45731] [12.0] [cxt 0] Pipeline 'egress': start
[15:27:43.019] [bmv2] [T] [thread 45731] [12.0] [cxt 0] Applying table 'tbl_link_monitor377'
[15:27:43.019] [bmv2] [D] [thread 45731] [12.0] [cxt 0] Looking up key:

[15:27:43.019] [bmv2] [D] [thread 45731] [12.0] [cxt 0] Table 'tbl_link_monitor377': miss
[15:27:43.019] [bmv2] [D] [thread 45731] [12.0] [cxt 0] Action entry is link_monitor377 - 
[15:27:43.019] [bmv2] [T] [thread 45731] [12.0] [cxt 0] Action link_monitor377
[15:27:43.019] [bmv2] [T] [thread 45731] [12.0] [cxt 0] link_monitor.p4(377) Primitive (bit<32>)standard_metadata.egress_port
[15:27:43.019] [bmv2] [T] [thread 45731] [12.0] [cxt 0] link_monitor.p4(377) Primitive byte_cnt_reg.read(byte_cnt, (bit<32>)standard_metadata.egress_port)
[15:27:43.019] [bmv2] [T] [thread 45731] [12.0] [cxt 0] Read register 'MyEgress.byte_cnt_reg' at index 0 read value 1040
[15:27:43.019] [bmv2] [T] [thread 45731] [12.0] [cxt 0] link_monitor.p4(378) Primitive byte_cnt = byte_cnt + standard_metadata.packet_length
[15:27:43.019] [bmv2] [T] [thread 45731] [12.0] [cxt 0] link_monitor.p4(380) Condition "hdr.probe.isValid()" (node_12) is false
[15:27:43.019] [bmv2] [T] [thread 45731] [12.0] [cxt 0] Applying table 'tbl_link_monitor380_0'
[15:27:43.019] [bmv2] [D] [thread 45731] [12.0] [cxt 0] Looking up key:

[15:27:43.019] [bmv2] [D] [thread 45731] [12.0] [cxt 0] Table 'tbl_link_monitor380_0': miss
[15:27:43.019] [bmv2] [D] [thread 45731] [12.0] [cxt 0] Action entry is link_monitor380_0 - 
[15:27:43.019] [bmv2] [T] [thread 45731] [12.0] [cxt 0] Action link_monitor380_0
[15:27:43.019] [bmv2] [T] [thread 45731] [12.0] [cxt 0] link_monitor.p4(380) Primitive (hdr.probe.isValid()) ? 0 : byte_cnt
[15:27:43.019] [bmv2] [T] [thread 45731] [12.0] [cxt 0] Applying table 'tbl_link_monitor381'
[15:27:43.019] [bmv2] [D] [thread 45731] [12.0] [cxt 0] Looking up key:

[15:27:43.019] [bmv2] [D] [thread 45731] [12.0] [cxt 0] Table 'tbl_link_monitor381': miss
[15:27:43.019] [bmv2] [D] [thread 45731] [12.0] [cxt 0] Action entry is link_monitor381 - 
[15:27:43.019] [bmv2] [T] [thread 45731] [12.0] [cxt 0] Action link_monitor381
[15:27:43.019] [bmv2] [T] [thread 45731] [12.0] [cxt 0] link_monitor.p4(381) Primitive (bit<32>)standard_metadata.egress_port
[15:27:43.019] [bmv2] [T] [thread 45731] [12.0] [cxt 0] link_monitor.p4(381) Primitive byte_cnt_reg.write((bit<32>)standard_metadata.egress_port, new_byte_cnt)
[15:27:43.019] [bmv2] [T] [thread 45731] [12.0] [cxt 0] Wrote register 'MyEgress.byte_cnt_reg' at index 0 with value 1110
[15:27:43.019] [bmv2] [T] [thread 45731] [12.0] [cxt 0] link_monitor.p4(383) Condition "hdr.probe.isValid()" (node_16) is false
[15:27:43.019] [bmv2] [D] [thread 45731] [12.0] [cxt 0] Pipeline 'egress': end
[15:27:43.019] [bmv2] [D] [thread 45731] [12.0] [cxt 0] Deparser 'deparser': start
[15:27:43.019] [bmv2] [T] [thread 45731] [12.0] [cxt 0] Skipping checksum 'cksum' update because condition not met
[15:27:43.019] [bmv2] [D] [thread 45731] [12.0] [cxt 0] Deparsing header 'ethernet'
[15:27:43.019] [bmv2] [D] [thread 45731] [12.0] [cxt 0] Deparser 'deparser': end
[15:27:43.019] [bmv2] [D] [thread 45731] [13.0] [cxt 0] Pipeline 'egress': start
[15:27:43.019] [bmv2] [T] [thread 45731] [13.0] [cxt 0] Applying table 'tbl_link_monitor377'
[15:27:43.019] [bmv2] [D] [thread 45731] [13.0] [cxt 0] Looking up key:

[15:27:43.019] [bmv2] [D] [thread 45731] [13.0] [cxt 0] Table 'tbl_link_monitor377': miss
[15:27:43.019] [bmv2] [D] [thread 45731] [13.0] [cxt 0] Action entry is link_monitor377 - 
[15:27:43.019] [bmv2] [T] [thread 45731] [13.0] [cxt 0] Action link_monitor377
[15:27:43.019] [bmv2] [T] [thread 45731] [13.0] [cxt 0] link_monitor.p4(377) Primitive (bit<32>)standard_metadata.egress_port
[15:27:43.019] [bmv2] [T] [thread 45731] [13.0] [cxt 0] link_monitor.p4(377) Primitive byte_cnt_reg.read(byte_cnt, (bit<32>)standard_metadata.egress_port)
[15:27:43.019] [bmv2] [T] [thread 45731] [13.0] [cxt 0] Read register 'MyEgress.byte_cnt_reg' at index 0 read value 1110
[15:27:43.019] [bmv2] [T] [thread 45731] [13.0] [cxt 0] link_monitor.p4(378) Primitive byte_cnt = byte_cnt + standard_metadata.packet_length
[15:27:43.019] [bmv2] [T] [thread 45731] [13.0] [cxt 0] link_monitor.p4(380) Condition "hdr.probe.isValid()" (node_12) is false
[15:27:43.019] [bmv2] [T] [thread 45731] [13.0] [cxt 0] Applying table 'tbl_link_monitor380_0'
[15:27:43.019] [bmv2] [D] [thread 45731] [13.0] [cxt 0] Looking up key:

[15:27:43.019] [bmv2] [D] [thread 45731] [13.0] [cxt 0] Table 'tbl_link_monitor380_0': miss
[15:27:43.019] [bmv2] [D] [thread 45731] [13.0] [cxt 0] Action entry is link_monitor380_0 - 
[15:27:43.019] [bmv2] [T] [thread 45731] [13.0] [cxt 0] Action link_monitor380_0
[15:27:43.020] [bmv2] [T] [thread 45731] [13.0] [cxt 0] link_monitor.p4(380) Primitive (hdr.probe.isValid()) ? 0 : byte_cnt
[15:27:43.020] [bmv2] [T] [thread 45731] [13.0] [cxt 0] Applying table 'tbl_link_monitor381'
[15:27:43.020] [bmv2] [D] [thread 45731] [13.0] [cxt 0] Looking up key:

[15:27:43.020] [bmv2] [D] [thread 45731] [13.0] [cxt 0] Table 'tbl_link_monitor381': miss
[15:27:43.020] [bmv2] [D] [thread 45731] [13.0] [cxt 0] Action entry is link_monitor381 - 
[15:27:43.020] [bmv2] [T] [thread 45731] [13.0] [cxt 0] Action link_monitor381
[15:27:43.020] [bmv2] [T] [thread 45731] [13.0] [cxt 0] link_monitor.p4(381) Primitive (bit<32>)standard_metadata.egress_port
[15:27:43.020] [bmv2] [T] [thread 45731] [13.0] [cxt 0] link_monitor.p4(381) Primitive byte_cnt_reg.write((bit<32>)standard_metadata.egress_port, new_byte_cnt)
[15:27:43.020] [bmv2] [T] [thread 45731] [13.0] [cxt 0] Wrote register 'MyEgress.byte_cnt_reg' at index 0 with value 1200
[15:27:43.020] [bmv2] [T] [thread 45731] [13.0] [cxt 0] link_monitor.p4(383) Condition "hdr.probe.isValid()" (node_16) is false
[15:27:43.020] [bmv2] [D] [thread 45731] [13.0] [cxt 0] Pipeline 'egress': end
[15:27:43.020] [bmv2] [D] [thread 45731] [13.0] [cxt 0] Deparser 'deparser': start
[15:27:43.020] [bmv2] [T] [thread 45731] [13.0] [cxt 0] Skipping checksum 'cksum' update because condition not met
[15:27:43.020] [bmv2] [D] [thread 45731] [13.0] [cxt 0] Deparsing header 'ethernet'
[15:27:43.020] [bmv2] [D] [thread 45731] [13.0] [cxt 0] Deparser 'deparser': end
[15:27:43.020] [bmv2] [D] [thread 45731] [14.0] [cxt 0] Pipeline 'egress': start
[15:27:43.020] [bmv2] [T] [thread 45731] [14.0] [cxt 0] Applying table 'tbl_link_monitor377'
[15:27:43.020] [bmv2] [D] [thread 45731] [14.0] [cxt 0] Looking up key:

[15:27:43.020] [bmv2] [D] [thread 45731] [14.0] [cxt 0] Table 'tbl_link_monitor377': miss
[15:27:43.020] [bmv2] [D] [thread 45731] [14.0] [cxt 0] Action entry is link_monitor377 - 
[15:27:43.020] [bmv2] [T] [thread 45731] [14.0] [cxt 0] Action link_monitor377
[15:27:43.020] [bmv2] [T] [thread 45731] [14.0] [cxt 0] link_monitor.p4(377) Primitive (bit<32>)standard_metadata.egress_port
[15:27:43.020] [bmv2] [T] [thread 45731] [14.0] [cxt 0] link_monitor.p4(377) Primitive byte_cnt_reg.read(byte_cnt, (bit<32>)standard_metadata.egress_port)
[15:27:43.020] [bmv2] [T] [thread 45731] [14.0] [cxt 0] Read register 'MyEgress.byte_cnt_reg' at index 0 read value 1200
[15:27:43.020] [bmv2] [D] [thread 45735] [11.0] [cxt 0] Transmitting packet of size 90 out of port 0
[15:27:43.020] [bmv2] [D] [thread 45735] [12.0] [cxt 0] Transmitting packet of size 70 out of port 0
[15:27:43.020] [bmv2] [D] [thread 45735] [13.0] [cxt 0] Transmitting packet of size 90 out of port 0
[15:27:43.020] [bmv2] [T] [thread 45731] [14.0] [cxt 0] link_monitor.p4(378) Primitive byte_cnt = byte_cnt + standard_metadata.packet_length
[15:27:43.020] [bmv2] [T] [thread 45731] [14.0] [cxt 0] link_monitor.p4(380) Condition "hdr.probe.isValid()" (node_12) is false
[15:27:43.020] [bmv2] [T] [thread 45731] [14.0] [cxt 0] Applying table 'tbl_link_monitor380_0'
[15:27:43.020] [bmv2] [D] [thread 45731] [14.0] [cxt 0] Looking up key:

[15:27:43.020] [bmv2] [D] [thread 45731] [14.0] [cxt 0] Table 'tbl_link_monitor380_0': miss
[15:27:43.020] [bmv2] [D] [thread 45731] [14.0] [cxt 0] Action entry is link_monitor380_0 - 
[15:27:43.020] [bmv2] [T] [thread 45731] [14.0] [cxt 0] Action link_monitor380_0
[15:27:43.020] [bmv2] [T] [thread 45731] [14.0] [cxt 0] link_monitor.p4(380) Primitive (hdr.probe.isValid()) ? 0 : byte_cnt
[15:27:43.020] [bmv2] [T] [thread 45731] [14.0] [cxt 0] Applying table 'tbl_link_monitor381'
[15:27:43.020] [bmv2] [D] [thread 45731] [14.0] [cxt 0] Looking up key:

[15:27:43.020] [bmv2] [D] [thread 45731] [14.0] [cxt 0] Table 'tbl_link_monitor381': miss
[15:27:43.020] [bmv2] [D] [thread 45731] [14.0] [cxt 0] Action entry is link_monitor381 - 
[15:27:43.020] [bmv2] [T] [thread 45731] [14.0] [cxt 0] Action link_monitor381
[15:27:43.020] [bmv2] [T] [thread 45731] [14.0] [cxt 0] link_monitor.p4(381) Primitive (bit<32>)standard_metadata.egress_port
[15:27:43.020] [bmv2] [T] [thread 45731] [14.0] [cxt 0] link_monitor.p4(381) Primitive byte_cnt_reg.write((bit<32>)standard_metadata.egress_port, new_byte_cnt)
[15:27:43.020] [bmv2] [T] [thread 45731] [14.0] [cxt 0] Wrote register 'MyEgress.byte_cnt_reg' at index 0 with value 1270
[15:27:43.020] [bmv2] [T] [thread 45731] [14.0] [cxt 0] link_monitor.p4(383) Condition "hdr.probe.isValid()" (node_16) is false
[15:27:43.020] [bmv2] [D] [thread 45731] [14.0] [cxt 0] Pipeline 'egress': end
[15:27:43.020] [bmv2] [D] [thread 45731] [14.0] [cxt 0] Deparser 'deparser': start
[15:27:43.020] [bmv2] [T] [thread 45731] [14.0] [cxt 0] Skipping checksum 'cksum' update because condition not met
[15:27:43.020] [bmv2] [D] [thread 45731] [14.0] [cxt 0] Deparsing header 'ethernet'
[15:27:43.020] [bmv2] [D] [thread 45731] [14.0] [cxt 0] Deparser 'deparser': end
[15:27:43.020] [bmv2] [D] [thread 45735] [14.0] [cxt 0] Transmitting packet of size 70 out of port 0
[15:27:43.052] [bmv2] [D] [thread 45730] [15.0] [cxt 0] Processing packet received on port 3
[15:27:43.052] [bmv2] [D] [thread 45730] [15.0] [cxt 0] Parser 'parser': start
[15:27:43.052] [bmv2] [D] [thread 45730] [15.0] [cxt 0] Parser 'parser' entering state 'start'
[15:27:43.052] [bmv2] [D] [thread 45730] [15.0] [cxt 0] Extracting header 'ethernet'
[15:27:43.052] [bmv2] [D] [thread 45730] [15.0] [cxt 0] Parser state 'start': key is 86dd
[15:27:43.052] [bmv2] [T] [thread 45730] [15.0] [cxt 0] Bytes parsed: 14
[15:27:43.052] [bmv2] [D] [thread 45730] [15.0] [cxt 0] Parser 'parser': end
[15:27:43.052] [bmv2] [D] [thread 45730] [15.0] [cxt 0] Pipeline 'ingress': start
[15:27:43.052] [bmv2] [T] [thread 45730] [15.0] [cxt 0] link_monitor.p4(331) Condition "hdr.tcp.isValid()" (node_2) is false
[15:27:43.052] [bmv2] [T] [thread 45730] [15.0] [cxt 0] link_monitor.p4(335) Condition "hdr.ipv4.isValid()" (node_5) is false
[15:27:43.052] [bmv2] [T] [thread 45730] [15.0] [cxt 0] link_monitor.p4(338) Condition "hdr.probe.isValid()" (node_7) is false
[15:27:43.052] [bmv2] [D] [thread 45730] [15.0] [cxt 0] Pipeline 'ingress': end
[15:27:43.052] [bmv2] [D] [thread 45730] [15.0] [cxt 0] Egress port is 0
[15:27:43.052] [bmv2] [D] [thread 45731] [15.0] [cxt 0] Pipeline 'egress': start
[15:27:43.052] [bmv2] [T] [thread 45731] [15.0] [cxt 0] Applying table 'tbl_link_monitor377'
[15:27:43.052] [bmv2] [D] [thread 45731] [15.0] [cxt 0] Looking up key:

[15:27:43.052] [bmv2] [D] [thread 45731] [15.0] [cxt 0] Table 'tbl_link_monitor377': miss
[15:27:43.052] [bmv2] [D] [thread 45731] [15.0] [cxt 0] Action entry is link_monitor377 - 
[15:27:43.052] [bmv2] [T] [thread 45731] [15.0] [cxt 0] Action link_monitor377
[15:27:43.052] [bmv2] [T] [thread 45731] [15.0] [cxt 0] link_monitor.p4(377) Primitive (bit<32>)standard_metadata.egress_port
[15:27:43.052] [bmv2] [T] [thread 45731] [15.0] [cxt 0] link_monitor.p4(377) Primitive byte_cnt_reg.read(byte_cnt, (bit<32>)standard_metadata.egress_port)
[15:27:43.052] [bmv2] [T] [thread 45731] [15.0] [cxt 0] Read register 'MyEgress.byte_cnt_reg' at index 0 read value 1270
[15:27:43.052] [bmv2] [T] [thread 45731] [15.0] [cxt 0] link_monitor.p4(378) Primitive byte_cnt = byte_cnt + standard_metadata.packet_length
[15:27:43.052] [bmv2] [T] [thread 45731] [15.0] [cxt 0] link_monitor.p4(380) Condition "hdr.probe.isValid()" (node_12) is false
[15:27:43.052] [bmv2] [T] [thread 45731] [15.0] [cxt 0] Applying table 'tbl_link_monitor380_0'
[15:27:43.052] [bmv2] [D] [thread 45731] [15.0] [cxt 0] Looking up key:

[15:27:43.052] [bmv2] [D] [thread 45731] [15.0] [cxt 0] Table 'tbl_link_monitor380_0': miss
[15:27:43.052] [bmv2] [D] [thread 45731] [15.0] [cxt 0] Action entry is link_monitor380_0 - 
[15:27:43.052] [bmv2] [T] [thread 45731] [15.0] [cxt 0] Action link_monitor380_0
[15:27:43.052] [bmv2] [T] [thread 45731] [15.0] [cxt 0] link_monitor.p4(380) Primitive (hdr.probe.isValid()) ? 0 : byte_cnt
[15:27:43.052] [bmv2] [T] [thread 45731] [15.0] [cxt 0] Applying table 'tbl_link_monitor381'
[15:27:43.052] [bmv2] [D] [thread 45731] [15.0] [cxt 0] Looking up key:

[15:27:43.052] [bmv2] [D] [thread 45731] [15.0] [cxt 0] Table 'tbl_link_monitor381': miss
[15:27:43.052] [bmv2] [D] [thread 45731] [15.0] [cxt 0] Action entry is link_monitor381 - 
[15:27:43.052] [bmv2] [T] [thread 45731] [15.0] [cxt 0] Action link_monitor381
[15:27:43.052] [bmv2] [T] [thread 45731] [15.0] [cxt 0] link_monitor.p4(381) Primitive (bit<32>)standard_metadata.egress_port
[15:27:43.052] [bmv2] [T] [thread 45731] [15.0] [cxt 0] link_monitor.p4(381) Primitive byte_cnt_reg.write((bit<32>)standard_metadata.egress_port, new_byte_cnt)
[15:27:43.052] [bmv2] [T] [thread 45731] [15.0] [cxt 0] Wrote register 'MyEgress.byte_cnt_reg' at index 0 with value 1360
[15:27:43.052] [bmv2] [T] [thread 45731] [15.0] [cxt 0] link_monitor.p4(383) Condition "hdr.probe.isValid()" (node_16) is false
[15:27:43.052] [bmv2] [D] [thread 45731] [15.0] [cxt 0] Pipeline 'egress': end
[15:27:43.052] [bmv2] [D] [thread 45731] [15.0] [cxt 0] Deparser 'deparser': start
[15:27:43.052] [bmv2] [T] [thread 45731] [15.0] [cxt 0] Skipping checksum 'cksum' update because condition not met
[15:27:43.052] [bmv2] [D] [thread 45731] [15.0] [cxt 0] Deparsing header 'ethernet'
[15:27:43.052] [bmv2] [D] [thread 45731] [15.0] [cxt 0] Deparser 'deparser': end
[15:27:43.052] [bmv2] [D] [thread 45735] [15.0] [cxt 0] Transmitting packet of size 90 out of port 0
[15:27:43.145] [bmv2] [D] [thread 45730] [16.0] [cxt 0] Processing packet received on port 2
[15:27:43.145] [bmv2] [D] [thread 45730] [16.0] [cxt 0] Parser 'parser': start
[15:27:43.145] [bmv2] [D] [thread 45730] [16.0] [cxt 0] Parser 'parser' entering state 'start'
[15:27:43.145] [bmv2] [D] [thread 45730] [16.0] [cxt 0] Extracting header 'ethernet'
[15:27:43.145] [bmv2] [D] [thread 45730] [16.0] [cxt 0] Parser state 'start': key is 86dd
[15:27:43.145] [bmv2] [T] [thread 45730] [16.0] [cxt 0] Bytes parsed: 14
[15:27:43.145] [bmv2] [D] [thread 45730] [16.0] [cxt 0] Parser 'parser': end
[15:27:43.145] [bmv2] [D] [thread 45730] [16.0] [cxt 0] Pipeline 'ingress': start
[15:27:43.145] [bmv2] [T] [thread 45730] [16.0] [cxt 0] link_monitor.p4(331) Condition "hdr.tcp.isValid()" (node_2) is false
[15:27:43.145] [bmv2] [T] [thread 45730] [16.0] [cxt 0] link_monitor.p4(335) Condition "hdr.ipv4.isValid()" (node_5) is false
[15:27:43.145] [bmv2] [T] [thread 45730] [16.0] [cxt 0] link_monitor.p4(338) Condition "hdr.probe.isValid()" (node_7) is false
[15:27:43.145] [bmv2] [D] [thread 45730] [16.0] [cxt 0] Pipeline 'ingress': end
[15:27:43.145] [bmv2] [D] [thread 45730] [16.0] [cxt 0] Egress port is 0
[15:27:43.145] [bmv2] [D] [thread 45730] [17.0] [cxt 0] Processing packet received on port 2
[15:27:43.145] [bmv2] [D] [thread 45730] [17.0] [cxt 0] Parser 'parser': start
[15:27:43.145] [bmv2] [D] [thread 45730] [17.0] [cxt 0] Parser 'parser' entering state 'start'
[15:27:43.145] [bmv2] [D] [thread 45730] [17.0] [cxt 0] Extracting header 'ethernet'
[15:27:43.145] [bmv2] [D] [thread 45730] [17.0] [cxt 0] Parser state 'start': key is 86dd
[15:27:43.145] [bmv2] [T] [thread 45730] [17.0] [cxt 0] Bytes parsed: 14
[15:27:43.145] [bmv2] [D] [thread 45730] [17.0] [cxt 0] Parser 'parser': end
[15:27:43.145] [bmv2] [D] [thread 45730] [17.0] [cxt 0] Pipeline 'ingress': start
[15:27:43.145] [bmv2] [T] [thread 45730] [17.0] [cxt 0] link_monitor.p4(331) Condition "hdr.tcp.isValid()" (node_2) is false
[15:27:43.145] [bmv2] [T] [thread 45730] [17.0] [cxt 0] link_monitor.p4(335) Condition "hdr.ipv4.isValid()" (node_5) is false
[15:27:43.145] [bmv2] [T] [thread 45730] [17.0] [cxt 0] link_monitor.p4(338) Condition "hdr.probe.isValid()" (node_7) is false
[15:27:43.145] [bmv2] [D] [thread 45730] [17.0] [cxt 0] Pipeline 'ingress': end
[15:27:43.145] [bmv2] [D] [thread 45730] [17.0] [cxt 0] Egress port is 0
[15:27:43.145] [bmv2] [D] [thread 45731] [16.0] [cxt 0] Pipeline 'egress': start
[15:27:43.145] [bmv2] [T] [thread 45731] [16.0] [cxt 0] Applying table 'tbl_link_monitor377'
[15:27:43.145] [bmv2] [D] [thread 45731] [16.0] [cxt 0] Looking up key:

[15:27:43.145] [bmv2] [D] [thread 45731] [16.0] [cxt 0] Table 'tbl_link_monitor377': miss
[15:27:43.145] [bmv2] [D] [thread 45731] [16.0] [cxt 0] Action entry is link_monitor377 - 
[15:27:43.145] [bmv2] [T] [thread 45731] [16.0] [cxt 0] Action link_monitor377
[15:27:43.145] [bmv2] [T] [thread 45731] [16.0] [cxt 0] link_monitor.p4(377) Primitive (bit<32>)standard_metadata.egress_port
[15:27:43.145] [bmv2] [T] [thread 45731] [16.0] [cxt 0] link_monitor.p4(377) Primitive byte_cnt_reg.read(byte_cnt, (bit<32>)standard_metadata.egress_port)
[15:27:43.145] [bmv2] [T] [thread 45731] [16.0] [cxt 0] Read register 'MyEgress.byte_cnt_reg' at index 0 read value 1360
[15:27:43.145] [bmv2] [T] [thread 45731] [16.0] [cxt 0] link_monitor.p4(378) Primitive byte_cnt = byte_cnt + standard_metadata.packet_length
[15:27:43.145] [bmv2] [T] [thread 45731] [16.0] [cxt 0] link_monitor.p4(380) Condition "hdr.probe.isValid()" (node_12) is false
[15:27:43.145] [bmv2] [T] [thread 45731] [16.0] [cxt 0] Applying table 'tbl_link_monitor380_0'
[15:27:43.145] [bmv2] [D] [thread 45731] [16.0] [cxt 0] Looking up key:

[15:27:43.146] [bmv2] [D] [thread 45731] [16.0] [cxt 0] Table 'tbl_link_monitor380_0': miss
[15:27:43.146] [bmv2] [D] [thread 45731] [16.0] [cxt 0] Action entry is link_monitor380_0 - 
[15:27:43.146] [bmv2] [T] [thread 45731] [16.0] [cxt 0] Action link_monitor380_0
[15:27:43.146] [bmv2] [T] [thread 45731] [16.0] [cxt 0] link_monitor.p4(380) Primitive (hdr.probe.isValid()) ? 0 : byte_cnt
[15:27:43.146] [bmv2] [T] [thread 45731] [16.0] [cxt 0] Applying table 'tbl_link_monitor381'
[15:27:43.146] [bmv2] [D] [thread 45731] [16.0] [cxt 0] Looking up key:

[15:27:43.146] [bmv2] [D] [thread 45731] [16.0] [cxt 0] Table 'tbl_link_monitor381': miss
[15:27:43.146] [bmv2] [D] [thread 45731] [16.0] [cxt 0] Action entry is link_monitor381 - 
[15:27:43.146] [bmv2] [T] [thread 45731] [16.0] [cxt 0] Action link_monitor381
[15:27:43.146] [bmv2] [T] [thread 45731] [16.0] [cxt 0] link_monitor.p4(381) Primitive (bit<32>)standard_metadata.egress_port
[15:27:43.146] [bmv2] [T] [thread 45731] [16.0] [cxt 0] link_monitor.p4(381) Primitive byte_cnt_reg.write((bit<32>)standard_metadata.egress_port, new_byte_cnt)
[15:27:43.146] [bmv2] [T] [thread 45731] [16.0] [cxt 0] Wrote register 'MyEgress.byte_cnt_reg' at index 0 with value 1450
[15:27:43.146] [bmv2] [T] [thread 45731] [16.0] [cxt 0] link_monitor.p4(383) Condition "hdr.probe.isValid()" (node_16) is false
[15:27:43.146] [bmv2] [D] [thread 45731] [16.0] [cxt 0] Pipeline 'egress': end
[15:27:43.146] [bmv2] [D] [thread 45731] [16.0] [cxt 0] Deparser 'deparser': start
[15:27:43.146] [bmv2] [T] [thread 45731] [16.0] [cxt 0] Skipping checksum 'cksum' update because condition not met
[15:27:43.146] [bmv2] [D] [thread 45731] [16.0] [cxt 0] Deparsing header 'ethernet'
[15:27:43.146] [bmv2] [D] [thread 45731] [16.0] [cxt 0] Deparser 'deparser': end
[15:27:43.146] [bmv2] [D] [thread 45731] [17.0] [cxt 0] Pipeline 'egress': start
[15:27:43.146] [bmv2] [T] [thread 45731] [17.0] [cxt 0] Applying table 'tbl_link_monitor377'
[15:27:43.146] [bmv2] [D] [thread 45731] [17.0] [cxt 0] Looking up key:

[15:27:43.146] [bmv2] [D] [thread 45731] [17.0] [cxt 0] Table 'tbl_link_monitor377': miss
[15:27:43.146] [bmv2] [D] [thread 45731] [17.0] [cxt 0] Action entry is link_monitor377 - 
[15:27:43.146] [bmv2] [T] [thread 45731] [17.0] [cxt 0] Action link_monitor377
[15:27:43.146] [bmv2] [T] [thread 45731] [17.0] [cxt 0] link_monitor.p4(377) Primitive (bit<32>)standard_metadata.egress_port
[15:27:43.146] [bmv2] [T] [thread 45731] [17.0] [cxt 0] link_monitor.p4(377) Primitive byte_cnt_reg.read(byte_cnt, (bit<32>)standard_metadata.egress_port)
[15:27:43.146] [bmv2] [T] [thread 45731] [17.0] [cxt 0] Read register 'MyEgress.byte_cnt_reg' at index 0 read value 1450
[15:27:43.146] [bmv2] [T] [thread 45731] [17.0] [cxt 0] link_monitor.p4(378) Primitive byte_cnt = byte_cnt + standard_metadata.packet_length
[15:27:43.146] [bmv2] [T] [thread 45731] [17.0] [cxt 0] link_monitor.p4(380) Condition "hdr.probe.isValid()" (node_12) is false
[15:27:43.146] [bmv2] [T] [thread 45731] [17.0] [cxt 0] Applying table 'tbl_link_monitor380_0'
[15:27:43.146] [bmv2] [D] [thread 45731] [17.0] [cxt 0] Looking up key:

[15:27:43.146] [bmv2] [D] [thread 45731] [17.0] [cxt 0] Table 'tbl_link_monitor380_0': miss
[15:27:43.146] [bmv2] [D] [thread 45731] [17.0] [cxt 0] Action entry is link_monitor380_0 - 
[15:27:43.146] [bmv2] [T] [thread 45731] [17.0] [cxt 0] Action link_monitor380_0
[15:27:43.146] [bmv2] [T] [thread 45731] [17.0] [cxt 0] link_monitor.p4(380) Primitive (hdr.probe.isValid()) ? 0 : byte_cnt
[15:27:43.146] [bmv2] [T] [thread 45731] [17.0] [cxt 0] Applying table 'tbl_link_monitor381'
[15:27:43.146] [bmv2] [D] [thread 45731] [17.0] [cxt 0] Looking up key:

[15:27:43.146] [bmv2] [D] [thread 45731] [17.0] [cxt 0] Table 'tbl_link_monitor381': miss
[15:27:43.146] [bmv2] [D] [thread 45731] [17.0] [cxt 0] Action entry is link_monitor381 - 
[15:27:43.146] [bmv2] [T] [thread 45731] [17.0] [cxt 0] Action link_monitor381
[15:27:43.146] [bmv2] [T] [thread 45731] [17.0] [cxt 0] link_monitor.p4(381) Primitive (bit<32>)standard_metadata.egress_port
[15:27:43.146] [bmv2] [T] [thread 45731] [17.0] [cxt 0] link_monitor.p4(381) Primitive byte_cnt_reg.write((bit<32>)standard_metadata.egress_port, new_byte_cnt)
[15:27:43.146] [bmv2] [T] [thread 45731] [17.0] [cxt 0] Wrote register 'MyEgress.byte_cnt_reg' at index 0 with value 1520
[15:27:43.146] [bmv2] [T] [thread 45731] [17.0] [cxt 0] link_monitor.p4(383) Condition "hdr.probe.isValid()" (node_16) is false
[15:27:43.146] [bmv2] [D] [thread 45731] [17.0] [cxt 0] Pipeline 'egress': end
[15:27:43.146] [bmv2] [D] [thread 45731] [17.0] [cxt 0] Deparser 'deparser': start
[15:27:43.146] [bmv2] [T] [thread 45731] [17.0] [cxt 0] Skipping checksum 'cksum' update because condition not met
[15:27:43.146] [bmv2] [D] [thread 45731] [17.0] [cxt 0] Deparsing header 'ethernet'
[15:27:43.146] [bmv2] [D] [thread 45731] [17.0] [cxt 0] Deparser 'deparser': end
[15:27:43.146] [bmv2] [D] [thread 45735] [16.0] [cxt 0] Transmitting packet of size 90 out of port 0
[15:27:43.146] [bmv2] [D] [thread 45735] [17.0] [cxt 0] Transmitting packet of size 70 out of port 0
[15:27:43.192] [bmv2] [D] [thread 45730] [18.0] [cxt 0] Processing packet received on port 2
[15:27:43.192] [bmv2] [D] [thread 45730] [18.0] [cxt 0] Parser 'parser': start
[15:27:43.192] [bmv2] [D] [thread 45730] [18.0] [cxt 0] Parser 'parser' entering state 'start'
[15:27:43.192] [bmv2] [D] [thread 45730] [18.0] [cxt 0] Extracting header 'ethernet'
[15:27:43.192] [bmv2] [D] [thread 45730] [18.0] [cxt 0] Parser state 'start': key is 86dd
[15:27:43.192] [bmv2] [T] [thread 45730] [18.0] [cxt 0] Bytes parsed: 14
[15:27:43.192] [bmv2] [D] [thread 45730] [18.0] [cxt 0] Parser 'parser': end
[15:27:43.192] [bmv2] [D] [thread 45730] [18.0] [cxt 0] Pipeline 'ingress': start
[15:27:43.192] [bmv2] [T] [thread 45730] [18.0] [cxt 0] link_monitor.p4(331) Condition "hdr.tcp.isValid()" (node_2) is false
[15:27:43.192] [bmv2] [T] [thread 45730] [18.0] [cxt 0] link_monitor.p4(335) Condition "hdr.ipv4.isValid()" (node_5) is false
[15:27:43.192] [bmv2] [T] [thread 45730] [18.0] [cxt 0] link_monitor.p4(338) Condition "hdr.probe.isValid()" (node_7) is false
[15:27:43.192] [bmv2] [D] [thread 45730] [18.0] [cxt 0] Pipeline 'ingress': end
[15:27:43.192] [bmv2] [D] [thread 45730] [18.0] [cxt 0] Egress port is 0
[15:27:43.192] [bmv2] [D] [thread 45731] [18.0] [cxt 0] Pipeline 'egress': start
[15:27:43.192] [bmv2] [T] [thread 45731] [18.0] [cxt 0] Applying table 'tbl_link_monitor377'
[15:27:43.192] [bmv2] [D] [thread 45731] [18.0] [cxt 0] Looking up key:

[15:27:43.192] [bmv2] [D] [thread 45731] [18.0] [cxt 0] Table 'tbl_link_monitor377': miss
[15:27:43.192] [bmv2] [D] [thread 45731] [18.0] [cxt 0] Action entry is link_monitor377 - 
[15:27:43.192] [bmv2] [T] [thread 45731] [18.0] [cxt 0] Action link_monitor377
[15:27:43.192] [bmv2] [T] [thread 45731] [18.0] [cxt 0] link_monitor.p4(377) Primitive (bit<32>)standard_metadata.egress_port
[15:27:43.192] [bmv2] [T] [thread 45731] [18.0] [cxt 0] link_monitor.p4(377) Primitive byte_cnt_reg.read(byte_cnt, (bit<32>)standard_metadata.egress_port)
[15:27:43.192] [bmv2] [T] [thread 45731] [18.0] [cxt 0] Read register 'MyEgress.byte_cnt_reg' at index 0 read value 1520
[15:27:43.192] [bmv2] [T] [thread 45731] [18.0] [cxt 0] link_monitor.p4(378) Primitive byte_cnt = byte_cnt + standard_metadata.packet_length
[15:27:43.192] [bmv2] [T] [thread 45731] [18.0] [cxt 0] link_monitor.p4(380) Condition "hdr.probe.isValid()" (node_12) is false
[15:27:43.192] [bmv2] [T] [thread 45731] [18.0] [cxt 0] Applying table 'tbl_link_monitor380_0'
[15:27:43.192] [bmv2] [D] [thread 45731] [18.0] [cxt 0] Looking up key:

[15:27:43.192] [bmv2] [D] [thread 45731] [18.0] [cxt 0] Table 'tbl_link_monitor380_0': miss
[15:27:43.192] [bmv2] [D] [thread 45731] [18.0] [cxt 0] Action entry is link_monitor380_0 - 
[15:27:43.192] [bmv2] [T] [thread 45731] [18.0] [cxt 0] Action link_monitor380_0
[15:27:43.192] [bmv2] [T] [thread 45731] [18.0] [cxt 0] link_monitor.p4(380) Primitive (hdr.probe.isValid()) ? 0 : byte_cnt
[15:27:43.192] [bmv2] [T] [thread 45731] [18.0] [cxt 0] Applying table 'tbl_link_monitor381'
[15:27:43.192] [bmv2] [D] [thread 45731] [18.0] [cxt 0] Looking up key:

[15:27:43.192] [bmv2] [D] [thread 45731] [18.0] [cxt 0] Table 'tbl_link_monitor381': miss
[15:27:43.192] [bmv2] [D] [thread 45731] [18.0] [cxt 0] Action entry is link_monitor381 - 
[15:27:43.192] [bmv2] [T] [thread 45731] [18.0] [cxt 0] Action link_monitor381
[15:27:43.192] [bmv2] [T] [thread 45731] [18.0] [cxt 0] link_monitor.p4(381) Primitive (bit<32>)standard_metadata.egress_port
[15:27:43.192] [bmv2] [T] [thread 45731] [18.0] [cxt 0] link_monitor.p4(381) Primitive byte_cnt_reg.write((bit<32>)standard_metadata.egress_port, new_byte_cnt)
[15:27:43.192] [bmv2] [T] [thread 45731] [18.0] [cxt 0] Wrote register 'MyEgress.byte_cnt_reg' at index 0 with value 1610
[15:27:43.192] [bmv2] [T] [thread 45731] [18.0] [cxt 0] link_monitor.p4(383) Condition "hdr.probe.isValid()" (node_16) is false
[15:27:43.192] [bmv2] [D] [thread 45731] [18.0] [cxt 0] Pipeline 'egress': end
[15:27:43.192] [bmv2] [D] [thread 45731] [18.0] [cxt 0] Deparser 'deparser': start
[15:27:43.192] [bmv2] [T] [thread 45731] [18.0] [cxt 0] Skipping checksum 'cksum' update because condition not met
[15:27:43.192] [bmv2] [D] [thread 45731] [18.0] [cxt 0] Deparsing header 'ethernet'
[15:27:43.192] [bmv2] [D] [thread 45731] [18.0] [cxt 0] Deparser 'deparser': end
[15:27:43.192] [bmv2] [D] [thread 45735] [18.0] [cxt 0] Transmitting packet of size 90 out of port 0
[15:27:43.236] [bmv2] [D] [thread 45730] [19.0] [cxt 0] Processing packet received on port 1
[15:27:43.236] [bmv2] [D] [thread 45730] [19.0] [cxt 0] Parser 'parser': start
[15:27:43.236] [bmv2] [D] [thread 45730] [19.0] [cxt 0] Parser 'parser' entering state 'start'
[15:27:43.236] [bmv2] [D] [thread 45730] [19.0] [cxt 0] Extracting header 'ethernet'
[15:27:43.237] [bmv2] [D] [thread 45730] [19.0] [cxt 0] Parser state 'start': key is 86dd
[15:27:43.237] [bmv2] [T] [thread 45730] [19.0] [cxt 0] Bytes parsed: 14
[15:27:43.237] [bmv2] [D] [thread 45730] [19.0] [cxt 0] Parser 'parser': end
[15:27:43.237] [bmv2] [D] [thread 45730] [19.0] [cxt 0] Pipeline 'ingress': start
[15:27:43.237] [bmv2] [T] [thread 45730] [19.0] [cxt 0] link_monitor.p4(331) Condition "hdr.tcp.isValid()" (node_2) is false
[15:27:43.237] [bmv2] [T] [thread 45730] [19.0] [cxt 0] link_monitor.p4(335) Condition "hdr.ipv4.isValid()" (node_5) is false
[15:27:43.237] [bmv2] [T] [thread 45730] [19.0] [cxt 0] link_monitor.p4(338) Condition "hdr.probe.isValid()" (node_7) is false
[15:27:43.237] [bmv2] [D] [thread 45730] [19.0] [cxt 0] Pipeline 'ingress': end
[15:27:43.237] [bmv2] [D] [thread 45730] [19.0] [cxt 0] Egress port is 0
[15:27:43.237] [bmv2] [D] [thread 45731] [19.0] [cxt 0] Pipeline 'egress': start
[15:27:43.237] [bmv2] [T] [thread 45731] [19.0] [cxt 0] Applying table 'tbl_link_monitor377'
[15:27:43.237] [bmv2] [D] [thread 45731] [19.0] [cxt 0] Looking up key:

[15:27:43.237] [bmv2] [D] [thread 45731] [19.0] [cxt 0] Table 'tbl_link_monitor377': miss
[15:27:43.237] [bmv2] [D] [thread 45731] [19.0] [cxt 0] Action entry is link_monitor377 - 
[15:27:43.237] [bmv2] [T] [thread 45731] [19.0] [cxt 0] Action link_monitor377
[15:27:43.237] [bmv2] [T] [thread 45731] [19.0] [cxt 0] link_monitor.p4(377) Primitive (bit<32>)standard_metadata.egress_port
[15:27:43.237] [bmv2] [T] [thread 45731] [19.0] [cxt 0] link_monitor.p4(377) Primitive byte_cnt_reg.read(byte_cnt, (bit<32>)standard_metadata.egress_port)
[15:27:43.237] [bmv2] [T] [thread 45731] [19.0] [cxt 0] Read register 'MyEgress.byte_cnt_reg' at index 0 read value 1610
[15:27:43.237] [bmv2] [T] [thread 45731] [19.0] [cxt 0] link_monitor.p4(378) Primitive byte_cnt = byte_cnt + standard_metadata.packet_length
[15:27:43.237] [bmv2] [T] [thread 45731] [19.0] [cxt 0] link_monitor.p4(380) Condition "hdr.probe.isValid()" (node_12) is false
[15:27:43.237] [bmv2] [T] [thread 45731] [19.0] [cxt 0] Applying table 'tbl_link_monitor380_0'
[15:27:43.237] [bmv2] [D] [thread 45731] [19.0] [cxt 0] Looking up key:

[15:27:43.237] [bmv2] [D] [thread 45731] [19.0] [cxt 0] Table 'tbl_link_monitor380_0': miss
[15:27:43.237] [bmv2] [D] [thread 45731] [19.0] [cxt 0] Action entry is link_monitor380_0 - 
[15:27:43.237] [bmv2] [T] [thread 45731] [19.0] [cxt 0] Action link_monitor380_0
[15:27:43.237] [bmv2] [T] [thread 45731] [19.0] [cxt 0] link_monitor.p4(380) Primitive (hdr.probe.isValid()) ? 0 : byte_cnt
[15:27:43.237] [bmv2] [T] [thread 45731] [19.0] [cxt 0] Applying table 'tbl_link_monitor381'
[15:27:43.237] [bmv2] [D] [thread 45731] [19.0] [cxt 0] Looking up key:

[15:27:43.237] [bmv2] [D] [thread 45731] [19.0] [cxt 0] Table 'tbl_link_monitor381': miss
[15:27:43.237] [bmv2] [D] [thread 45731] [19.0] [cxt 0] Action entry is link_monitor381 - 
[15:27:43.237] [bmv2] [T] [thread 45731] [19.0] [cxt 0] Action link_monitor381
[15:27:43.237] [bmv2] [T] [thread 45731] [19.0] [cxt 0] link_monitor.p4(381) Primitive (bit<32>)standard_metadata.egress_port
[15:27:43.237] [bmv2] [T] [thread 45731] [19.0] [cxt 0] link_monitor.p4(381) Primitive byte_cnt_reg.write((bit<32>)standard_metadata.egress_port, new_byte_cnt)
[15:27:43.237] [bmv2] [T] [thread 45731] [19.0] [cxt 0] Wrote register 'MyEgress.byte_cnt_reg' at index 0 with value 1700
[15:27:43.237] [bmv2] [T] [thread 45731] [19.0] [cxt 0] link_monitor.p4(383) Condition "hdr.probe.isValid()" (node_16) is false
[15:27:43.237] [bmv2] [D] [thread 45731] [19.0] [cxt 0] Pipeline 'egress': end
[15:27:43.237] [bmv2] [D] [thread 45731] [19.0] [cxt 0] Deparser 'deparser': start
[15:27:43.237] [bmv2] [T] [thread 45731] [19.0] [cxt 0] Skipping checksum 'cksum' update because condition not met
[15:27:43.237] [bmv2] [D] [thread 45731] [19.0] [cxt 0] Deparsing header 'ethernet'
[15:27:43.237] [bmv2] [D] [thread 45731] [19.0] [cxt 0] Deparser 'deparser': end
[15:27:43.237] [bmv2] [D] [thread 45735] [19.0] [cxt 0] Transmitting packet of size 90 out of port 0
[15:27:43.303] [bmv2] [D] [thread 45730] [20.0] [cxt 0] Processing packet received on port 4
[15:27:43.303] [bmv2] [D] [thread 45730] [20.0] [cxt 0] Parser 'parser': start
[15:27:43.303] [bmv2] [D] [thread 45730] [20.0] [cxt 0] Parser 'parser' entering state 'start'
[15:27:43.303] [bmv2] [D] [thread 45730] [20.0] [cxt 0] Extracting header 'ethernet'
[15:27:43.303] [bmv2] [D] [thread 45730] [20.0] [cxt 0] Parser state 'start': key is 86dd
[15:27:43.303] [bmv2] [T] [thread 45730] [20.0] [cxt 0] Bytes parsed: 14
[15:27:43.303] [bmv2] [D] [thread 45730] [20.0] [cxt 0] Parser 'parser': end
[15:27:43.303] [bmv2] [D] [thread 45730] [20.0] [cxt 0] Pipeline 'ingress': start
[15:27:43.303] [bmv2] [T] [thread 45730] [20.0] [cxt 0] link_monitor.p4(331) Condition "hdr.tcp.isValid()" (node_2) is false
[15:27:43.303] [bmv2] [T] [thread 45730] [20.0] [cxt 0] link_monitor.p4(335) Condition "hdr.ipv4.isValid()" (node_5) is false
[15:27:43.303] [bmv2] [T] [thread 45730] [20.0] [cxt 0] link_monitor.p4(338) Condition "hdr.probe.isValid()" (node_7) is false
[15:27:43.303] [bmv2] [D] [thread 45730] [20.0] [cxt 0] Pipeline 'ingress': end
[15:27:43.303] [bmv2] [D] [thread 45730] [20.0] [cxt 0] Egress port is 0
[15:27:43.303] [bmv2] [D] [thread 45730] [21.0] [cxt 0] Processing packet received on port 4
[15:27:43.303] [bmv2] [D] [thread 45730] [21.0] [cxt 0] Parser 'parser': start
[15:27:43.303] [bmv2] [D] [thread 45730] [21.0] [cxt 0] Parser 'parser' entering state 'start'
[15:27:43.303] [bmv2] [D] [thread 45730] [21.0] [cxt 0] Extracting header 'ethernet'
[15:27:43.303] [bmv2] [D] [thread 45730] [21.0] [cxt 0] Parser state 'start': key is 86dd
[15:27:43.303] [bmv2] [T] [thread 45730] [21.0] [cxt 0] Bytes parsed: 14
[15:27:43.303] [bmv2] [D] [thread 45730] [21.0] [cxt 0] Parser 'parser': end
[15:27:43.303] [bmv2] [D] [thread 45730] [21.0] [cxt 0] Pipeline 'ingress': start
[15:27:43.303] [bmv2] [T] [thread 45730] [21.0] [cxt 0] link_monitor.p4(331) Condition "hdr.tcp.isValid()" (node_2) is false
[15:27:43.303] [bmv2] [T] [thread 45730] [21.0] [cxt 0] link_monitor.p4(335) Condition "hdr.ipv4.isValid()" (node_5) is false
[15:27:43.303] [bmv2] [T] [thread 45730] [21.0] [cxt 0] link_monitor.p4(338) Condition "hdr.probe.isValid()" (node_7) is false
[15:27:43.303] [bmv2] [D] [thread 45730] [21.0] [cxt 0] Pipeline 'ingress': end
[15:27:43.303] [bmv2] [D] [thread 45730] [21.0] [cxt 0] Egress port is 0
[15:27:43.303] [bmv2] [D] [thread 45731] [20.0] [cxt 0] Pipeline 'egress': start
[15:27:43.303] [bmv2] [T] [thread 45731] [20.0] [cxt 0] Applying table 'tbl_link_monitor377'
[15:27:43.303] [bmv2] [D] [thread 45731] [20.0] [cxt 0] Looking up key:

[15:27:43.303] [bmv2] [D] [thread 45731] [20.0] [cxt 0] Table 'tbl_link_monitor377': miss
[15:27:43.303] [bmv2] [D] [thread 45731] [20.0] [cxt 0] Action entry is link_monitor377 - 
[15:27:43.303] [bmv2] [T] [thread 45731] [20.0] [cxt 0] Action link_monitor377
[15:27:43.303] [bmv2] [T] [thread 45731] [20.0] [cxt 0] link_monitor.p4(377) Primitive (bit<32>)standard_metadata.egress_port
[15:27:43.303] [bmv2] [T] [thread 45731] [20.0] [cxt 0] link_monitor.p4(377) Primitive byte_cnt_reg.read(byte_cnt, (bit<32>)standard_metadata.egress_port)
[15:27:43.303] [bmv2] [T] [thread 45731] [20.0] [cxt 0] Read register 'MyEgress.byte_cnt_reg' at index 0 read value 1700
[15:27:43.303] [bmv2] [T] [thread 45731] [20.0] [cxt 0] link_monitor.p4(378) Primitive byte_cnt = byte_cnt + standard_metadata.packet_length
[15:27:43.303] [bmv2] [T] [thread 45731] [20.0] [cxt 0] link_monitor.p4(380) Condition "hdr.probe.isValid()" (node_12) is false
[15:27:43.304] [bmv2] [T] [thread 45731] [20.0] [cxt 0] Applying table 'tbl_link_monitor380_0'
[15:27:43.304] [bmv2] [D] [thread 45731] [20.0] [cxt 0] Looking up key:

[15:27:43.304] [bmv2] [D] [thread 45731] [20.0] [cxt 0] Table 'tbl_link_monitor380_0': miss
[15:27:43.304] [bmv2] [D] [thread 45731] [20.0] [cxt 0] Action entry is link_monitor380_0 - 
[15:27:43.304] [bmv2] [T] [thread 45731] [20.0] [cxt 0] Action link_monitor380_0
[15:27:43.304] [bmv2] [T] [thread 45731] [20.0] [cxt 0] link_monitor.p4(380) Primitive (hdr.probe.isValid()) ? 0 : byte_cnt
[15:27:43.304] [bmv2] [T] [thread 45731] [20.0] [cxt 0] Applying table 'tbl_link_monitor381'
[15:27:43.304] [bmv2] [D] [thread 45731] [20.0] [cxt 0] Looking up key:

[15:27:43.304] [bmv2] [D] [thread 45731] [20.0] [cxt 0] Table 'tbl_link_monitor381': miss
[15:27:43.304] [bmv2] [D] [thread 45731] [20.0] [cxt 0] Action entry is link_monitor381 - 
[15:27:43.304] [bmv2] [T] [thread 45731] [20.0] [cxt 0] Action link_monitor381
[15:27:43.304] [bmv2] [T] [thread 45731] [20.0] [cxt 0] link_monitor.p4(381) Primitive (bit<32>)standard_metadata.egress_port
[15:27:43.304] [bmv2] [T] [thread 45731] [20.0] [cxt 0] link_monitor.p4(381) Primitive byte_cnt_reg.write((bit<32>)standard_metadata.egress_port, new_byte_cnt)
[15:27:43.304] [bmv2] [T] [thread 45731] [20.0] [cxt 0] Wrote register 'MyEgress.byte_cnt_reg' at index 0 with value 1790
[15:27:43.304] [bmv2] [T] [thread 45731] [20.0] [cxt 0] link_monitor.p4(383) Condition "hdr.probe.isValid()" (node_16) is false
[15:27:43.304] [bmv2] [D] [thread 45731] [20.0] [cxt 0] Pipeline 'egress': end
[15:27:43.304] [bmv2] [D] [thread 45731] [20.0] [cxt 0] Deparser 'deparser': start
[15:27:43.304] [bmv2] [T] [thread 45731] [20.0] [cxt 0] Skipping checksum 'cksum' update because condition not met
[15:27:43.304] [bmv2] [D] [thread 45731] [20.0] [cxt 0] Deparsing header 'ethernet'
[15:27:43.304] [bmv2] [D] [thread 45731] [20.0] [cxt 0] Deparser 'deparser': end
[15:27:43.304] [bmv2] [D] [thread 45731] [21.0] [cxt 0] Pipeline 'egress': start
[15:27:43.304] [bmv2] [T] [thread 45731] [21.0] [cxt 0] Applying table 'tbl_link_monitor377'
[15:27:43.304] [bmv2] [D] [thread 45731] [21.0] [cxt 0] Looking up key:

[15:27:43.304] [bmv2] [D] [thread 45731] [21.0] [cxt 0] Table 'tbl_link_monitor377': miss
[15:27:43.304] [bmv2] [D] [thread 45731] [21.0] [cxt 0] Action entry is link_monitor377 - 
[15:27:43.304] [bmv2] [T] [thread 45731] [21.0] [cxt 0] Action link_monitor377
[15:27:43.304] [bmv2] [T] [thread 45731] [21.0] [cxt 0] link_monitor.p4(377) Primitive (bit<32>)standard_metadata.egress_port
[15:27:43.304] [bmv2] [T] [thread 45731] [21.0] [cxt 0] link_monitor.p4(377) Primitive byte_cnt_reg.read(byte_cnt, (bit<32>)standard_metadata.egress_port)
[15:27:43.304] [bmv2] [T] [thread 45731] [21.0] [cxt 0] Read register 'MyEgress.byte_cnt_reg' at index 0 read value 1790
[15:27:43.304] [bmv2] [T] [thread 45731] [21.0] [cxt 0] link_monitor.p4(378) Primitive byte_cnt = byte_cnt + standard_metadata.packet_length
[15:27:43.304] [bmv2] [T] [thread 45731] [21.0] [cxt 0] link_monitor.p4(380) Condition "hdr.probe.isValid()" (node_12) is false
[15:27:43.304] [bmv2] [T] [thread 45731] [21.0] [cxt 0] Applying table 'tbl_link_monitor380_0'
[15:27:43.304] [bmv2] [D] [thread 45731] [21.0] [cxt 0] Looking up key:

[15:27:43.304] [bmv2] [D] [thread 45731] [21.0] [cxt 0] Table 'tbl_link_monitor380_0': miss
[15:27:43.304] [bmv2] [D] [thread 45731] [21.0] [cxt 0] Action entry is link_monitor380_0 - 
[15:27:43.304] [bmv2] [T] [thread 45731] [21.0] [cxt 0] Action link_monitor380_0
[15:27:43.304] [bmv2] [T] [thread 45731] [21.0] [cxt 0] link_monitor.p4(380) Primitive (hdr.probe.isValid()) ? 0 : byte_cnt
[15:27:43.304] [bmv2] [T] [thread 45731] [21.0] [cxt 0] Applying table 'tbl_link_monitor381'
[15:27:43.304] [bmv2] [D] [thread 45731] [21.0] [cxt 0] Looking up key:

[15:27:43.304] [bmv2] [D] [thread 45731] [21.0] [cxt 0] Table 'tbl_link_monitor381': miss
[15:27:43.304] [bmv2] [D] [thread 45731] [21.0] [cxt 0] Action entry is link_monitor381 - 
[15:27:43.304] [bmv2] [T] [thread 45731] [21.0] [cxt 0] Action link_monitor381
[15:27:43.304] [bmv2] [T] [thread 45731] [21.0] [cxt 0] link_monitor.p4(381) Primitive (bit<32>)standard_metadata.egress_port
[15:27:43.304] [bmv2] [T] [thread 45731] [21.0] [cxt 0] link_monitor.p4(381) Primitive byte_cnt_reg.write((bit<32>)standard_metadata.egress_port, new_byte_cnt)
[15:27:43.304] [bmv2] [T] [thread 45731] [21.0] [cxt 0] Wrote register 'MyEgress.byte_cnt_reg' at index 0 with value 1860
[15:27:43.304] [bmv2] [T] [thread 45731] [21.0] [cxt 0] link_monitor.p4(383) Condition "hdr.probe.isValid()" (node_16) is false
[15:27:43.304] [bmv2] [D] [thread 45731] [21.0] [cxt 0] Pipeline 'egress': end
[15:27:43.304] [bmv2] [D] [thread 45731] [21.0] [cxt 0] Deparser 'deparser': start
[15:27:43.304] [bmv2] [T] [thread 45731] [21.0] [cxt 0] Skipping checksum 'cksum' update because condition not met
[15:27:43.304] [bmv2] [D] [thread 45731] [21.0] [cxt 0] Deparsing header 'ethernet'
[15:27:43.304] [bmv2] [D] [thread 45731] [21.0] [cxt 0] Deparser 'deparser': end
[15:27:43.304] [bmv2] [D] [thread 45735] [20.0] [cxt 0] Transmitting packet of size 90 out of port 0
[15:27:43.304] [bmv2] [D] [thread 45735] [21.0] [cxt 0] Transmitting packet of size 70 out of port 0
[15:27:43.367] [bmv2] [D] [thread 45730] [22.0] [cxt 0] Processing packet received on port 4
[15:27:43.367] [bmv2] [D] [thread 45730] [22.0] [cxt 0] Parser 'parser': start
[15:27:43.367] [bmv2] [D] [thread 45730] [22.0] [cxt 0] Parser 'parser' entering state 'start'
[15:27:43.367] [bmv2] [D] [thread 45730] [22.0] [cxt 0] Extracting header 'ethernet'
[15:27:43.367] [bmv2] [D] [thread 45730] [22.0] [cxt 0] Parser state 'start': key is 86dd
[15:27:43.367] [bmv2] [T] [thread 45730] [22.0] [cxt 0] Bytes parsed: 14
[15:27:43.367] [bmv2] [D] [thread 45730] [22.0] [cxt 0] Parser 'parser': end
[15:27:43.367] [bmv2] [D] [thread 45730] [22.0] [cxt 0] Pipeline 'ingress': start
[15:27:43.367] [bmv2] [T] [thread 45730] [22.0] [cxt 0] link_monitor.p4(331) Condition "hdr.tcp.isValid()" (node_2) is false
[15:27:43.367] [bmv2] [T] [thread 45730] [22.0] [cxt 0] link_monitor.p4(335) Condition "hdr.ipv4.isValid()" (node_5) is false
[15:27:43.367] [bmv2] [T] [thread 45730] [22.0] [cxt 0] link_monitor.p4(338) Condition "hdr.probe.isValid()" (node_7) is false
[15:27:43.367] [bmv2] [D] [thread 45730] [22.0] [cxt 0] Pipeline 'ingress': end
[15:27:43.367] [bmv2] [D] [thread 45730] [22.0] [cxt 0] Egress port is 0
[15:27:43.367] [bmv2] [D] [thread 45730] [23.0] [cxt 0] Processing packet received on port 4
[15:27:43.367] [bmv2] [D] [thread 45730] [23.0] [cxt 0] Parser 'parser': start
[15:27:43.367] [bmv2] [D] [thread 45730] [23.0] [cxt 0] Parser 'parser' entering state 'start'
[15:27:43.367] [bmv2] [D] [thread 45730] [23.0] [cxt 0] Extracting header 'ethernet'
[15:27:43.367] [bmv2] [D] [thread 45730] [23.0] [cxt 0] Parser state 'start': key is 86dd
[15:27:43.367] [bmv2] [T] [thread 45730] [23.0] [cxt 0] Bytes parsed: 14
[15:27:43.367] [bmv2] [D] [thread 45730] [23.0] [cxt 0] Parser 'parser': end
[15:27:43.367] [bmv2] [D] [thread 45730] [23.0] [cxt 0] Pipeline 'ingress': start
[15:27:43.367] [bmv2] [T] [thread 45730] [23.0] [cxt 0] link_monitor.p4(331) Condition "hdr.tcp.isValid()" (node_2) is false
[15:27:43.367] [bmv2] [T] [thread 45730] [23.0] [cxt 0] link_monitor.p4(335) Condition "hdr.ipv4.isValid()" (node_5) is false
[15:27:43.367] [bmv2] [T] [thread 45730] [23.0] [cxt 0] link_monitor.p4(338) Condition "hdr.probe.isValid()" (node_7) is false
[15:27:43.367] [bmv2] [D] [thread 45730] [23.0] [cxt 0] Pipeline 'ingress': end
[15:27:43.367] [bmv2] [D] [thread 45730] [23.0] [cxt 0] Egress port is 0
[15:27:43.367] [bmv2] [D] [thread 45731] [22.0] [cxt 0] Pipeline 'egress': start
[15:27:43.367] [bmv2] [T] [thread 45731] [22.0] [cxt 0] Applying table 'tbl_link_monitor377'
[15:27:43.367] [bmv2] [D] [thread 45731] [22.0] [cxt 0] Looking up key:

[15:27:43.367] [bmv2] [D] [thread 45731] [22.0] [cxt 0] Table 'tbl_link_monitor377': miss
[15:27:43.367] [bmv2] [D] [thread 45731] [22.0] [cxt 0] Action entry is link_monitor377 - 
[15:27:43.367] [bmv2] [T] [thread 45731] [22.0] [cxt 0] Action link_monitor377
[15:27:43.367] [bmv2] [T] [thread 45731] [22.0] [cxt 0] link_monitor.p4(377) Primitive (bit<32>)standard_metadata.egress_port
[15:27:43.367] [bmv2] [T] [thread 45731] [22.0] [cxt 0] link_monitor.p4(377) Primitive byte_cnt_reg.read(byte_cnt, (bit<32>)standard_metadata.egress_port)
[15:27:43.367] [bmv2] [T] [thread 45731] [22.0] [cxt 0] Read register 'MyEgress.byte_cnt_reg' at index 0 read value 1860
[15:27:43.367] [bmv2] [T] [thread 45731] [22.0] [cxt 0] link_monitor.p4(378) Primitive byte_cnt = byte_cnt + standard_metadata.packet_length
[15:27:43.367] [bmv2] [T] [thread 45731] [22.0] [cxt 0] link_monitor.p4(380) Condition "hdr.probe.isValid()" (node_12) is false
[15:27:43.367] [bmv2] [T] [thread 45731] [22.0] [cxt 0] Applying table 'tbl_link_monitor380_0'
[15:27:43.367] [bmv2] [D] [thread 45731] [22.0] [cxt 0] Looking up key:

[15:27:43.367] [bmv2] [D] [thread 45731] [22.0] [cxt 0] Table 'tbl_link_monitor380_0': miss
[15:27:43.367] [bmv2] [D] [thread 45731] [22.0] [cxt 0] Action entry is link_monitor380_0 - 
[15:27:43.367] [bmv2] [T] [thread 45731] [22.0] [cxt 0] Action link_monitor380_0
[15:27:43.367] [bmv2] [T] [thread 45731] [22.0] [cxt 0] link_monitor.p4(380) Primitive (hdr.probe.isValid()) ? 0 : byte_cnt
[15:27:43.367] [bmv2] [T] [thread 45731] [22.0] [cxt 0] Applying table 'tbl_link_monitor381'
[15:27:43.367] [bmv2] [D] [thread 45731] [22.0] [cxt 0] Looking up key:

[15:27:43.367] [bmv2] [D] [thread 45731] [22.0] [cxt 0] Table 'tbl_link_monitor381': miss
[15:27:43.367] [bmv2] [D] [thread 45731] [22.0] [cxt 0] Action entry is link_monitor381 - 
[15:27:43.367] [bmv2] [T] [thread 45731] [22.0] [cxt 0] Action link_monitor381
[15:27:43.367] [bmv2] [T] [thread 45731] [22.0] [cxt 0] link_monitor.p4(381) Primitive (bit<32>)standard_metadata.egress_port
[15:27:43.367] [bmv2] [T] [thread 45731] [22.0] [cxt 0] link_monitor.p4(381) Primitive byte_cnt_reg.write((bit<32>)standard_metadata.egress_port, new_byte_cnt)
[15:27:43.367] [bmv2] [T] [thread 45731] [22.0] [cxt 0] Wrote register 'MyEgress.byte_cnt_reg' at index 0 with value 1950
[15:27:43.367] [bmv2] [T] [thread 45731] [22.0] [cxt 0] link_monitor.p4(383) Condition "hdr.probe.isValid()" (node_16) is false
[15:27:43.367] [bmv2] [D] [thread 45731] [22.0] [cxt 0] Pipeline 'egress': end
[15:27:43.367] [bmv2] [D] [thread 45731] [22.0] [cxt 0] Deparser 'deparser': start
[15:27:43.367] [bmv2] [T] [thread 45731] [22.0] [cxt 0] Skipping checksum 'cksum' update because condition not met
[15:27:43.367] [bmv2] [D] [thread 45731] [22.0] [cxt 0] Deparsing header 'ethernet'
[15:27:43.367] [bmv2] [D] [thread 45731] [22.0] [cxt 0] Deparser 'deparser': end
[15:27:43.367] [bmv2] [D] [thread 45731] [23.0] [cxt 0] Pipeline 'egress': start
[15:27:43.367] [bmv2] [T] [thread 45731] [23.0] [cxt 0] Applying table 'tbl_link_monitor377'
[15:27:43.367] [bmv2] [D] [thread 45731] [23.0] [cxt 0] Looking up key:

[15:27:43.367] [bmv2] [D] [thread 45731] [23.0] [cxt 0] Table 'tbl_link_monitor377': miss
[15:27:43.367] [bmv2] [D] [thread 45731] [23.0] [cxt 0] Action entry is link_monitor377 - 
[15:27:43.367] [bmv2] [T] [thread 45731] [23.0] [cxt 0] Action link_monitor377
[15:27:43.367] [bmv2] [T] [thread 45731] [23.0] [cxt 0] link_monitor.p4(377) Primitive (bit<32>)standard_metadata.egress_port
[15:27:43.367] [bmv2] [T] [thread 45731] [23.0] [cxt 0] link_monitor.p4(377) Primitive byte_cnt_reg.read(byte_cnt, (bit<32>)standard_metadata.egress_port)
[15:27:43.367] [bmv2] [T] [thread 45731] [23.0] [cxt 0] Read register 'MyEgress.byte_cnt_reg' at index 0 read value 1950
[15:27:43.367] [bmv2] [T] [thread 45731] [23.0] [cxt 0] link_monitor.p4(378) Primitive byte_cnt = byte_cnt + standard_metadata.packet_length
[15:27:43.367] [bmv2] [T] [thread 45731] [23.0] [cxt 0] link_monitor.p4(380) Condition "hdr.probe.isValid()" (node_12) is false
[15:27:43.367] [bmv2] [T] [thread 45731] [23.0] [cxt 0] Applying table 'tbl_link_monitor380_0'
[15:27:43.367] [bmv2] [D] [thread 45731] [23.0] [cxt 0] Looking up key:

[15:27:43.367] [bmv2] [D] [thread 45731] [23.0] [cxt 0] Table 'tbl_link_monitor380_0': miss
[15:27:43.367] [bmv2] [D] [thread 45731] [23.0] [cxt 0] Action entry is link_monitor380_0 - 
[15:27:43.367] [bmv2] [T] [thread 45731] [23.0] [cxt 0] Action link_monitor380_0
[15:27:43.367] [bmv2] [T] [thread 45731] [23.0] [cxt 0] link_monitor.p4(380) Primitive (hdr.probe.isValid()) ? 0 : byte_cnt
[15:27:43.367] [bmv2] [T] [thread 45731] [23.0] [cxt 0] Applying table 'tbl_link_monitor381'
[15:27:43.367] [bmv2] [D] [thread 45731] [23.0] [cxt 0] Looking up key:

[15:27:43.367] [bmv2] [D] [thread 45731] [23.0] [cxt 0] Table 'tbl_link_monitor381': miss
[15:27:43.367] [bmv2] [D] [thread 45731] [23.0] [cxt 0] Action entry is link_monitor381 - 
[15:27:43.367] [bmv2] [T] [thread 45731] [23.0] [cxt 0] Action link_monitor381
[15:27:43.367] [bmv2] [T] [thread 45731] [23.0] [cxt 0] link_monitor.p4(381) Primitive (bit<32>)standard_metadata.egress_port
[15:27:43.367] [bmv2] [T] [thread 45731] [23.0] [cxt 0] link_monitor.p4(381) Primitive byte_cnt_reg.write((bit<32>)standard_metadata.egress_port, new_byte_cnt)
[15:27:43.367] [bmv2] [T] [thread 45731] [23.0] [cxt 0] Wrote register 'MyEgress.byte_cnt_reg' at index 0 with value 2020
[15:27:43.367] [bmv2] [T] [thread 45731] [23.0] [cxt 0] link_monitor.p4(383) Condition "hdr.probe.isValid()" (node_16) is false
[15:27:43.367] [bmv2] [D] [thread 45731] [23.0] [cxt 0] Pipeline 'egress': end
[15:27:43.367] [bmv2] [D] [thread 45731] [23.0] [cxt 0] Deparser 'deparser': start
[15:27:43.367] [bmv2] [T] [thread 45731] [23.0] [cxt 0] Skipping checksum 'cksum' update because condition not met
[15:27:43.367] [bmv2] [D] [thread 45731] [23.0] [cxt 0] Deparsing header 'ethernet'
[15:27:43.367] [bmv2] [D] [thread 45731] [23.0] [cxt 0] Deparser 'deparser': end
[15:27:43.367] [bmv2] [D] [thread 45735] [22.0] [cxt 0] Transmitting packet of size 90 out of port 0
[15:27:43.367] [bmv2] [D] [thread 45735] [23.0] [cxt 0] Transmitting packet of size 70 out of port 0
[15:27:43.494] [bmv2] [D] [thread 45730] [24.0] [cxt 0] Processing packet received on port 3
[15:27:43.494] [bmv2] [D] [thread 45730] [24.0] [cxt 0] Parser 'parser': start
[15:27:43.494] [bmv2] [D] [thread 45730] [24.0] [cxt 0] Parser 'parser' entering state 'start'
[15:27:43.494] [bmv2] [D] [thread 45730] [24.0] [cxt 0] Extracting header 'ethernet'
[15:27:43.494] [bmv2] [D] [thread 45730] [24.0] [cxt 0] Parser state 'start': key is 86dd
[15:27:43.494] [bmv2] [T] [thread 45730] [24.0] [cxt 0] Bytes parsed: 14
[15:27:43.494] [bmv2] [D] [thread 45730] [24.0] [cxt 0] Parser 'parser': end
[15:27:43.494] [bmv2] [D] [thread 45730] [24.0] [cxt 0] Pipeline 'ingress': start
[15:27:43.494] [bmv2] [T] [thread 45730] [24.0] [cxt 0] link_monitor.p4(331) Condition "hdr.tcp.isValid()" (node_2) is false
[15:27:43.494] [bmv2] [T] [thread 45730] [24.0] [cxt 0] link_monitor.p4(335) Condition "hdr.ipv4.isValid()" (node_5) is false
[15:27:43.494] [bmv2] [T] [thread 45730] [24.0] [cxt 0] link_monitor.p4(338) Condition "hdr.probe.isValid()" (node_7) is false
[15:27:43.494] [bmv2] [D] [thread 45730] [24.0] [cxt 0] Pipeline 'ingress': end
[15:27:43.494] [bmv2] [D] [thread 45730] [24.0] [cxt 0] Egress port is 0
[15:27:43.494] [bmv2] [D] [thread 45731] [24.0] [cxt 0] Pipeline 'egress': start
[15:27:43.494] [bmv2] [T] [thread 45731] [24.0] [cxt 0] Applying table 'tbl_link_monitor377'
[15:27:43.494] [bmv2] [D] [thread 45731] [24.0] [cxt 0] Looking up key:

[15:27:43.494] [bmv2] [D] [thread 45731] [24.0] [cxt 0] Table 'tbl_link_monitor377': miss
[15:27:43.494] [bmv2] [D] [thread 45731] [24.0] [cxt 0] Action entry is link_monitor377 - 
[15:27:43.494] [bmv2] [T] [thread 45731] [24.0] [cxt 0] Action link_monitor377
[15:27:43.494] [bmv2] [T] [thread 45731] [24.0] [cxt 0] link_monitor.p4(377) Primitive (bit<32>)standard_metadata.egress_port
[15:27:43.494] [bmv2] [T] [thread 45731] [24.0] [cxt 0] link_monitor.p4(377) Primitive byte_cnt_reg.read(byte_cnt, (bit<32>)standard_metadata.egress_port)
[15:27:43.494] [bmv2] [T] [thread 45731] [24.0] [cxt 0] Read register 'MyEgress.byte_cnt_reg' at index 0 read value 2020
[15:27:43.494] [bmv2] [T] [thread 45731] [24.0] [cxt 0] link_monitor.p4(378) Primitive byte_cnt = byte_cnt + standard_metadata.packet_length
[15:27:43.494] [bmv2] [T] [thread 45731] [24.0] [cxt 0] link_monitor.p4(380) Condition "hdr.probe.isValid()" (node_12) is false
[15:27:43.494] [bmv2] [T] [thread 45731] [24.0] [cxt 0] Applying table 'tbl_link_monitor380_0'
[15:27:43.494] [bmv2] [D] [thread 45731] [24.0] [cxt 0] Looking up key:

[15:27:43.494] [bmv2] [D] [thread 45731] [24.0] [cxt 0] Table 'tbl_link_monitor380_0': miss
[15:27:43.494] [bmv2] [D] [thread 45731] [24.0] [cxt 0] Action entry is link_monitor380_0 - 
[15:27:43.494] [bmv2] [T] [thread 45731] [24.0] [cxt 0] Action link_monitor380_0
[15:27:43.494] [bmv2] [T] [thread 45731] [24.0] [cxt 0] link_monitor.p4(380) Primitive (hdr.probe.isValid()) ? 0 : byte_cnt
[15:27:43.494] [bmv2] [T] [thread 45731] [24.0] [cxt 0] Applying table 'tbl_link_monitor381'
[15:27:43.494] [bmv2] [D] [thread 45731] [24.0] [cxt 0] Looking up key:

[15:27:43.494] [bmv2] [D] [thread 45731] [24.0] [cxt 0] Table 'tbl_link_monitor381': miss
[15:27:43.494] [bmv2] [D] [thread 45731] [24.0] [cxt 0] Action entry is link_monitor381 - 
[15:27:43.494] [bmv2] [T] [thread 45731] [24.0] [cxt 0] Action link_monitor381
[15:27:43.494] [bmv2] [T] [thread 45731] [24.0] [cxt 0] link_monitor.p4(381) Primitive (bit<32>)standard_metadata.egress_port
[15:27:43.495] [bmv2] [T] [thread 45731] [24.0] [cxt 0] link_monitor.p4(381) Primitive byte_cnt_reg.write((bit<32>)standard_metadata.egress_port, new_byte_cnt)
[15:27:43.495] [bmv2] [T] [thread 45731] [24.0] [cxt 0] Wrote register 'MyEgress.byte_cnt_reg' at index 0 with value 2110
[15:27:43.495] [bmv2] [T] [thread 45731] [24.0] [cxt 0] link_monitor.p4(383) Condition "hdr.probe.isValid()" (node_16) is false
[15:27:43.495] [bmv2] [D] [thread 45731] [24.0] [cxt 0] Pipeline 'egress': end
[15:27:43.495] [bmv2] [D] [thread 45731] [24.0] [cxt 0] Deparser 'deparser': start
[15:27:43.495] [bmv2] [T] [thread 45731] [24.0] [cxt 0] Skipping checksum 'cksum' update because condition not met
[15:27:43.495] [bmv2] [D] [thread 45731] [24.0] [cxt 0] Deparsing header 'ethernet'
[15:27:43.495] [bmv2] [D] [thread 45731] [24.0] [cxt 0] Deparser 'deparser': end
[15:27:43.495] [bmv2] [D] [thread 45735] [24.0] [cxt 0] Transmitting packet of size 90 out of port 0
[15:27:43.537] [bmv2] [D] [thread 45730] [25.0] [cxt 0] Processing packet received on port 4
[15:27:43.537] [bmv2] [D] [thread 45730] [25.0] [cxt 0] Parser 'parser': start
[15:27:43.537] [bmv2] [D] [thread 45730] [25.0] [cxt 0] Parser 'parser' entering state 'start'
[15:27:43.537] [bmv2] [D] [thread 45730] [25.0] [cxt 0] Extracting header 'ethernet'
[15:27:43.537] [bmv2] [D] [thread 45730] [25.0] [cxt 0] Parser state 'start': key is 86dd
[15:27:43.537] [bmv2] [T] [thread 45730] [25.0] [cxt 0] Bytes parsed: 14
[15:27:43.537] [bmv2] [D] [thread 45730] [25.0] [cxt 0] Parser 'parser': end
[15:27:43.537] [bmv2] [D] [thread 45730] [25.0] [cxt 0] Pipeline 'ingress': start
[15:27:43.537] [bmv2] [T] [thread 45730] [25.0] [cxt 0] link_monitor.p4(331) Condition "hdr.tcp.isValid()" (node_2) is false
[15:27:43.537] [bmv2] [T] [thread 45730] [25.0] [cxt 0] link_monitor.p4(335) Condition "hdr.ipv4.isValid()" (node_5) is false
[15:27:43.537] [bmv2] [T] [thread 45730] [25.0] [cxt 0] link_monitor.p4(338) Condition "hdr.probe.isValid()" (node_7) is false
[15:27:43.537] [bmv2] [D] [thread 45730] [25.0] [cxt 0] Pipeline 'ingress': end
[15:27:43.537] [bmv2] [D] [thread 45730] [25.0] [cxt 0] Egress port is 0
[15:27:43.537] [bmv2] [D] [thread 45731] [25.0] [cxt 0] Pipeline 'egress': start
[15:27:43.537] [bmv2] [T] [thread 45731] [25.0] [cxt 0] Applying table 'tbl_link_monitor377'
[15:27:43.537] [bmv2] [D] [thread 45731] [25.0] [cxt 0] Looking up key:

[15:27:43.537] [bmv2] [D] [thread 45731] [25.0] [cxt 0] Table 'tbl_link_monitor377': miss
[15:27:43.537] [bmv2] [D] [thread 45731] [25.0] [cxt 0] Action entry is link_monitor377 - 
[15:27:43.537] [bmv2] [T] [thread 45731] [25.0] [cxt 0] Action link_monitor377
[15:27:43.537] [bmv2] [T] [thread 45731] [25.0] [cxt 0] link_monitor.p4(377) Primitive (bit<32>)standard_metadata.egress_port
[15:27:43.537] [bmv2] [T] [thread 45731] [25.0] [cxt 0] link_monitor.p4(377) Primitive byte_cnt_reg.read(byte_cnt, (bit<32>)standard_metadata.egress_port)
[15:27:43.537] [bmv2] [T] [thread 45731] [25.0] [cxt 0] Read register 'MyEgress.byte_cnt_reg' at index 0 read value 2110
[15:27:43.537] [bmv2] [T] [thread 45731] [25.0] [cxt 0] link_monitor.p4(378) Primitive byte_cnt = byte_cnt + standard_metadata.packet_length
[15:27:43.537] [bmv2] [T] [thread 45731] [25.0] [cxt 0] link_monitor.p4(380) Condition "hdr.probe.isValid()" (node_12) is false
[15:27:43.537] [bmv2] [T] [thread 45731] [25.0] [cxt 0] Applying table 'tbl_link_monitor380_0'
[15:27:43.537] [bmv2] [D] [thread 45731] [25.0] [cxt 0] Looking up key:

[15:27:43.537] [bmv2] [D] [thread 45731] [25.0] [cxt 0] Table 'tbl_link_monitor380_0': miss
[15:27:43.537] [bmv2] [D] [thread 45731] [25.0] [cxt 0] Action entry is link_monitor380_0 - 
[15:27:43.537] [bmv2] [T] [thread 45731] [25.0] [cxt 0] Action link_monitor380_0
[15:27:43.537] [bmv2] [T] [thread 45731] [25.0] [cxt 0] link_monitor.p4(380) Primitive (hdr.probe.isValid()) ? 0 : byte_cnt
[15:27:43.537] [bmv2] [T] [thread 45731] [25.0] [cxt 0] Applying table 'tbl_link_monitor381'
[15:27:43.537] [bmv2] [D] [thread 45731] [25.0] [cxt 0] Looking up key:

[15:27:43.537] [bmv2] [D] [thread 45731] [25.0] [cxt 0] Table 'tbl_link_monitor381': miss
[15:27:43.537] [bmv2] [D] [thread 45731] [25.0] [cxt 0] Action entry is link_monitor381 - 
[15:27:43.537] [bmv2] [T] [thread 45731] [25.0] [cxt 0] Action link_monitor381
[15:27:43.537] [bmv2] [T] [thread 45731] [25.0] [cxt 0] link_monitor.p4(381) Primitive (bit<32>)standard_metadata.egress_port
[15:27:43.537] [bmv2] [T] [thread 45731] [25.0] [cxt 0] link_monitor.p4(381) Primitive byte_cnt_reg.write((bit<32>)standard_metadata.egress_port, new_byte_cnt)
[15:27:43.537] [bmv2] [T] [thread 45731] [25.0] [cxt 0] Wrote register 'MyEgress.byte_cnt_reg' at index 0 with value 2200
[15:27:43.537] [bmv2] [T] [thread 45731] [25.0] [cxt 0] link_monitor.p4(383) Condition "hdr.probe.isValid()" (node_16) is false
[15:27:43.537] [bmv2] [D] [thread 45731] [25.0] [cxt 0] Pipeline 'egress': end
[15:27:43.537] [bmv2] [D] [thread 45731] [25.0] [cxt 0] Deparser 'deparser': start
[15:27:43.537] [bmv2] [T] [thread 45731] [25.0] [cxt 0] Skipping checksum 'cksum' update because condition not met
[15:27:43.537] [bmv2] [D] [thread 45731] [25.0] [cxt 0] Deparsing header 'ethernet'
[15:27:43.537] [bmv2] [D] [thread 45731] [25.0] [cxt 0] Deparser 'deparser': end
[15:27:43.537] [bmv2] [D] [thread 45735] [25.0] [cxt 0] Transmitting packet of size 90 out of port 0
[15:27:44.357] [bmv2] [D] [thread 45730] [26.0] [cxt 0] Processing packet received on port 4
[15:27:44.357] [bmv2] [D] [thread 45730] [26.0] [cxt 0] Parser 'parser': start
[15:27:44.357] [bmv2] [D] [thread 45730] [26.0] [cxt 0] Parser 'parser' entering state 'start'
[15:27:44.357] [bmv2] [D] [thread 45730] [26.0] [cxt 0] Extracting header 'ethernet'
[15:27:44.357] [bmv2] [D] [thread 45730] [26.0] [cxt 0] Parser state 'start': key is 86dd
[15:27:44.357] [bmv2] [T] [thread 45730] [26.0] [cxt 0] Bytes parsed: 14
[15:27:44.357] [bmv2] [D] [thread 45730] [26.0] [cxt 0] Parser 'parser': end
[15:27:44.357] [bmv2] [D] [thread 45730] [26.0] [cxt 0] Pipeline 'ingress': start
[15:27:44.357] [bmv2] [T] [thread 45730] [26.0] [cxt 0] link_monitor.p4(331) Condition "hdr.tcp.isValid()" (node_2) is false
[15:27:44.357] [bmv2] [T] [thread 45730] [26.0] [cxt 0] link_monitor.p4(335) Condition "hdr.ipv4.isValid()" (node_5) is false
[15:27:44.357] [bmv2] [T] [thread 45730] [26.0] [cxt 0] link_monitor.p4(338) Condition "hdr.probe.isValid()" (node_7) is false
[15:27:44.357] [bmv2] [D] [thread 45730] [26.0] [cxt 0] Pipeline 'ingress': end
[15:27:44.357] [bmv2] [D] [thread 45730] [26.0] [cxt 0] Egress port is 0
[15:27:44.357] [bmv2] [D] [thread 45731] [26.0] [cxt 0] Pipeline 'egress': start
[15:27:44.357] [bmv2] [T] [thread 45731] [26.0] [cxt 0] Applying table 'tbl_link_monitor377'
[15:27:44.357] [bmv2] [D] [thread 45731] [26.0] [cxt 0] Looking up key:

[15:27:44.357] [bmv2] [D] [thread 45731] [26.0] [cxt 0] Table 'tbl_link_monitor377': miss
[15:27:44.357] [bmv2] [D] [thread 45731] [26.0] [cxt 0] Action entry is link_monitor377 - 
[15:27:44.357] [bmv2] [T] [thread 45731] [26.0] [cxt 0] Action link_monitor377
[15:27:44.357] [bmv2] [T] [thread 45731] [26.0] [cxt 0] link_monitor.p4(377) Primitive (bit<32>)standard_metadata.egress_port
[15:27:44.357] [bmv2] [T] [thread 45731] [26.0] [cxt 0] link_monitor.p4(377) Primitive byte_cnt_reg.read(byte_cnt, (bit<32>)standard_metadata.egress_port)
[15:27:44.357] [bmv2] [T] [thread 45731] [26.0] [cxt 0] Read register 'MyEgress.byte_cnt_reg' at index 0 read value 2200
[15:27:44.357] [bmv2] [T] [thread 45731] [26.0] [cxt 0] link_monitor.p4(378) Primitive byte_cnt = byte_cnt + standard_metadata.packet_length
[15:27:44.357] [bmv2] [T] [thread 45731] [26.0] [cxt 0] link_monitor.p4(380) Condition "hdr.probe.isValid()" (node_12) is false
[15:27:44.357] [bmv2] [T] [thread 45731] [26.0] [cxt 0] Applying table 'tbl_link_monitor380_0'
[15:27:44.357] [bmv2] [D] [thread 45731] [26.0] [cxt 0] Looking up key:

[15:27:44.357] [bmv2] [D] [thread 45731] [26.0] [cxt 0] Table 'tbl_link_monitor380_0': miss
[15:27:44.357] [bmv2] [D] [thread 45731] [26.0] [cxt 0] Action entry is link_monitor380_0 - 
[15:27:44.357] [bmv2] [T] [thread 45731] [26.0] [cxt 0] Action link_monitor380_0
[15:27:44.357] [bmv2] [T] [thread 45731] [26.0] [cxt 0] link_monitor.p4(380) Primitive (hdr.probe.isValid()) ? 0 : byte_cnt
[15:27:44.357] [bmv2] [T] [thread 45731] [26.0] [cxt 0] Applying table 'tbl_link_monitor381'
[15:27:44.358] [bmv2] [D] [thread 45731] [26.0] [cxt 0] Looking up key:

[15:27:44.358] [bmv2] [D] [thread 45731] [26.0] [cxt 0] Table 'tbl_link_monitor381': miss
[15:27:44.358] [bmv2] [D] [thread 45731] [26.0] [cxt 0] Action entry is link_monitor381 - 
[15:27:44.358] [bmv2] [T] [thread 45731] [26.0] [cxt 0] Action link_monitor381
[15:27:44.358] [bmv2] [T] [thread 45731] [26.0] [cxt 0] link_monitor.p4(381) Primitive (bit<32>)standard_metadata.egress_port
[15:27:44.358] [bmv2] [T] [thread 45731] [26.0] [cxt 0] link_monitor.p4(381) Primitive byte_cnt_reg.write((bit<32>)standard_metadata.egress_port, new_byte_cnt)
[15:27:44.358] [bmv2] [T] [thread 45731] [26.0] [cxt 0] Wrote register 'MyEgress.byte_cnt_reg' at index 0 with value 2290
[15:27:44.358] [bmv2] [T] [thread 45731] [26.0] [cxt 0] link_monitor.p4(383) Condition "hdr.probe.isValid()" (node_16) is false
[15:27:44.358] [bmv2] [D] [thread 45731] [26.0] [cxt 0] Pipeline 'egress': end
[15:27:44.358] [bmv2] [D] [thread 45731] [26.0] [cxt 0] Deparser 'deparser': start
[15:27:44.358] [bmv2] [T] [thread 45731] [26.0] [cxt 0] Skipping checksum 'cksum' update because condition not met
[15:27:44.358] [bmv2] [D] [thread 45731] [26.0] [cxt 0] Deparsing header 'ethernet'
[15:27:44.358] [bmv2] [D] [thread 45731] [26.0] [cxt 0] Deparser 'deparser': end
[15:27:44.358] [bmv2] [D] [thread 45735] [26.0] [cxt 0] Transmitting packet of size 90 out of port 0
[15:27:45.174] [bmv2] [W] [thread 45801] [P4Runtime] p4::tmp::P4DeviceConfig is deprecated
[15:27:45.178] [bmv2] [D] [thread 45801] Set default default entry for table 'MyIngress.tcp_lb': MyIngress.drop - 
[15:27:45.178] [bmv2] [D] [thread 45801] Set default default entry for table 'MyIngress.tcp_lb_nhop': MyIngress.drop - 
[15:27:45.178] [bmv2] [D] [thread 45801] Set default default entry for table 'MyIngress.ipv4_lpm': MyIngress.drop - 
[15:27:45.178] [bmv2] [D] [thread 45801] Set default default entry for table 'tbl_link_monitor339': link_monitor339 - 
[15:27:45.179] [bmv2] [D] [thread 45801] Set default default entry for table 'tbl_link_monitor377': link_monitor377 - 
[15:27:45.179] [bmv2] [D] [thread 45801] Set default default entry for table 'tbl_link_monitor380': link_monitor380 - 
[15:27:45.179] [bmv2] [D] [thread 45801] Set default default entry for table 'tbl_link_monitor380_0': link_monitor380_0 - 
[15:27:45.179] [bmv2] [D] [thread 45801] Set default default entry for table 'tbl_link_monitor381': link_monitor381 - 
[15:27:45.179] [bmv2] [D] [thread 45801] Set default default entry for table 'tbl_link_monitor385': link_monitor385 - 
[15:27:45.179] [bmv2] [D] [thread 45801] Set default default entry for table 'tbl_link_monitor388': link_monitor388 - 
[15:27:45.179] [bmv2] [D] [thread 45801] Set default default entry for table 'tbl_link_monitor391': link_monitor391 - 
[15:27:45.179] [bmv2] [D] [thread 45801] Set default default entry for table 'MyEgress.swid': NoAction - 
[15:27:45.179] [bmv2] [D] [thread 45801] Set default default entry for table 'tbl_link_monitor396': link_monitor396 - 
[15:27:45.181] [bmv2] [D] [thread 45801] simple_switch target has been notified of a config swap
[15:27:45.183] [bmv2] [D] [thread 45802] Set default entry for table 'MyEgress.swid': MyEgress.set_swid - 1,
[15:27:45.184] [bmv2] [D] [thread 45801] Set default entry for table 'MyIngress.ipv4_lpm': MyIngress.drop - 
[15:27:45.186] [bmv2] [D] [thread 45802] Set default entry for table 'MyIngress.tcp_lb': MyIngress.drop - 
[15:27:45.187] [bmv2] [D] [thread 45801] Set default entry for table 'MyIngress.tcp_lb_nhop': MyIngress.drop - 
[15:27:45.193] [bmv2] [D] [thread 45801] Entry 0 added to table 'MyIngress.ipv4_lpm'
[15:27:45.193] [bmv2] [D] [thread 45801] Dumping entry 0
Match key:
* hdr.ipv4.dstAddr    : LPM       0a000101/32
Action entry: MyIngress.ipv4_forward - 80000000111,1,

[15:27:45.195] [bmv2] [D] [thread 45801] Entry 1 added to table 'MyIngress.ipv4_lpm'
[15:27:45.195] [bmv2] [D] [thread 45801] Dumping entry 1
Match key:
* hdr.ipv4.dstAddr    : LPM       0a000202/32
Action entry: MyIngress.ipv4_forward - 80000000222,2,

[15:27:45.197] [bmv2] [D] [thread 45801] Entry 2 added to table 'MyIngress.ipv4_lpm'
[15:27:45.197] [bmv2] [D] [thread 45801] Dumping entry 2
Match key:
* hdr.ipv4.dstAddr    : LPM       0a000303/32
Action entry: MyIngress.ipv4_forward - 80000000300,3,

[15:27:45.198] [bmv2] [D] [thread 45801] Entry 3 added to table 'MyIngress.ipv4_lpm'
[15:27:45.198] [bmv2] [D] [thread 45801] Dumping entry 3
Match key:
* hdr.ipv4.dstAddr    : LPM       0a000404/32
Action entry: MyIngress.ipv4_forward - 80000000400,4,

[15:27:45.200] [bmv2] [D] [thread 45802] Entry 0 added to table 'MyIngress.tcp_lb'
[15:27:45.200] [bmv2] [D] [thread 45802] Dumping entry 0
Match key:
* hdr.ipv4.dstAddr    : LPM       0a000101/32
Action entry: MyIngress.tcp_lb_action - 1,1,

[15:27:45.201] [bmv2] [D] [thread 45801] Entry 1 added to table 'MyIngress.tcp_lb'
[15:27:45.201] [bmv2] [D] [thread 45801] Dumping entry 1
Match key:
* hdr.ipv4.dstAddr    : LPM       0a000202/32
Action entry: MyIngress.tcp_lb_action - 2,2,

[15:27:45.202] [bmv2] [D] [thread 45802] Entry 2 added to table 'MyIngress.tcp_lb'
[15:27:45.203] [bmv2] [D] [thread 45802] Dumping entry 2
Match key:
* hdr.ipv4.dstAddr    : LPM       0a000303/32
Action entry: MyIngress.tcp_lb_action - 3,4,

[15:27:45.204] [bmv2] [D] [thread 45801] Entry 3 added to table 'MyIngress.tcp_lb'
[15:27:45.204] [bmv2] [D] [thread 45801] Dumping entry 3
Match key:
* hdr.ipv4.dstAddr    : LPM       0a000404/32
Action entry: MyIngress.tcp_lb_action - 3,4,

[15:27:45.205] [bmv2] [D] [thread 45802] Entry 0 added to table 'MyIngress.tcp_lb_nhop'
[15:27:45.205] [bmv2] [D] [thread 45802] Dumping entry 0
Match key:
* meta.lb_port        : EXACT     0001
Action entry: MyIngress.tcp_lb_nhop_action - 80000000111,

[15:27:45.206] [bmv2] [D] [thread 45801] Entry 1 added to table 'MyIngress.tcp_lb_nhop'
[15:27:45.206] [bmv2] [D] [thread 45801] Dumping entry 1
Match key:
* meta.lb_port        : EXACT     0002
Action entry: MyIngress.tcp_lb_nhop_action - 80000000222,

[15:27:45.207] [bmv2] [D] [thread 45802] Entry 2 added to table 'MyIngress.tcp_lb_nhop'
[15:27:45.208] [bmv2] [D] [thread 45802] Dumping entry 2
Match key:
* meta.lb_port        : EXACT     0003
Action entry: MyIngress.tcp_lb_nhop_action - 80000000300,

[15:27:45.209] [bmv2] [D] [thread 45801] Entry 3 added to table 'MyIngress.tcp_lb_nhop'
[15:27:45.209] [bmv2] [D] [thread 45801] Dumping entry 3
Match key:
* meta.lb_port        : EXACT     0004
Action entry: MyIngress.tcp_lb_nhop_action - 80000000400,

[15:27:46.950] [bmv2] [D] [thread 45730] [27.0] [cxt 0] Processing packet received on port 1
[15:27:46.950] [bmv2] [D] [thread 45730] [27.0] [cxt 0] Parser 'parser': start
[15:27:46.950] [bmv2] [D] [thread 45730] [27.0] [cxt 0] Parser 'parser' entering state 'start'
[15:27:46.950] [bmv2] [D] [thread 45730] [27.0] [cxt 0] Extracting header 'ethernet'
[15:27:46.950] [bmv2] [D] [thread 45730] [27.0] [cxt 0] Parser state 'start': key is 86dd
[15:27:46.950] [bmv2] [T] [thread 45730] [27.0] [cxt 0] Bytes parsed: 14
[15:27:46.950] [bmv2] [D] [thread 45730] [27.0] [cxt 0] Parser 'parser': end
[15:27:46.950] [bmv2] [D] [thread 45730] [27.0] [cxt 0] Pipeline 'ingress': start
[15:27:46.950] [bmv2] [T] [thread 45730] [27.0] [cxt 0] link_monitor.p4(331) Condition "hdr.tcp.isValid()" (node_2) is false
[15:27:46.950] [bmv2] [T] [thread 45730] [27.0] [cxt 0] link_monitor.p4(335) Condition "hdr.ipv4.isValid()" (node_5) is false
[15:27:46.950] [bmv2] [T] [thread 45730] [27.0] [cxt 0] link_monitor.p4(338) Condition "hdr.probe.isValid()" (node_7) is false
[15:27:46.950] [bmv2] [D] [thread 45730] [27.0] [cxt 0] Pipeline 'ingress': end
[15:27:46.950] [bmv2] [D] [thread 45730] [27.0] [cxt 0] Egress port is 0
[15:27:46.950] [bmv2] [D] [thread 45730] [28.0] [cxt 0] Processing packet received on port 4
[15:27:46.950] [bmv2] [D] [thread 45730] [28.0] [cxt 0] Parser 'parser': start
[15:27:46.950] [bmv2] [D] [thread 45730] [28.0] [cxt 0] Parser 'parser' entering state 'start'
[15:27:46.950] [bmv2] [D] [thread 45730] [28.0] [cxt 0] Extracting header 'ethernet'
[15:27:46.950] [bmv2] [D] [thread 45730] [28.0] [cxt 0] Parser state 'start': key is 86dd
[15:27:46.950] [bmv2] [T] [thread 45730] [28.0] [cxt 0] Bytes parsed: 14
[15:27:46.950] [bmv2] [D] [thread 45730] [28.0] [cxt 0] Parser 'parser': end
[15:27:46.950] [bmv2] [D] [thread 45730] [28.0] [cxt 0] Pipeline 'ingress': start
[15:27:46.950] [bmv2] [T] [thread 45730] [28.0] [cxt 0] link_monitor.p4(331) Condition "hdr.tcp.isValid()" (node_2) is false
[15:27:46.950] [bmv2] [T] [thread 45730] [28.0] [cxt 0] link_monitor.p4(335) Condition "hdr.ipv4.isValid()" (node_5) is false
[15:27:46.950] [bmv2] [T] [thread 45730] [28.0] [cxt 0] link_monitor.p4(338) Condition "hdr.probe.isValid()" (node_7) is false
[15:27:46.950] [bmv2] [D] [thread 45730] [28.0] [cxt 0] Pipeline 'ingress': end
[15:27:46.950] [bmv2] [D] [thread 45730] [28.0] [cxt 0] Egress port is 0
[15:27:46.950] [bmv2] [D] [thread 45731] [27.0] [cxt 0] Pipeline 'egress': start
[15:27:46.950] [bmv2] [T] [thread 45731] [27.0] [cxt 0] Applying table 'tbl_link_monitor377'
[15:27:46.950] [bmv2] [D] [thread 45731] [27.0] [cxt 0] Looking up key:

[15:27:46.950] [bmv2] [D] [thread 45731] [27.0] [cxt 0] Table 'tbl_link_monitor377': miss
[15:27:46.950] [bmv2] [D] [thread 45731] [27.0] [cxt 0] Action entry is link_monitor377 - 
[15:27:46.950] [bmv2] [T] [thread 45731] [27.0] [cxt 0] Action link_monitor377
[15:27:46.950] [bmv2] [T] [thread 45731] [27.0] [cxt 0] link_monitor.p4(377) Primitive (bit<32>)standard_metadata.egress_port
[15:27:46.950] [bmv2] [T] [thread 45731] [27.0] [cxt 0] link_monitor.p4(377) Primitive byte_cnt_reg.read(byte_cnt, (bit<32>)standard_metadata.egress_port)
[15:27:46.950] [bmv2] [T] [thread 45731] [27.0] [cxt 0] Read register 'MyEgress.byte_cnt_reg' at index 0 read value 0
[15:27:46.950] [bmv2] [T] [thread 45731] [27.0] [cxt 0] link_monitor.p4(378) Primitive byte_cnt = byte_cnt + standard_metadata.packet_length
[15:27:46.950] [bmv2] [T] [thread 45731] [27.0] [cxt 0] link_monitor.p4(380) Condition "hdr.probe.isValid()" (node_12) is false
[15:27:46.950] [bmv2] [T] [thread 45731] [27.0] [cxt 0] Applying table 'tbl_link_monitor380_0'
[15:27:46.950] [bmv2] [D] [thread 45731] [27.0] [cxt 0] Looking up key:

[15:27:46.950] [bmv2] [D] [thread 45731] [27.0] [cxt 0] Table 'tbl_link_monitor380_0': miss
[15:27:46.950] [bmv2] [D] [thread 45731] [27.0] [cxt 0] Action entry is link_monitor380_0 - 
[15:27:46.950] [bmv2] [T] [thread 45731] [27.0] [cxt 0] Action link_monitor380_0
[15:27:46.950] [bmv2] [T] [thread 45731] [27.0] [cxt 0] link_monitor.p4(380) Primitive (hdr.probe.isValid()) ? 0 : byte_cnt
[15:27:46.950] [bmv2] [T] [thread 45731] [27.0] [cxt 0] Applying table 'tbl_link_monitor381'
[15:27:46.950] [bmv2] [D] [thread 45731] [27.0] [cxt 0] Looking up key:

[15:27:46.950] [bmv2] [D] [thread 45731] [27.0] [cxt 0] Table 'tbl_link_monitor381': miss
[15:27:46.950] [bmv2] [D] [thread 45731] [27.0] [cxt 0] Action entry is link_monitor381 - 
[15:27:46.950] [bmv2] [T] [thread 45731] [27.0] [cxt 0] Action link_monitor381
[15:27:46.950] [bmv2] [T] [thread 45731] [27.0] [cxt 0] link_monitor.p4(381) Primitive (bit<32>)standard_metadata.egress_port
[15:27:46.950] [bmv2] [T] [thread 45731] [27.0] [cxt 0] link_monitor.p4(381) Primitive byte_cnt_reg.write((bit<32>)standard_metadata.egress_port, new_byte_cnt)
[15:27:46.950] [bmv2] [T] [thread 45731] [27.0] [cxt 0] Wrote register 'MyEgress.byte_cnt_reg' at index 0 with value 70
[15:27:46.950] [bmv2] [T] [thread 45731] [27.0] [cxt 0] link_monitor.p4(383) Condition "hdr.probe.isValid()" (node_16) is false
[15:27:46.950] [bmv2] [D] [thread 45731] [27.0] [cxt 0] Pipeline 'egress': end
[15:27:46.950] [bmv2] [D] [thread 45731] [27.0] [cxt 0] Deparser 'deparser': start
[15:27:46.950] [bmv2] [T] [thread 45731] [27.0] [cxt 0] Skipping checksum 'cksum' update because condition not met
[15:27:46.950] [bmv2] [D] [thread 45731] [27.0] [cxt 0] Deparsing header 'ethernet'
[15:27:46.950] [bmv2] [D] [thread 45731] [27.0] [cxt 0] Deparser 'deparser': end
[15:27:46.950] [bmv2] [D] [thread 45731] [28.0] [cxt 0] Pipeline 'egress': start
[15:27:46.950] [bmv2] [T] [thread 45731] [28.0] [cxt 0] Applying table 'tbl_link_monitor377'
[15:27:46.950] [bmv2] [D] [thread 45731] [28.0] [cxt 0] Looking up key:

[15:27:46.950] [bmv2] [D] [thread 45731] [28.0] [cxt 0] Table 'tbl_link_monitor377': miss
[15:27:46.950] [bmv2] [D] [thread 45731] [28.0] [cxt 0] Action entry is link_monitor377 - 
[15:27:46.950] [bmv2] [T] [thread 45731] [28.0] [cxt 0] Action link_monitor377
[15:27:46.950] [bmv2] [T] [thread 45731] [28.0] [cxt 0] link_monitor.p4(377) Primitive (bit<32>)standard_metadata.egress_port
[15:27:46.950] [bmv2] [T] [thread 45731] [28.0] [cxt 0] link_monitor.p4(377) Primitive byte_cnt_reg.read(byte_cnt, (bit<32>)standard_metadata.egress_port)
[15:27:46.950] [bmv2] [T] [thread 45731] [28.0] [cxt 0] Read register 'MyEgress.byte_cnt_reg' at index 0 read value 70
[15:27:46.950] [bmv2] [T] [thread 45731] [28.0] [cxt 0] link_monitor.p4(378) Primitive byte_cnt = byte_cnt + standard_metadata.packet_length
[15:27:46.950] [bmv2] [T] [thread 45731] [28.0] [cxt 0] link_monitor.p4(380) Condition "hdr.probe.isValid()" (node_12) is false
[15:27:46.950] [bmv2] [T] [thread 45731] [28.0] [cxt 0] Applying table 'tbl_link_monitor380_0'
[15:27:46.950] [bmv2] [D] [thread 45731] [28.0] [cxt 0] Looking up key:

[15:27:46.950] [bmv2] [D] [thread 45731] [28.0] [cxt 0] Table 'tbl_link_monitor380_0': miss
[15:27:46.950] [bmv2] [D] [thread 45731] [28.0] [cxt 0] Action entry is link_monitor380_0 - 
[15:27:46.950] [bmv2] [T] [thread 45731] [28.0] [cxt 0] Action link_monitor380_0
[15:27:46.950] [bmv2] [T] [thread 45731] [28.0] [cxt 0] link_monitor.p4(380) Primitive (hdr.probe.isValid()) ? 0 : byte_cnt
[15:27:46.950] [bmv2] [T] [thread 45731] [28.0] [cxt 0] Applying table 'tbl_link_monitor381'
[15:27:46.950] [bmv2] [D] [thread 45731] [28.0] [cxt 0] Looking up key:

[15:27:46.950] [bmv2] [D] [thread 45731] [28.0] [cxt 0] Table 'tbl_link_monitor381': miss
[15:27:46.950] [bmv2] [D] [thread 45731] [28.0] [cxt 0] Action entry is link_monitor381 - 
[15:27:46.950] [bmv2] [T] [thread 45731] [28.0] [cxt 0] Action link_monitor381
[15:27:46.950] [bmv2] [T] [thread 45731] [28.0] [cxt 0] link_monitor.p4(381) Primitive (bit<32>)standard_metadata.egress_port
[15:27:46.950] [bmv2] [T] [thread 45731] [28.0] [cxt 0] link_monitor.p4(381) Primitive byte_cnt_reg.write((bit<32>)standard_metadata.egress_port, new_byte_cnt)
[15:27:46.950] [bmv2] [T] [thread 45731] [28.0] [cxt 0] Wrote register 'MyEgress.byte_cnt_reg' at index 0 with value 140
[15:27:46.950] [bmv2] [T] [thread 45731] [28.0] [cxt 0] link_monitor.p4(383) Condition "hdr.probe.isValid()" (node_16) is false
[15:27:46.950] [bmv2] [D] [thread 45731] [28.0] [cxt 0] Pipeline 'egress': end
[15:27:46.950] [bmv2] [D] [thread 45731] [28.0] [cxt 0] Deparser 'deparser': start
[15:27:46.950] [bmv2] [T] [thread 45731] [28.0] [cxt 0] Skipping checksum 'cksum' update because condition not met
[15:27:46.950] [bmv2] [D] [thread 45731] [28.0] [cxt 0] Deparsing header 'ethernet'
[15:27:46.950] [bmv2] [D] [thread 45731] [28.0] [cxt 0] Deparser 'deparser': end
[15:27:46.950] [bmv2] [D] [thread 45735] [27.0] [cxt 0] Transmitting packet of size 70 out of port 0
[15:27:46.950] [bmv2] [D] [thread 45735] [28.0] [cxt 0] Transmitting packet of size 70 out of port 0
[15:27:47.207] [bmv2] [D] [thread 45730] [29.0] [cxt 0] Processing packet received on port 3
[15:27:47.207] [bmv2] [D] [thread 45730] [29.0] [cxt 0] Parser 'parser': start
[15:27:47.207] [bmv2] [D] [thread 45730] [29.0] [cxt 0] Parser 'parser' entering state 'start'
[15:27:47.207] [bmv2] [D] [thread 45730] [29.0] [cxt 0] Extracting header 'ethernet'
[15:27:47.207] [bmv2] [D] [thread 45730] [29.0] [cxt 0] Parser state 'start': key is 86dd
[15:27:47.207] [bmv2] [T] [thread 45730] [29.0] [cxt 0] Bytes parsed: 14
[15:27:47.207] [bmv2] [D] [thread 45730] [29.0] [cxt 0] Parser 'parser': end
[15:27:47.207] [bmv2] [D] [thread 45730] [29.0] [cxt 0] Pipeline 'ingress': start
[15:27:47.207] [bmv2] [T] [thread 45730] [29.0] [cxt 0] link_monitor.p4(331) Condition "hdr.tcp.isValid()" (node_2) is false
[15:27:47.207] [bmv2] [T] [thread 45730] [29.0] [cxt 0] link_monitor.p4(335) Condition "hdr.ipv4.isValid()" (node_5) is false
[15:27:47.207] [bmv2] [T] [thread 45730] [29.0] [cxt 0] link_monitor.p4(338) Condition "hdr.probe.isValid()" (node_7) is false
[15:27:47.207] [bmv2] [D] [thread 45730] [29.0] [cxt 0] Pipeline 'ingress': end
[15:27:47.207] [bmv2] [D] [thread 45730] [29.0] [cxt 0] Egress port is 0
[15:27:47.207] [bmv2] [D] [thread 45731] [29.0] [cxt 0] Pipeline 'egress': start
[15:27:47.207] [bmv2] [T] [thread 45731] [29.0] [cxt 0] Applying table 'tbl_link_monitor377'
[15:27:47.207] [bmv2] [D] [thread 45731] [29.0] [cxt 0] Looking up key:

[15:27:47.207] [bmv2] [D] [thread 45731] [29.0] [cxt 0] Table 'tbl_link_monitor377': miss
[15:27:47.207] [bmv2] [D] [thread 45731] [29.0] [cxt 0] Action entry is link_monitor377 - 
[15:27:47.207] [bmv2] [T] [thread 45731] [29.0] [cxt 0] Action link_monitor377
[15:27:47.207] [bmv2] [T] [thread 45731] [29.0] [cxt 0] link_monitor.p4(377) Primitive (bit<32>)standard_metadata.egress_port
[15:27:47.207] [bmv2] [T] [thread 45731] [29.0] [cxt 0] link_monitor.p4(377) Primitive byte_cnt_reg.read(byte_cnt, (bit<32>)standard_metadata.egress_port)
[15:27:47.207] [bmv2] [T] [thread 45731] [29.0] [cxt 0] Read register 'MyEgress.byte_cnt_reg' at index 0 read value 140
[15:27:47.207] [bmv2] [T] [thread 45731] [29.0] [cxt 0] link_monitor.p4(378) Primitive byte_cnt = byte_cnt + standard_metadata.packet_length
[15:27:47.207] [bmv2] [T] [thread 45731] [29.0] [cxt 0] link_monitor.p4(380) Condition "hdr.probe.isValid()" (node_12) is false
[15:27:47.207] [bmv2] [T] [thread 45731] [29.0] [cxt 0] Applying table 'tbl_link_monitor380_0'
[15:27:47.207] [bmv2] [D] [thread 45731] [29.0] [cxt 0] Looking up key:

[15:27:47.207] [bmv2] [D] [thread 45731] [29.0] [cxt 0] Table 'tbl_link_monitor380_0': miss
[15:27:47.207] [bmv2] [D] [thread 45731] [29.0] [cxt 0] Action entry is link_monitor380_0 - 
[15:27:47.207] [bmv2] [T] [thread 45731] [29.0] [cxt 0] Action link_monitor380_0
[15:27:47.207] [bmv2] [T] [thread 45731] [29.0] [cxt 0] link_monitor.p4(380) Primitive (hdr.probe.isValid()) ? 0 : byte_cnt
[15:27:47.207] [bmv2] [T] [thread 45731] [29.0] [cxt 0] Applying table 'tbl_link_monitor381'
[15:27:47.207] [bmv2] [D] [thread 45731] [29.0] [cxt 0] Looking up key:

[15:27:47.207] [bmv2] [D] [thread 45731] [29.0] [cxt 0] Table 'tbl_link_monitor381': miss
[15:27:47.207] [bmv2] [D] [thread 45731] [29.0] [cxt 0] Action entry is link_monitor381 - 
[15:27:47.207] [bmv2] [T] [thread 45731] [29.0] [cxt 0] Action link_monitor381
[15:27:47.207] [bmv2] [T] [thread 45731] [29.0] [cxt 0] link_monitor.p4(381) Primitive (bit<32>)standard_metadata.egress_port
[15:27:47.207] [bmv2] [T] [thread 45731] [29.0] [cxt 0] link_monitor.p4(381) Primitive byte_cnt_reg.write((bit<32>)standard_metadata.egress_port, new_byte_cnt)
[15:27:47.207] [bmv2] [T] [thread 45731] [29.0] [cxt 0] Wrote register 'MyEgress.byte_cnt_reg' at index 0 with value 210
[15:27:47.207] [bmv2] [T] [thread 45731] [29.0] [cxt 0] link_monitor.p4(383) Condition "hdr.probe.isValid()" (node_16) is false
[15:27:47.207] [bmv2] [D] [thread 45731] [29.0] [cxt 0] Pipeline 'egress': end
[15:27:47.207] [bmv2] [D] [thread 45731] [29.0] [cxt 0] Deparser 'deparser': start
[15:27:47.207] [bmv2] [T] [thread 45731] [29.0] [cxt 0] Skipping checksum 'cksum' update because condition not met
[15:27:47.207] [bmv2] [D] [thread 45731] [29.0] [cxt 0] Deparsing header 'ethernet'
[15:27:47.207] [bmv2] [D] [thread 45731] [29.0] [cxt 0] Deparser 'deparser': end
[15:27:47.207] [bmv2] [D] [thread 45735] [29.0] [cxt 0] Transmitting packet of size 70 out of port 0
[15:27:47.461] [bmv2] [D] [thread 45730] [30.0] [cxt 0] Processing packet received on port 2
[15:27:47.461] [bmv2] [D] [thread 45730] [30.0] [cxt 0] Parser 'parser': start
[15:27:47.461] [bmv2] [D] [thread 45730] [30.0] [cxt 0] Parser 'parser' entering state 'start'
[15:27:47.461] [bmv2] [D] [thread 45730] [30.0] [cxt 0] Extracting header 'ethernet'
[15:27:47.461] [bmv2] [D] [thread 45730] [30.0] [cxt 0] Parser state 'start': key is 86dd
[15:27:47.461] [bmv2] [T] [thread 45730] [30.0] [cxt 0] Bytes parsed: 14
[15:27:47.461] [bmv2] [D] [thread 45730] [30.0] [cxt 0] Parser 'parser': end
[15:27:47.461] [bmv2] [D] [thread 45730] [30.0] [cxt 0] Pipeline 'ingress': start
[15:27:47.461] [bmv2] [T] [thread 45730] [30.0] [cxt 0] link_monitor.p4(331) Condition "hdr.tcp.isValid()" (node_2) is false
[15:27:47.461] [bmv2] [T] [thread 45730] [30.0] [cxt 0] link_monitor.p4(335) Condition "hdr.ipv4.isValid()" (node_5) is false
[15:27:47.461] [bmv2] [T] [thread 45730] [30.0] [cxt 0] link_monitor.p4(338) Condition "hdr.probe.isValid()" (node_7) is false
[15:27:47.461] [bmv2] [D] [thread 45730] [30.0] [cxt 0] Pipeline 'ingress': end
[15:27:47.461] [bmv2] [D] [thread 45730] [30.0] [cxt 0] Egress port is 0
[15:27:47.461] [bmv2] [D] [thread 45730] [31.0] [cxt 0] Processing packet received on port 3
[15:27:47.461] [bmv2] [D] [thread 45730] [31.0] [cxt 0] Parser 'parser': start
[15:27:47.461] [bmv2] [D] [thread 45730] [31.0] [cxt 0] Parser 'parser' entering state 'start'
[15:27:47.461] [bmv2] [D] [thread 45730] [31.0] [cxt 0] Extracting header 'ethernet'
[15:27:47.461] [bmv2] [D] [thread 45730] [31.0] [cxt 0] Parser state 'start': key is 86dd
[15:27:47.461] [bmv2] [T] [thread 45730] [31.0] [cxt 0] Bytes parsed: 14
[15:27:47.461] [bmv2] [D] [thread 45730] [31.0] [cxt 0] Parser 'parser': end
[15:27:47.461] [bmv2] [D] [thread 45730] [31.0] [cxt 0] Pipeline 'ingress': start
[15:27:47.461] [bmv2] [T] [thread 45730] [31.0] [cxt 0] link_monitor.p4(331) Condition "hdr.tcp.isValid()" (node_2) is false
[15:27:47.461] [bmv2] [T] [thread 45730] [31.0] [cxt 0] link_monitor.p4(335) Condition "hdr.ipv4.isValid()" (node_5) is false
[15:27:47.461] [bmv2] [T] [thread 45730] [31.0] [cxt 0] link_monitor.p4(338) Condition "hdr.probe.isValid()" (node_7) is false
[15:27:47.461] [bmv2] [D] [thread 45730] [31.0] [cxt 0] Pipeline 'ingress': end
[15:27:47.461] [bmv2] [D] [thread 45730] [31.0] [cxt 0] Egress port is 0
[15:27:47.461] [bmv2] [D] [thread 45730] [32.0] [cxt 0] Processing packet received on port 4
[15:27:47.461] [bmv2] [D] [thread 45730] [32.0] [cxt 0] Parser 'parser': start
[15:27:47.461] [bmv2] [D] [thread 45730] [32.0] [cxt 0] Parser 'parser' entering state 'start'
[15:27:47.461] [bmv2] [D] [thread 45730] [32.0] [cxt 0] Extracting header 'ethernet'
[15:27:47.461] [bmv2] [D] [thread 45730] [32.0] [cxt 0] Parser state 'start': key is 86dd
[15:27:47.461] [bmv2] [T] [thread 45730] [32.0] [cxt 0] Bytes parsed: 14
[15:27:47.461] [bmv2] [D] [thread 45730] [32.0] [cxt 0] Parser 'parser': end
[15:27:47.461] [bmv2] [D] [thread 45730] [32.0] [cxt 0] Pipeline 'ingress': start
[15:27:47.461] [bmv2] [T] [thread 45730] [32.0] [cxt 0] link_monitor.p4(331) Condition "hdr.tcp.isValid()" (node_2) is false
[15:27:47.461] [bmv2] [T] [thread 45730] [32.0] [cxt 0] link_monitor.p4(335) Condition "hdr.ipv4.isValid()" (node_5) is false
[15:27:47.461] [bmv2] [T] [thread 45730] [32.0] [cxt 0] link_monitor.p4(338) Condition "hdr.probe.isValid()" (node_7) is false
[15:27:47.461] [bmv2] [D] [thread 45730] [32.0] [cxt 0] Pipeline 'ingress': end
[15:27:47.461] [bmv2] [D] [thread 45730] [32.0] [cxt 0] Egress port is 0
[15:27:47.462] [bmv2] [D] [thread 45731] [30.0] [cxt 0] Pipeline 'egress': start
[15:27:47.462] [bmv2] [T] [thread 45731] [30.0] [cxt 0] Applying table 'tbl_link_monitor377'
[15:27:47.462] [bmv2] [D] [thread 45731] [30.0] [cxt 0] Looking up key:

[15:27:47.462] [bmv2] [D] [thread 45731] [30.0] [cxt 0] Table 'tbl_link_monitor377': miss
[15:27:47.462] [bmv2] [D] [thread 45731] [30.0] [cxt 0] Action entry is link_monitor377 - 
[15:27:47.462] [bmv2] [T] [thread 45731] [30.0] [cxt 0] Action link_monitor377
[15:27:47.462] [bmv2] [T] [thread 45731] [30.0] [cxt 0] link_monitor.p4(377) Primitive (bit<32>)standard_metadata.egress_port
[15:27:47.462] [bmv2] [T] [thread 45731] [30.0] [cxt 0] link_monitor.p4(377) Primitive byte_cnt_reg.read(byte_cnt, (bit<32>)standard_metadata.egress_port)
[15:27:47.462] [bmv2] [T] [thread 45731] [30.0] [cxt 0] Read register 'MyEgress.byte_cnt_reg' at index 0 read value 210
[15:27:47.462] [bmv2] [T] [thread 45731] [30.0] [cxt 0] link_monitor.p4(378) Primitive byte_cnt = byte_cnt + standard_metadata.packet_length
[15:27:47.462] [bmv2] [T] [thread 45731] [30.0] [cxt 0] link_monitor.p4(380) Condition "hdr.probe.isValid()" (node_12) is false
[15:27:47.462] [bmv2] [T] [thread 45731] [30.0] [cxt 0] Applying table 'tbl_link_monitor380_0'
[15:27:47.462] [bmv2] [D] [thread 45731] [30.0] [cxt 0] Looking up key:

[15:27:47.462] [bmv2] [D] [thread 45731] [30.0] [cxt 0] Table 'tbl_link_monitor380_0': miss
[15:27:47.462] [bmv2] [D] [thread 45731] [30.0] [cxt 0] Action entry is link_monitor380_0 - 
[15:27:47.462] [bmv2] [T] [thread 45731] [30.0] [cxt 0] Action link_monitor380_0
[15:27:47.462] [bmv2] [T] [thread 45731] [30.0] [cxt 0] link_monitor.p4(380) Primitive (hdr.probe.isValid()) ? 0 : byte_cnt
[15:27:47.462] [bmv2] [T] [thread 45731] [30.0] [cxt 0] Applying table 'tbl_link_monitor381'
[15:27:47.462] [bmv2] [D] [thread 45731] [30.0] [cxt 0] Looking up key:

[15:27:47.462] [bmv2] [D] [thread 45731] [30.0] [cxt 0] Table 'tbl_link_monitor381': miss
[15:27:47.462] [bmv2] [D] [thread 45731] [30.0] [cxt 0] Action entry is link_monitor381 - 
[15:27:47.462] [bmv2] [T] [thread 45731] [30.0] [cxt 0] Action link_monitor381
[15:27:47.462] [bmv2] [T] [thread 45731] [30.0] [cxt 0] link_monitor.p4(381) Primitive (bit<32>)standard_metadata.egress_port
[15:27:47.462] [bmv2] [T] [thread 45731] [30.0] [cxt 0] link_monitor.p4(381) Primitive byte_cnt_reg.write((bit<32>)standard_metadata.egress_port, new_byte_cnt)
[15:27:47.462] [bmv2] [T] [thread 45731] [30.0] [cxt 0] Wrote register 'MyEgress.byte_cnt_reg' at index 0 with value 280
[15:27:47.462] [bmv2] [T] [thread 45731] [30.0] [cxt 0] link_monitor.p4(383) Condition "hdr.probe.isValid()" (node_16) is false
[15:27:47.462] [bmv2] [D] [thread 45731] [30.0] [cxt 0] Pipeline 'egress': end
[15:27:47.462] [bmv2] [D] [thread 45731] [30.0] [cxt 0] Deparser 'deparser': start
[15:27:47.462] [bmv2] [T] [thread 45731] [30.0] [cxt 0] Skipping checksum 'cksum' update because condition not met
[15:27:47.462] [bmv2] [D] [thread 45731] [30.0] [cxt 0] Deparsing header 'ethernet'
[15:27:47.462] [bmv2] [D] [thread 45731] [30.0] [cxt 0] Deparser 'deparser': end
[15:27:47.462] [bmv2] [D] [thread 45731] [31.0] [cxt 0] Pipeline 'egress': start
[15:27:47.462] [bmv2] [T] [thread 45731] [31.0] [cxt 0] Applying table 'tbl_link_monitor377'
[15:27:47.462] [bmv2] [D] [thread 45731] [31.0] [cxt 0] Looking up key:

[15:27:47.462] [bmv2] [D] [thread 45731] [31.0] [cxt 0] Table 'tbl_link_monitor377': miss
[15:27:47.462] [bmv2] [D] [thread 45731] [31.0] [cxt 0] Action entry is link_monitor377 - 
[15:27:47.462] [bmv2] [T] [thread 45731] [31.0] [cxt 0] Action link_monitor377
[15:27:47.462] [bmv2] [T] [thread 45731] [31.0] [cxt 0] link_monitor.p4(377) Primitive (bit<32>)standard_metadata.egress_port
[15:27:47.462] [bmv2] [T] [thread 45731] [31.0] [cxt 0] link_monitor.p4(377) Primitive byte_cnt_reg.read(byte_cnt, (bit<32>)standard_metadata.egress_port)
[15:27:47.462] [bmv2] [T] [thread 45731] [31.0] [cxt 0] Read register 'MyEgress.byte_cnt_reg' at index 0 read value 280
[15:27:47.462] [bmv2] [T] [thread 45731] [31.0] [cxt 0] link_monitor.p4(378) Primitive byte_cnt = byte_cnt + standard_metadata.packet_length
[15:27:47.462] [bmv2] [T] [thread 45731] [31.0] [cxt 0] link_monitor.p4(380) Condition "hdr.probe.isValid()" (node_12) is false
[15:27:47.462] [bmv2] [T] [thread 45731] [31.0] [cxt 0] Applying table 'tbl_link_monitor380_0'
[15:27:47.462] [bmv2] [D] [thread 45731] [31.0] [cxt 0] Looking up key:

[15:27:47.462] [bmv2] [D] [thread 45731] [31.0] [cxt 0] Table 'tbl_link_monitor380_0': miss
[15:27:47.462] [bmv2] [D] [thread 45731] [31.0] [cxt 0] Action entry is link_monitor380_0 - 
[15:27:47.462] [bmv2] [T] [thread 45731] [31.0] [cxt 0] Action link_monitor380_0
[15:27:47.462] [bmv2] [T] [thread 45731] [31.0] [cxt 0] link_monitor.p4(380) Primitive (hdr.probe.isValid()) ? 0 : byte_cnt
[15:27:47.462] [bmv2] [T] [thread 45731] [31.0] [cxt 0] Applying table 'tbl_link_monitor381'
[15:27:47.462] [bmv2] [D] [thread 45731] [31.0] [cxt 0] Looking up key:

[15:27:47.462] [bmv2] [D] [thread 45731] [31.0] [cxt 0] Table 'tbl_link_monitor381': miss
[15:27:47.462] [bmv2] [D] [thread 45731] [31.0] [cxt 0] Action entry is link_monitor381 - 
[15:27:47.462] [bmv2] [T] [thread 45731] [31.0] [cxt 0] Action link_monitor381
[15:27:47.462] [bmv2] [T] [thread 45731] [31.0] [cxt 0] link_monitor.p4(381) Primitive (bit<32>)standard_metadata.egress_port
[15:27:47.462] [bmv2] [T] [thread 45731] [31.0] [cxt 0] link_monitor.p4(381) Primitive byte_cnt_reg.write((bit<32>)standard_metadata.egress_port, new_byte_cnt)
[15:27:47.462] [bmv2] [T] [thread 45731] [31.0] [cxt 0] Wrote register 'MyEgress.byte_cnt_reg' at index 0 with value 350
[15:27:47.462] [bmv2] [T] [thread 45731] [31.0] [cxt 0] link_monitor.p4(383) Condition "hdr.probe.isValid()" (node_16) is false
[15:27:47.462] [bmv2] [D] [thread 45731] [31.0] [cxt 0] Pipeline 'egress': end
[15:27:47.462] [bmv2] [D] [thread 45731] [31.0] [cxt 0] Deparser 'deparser': start
[15:27:47.462] [bmv2] [T] [thread 45731] [31.0] [cxt 0] Skipping checksum 'cksum' update because condition not met
[15:27:47.462] [bmv2] [D] [thread 45731] [31.0] [cxt 0] Deparsing header 'ethernet'
[15:27:47.462] [bmv2] [D] [thread 45731] [31.0] [cxt 0] Deparser 'deparser': end
[15:27:47.462] [bmv2] [D] [thread 45731] [32.0] [cxt 0] Pipeline 'egress': start
[15:27:47.462] [bmv2] [T] [thread 45731] [32.0] [cxt 0] Applying table 'tbl_link_monitor377'
[15:27:47.462] [bmv2] [D] [thread 45731] [32.0] [cxt 0] Looking up key:

[15:27:47.462] [bmv2] [D] [thread 45731] [32.0] [cxt 0] Table 'tbl_link_monitor377': miss
[15:27:47.462] [bmv2] [D] [thread 45731] [32.0] [cxt 0] Action entry is link_monitor377 - 
[15:27:47.462] [bmv2] [T] [thread 45731] [32.0] [cxt 0] Action link_monitor377
[15:27:47.462] [bmv2] [T] [thread 45731] [32.0] [cxt 0] link_monitor.p4(377) Primitive (bit<32>)standard_metadata.egress_port
[15:27:47.462] [bmv2] [T] [thread 45731] [32.0] [cxt 0] link_monitor.p4(377) Primitive byte_cnt_reg.read(byte_cnt, (bit<32>)standard_metadata.egress_port)
[15:27:47.462] [bmv2] [T] [thread 45731] [32.0] [cxt 0] Read register 'MyEgress.byte_cnt_reg' at index 0 read value 350
[15:27:47.462] [bmv2] [T] [thread 45731] [32.0] [cxt 0] link_monitor.p4(378) Primitive byte_cnt = byte_cnt + standard_metadata.packet_length
[15:27:47.462] [bmv2] [T] [thread 45731] [32.0] [cxt 0] link_monitor.p4(380) Condition "hdr.probe.isValid()" (node_12) is false
[15:27:47.462] [bmv2] [T] [thread 45731] [32.0] [cxt 0] Applying table 'tbl_link_monitor380_0'
[15:27:47.462] [bmv2] [D] [thread 45731] [32.0] [cxt 0] Looking up key:

[15:27:47.462] [bmv2] [D] [thread 45731] [32.0] [cxt 0] Table 'tbl_link_monitor380_0': miss
[15:27:47.462] [bmv2] [D] [thread 45731] [32.0] [cxt 0] Action entry is link_monitor380_0 - 
[15:27:47.462] [bmv2] [T] [thread 45731] [32.0] [cxt 0] Action link_monitor380_0
[15:27:47.462] [bmv2] [T] [thread 45731] [32.0] [cxt 0] link_monitor.p4(380) Primitive (hdr.probe.isValid()) ? 0 : byte_cnt
[15:27:47.462] [bmv2] [T] [thread 45731] [32.0] [cxt 0] Applying table 'tbl_link_monitor381'
[15:27:47.462] [bmv2] [D] [thread 45731] [32.0] [cxt 0] Looking up key:

[15:27:47.462] [bmv2] [D] [thread 45731] [32.0] [cxt 0] Table 'tbl_link_monitor381': miss
[15:27:47.462] [bmv2] [D] [thread 45731] [32.0] [cxt 0] Action entry is link_monitor381 - 
[15:27:47.462] [bmv2] [T] [thread 45731] [32.0] [cxt 0] Action link_monitor381
[15:27:47.462] [bmv2] [T] [thread 45731] [32.0] [cxt 0] link_monitor.p4(381) Primitive (bit<32>)standard_metadata.egress_port
[15:27:47.462] [bmv2] [T] [thread 45731] [32.0] [cxt 0] link_monitor.p4(381) Primitive byte_cnt_reg.write((bit<32>)standard_metadata.egress_port, new_byte_cnt)
[15:27:47.462] [bmv2] [T] [thread 45731] [32.0] [cxt 0] Wrote register 'MyEgress.byte_cnt_reg' at index 0 with value 420
[15:27:47.462] [bmv2] [T] [thread 45731] [32.0] [cxt 0] link_monitor.p4(383) Condition "hdr.probe.isValid()" (node_16) is false
[15:27:47.462] [bmv2] [D] [thread 45731] [32.0] [cxt 0] Pipeline 'egress': end
[15:27:47.462] [bmv2] [D] [thread 45731] [32.0] [cxt 0] Deparser 'deparser': start
[15:27:47.462] [bmv2] [T] [thread 45731] [32.0] [cxt 0] Skipping checksum 'cksum' update because condition not met
[15:27:47.462] [bmv2] [D] [thread 45731] [32.0] [cxt 0] Deparsing header 'ethernet'
[15:27:47.462] [bmv2] [D] [thread 45731] [32.0] [cxt 0] Deparser 'deparser': end
[15:27:47.463] [bmv2] [D] [thread 45735] [30.0] [cxt 0] Transmitting packet of size 70 out of port 0
[15:27:47.463] [bmv2] [D] [thread 45735] [31.0] [cxt 0] Transmitting packet of size 70 out of port 0
[15:27:47.463] [bmv2] [D] [thread 45735] [32.0] [cxt 0] Transmitting packet of size 70 out of port 0
[15:27:54.116] [bmv2] [D] [thread 45730] [33.0] [cxt 0] Processing packet received on port 4
[15:27:54.116] [bmv2] [D] [thread 45730] [33.0] [cxt 0] Parser 'parser': start
[15:27:54.116] [bmv2] [D] [thread 45730] [33.0] [cxt 0] Parser 'parser' entering state 'start'
[15:27:54.116] [bmv2] [D] [thread 45730] [33.0] [cxt 0] Extracting header 'ethernet'
[15:27:54.116] [bmv2] [D] [thread 45730] [33.0] [cxt 0] Parser state 'start': key is 86dd
[15:27:54.116] [bmv2] [T] [thread 45730] [33.0] [cxt 0] Bytes parsed: 14
[15:27:54.117] [bmv2] [D] [thread 45730] [33.0] [cxt 0] Parser 'parser': end
[15:27:54.117] [bmv2] [D] [thread 45730] [33.0] [cxt 0] Pipeline 'ingress': start
[15:27:54.117] [bmv2] [T] [thread 45730] [33.0] [cxt 0] link_monitor.p4(331) Condition "hdr.tcp.isValid()" (node_2) is false
[15:27:54.117] [bmv2] [T] [thread 45730] [33.0] [cxt 0] link_monitor.p4(335) Condition "hdr.ipv4.isValid()" (node_5) is false
[15:27:54.117] [bmv2] [T] [thread 45730] [33.0] [cxt 0] link_monitor.p4(338) Condition "hdr.probe.isValid()" (node_7) is false
[15:27:54.117] [bmv2] [D] [thread 45730] [33.0] [cxt 0] Pipeline 'ingress': end
[15:27:54.117] [bmv2] [D] [thread 45730] [33.0] [cxt 0] Egress port is 0
[15:27:54.117] [bmv2] [D] [thread 45731] [33.0] [cxt 0] Pipeline 'egress': start
[15:27:54.117] [bmv2] [T] [thread 45731] [33.0] [cxt 0] Applying table 'tbl_link_monitor377'
[15:27:54.117] [bmv2] [D] [thread 45731] [33.0] [cxt 0] Looking up key:

[15:27:54.117] [bmv2] [D] [thread 45731] [33.0] [cxt 0] Table 'tbl_link_monitor377': miss
[15:27:54.117] [bmv2] [D] [thread 45731] [33.0] [cxt 0] Action entry is link_monitor377 - 
[15:27:54.117] [bmv2] [T] [thread 45731] [33.0] [cxt 0] Action link_monitor377
[15:27:54.117] [bmv2] [T] [thread 45731] [33.0] [cxt 0] link_monitor.p4(377) Primitive (bit<32>)standard_metadata.egress_port
[15:27:54.117] [bmv2] [T] [thread 45731] [33.0] [cxt 0] link_monitor.p4(377) Primitive byte_cnt_reg.read(byte_cnt, (bit<32>)standard_metadata.egress_port)
[15:27:54.117] [bmv2] [T] [thread 45731] [33.0] [cxt 0] Read register 'MyEgress.byte_cnt_reg' at index 0 read value 420
[15:27:54.117] [bmv2] [T] [thread 45731] [33.0] [cxt 0] link_monitor.p4(378) Primitive byte_cnt = byte_cnt + standard_metadata.packet_length
[15:27:54.117] [bmv2] [T] [thread 45731] [33.0] [cxt 0] link_monitor.p4(380) Condition "hdr.probe.isValid()" (node_12) is false
[15:27:54.117] [bmv2] [T] [thread 45731] [33.0] [cxt 0] Applying table 'tbl_link_monitor380_0'
[15:27:54.117] [bmv2] [D] [thread 45731] [33.0] [cxt 0] Looking up key:

[15:27:54.117] [bmv2] [D] [thread 45731] [33.0] [cxt 0] Table 'tbl_link_monitor380_0': miss
[15:27:54.117] [bmv2] [D] [thread 45731] [33.0] [cxt 0] Action entry is link_monitor380_0 - 
[15:27:54.117] [bmv2] [T] [thread 45731] [33.0] [cxt 0] Action link_monitor380_0
[15:27:54.117] [bmv2] [T] [thread 45731] [33.0] [cxt 0] link_monitor.p4(380) Primitive (hdr.probe.isValid()) ? 0 : byte_cnt
[15:27:54.117] [bmv2] [T] [thread 45731] [33.0] [cxt 0] Applying table 'tbl_link_monitor381'
[15:27:54.117] [bmv2] [D] [thread 45731] [33.0] [cxt 0] Looking up key:

[15:27:54.117] [bmv2] [D] [thread 45731] [33.0] [cxt 0] Table 'tbl_link_monitor381': miss
[15:27:54.118] [bmv2] [D] [thread 45731] [33.0] [cxt 0] Action entry is link_monitor381 - 
[15:27:54.118] [bmv2] [T] [thread 45731] [33.0] [cxt 0] Action link_monitor381
[15:27:54.118] [bmv2] [T] [thread 45731] [33.0] [cxt 0] link_monitor.p4(381) Primitive (bit<32>)standard_metadata.egress_port
[15:27:54.118] [bmv2] [T] [thread 45731] [33.0] [cxt 0] link_monitor.p4(381) Primitive byte_cnt_reg.write((bit<32>)standard_metadata.egress_port, new_byte_cnt)
[15:27:54.118] [bmv2] [T] [thread 45731] [33.0] [cxt 0] Wrote register 'MyEgress.byte_cnt_reg' at index 0 with value 490
[15:27:54.118] [bmv2] [T] [thread 45731] [33.0] [cxt 0] link_monitor.p4(383) Condition "hdr.probe.isValid()" (node_16) is false
[15:27:54.118] [bmv2] [D] [thread 45731] [33.0] [cxt 0] Pipeline 'egress': end
[15:27:54.118] [bmv2] [D] [thread 45731] [33.0] [cxt 0] Deparser 'deparser': start
[15:27:54.118] [bmv2] [T] [thread 45731] [33.0] [cxt 0] Skipping checksum 'cksum' update because condition not met
[15:27:54.118] [bmv2] [D] [thread 45731] [33.0] [cxt 0] Deparsing header 'ethernet'
[15:27:54.118] [bmv2] [D] [thread 45731] [33.0] [cxt 0] Deparser 'deparser': end
[15:27:54.119] [bmv2] [D] [thread 45735] [33.0] [cxt 0] Transmitting packet of size 70 out of port 0
[15:27:55.143] [bmv2] [D] [thread 45730] [34.0] [cxt 0] Processing packet received on port 3
[15:27:55.143] [bmv2] [D] [thread 45730] [34.0] [cxt 0] Parser 'parser': start
[15:27:55.143] [bmv2] [D] [thread 45730] [34.0] [cxt 0] Parser 'parser' entering state 'start'
[15:27:55.143] [bmv2] [D] [thread 45730] [34.0] [cxt 0] Extracting header 'ethernet'
[15:27:55.143] [bmv2] [D] [thread 45730] [34.0] [cxt 0] Parser state 'start': key is 86dd
[15:27:55.143] [bmv2] [T] [thread 45730] [34.0] [cxt 0] Bytes parsed: 14
[15:27:55.143] [bmv2] [D] [thread 45730] [34.0] [cxt 0] Parser 'parser': end
[15:27:55.143] [bmv2] [D] [thread 45730] [34.0] [cxt 0] Pipeline 'ingress': start
[15:27:55.143] [bmv2] [T] [thread 45730] [34.0] [cxt 0] link_monitor.p4(331) Condition "hdr.tcp.isValid()" (node_2) is false
[15:27:55.143] [bmv2] [T] [thread 45730] [34.0] [cxt 0] link_monitor.p4(335) Condition "hdr.ipv4.isValid()" (node_5) is false
[15:27:55.143] [bmv2] [T] [thread 45730] [34.0] [cxt 0] link_monitor.p4(338) Condition "hdr.probe.isValid()" (node_7) is false
[15:27:55.143] [bmv2] [D] [thread 45730] [34.0] [cxt 0] Pipeline 'ingress': end
[15:27:55.143] [bmv2] [D] [thread 45730] [34.0] [cxt 0] Egress port is 0
[15:27:55.143] [bmv2] [D] [thread 45731] [34.0] [cxt 0] Pipeline 'egress': start
[15:27:55.143] [bmv2] [T] [thread 45731] [34.0] [cxt 0] Applying table 'tbl_link_monitor377'
[15:27:55.143] [bmv2] [D] [thread 45731] [34.0] [cxt 0] Looking up key:

[15:27:55.143] [bmv2] [D] [thread 45731] [34.0] [cxt 0] Table 'tbl_link_monitor377': miss
[15:27:55.143] [bmv2] [D] [thread 45731] [34.0] [cxt 0] Action entry is link_monitor377 - 
[15:27:55.143] [bmv2] [T] [thread 45731] [34.0] [cxt 0] Action link_monitor377
[15:27:55.143] [bmv2] [T] [thread 45731] [34.0] [cxt 0] link_monitor.p4(377) Primitive (bit<32>)standard_metadata.egress_port
[15:27:55.143] [bmv2] [T] [thread 45731] [34.0] [cxt 0] link_monitor.p4(377) Primitive byte_cnt_reg.read(byte_cnt, (bit<32>)standard_metadata.egress_port)
[15:27:55.143] [bmv2] [T] [thread 45731] [34.0] [cxt 0] Read register 'MyEgress.byte_cnt_reg' at index 0 read value 490
[15:27:55.143] [bmv2] [T] [thread 45731] [34.0] [cxt 0] link_monitor.p4(378) Primitive byte_cnt = byte_cnt + standard_metadata.packet_length
[15:27:55.143] [bmv2] [T] [thread 45731] [34.0] [cxt 0] link_monitor.p4(380) Condition "hdr.probe.isValid()" (node_12) is false
[15:27:55.143] [bmv2] [T] [thread 45731] [34.0] [cxt 0] Applying table 'tbl_link_monitor380_0'
[15:27:55.143] [bmv2] [D] [thread 45731] [34.0] [cxt 0] Looking up key:

[15:27:55.143] [bmv2] [D] [thread 45731] [34.0] [cxt 0] Table 'tbl_link_monitor380_0': miss
[15:27:55.143] [bmv2] [D] [thread 45731] [34.0] [cxt 0] Action entry is link_monitor380_0 - 
[15:27:55.143] [bmv2] [T] [thread 45731] [34.0] [cxt 0] Action link_monitor380_0
[15:27:55.143] [bmv2] [T] [thread 45731] [34.0] [cxt 0] link_monitor.p4(380) Primitive (hdr.probe.isValid()) ? 0 : byte_cnt
[15:27:55.143] [bmv2] [T] [thread 45731] [34.0] [cxt 0] Applying table 'tbl_link_monitor381'
[15:27:55.143] [bmv2] [D] [thread 45731] [34.0] [cxt 0] Looking up key:

[15:27:55.143] [bmv2] [D] [thread 45731] [34.0] [cxt 0] Table 'tbl_link_monitor381': miss
[15:27:55.143] [bmv2] [D] [thread 45731] [34.0] [cxt 0] Action entry is link_monitor381 - 
[15:27:55.143] [bmv2] [T] [thread 45731] [34.0] [cxt 0] Action link_monitor381
[15:27:55.143] [bmv2] [T] [thread 45731] [34.0] [cxt 0] link_monitor.p4(381) Primitive (bit<32>)standard_metadata.egress_port
[15:27:55.143] [bmv2] [T] [thread 45731] [34.0] [cxt 0] link_monitor.p4(381) Primitive byte_cnt_reg.write((bit<32>)standard_metadata.egress_port, new_byte_cnt)
[15:27:55.143] [bmv2] [T] [thread 45731] [34.0] [cxt 0] Wrote register 'MyEgress.byte_cnt_reg' at index 0 with value 560
[15:27:55.143] [bmv2] [T] [thread 45731] [34.0] [cxt 0] link_monitor.p4(383) Condition "hdr.probe.isValid()" (node_16) is false
[15:27:55.143] [bmv2] [D] [thread 45731] [34.0] [cxt 0] Pipeline 'egress': end
[15:27:55.143] [bmv2] [D] [thread 45731] [34.0] [cxt 0] Deparser 'deparser': start
[15:27:55.143] [bmv2] [T] [thread 45731] [34.0] [cxt 0] Skipping checksum 'cksum' update because condition not met
[15:27:55.143] [bmv2] [D] [thread 45731] [34.0] [cxt 0] Deparsing header 'ethernet'
[15:27:55.143] [bmv2] [D] [thread 45731] [34.0] [cxt 0] Deparser 'deparser': end
[15:27:55.143] [bmv2] [D] [thread 45735] [34.0] [cxt 0] Transmitting packet of size 70 out of port 0
[15:27:55.144] [bmv2] [D] [thread 45730] [35.0] [cxt 0] Processing packet received on port 1
[15:27:55.144] [bmv2] [D] [thread 45730] [35.0] [cxt 0] Parser 'parser': start
[15:27:55.144] [bmv2] [D] [thread 45730] [35.0] [cxt 0] Parser 'parser' entering state 'start'
[15:27:55.144] [bmv2] [D] [thread 45730] [35.0] [cxt 0] Extracting header 'ethernet'
[15:27:55.144] [bmv2] [D] [thread 45730] [35.0] [cxt 0] Parser state 'start': key is 86dd
[15:27:55.144] [bmv2] [T] [thread 45730] [35.0] [cxt 0] Bytes parsed: 14
[15:27:55.144] [bmv2] [D] [thread 45730] [35.0] [cxt 0] Parser 'parser': end
[15:27:55.144] [bmv2] [D] [thread 45730] [35.0] [cxt 0] Pipeline 'ingress': start
[15:27:55.144] [bmv2] [T] [thread 45730] [35.0] [cxt 0] link_monitor.p4(331) Condition "hdr.tcp.isValid()" (node_2) is false
[15:27:55.144] [bmv2] [T] [thread 45730] [35.0] [cxt 0] link_monitor.p4(335) Condition "hdr.ipv4.isValid()" (node_5) is false
[15:27:55.144] [bmv2] [T] [thread 45730] [35.0] [cxt 0] link_monitor.p4(338) Condition "hdr.probe.isValid()" (node_7) is false
[15:27:55.144] [bmv2] [D] [thread 45730] [35.0] [cxt 0] Pipeline 'ingress': end
[15:27:55.144] [bmv2] [D] [thread 45730] [35.0] [cxt 0] Egress port is 0
[15:27:55.144] [bmv2] [D] [thread 45731] [35.0] [cxt 0] Pipeline 'egress': start
[15:27:55.144] [bmv2] [T] [thread 45731] [35.0] [cxt 0] Applying table 'tbl_link_monitor377'
[15:27:55.144] [bmv2] [D] [thread 45731] [35.0] [cxt 0] Looking up key:

[15:27:55.144] [bmv2] [D] [thread 45731] [35.0] [cxt 0] Table 'tbl_link_monitor377': miss
[15:27:55.144] [bmv2] [D] [thread 45731] [35.0] [cxt 0] Action entry is link_monitor377 - 
[15:27:55.144] [bmv2] [T] [thread 45731] [35.0] [cxt 0] Action link_monitor377
[15:27:55.144] [bmv2] [T] [thread 45731] [35.0] [cxt 0] link_monitor.p4(377) Primitive (bit<32>)standard_metadata.egress_port
[15:27:55.144] [bmv2] [T] [thread 45731] [35.0] [cxt 0] link_monitor.p4(377) Primitive byte_cnt_reg.read(byte_cnt, (bit<32>)standard_metadata.egress_port)
[15:27:55.144] [bmv2] [T] [thread 45731] [35.0] [cxt 0] Read register 'MyEgress.byte_cnt_reg' at index 0 read value 560
[15:27:55.144] [bmv2] [T] [thread 45731] [35.0] [cxt 0] link_monitor.p4(378) Primitive byte_cnt = byte_cnt + standard_metadata.packet_length
[15:27:55.144] [bmv2] [T] [thread 45731] [35.0] [cxt 0] link_monitor.p4(380) Condition "hdr.probe.isValid()" (node_12) is false
[15:27:55.144] [bmv2] [T] [thread 45731] [35.0] [cxt 0] Applying table 'tbl_link_monitor380_0'
[15:27:55.144] [bmv2] [D] [thread 45731] [35.0] [cxt 0] Looking up key:

[15:27:55.144] [bmv2] [D] [thread 45731] [35.0] [cxt 0] Table 'tbl_link_monitor380_0': miss
[15:27:55.144] [bmv2] [D] [thread 45731] [35.0] [cxt 0] Action entry is link_monitor380_0 - 
[15:27:55.144] [bmv2] [T] [thread 45731] [35.0] [cxt 0] Action link_monitor380_0
[15:27:55.144] [bmv2] [T] [thread 45731] [35.0] [cxt 0] link_monitor.p4(380) Primitive (hdr.probe.isValid()) ? 0 : byte_cnt
[15:27:55.144] [bmv2] [T] [thread 45731] [35.0] [cxt 0] Applying table 'tbl_link_monitor381'
[15:27:55.144] [bmv2] [D] [thread 45731] [35.0] [cxt 0] Looking up key:

[15:27:55.144] [bmv2] [D] [thread 45731] [35.0] [cxt 0] Table 'tbl_link_monitor381': miss
[15:27:55.144] [bmv2] [D] [thread 45731] [35.0] [cxt 0] Action entry is link_monitor381 - 
[15:27:55.144] [bmv2] [T] [thread 45731] [35.0] [cxt 0] Action link_monitor381
[15:27:55.144] [bmv2] [T] [thread 45731] [35.0] [cxt 0] link_monitor.p4(381) Primitive (bit<32>)standard_metadata.egress_port
[15:27:55.144] [bmv2] [T] [thread 45731] [35.0] [cxt 0] link_monitor.p4(381) Primitive byte_cnt_reg.write((bit<32>)standard_metadata.egress_port, new_byte_cnt)
[15:27:55.144] [bmv2] [T] [thread 45731] [35.0] [cxt 0] Wrote register 'MyEgress.byte_cnt_reg' at index 0 with value 630
[15:27:55.144] [bmv2] [T] [thread 45731] [35.0] [cxt 0] link_monitor.p4(383) Condition "hdr.probe.isValid()" (node_16) is false
[15:27:55.144] [bmv2] [D] [thread 45731] [35.0] [cxt 0] Pipeline 'egress': end
[15:27:55.145] [bmv2] [D] [thread 45731] [35.0] [cxt 0] Deparser 'deparser': start
[15:27:55.145] [bmv2] [T] [thread 45731] [35.0] [cxt 0] Skipping checksum 'cksum' update because condition not met
[15:27:55.145] [bmv2] [D] [thread 45731] [35.0] [cxt 0] Deparsing header 'ethernet'
[15:27:55.145] [bmv2] [D] [thread 45731] [35.0] [cxt 0] Deparser 'deparser': end
[15:27:55.145] [bmv2] [D] [thread 45735] [35.0] [cxt 0] Transmitting packet of size 70 out of port 0
[15:27:55.652] [bmv2] [D] [thread 45730] [36.0] [cxt 0] Processing packet received on port 2
[15:27:55.652] [bmv2] [D] [thread 45730] [36.0] [cxt 0] Parser 'parser': start
[15:27:55.652] [bmv2] [D] [thread 45730] [36.0] [cxt 0] Parser 'parser' entering state 'start'
[15:27:55.652] [bmv2] [D] [thread 45730] [36.0] [cxt 0] Extracting header 'ethernet'
[15:27:55.652] [bmv2] [D] [thread 45730] [36.0] [cxt 0] Parser state 'start': key is 86dd
[15:27:55.652] [bmv2] [T] [thread 45730] [36.0] [cxt 0] Bytes parsed: 14
[15:27:55.652] [bmv2] [D] [thread 45730] [36.0] [cxt 0] Parser 'parser': end
[15:27:55.652] [bmv2] [D] [thread 45730] [36.0] [cxt 0] Pipeline 'ingress': start
[15:27:55.652] [bmv2] [T] [thread 45730] [36.0] [cxt 0] link_monitor.p4(331) Condition "hdr.tcp.isValid()" (node_2) is false
[15:27:55.652] [bmv2] [T] [thread 45730] [36.0] [cxt 0] link_monitor.p4(335) Condition "hdr.ipv4.isValid()" (node_5) is false
[15:27:55.652] [bmv2] [T] [thread 45730] [36.0] [cxt 0] link_monitor.p4(338) Condition "hdr.probe.isValid()" (node_7) is false
[15:27:55.652] [bmv2] [D] [thread 45730] [36.0] [cxt 0] Pipeline 'ingress': end
[15:27:55.652] [bmv2] [D] [thread 45730] [36.0] [cxt 0] Egress port is 0
[15:27:55.652] [bmv2] [D] [thread 45731] [36.0] [cxt 0] Pipeline 'egress': start
[15:27:55.652] [bmv2] [T] [thread 45731] [36.0] [cxt 0] Applying table 'tbl_link_monitor377'
[15:27:55.652] [bmv2] [D] [thread 45731] [36.0] [cxt 0] Looking up key:

[15:27:55.652] [bmv2] [D] [thread 45731] [36.0] [cxt 0] Table 'tbl_link_monitor377': miss
[15:27:55.652] [bmv2] [D] [thread 45731] [36.0] [cxt 0] Action entry is link_monitor377 - 
[15:27:55.652] [bmv2] [T] [thread 45731] [36.0] [cxt 0] Action link_monitor377
[15:27:55.652] [bmv2] [T] [thread 45731] [36.0] [cxt 0] link_monitor.p4(377) Primitive (bit<32>)standard_metadata.egress_port
[15:27:55.652] [bmv2] [T] [thread 45731] [36.0] [cxt 0] link_monitor.p4(377) Primitive byte_cnt_reg.read(byte_cnt, (bit<32>)standard_metadata.egress_port)
[15:27:55.652] [bmv2] [T] [thread 45731] [36.0] [cxt 0] Read register 'MyEgress.byte_cnt_reg' at index 0 read value 630
[15:27:55.652] [bmv2] [T] [thread 45731] [36.0] [cxt 0] link_monitor.p4(378) Primitive byte_cnt = byte_cnt + standard_metadata.packet_length
[15:27:55.652] [bmv2] [T] [thread 45731] [36.0] [cxt 0] link_monitor.p4(380) Condition "hdr.probe.isValid()" (node_12) is false
[15:27:55.652] [bmv2] [T] [thread 45731] [36.0] [cxt 0] Applying table 'tbl_link_monitor380_0'
[15:27:55.652] [bmv2] [D] [thread 45731] [36.0] [cxt 0] Looking up key:

[15:27:55.652] [bmv2] [D] [thread 45731] [36.0] [cxt 0] Table 'tbl_link_monitor380_0': miss
[15:27:55.652] [bmv2] [D] [thread 45731] [36.0] [cxt 0] Action entry is link_monitor380_0 - 
[15:27:55.652] [bmv2] [T] [thread 45731] [36.0] [cxt 0] Action link_monitor380_0
[15:27:55.652] [bmv2] [T] [thread 45731] [36.0] [cxt 0] link_monitor.p4(380) Primitive (hdr.probe.isValid()) ? 0 : byte_cnt
[15:27:55.652] [bmv2] [T] [thread 45731] [36.0] [cxt 0] Applying table 'tbl_link_monitor381'
[15:27:55.652] [bmv2] [D] [thread 45731] [36.0] [cxt 0] Looking up key:

[15:27:55.652] [bmv2] [D] [thread 45731] [36.0] [cxt 0] Table 'tbl_link_monitor381': miss
[15:27:55.652] [bmv2] [D] [thread 45731] [36.0] [cxt 0] Action entry is link_monitor381 - 
[15:27:55.652] [bmv2] [T] [thread 45731] [36.0] [cxt 0] Action link_monitor381
[15:27:55.652] [bmv2] [T] [thread 45731] [36.0] [cxt 0] link_monitor.p4(381) Primitive (bit<32>)standard_metadata.egress_port
[15:27:55.652] [bmv2] [T] [thread 45731] [36.0] [cxt 0] link_monitor.p4(381) Primitive byte_cnt_reg.write((bit<32>)standard_metadata.egress_port, new_byte_cnt)
[15:27:55.652] [bmv2] [T] [thread 45731] [36.0] [cxt 0] Wrote register 'MyEgress.byte_cnt_reg' at index 0 with value 700
[15:27:55.652] [bmv2] [T] [thread 45731] [36.0] [cxt 0] link_monitor.p4(383) Condition "hdr.probe.isValid()" (node_16) is false
[15:27:55.652] [bmv2] [D] [thread 45731] [36.0] [cxt 0] Pipeline 'egress': end
[15:27:55.652] [bmv2] [D] [thread 45731] [36.0] [cxt 0] Deparser 'deparser': start
[15:27:55.652] [bmv2] [T] [thread 45731] [36.0] [cxt 0] Skipping checksum 'cksum' update because condition not met
[15:27:55.652] [bmv2] [D] [thread 45731] [36.0] [cxt 0] Deparsing header 'ethernet'
[15:27:55.652] [bmv2] [D] [thread 45731] [36.0] [cxt 0] Deparser 'deparser': end
[15:27:55.653] [bmv2] [D] [thread 45735] [36.0] [cxt 0] Transmitting packet of size 70 out of port 0
[15:27:55.908] [bmv2] [D] [thread 45730] [37.0] [cxt 0] Processing packet received on port 3
[15:27:55.908] [bmv2] [D] [thread 45730] [37.0] [cxt 0] Parser 'parser': start
[15:27:55.908] [bmv2] [D] [thread 45730] [37.0] [cxt 0] Parser 'parser' entering state 'start'
[15:27:55.908] [bmv2] [D] [thread 45730] [37.0] [cxt 0] Extracting header 'ethernet'
[15:27:55.908] [bmv2] [D] [thread 45730] [37.0] [cxt 0] Parser state 'start': key is 86dd
[15:27:55.908] [bmv2] [T] [thread 45730] [37.0] [cxt 0] Bytes parsed: 14
[15:27:55.908] [bmv2] [D] [thread 45730] [37.0] [cxt 0] Parser 'parser': end
[15:27:55.908] [bmv2] [D] [thread 45730] [37.0] [cxt 0] Pipeline 'ingress': start
[15:27:55.908] [bmv2] [T] [thread 45730] [37.0] [cxt 0] link_monitor.p4(331) Condition "hdr.tcp.isValid()" (node_2) is false
[15:27:55.908] [bmv2] [T] [thread 45730] [37.0] [cxt 0] link_monitor.p4(335) Condition "hdr.ipv4.isValid()" (node_5) is false
[15:27:55.908] [bmv2] [T] [thread 45730] [37.0] [cxt 0] link_monitor.p4(338) Condition "hdr.probe.isValid()" (node_7) is false
[15:27:55.908] [bmv2] [D] [thread 45730] [37.0] [cxt 0] Pipeline 'ingress': end
[15:27:55.908] [bmv2] [D] [thread 45730] [37.0] [cxt 0] Egress port is 0
[15:27:55.908] [bmv2] [D] [thread 45731] [37.0] [cxt 0] Pipeline 'egress': start
[15:27:55.908] [bmv2] [T] [thread 45731] [37.0] [cxt 0] Applying table 'tbl_link_monitor377'
[15:27:55.908] [bmv2] [D] [thread 45731] [37.0] [cxt 0] Looking up key:

[15:27:55.908] [bmv2] [D] [thread 45731] [37.0] [cxt 0] Table 'tbl_link_monitor377': miss
[15:27:55.908] [bmv2] [D] [thread 45731] [37.0] [cxt 0] Action entry is link_monitor377 - 
[15:27:55.908] [bmv2] [T] [thread 45731] [37.0] [cxt 0] Action link_monitor377
[15:27:55.908] [bmv2] [T] [thread 45731] [37.0] [cxt 0] link_monitor.p4(377) Primitive (bit<32>)standard_metadata.egress_port
[15:27:55.908] [bmv2] [T] [thread 45731] [37.0] [cxt 0] link_monitor.p4(377) Primitive byte_cnt_reg.read(byte_cnt, (bit<32>)standard_metadata.egress_port)
[15:27:55.908] [bmv2] [T] [thread 45731] [37.0] [cxt 0] Read register 'MyEgress.byte_cnt_reg' at index 0 read value 700
[15:27:55.908] [bmv2] [T] [thread 45731] [37.0] [cxt 0] link_monitor.p4(378) Primitive byte_cnt = byte_cnt + standard_metadata.packet_length
[15:27:55.909] [bmv2] [T] [thread 45731] [37.0] [cxt 0] link_monitor.p4(380) Condition "hdr.probe.isValid()" (node_12) is false
[15:27:55.909] [bmv2] [T] [thread 45731] [37.0] [cxt 0] Applying table 'tbl_link_monitor380_0'
[15:27:55.909] [bmv2] [D] [thread 45731] [37.0] [cxt 0] Looking up key:

[15:27:55.909] [bmv2] [D] [thread 45731] [37.0] [cxt 0] Table 'tbl_link_monitor380_0': miss
[15:27:55.909] [bmv2] [D] [thread 45731] [37.0] [cxt 0] Action entry is link_monitor380_0 - 
[15:27:55.909] [bmv2] [T] [thread 45731] [37.0] [cxt 0] Action link_monitor380_0
[15:27:55.909] [bmv2] [T] [thread 45731] [37.0] [cxt 0] link_monitor.p4(380) Primitive (hdr.probe.isValid()) ? 0 : byte_cnt
[15:27:55.909] [bmv2] [T] [thread 45731] [37.0] [cxt 0] Applying table 'tbl_link_monitor381'
[15:27:55.909] [bmv2] [D] [thread 45731] [37.0] [cxt 0] Looking up key:

[15:27:55.909] [bmv2] [D] [thread 45731] [37.0] [cxt 0] Table 'tbl_link_monitor381': miss
[15:27:55.909] [bmv2] [D] [thread 45731] [37.0] [cxt 0] Action entry is link_monitor381 - 
[15:27:55.909] [bmv2] [T] [thread 45731] [37.0] [cxt 0] Action link_monitor381
[15:27:55.909] [bmv2] [T] [thread 45731] [37.0] [cxt 0] link_monitor.p4(381) Primitive (bit<32>)standard_metadata.egress_port
[15:27:55.909] [bmv2] [T] [thread 45731] [37.0] [cxt 0] link_monitor.p4(381) Primitive byte_cnt_reg.write((bit<32>)standard_metadata.egress_port, new_byte_cnt)
[15:27:55.909] [bmv2] [T] [thread 45731] [37.0] [cxt 0] Wrote register 'MyEgress.byte_cnt_reg' at index 0 with value 770
[15:27:55.909] [bmv2] [T] [thread 45731] [37.0] [cxt 0] link_monitor.p4(383) Condition "hdr.probe.isValid()" (node_16) is false
[15:27:55.909] [bmv2] [D] [thread 45731] [37.0] [cxt 0] Pipeline 'egress': end
[15:27:55.909] [bmv2] [D] [thread 45731] [37.0] [cxt 0] Deparser 'deparser': start
[15:27:55.909] [bmv2] [T] [thread 45731] [37.0] [cxt 0] Skipping checksum 'cksum' update because condition not met
[15:27:55.909] [bmv2] [D] [thread 45731] [37.0] [cxt 0] Deparsing header 'ethernet'
[15:27:55.909] [bmv2] [D] [thread 45731] [37.0] [cxt 0] Deparser 'deparser': end
[15:27:55.909] [bmv2] [D] [thread 45735] [37.0] [cxt 0] Transmitting packet of size 70 out of port 0
[15:27:55.913] [bmv2] [D] [thread 45730] [38.0] [cxt 0] Processing packet received on port 4
[15:27:55.913] [bmv2] [D] [thread 45730] [38.0] [cxt 0] Parser 'parser': start
[15:27:55.913] [bmv2] [D] [thread 45730] [38.0] [cxt 0] Parser 'parser' entering state 'start'
[15:27:55.913] [bmv2] [D] [thread 45730] [38.0] [cxt 0] Extracting header 'ethernet'
[15:27:55.913] [bmv2] [D] [thread 45730] [38.0] [cxt 0] Parser state 'start': key is 86dd
[15:27:55.913] [bmv2] [T] [thread 45730] [38.0] [cxt 0] Bytes parsed: 14
[15:27:55.913] [bmv2] [D] [thread 45730] [38.0] [cxt 0] Parser 'parser': end
[15:27:55.913] [bmv2] [D] [thread 45730] [38.0] [cxt 0] Pipeline 'ingress': start
[15:27:55.913] [bmv2] [T] [thread 45730] [38.0] [cxt 0] link_monitor.p4(331) Condition "hdr.tcp.isValid()" (node_2) is false
[15:27:55.913] [bmv2] [T] [thread 45730] [38.0] [cxt 0] link_monitor.p4(335) Condition "hdr.ipv4.isValid()" (node_5) is false
[15:27:55.913] [bmv2] [T] [thread 45730] [38.0] [cxt 0] link_monitor.p4(338) Condition "hdr.probe.isValid()" (node_7) is false
[15:27:55.913] [bmv2] [D] [thread 45730] [38.0] [cxt 0] Pipeline 'ingress': end
[15:27:55.913] [bmv2] [D] [thread 45730] [38.0] [cxt 0] Egress port is 0
[15:27:55.913] [bmv2] [D] [thread 45731] [38.0] [cxt 0] Pipeline 'egress': start
[15:27:55.913] [bmv2] [T] [thread 45731] [38.0] [cxt 0] Applying table 'tbl_link_monitor377'
[15:27:55.913] [bmv2] [D] [thread 45731] [38.0] [cxt 0] Looking up key:

[15:27:55.913] [bmv2] [D] [thread 45731] [38.0] [cxt 0] Table 'tbl_link_monitor377': miss
[15:27:55.913] [bmv2] [D] [thread 45731] [38.0] [cxt 0] Action entry is link_monitor377 - 
[15:27:55.913] [bmv2] [T] [thread 45731] [38.0] [cxt 0] Action link_monitor377
[15:27:55.913] [bmv2] [T] [thread 45731] [38.0] [cxt 0] link_monitor.p4(377) Primitive (bit<32>)standard_metadata.egress_port
[15:27:55.913] [bmv2] [T] [thread 45731] [38.0] [cxt 0] link_monitor.p4(377) Primitive byte_cnt_reg.read(byte_cnt, (bit<32>)standard_metadata.egress_port)
[15:27:55.913] [bmv2] [T] [thread 45731] [38.0] [cxt 0] Read register 'MyEgress.byte_cnt_reg' at index 0 read value 770
[15:27:55.913] [bmv2] [T] [thread 45731] [38.0] [cxt 0] link_monitor.p4(378) Primitive byte_cnt = byte_cnt + standard_metadata.packet_length
[15:27:55.913] [bmv2] [T] [thread 45731] [38.0] [cxt 0] link_monitor.p4(380) Condition "hdr.probe.isValid()" (node_12) is false
[15:27:55.913] [bmv2] [T] [thread 45731] [38.0] [cxt 0] Applying table 'tbl_link_monitor380_0'
[15:27:55.913] [bmv2] [D] [thread 45731] [38.0] [cxt 0] Looking up key:

[15:27:55.913] [bmv2] [D] [thread 45731] [38.0] [cxt 0] Table 'tbl_link_monitor380_0': miss
[15:27:55.913] [bmv2] [D] [thread 45731] [38.0] [cxt 0] Action entry is link_monitor380_0 - 
[15:27:55.913] [bmv2] [T] [thread 45731] [38.0] [cxt 0] Action link_monitor380_0
[15:27:55.913] [bmv2] [T] [thread 45731] [38.0] [cxt 0] link_monitor.p4(380) Primitive (hdr.probe.isValid()) ? 0 : byte_cnt
[15:27:55.913] [bmv2] [T] [thread 45731] [38.0] [cxt 0] Applying table 'tbl_link_monitor381'
[15:27:55.913] [bmv2] [D] [thread 45731] [38.0] [cxt 0] Looking up key:

[15:27:55.913] [bmv2] [D] [thread 45731] [38.0] [cxt 0] Table 'tbl_link_monitor381': miss
[15:27:55.913] [bmv2] [D] [thread 45731] [38.0] [cxt 0] Action entry is link_monitor381 - 
[15:27:55.913] [bmv2] [T] [thread 45731] [38.0] [cxt 0] Action link_monitor381
[15:27:55.913] [bmv2] [T] [thread 45731] [38.0] [cxt 0] link_monitor.p4(381) Primitive (bit<32>)standard_metadata.egress_port
[15:27:55.913] [bmv2] [T] [thread 45731] [38.0] [cxt 0] link_monitor.p4(381) Primitive byte_cnt_reg.write((bit<32>)standard_metadata.egress_port, new_byte_cnt)
[15:27:55.913] [bmv2] [T] [thread 45731] [38.0] [cxt 0] Wrote register 'MyEgress.byte_cnt_reg' at index 0 with value 840
[15:27:55.913] [bmv2] [T] [thread 45731] [38.0] [cxt 0] link_monitor.p4(383) Condition "hdr.probe.isValid()" (node_16) is false
[15:27:55.913] [bmv2] [D] [thread 45731] [38.0] [cxt 0] Pipeline 'egress': end
[15:27:55.913] [bmv2] [D] [thread 45731] [38.0] [cxt 0] Deparser 'deparser': start
[15:27:55.913] [bmv2] [T] [thread 45731] [38.0] [cxt 0] Skipping checksum 'cksum' update because condition not met
[15:27:55.913] [bmv2] [D] [thread 45731] [38.0] [cxt 0] Deparsing header 'ethernet'
[15:27:55.913] [bmv2] [D] [thread 45731] [38.0] [cxt 0] Deparser 'deparser': end
[15:27:55.913] [bmv2] [D] [thread 45735] [38.0] [cxt 0] Transmitting packet of size 70 out of port 0
[15:28:07.942] [bmv2] [D] [thread 45730] [39.0] [cxt 0] Processing packet received on port 4
[15:28:07.942] [bmv2] [D] [thread 45730] [39.0] [cxt 0] Parser 'parser': start
[15:28:07.942] [bmv2] [D] [thread 45730] [39.0] [cxt 0] Parser 'parser' entering state 'start'
[15:28:07.942] [bmv2] [D] [thread 45730] [39.0] [cxt 0] Extracting header 'ethernet'
[15:28:07.942] [bmv2] [D] [thread 45730] [39.0] [cxt 0] Parser state 'start': key is 86dd
[15:28:07.942] [bmv2] [T] [thread 45730] [39.0] [cxt 0] Bytes parsed: 14
[15:28:07.942] [bmv2] [D] [thread 45730] [39.0] [cxt 0] Parser 'parser': end
[15:28:07.942] [bmv2] [D] [thread 45730] [39.0] [cxt 0] Pipeline 'ingress': start
[15:28:07.942] [bmv2] [T] [thread 45730] [39.0] [cxt 0] link_monitor.p4(331) Condition "hdr.tcp.isValid()" (node_2) is false
[15:28:07.942] [bmv2] [T] [thread 45730] [39.0] [cxt 0] link_monitor.p4(335) Condition "hdr.ipv4.isValid()" (node_5) is false
[15:28:07.942] [bmv2] [T] [thread 45730] [39.0] [cxt 0] link_monitor.p4(338) Condition "hdr.probe.isValid()" (node_7) is false
[15:28:07.942] [bmv2] [D] [thread 45730] [39.0] [cxt 0] Pipeline 'ingress': end
[15:28:07.942] [bmv2] [D] [thread 45730] [39.0] [cxt 0] Egress port is 0
[15:28:07.942] [bmv2] [D] [thread 45731] [39.0] [cxt 0] Pipeline 'egress': start
[15:28:07.942] [bmv2] [T] [thread 45731] [39.0] [cxt 0] Applying table 'tbl_link_monitor377'
[15:28:07.942] [bmv2] [D] [thread 45731] [39.0] [cxt 0] Looking up key:

[15:28:07.942] [bmv2] [D] [thread 45731] [39.0] [cxt 0] Table 'tbl_link_monitor377': miss
[15:28:07.942] [bmv2] [D] [thread 45731] [39.0] [cxt 0] Action entry is link_monitor377 - 
[15:28:07.942] [bmv2] [T] [thread 45731] [39.0] [cxt 0] Action link_monitor377
[15:28:07.942] [bmv2] [T] [thread 45731] [39.0] [cxt 0] link_monitor.p4(377) Primitive (bit<32>)standard_metadata.egress_port
[15:28:07.942] [bmv2] [T] [thread 45731] [39.0] [cxt 0] link_monitor.p4(377) Primitive byte_cnt_reg.read(byte_cnt, (bit<32>)standard_metadata.egress_port)
[15:28:07.942] [bmv2] [T] [thread 45731] [39.0] [cxt 0] Read register 'MyEgress.byte_cnt_reg' at index 0 read value 840
[15:28:07.943] [bmv2] [T] [thread 45731] [39.0] [cxt 0] link_monitor.p4(378) Primitive byte_cnt = byte_cnt + standard_metadata.packet_length
[15:28:07.943] [bmv2] [T] [thread 45731] [39.0] [cxt 0] link_monitor.p4(380) Condition "hdr.probe.isValid()" (node_12) is false
[15:28:07.943] [bmv2] [T] [thread 45731] [39.0] [cxt 0] Applying table 'tbl_link_monitor380_0'
[15:28:07.943] [bmv2] [D] [thread 45731] [39.0] [cxt 0] Looking up key:

[15:28:07.943] [bmv2] [D] [thread 45731] [39.0] [cxt 0] Table 'tbl_link_monitor380_0': miss
[15:28:07.943] [bmv2] [D] [thread 45731] [39.0] [cxt 0] Action entry is link_monitor380_0 - 
[15:28:07.943] [bmv2] [T] [thread 45731] [39.0] [cxt 0] Action link_monitor380_0
[15:28:07.943] [bmv2] [T] [thread 45731] [39.0] [cxt 0] link_monitor.p4(380) Primitive (hdr.probe.isValid()) ? 0 : byte_cnt
[15:28:07.943] [bmv2] [T] [thread 45731] [39.0] [cxt 0] Applying table 'tbl_link_monitor381'
[15:28:07.943] [bmv2] [D] [thread 45731] [39.0] [cxt 0] Looking up key:

[15:28:07.943] [bmv2] [D] [thread 45731] [39.0] [cxt 0] Table 'tbl_link_monitor381': miss
[15:28:07.943] [bmv2] [D] [thread 45731] [39.0] [cxt 0] Action entry is link_monitor381 - 
[15:28:07.943] [bmv2] [T] [thread 45731] [39.0] [cxt 0] Action link_monitor381
[15:28:07.943] [bmv2] [T] [thread 45731] [39.0] [cxt 0] link_monitor.p4(381) Primitive (bit<32>)standard_metadata.egress_port
[15:28:07.943] [bmv2] [T] [thread 45731] [39.0] [cxt 0] link_monitor.p4(381) Primitive byte_cnt_reg.write((bit<32>)standard_metadata.egress_port, new_byte_cnt)
[15:28:07.943] [bmv2] [T] [thread 45731] [39.0] [cxt 0] Wrote register 'MyEgress.byte_cnt_reg' at index 0 with value 910
[15:28:07.943] [bmv2] [T] [thread 45731] [39.0] [cxt 0] link_monitor.p4(383) Condition "hdr.probe.isValid()" (node_16) is false
[15:28:07.943] [bmv2] [D] [thread 45731] [39.0] [cxt 0] Pipeline 'egress': end
[15:28:07.943] [bmv2] [D] [thread 45731] [39.0] [cxt 0] Deparser 'deparser': start
[15:28:07.943] [bmv2] [T] [thread 45731] [39.0] [cxt 0] Skipping checksum 'cksum' update because condition not met
[15:28:07.943] [bmv2] [D] [thread 45731] [39.0] [cxt 0] Deparsing header 'ethernet'
[15:28:07.943] [bmv2] [D] [thread 45731] [39.0] [cxt 0] Deparser 'deparser': end
[15:28:07.943] [bmv2] [D] [thread 45735] [39.0] [cxt 0] Transmitting packet of size 70 out of port 0
[15:28:10.501] [bmv2] [D] [thread 45730] [40.0] [cxt 0] Processing packet received on port 3
[15:28:10.501] [bmv2] [D] [thread 45730] [40.0] [cxt 0] Parser 'parser': start
[15:28:10.501] [bmv2] [D] [thread 45730] [40.0] [cxt 0] Parser 'parser' entering state 'start'
[15:28:10.501] [bmv2] [D] [thread 45730] [40.0] [cxt 0] Extracting header 'ethernet'
[15:28:10.501] [bmv2] [D] [thread 45730] [40.0] [cxt 0] Parser state 'start': key is 86dd
[15:28:10.501] [bmv2] [T] [thread 45730] [40.0] [cxt 0] Bytes parsed: 14
[15:28:10.501] [bmv2] [D] [thread 45730] [40.0] [cxt 0] Parser 'parser': end
[15:28:10.501] [bmv2] [D] [thread 45730] [40.0] [cxt 0] Pipeline 'ingress': start
[15:28:10.501] [bmv2] [T] [thread 45730] [40.0] [cxt 0] link_monitor.p4(331) Condition "hdr.tcp.isValid()" (node_2) is false
[15:28:10.501] [bmv2] [T] [thread 45730] [40.0] [cxt 0] link_monitor.p4(335) Condition "hdr.ipv4.isValid()" (node_5) is false
[15:28:10.501] [bmv2] [T] [thread 45730] [40.0] [cxt 0] link_monitor.p4(338) Condition "hdr.probe.isValid()" (node_7) is false
[15:28:10.501] [bmv2] [D] [thread 45730] [40.0] [cxt 0] Pipeline 'ingress': end
[15:28:10.501] [bmv2] [D] [thread 45730] [40.0] [cxt 0] Egress port is 0
[15:28:10.502] [bmv2] [D] [thread 45731] [40.0] [cxt 0] Pipeline 'egress': start
[15:28:10.503] [bmv2] [T] [thread 45731] [40.0] [cxt 0] Applying table 'tbl_link_monitor377'
[15:28:10.503] [bmv2] [D] [thread 45731] [40.0] [cxt 0] Looking up key:

[15:28:10.503] [bmv2] [D] [thread 45731] [40.0] [cxt 0] Table 'tbl_link_monitor377': miss
[15:28:10.503] [bmv2] [D] [thread 45731] [40.0] [cxt 0] Action entry is link_monitor377 - 
[15:28:10.503] [bmv2] [T] [thread 45731] [40.0] [cxt 0] Action link_monitor377
[15:28:10.503] [bmv2] [T] [thread 45731] [40.0] [cxt 0] link_monitor.p4(377) Primitive (bit<32>)standard_metadata.egress_port
[15:28:10.503] [bmv2] [T] [thread 45731] [40.0] [cxt 0] link_monitor.p4(377) Primitive byte_cnt_reg.read(byte_cnt, (bit<32>)standard_metadata.egress_port)
[15:28:10.503] [bmv2] [T] [thread 45731] [40.0] [cxt 0] Read register 'MyEgress.byte_cnt_reg' at index 0 read value 910
[15:28:10.503] [bmv2] [T] [thread 45731] [40.0] [cxt 0] link_monitor.p4(378) Primitive byte_cnt = byte_cnt + standard_metadata.packet_length
[15:28:10.503] [bmv2] [T] [thread 45731] [40.0] [cxt 0] link_monitor.p4(380) Condition "hdr.probe.isValid()" (node_12) is false
[15:28:10.503] [bmv2] [T] [thread 45731] [40.0] [cxt 0] Applying table 'tbl_link_monitor380_0'
[15:28:10.503] [bmv2] [D] [thread 45731] [40.0] [cxt 0] Looking up key:

[15:28:10.503] [bmv2] [D] [thread 45731] [40.0] [cxt 0] Table 'tbl_link_monitor380_0': miss
[15:28:10.503] [bmv2] [D] [thread 45731] [40.0] [cxt 0] Action entry is link_monitor380_0 - 
[15:28:10.503] [bmv2] [T] [thread 45731] [40.0] [cxt 0] Action link_monitor380_0
[15:28:10.503] [bmv2] [T] [thread 45731] [40.0] [cxt 0] link_monitor.p4(380) Primitive (hdr.probe.isValid()) ? 0 : byte_cnt
[15:28:10.503] [bmv2] [T] [thread 45731] [40.0] [cxt 0] Applying table 'tbl_link_monitor381'
[15:28:10.503] [bmv2] [D] [thread 45731] [40.0] [cxt 0] Looking up key:

[15:28:10.503] [bmv2] [D] [thread 45731] [40.0] [cxt 0] Table 'tbl_link_monitor381': miss
[15:28:10.503] [bmv2] [D] [thread 45731] [40.0] [cxt 0] Action entry is link_monitor381 - 
[15:28:10.503] [bmv2] [T] [thread 45731] [40.0] [cxt 0] Action link_monitor381
[15:28:10.503] [bmv2] [T] [thread 45731] [40.0] [cxt 0] link_monitor.p4(381) Primitive (bit<32>)standard_metadata.egress_port
[15:28:10.503] [bmv2] [T] [thread 45731] [40.0] [cxt 0] link_monitor.p4(381) Primitive byte_cnt_reg.write((bit<32>)standard_metadata.egress_port, new_byte_cnt)
[15:28:10.503] [bmv2] [T] [thread 45731] [40.0] [cxt 0] Wrote register 'MyEgress.byte_cnt_reg' at index 0 with value 980
[15:28:10.503] [bmv2] [T] [thread 45731] [40.0] [cxt 0] link_monitor.p4(383) Condition "hdr.probe.isValid()" (node_16) is false
[15:28:10.503] [bmv2] [D] [thread 45731] [40.0] [cxt 0] Pipeline 'egress': end
[15:28:10.503] [bmv2] [D] [thread 45731] [40.0] [cxt 0] Deparser 'deparser': start
[15:28:10.503] [bmv2] [T] [thread 45731] [40.0] [cxt 0] Skipping checksum 'cksum' update because condition not met
[15:28:10.503] [bmv2] [D] [thread 45731] [40.0] [cxt 0] Deparsing header 'ethernet'
[15:28:10.503] [bmv2] [D] [thread 45731] [40.0] [cxt 0] Deparser 'deparser': end
[15:28:10.503] [bmv2] [D] [thread 45735] [40.0] [cxt 0] Transmitting packet of size 70 out of port 0
[15:28:11.272] [bmv2] [D] [thread 45730] [41.0] [cxt 0] Processing packet received on port 2
[15:28:11.273] [bmv2] [D] [thread 45730] [41.0] [cxt 0] Parser 'parser': start
[15:28:11.273] [bmv2] [D] [thread 45730] [41.0] [cxt 0] Parser 'parser' entering state 'start'
[15:28:11.273] [bmv2] [D] [thread 45730] [41.0] [cxt 0] Extracting header 'ethernet'
[15:28:11.273] [bmv2] [D] [thread 45730] [41.0] [cxt 0] Parser state 'start': key is 86dd
[15:28:11.273] [bmv2] [T] [thread 45730] [41.0] [cxt 0] Bytes parsed: 14
[15:28:11.273] [bmv2] [D] [thread 45730] [41.0] [cxt 0] Parser 'parser': end
[15:28:11.273] [bmv2] [D] [thread 45730] [41.0] [cxt 0] Pipeline 'ingress': start
[15:28:11.273] [bmv2] [T] [thread 45730] [41.0] [cxt 0] link_monitor.p4(331) Condition "hdr.tcp.isValid()" (node_2) is false
[15:28:11.273] [bmv2] [T] [thread 45730] [41.0] [cxt 0] link_monitor.p4(335) Condition "hdr.ipv4.isValid()" (node_5) is false
[15:28:11.273] [bmv2] [T] [thread 45730] [41.0] [cxt 0] link_monitor.p4(338) Condition "hdr.probe.isValid()" (node_7) is false
[15:28:11.273] [bmv2] [D] [thread 45730] [41.0] [cxt 0] Pipeline 'ingress': end
[15:28:11.273] [bmv2] [D] [thread 45730] [41.0] [cxt 0] Egress port is 0
[15:28:11.273] [bmv2] [D] [thread 45731] [41.0] [cxt 0] Pipeline 'egress': start
[15:28:11.273] [bmv2] [T] [thread 45731] [41.0] [cxt 0] Applying table 'tbl_link_monitor377'
[15:28:11.273] [bmv2] [D] [thread 45731] [41.0] [cxt 0] Looking up key:

[15:28:11.273] [bmv2] [D] [thread 45731] [41.0] [cxt 0] Table 'tbl_link_monitor377': miss
[15:28:11.273] [bmv2] [D] [thread 45731] [41.0] [cxt 0] Action entry is link_monitor377 - 
[15:28:11.273] [bmv2] [T] [thread 45731] [41.0] [cxt 0] Action link_monitor377
[15:28:11.273] [bmv2] [T] [thread 45731] [41.0] [cxt 0] link_monitor.p4(377) Primitive (bit<32>)standard_metadata.egress_port
[15:28:11.273] [bmv2] [T] [thread 45731] [41.0] [cxt 0] link_monitor.p4(377) Primitive byte_cnt_reg.read(byte_cnt, (bit<32>)standard_metadata.egress_port)
[15:28:11.273] [bmv2] [T] [thread 45731] [41.0] [cxt 0] Read register 'MyEgress.byte_cnt_reg' at index 0 read value 980
[15:28:11.273] [bmv2] [T] [thread 45731] [41.0] [cxt 0] link_monitor.p4(378) Primitive byte_cnt = byte_cnt + standard_metadata.packet_length
[15:28:11.273] [bmv2] [T] [thread 45731] [41.0] [cxt 0] link_monitor.p4(380) Condition "hdr.probe.isValid()" (node_12) is false
[15:28:11.273] [bmv2] [T] [thread 45731] [41.0] [cxt 0] Applying table 'tbl_link_monitor380_0'
[15:28:11.273] [bmv2] [D] [thread 45731] [41.0] [cxt 0] Looking up key:

[15:28:11.273] [bmv2] [D] [thread 45731] [41.0] [cxt 0] Table 'tbl_link_monitor380_0': miss
[15:28:11.273] [bmv2] [D] [thread 45731] [41.0] [cxt 0] Action entry is link_monitor380_0 - 
[15:28:11.273] [bmv2] [T] [thread 45731] [41.0] [cxt 0] Action link_monitor380_0
[15:28:11.273] [bmv2] [T] [thread 45731] [41.0] [cxt 0] link_monitor.p4(380) Primitive (hdr.probe.isValid()) ? 0 : byte_cnt
[15:28:11.273] [bmv2] [T] [thread 45731] [41.0] [cxt 0] Applying table 'tbl_link_monitor381'
[15:28:11.273] [bmv2] [D] [thread 45731] [41.0] [cxt 0] Looking up key:

[15:28:11.273] [bmv2] [D] [thread 45731] [41.0] [cxt 0] Table 'tbl_link_monitor381': miss
[15:28:11.273] [bmv2] [D] [thread 45731] [41.0] [cxt 0] Action entry is link_monitor381 - 
[15:28:11.273] [bmv2] [T] [thread 45731] [41.0] [cxt 0] Action link_monitor381
[15:28:11.273] [bmv2] [T] [thread 45731] [41.0] [cxt 0] link_monitor.p4(381) Primitive (bit<32>)standard_metadata.egress_port
[15:28:11.273] [bmv2] [T] [thread 45731] [41.0] [cxt 0] link_monitor.p4(381) Primitive byte_cnt_reg.write((bit<32>)standard_metadata.egress_port, new_byte_cnt)
[15:28:11.273] [bmv2] [T] [thread 45731] [41.0] [cxt 0] Wrote register 'MyEgress.byte_cnt_reg' at index 0 with value 1050
[15:28:11.273] [bmv2] [T] [thread 45731] [41.0] [cxt 0] link_monitor.p4(383) Condition "hdr.probe.isValid()" (node_16) is false
[15:28:11.273] [bmv2] [D] [thread 45731] [41.0] [cxt 0] Pipeline 'egress': end
[15:28:11.273] [bmv2] [D] [thread 45731] [41.0] [cxt 0] Deparser 'deparser': start
[15:28:11.273] [bmv2] [T] [thread 45731] [41.0] [cxt 0] Skipping checksum 'cksum' update because condition not met
[15:28:11.273] [bmv2] [D] [thread 45731] [41.0] [cxt 0] Deparsing header 'ethernet'
[15:28:11.273] [bmv2] [D] [thread 45731] [41.0] [cxt 0] Deparser 'deparser': end
[15:28:11.273] [bmv2] [D] [thread 45735] [41.0] [cxt 0] Transmitting packet of size 70 out of port 0
[15:28:12.295] [bmv2] [D] [thread 45730] [42.0] [cxt 0] Processing packet received on port 1
[15:28:12.295] [bmv2] [D] [thread 45730] [42.0] [cxt 0] Parser 'parser': start
[15:28:12.295] [bmv2] [D] [thread 45730] [42.0] [cxt 0] Parser 'parser' entering state 'start'
[15:28:12.295] [bmv2] [D] [thread 45730] [42.0] [cxt 0] Extracting header 'ethernet'
[15:28:12.295] [bmv2] [D] [thread 45730] [42.0] [cxt 0] Parser state 'start': key is 86dd
[15:28:12.295] [bmv2] [T] [thread 45730] [42.0] [cxt 0] Bytes parsed: 14
[15:28:12.295] [bmv2] [D] [thread 45730] [42.0] [cxt 0] Parser 'parser': end
[15:28:12.295] [bmv2] [D] [thread 45730] [42.0] [cxt 0] Pipeline 'ingress': start
[15:28:12.295] [bmv2] [T] [thread 45730] [42.0] [cxt 0] link_monitor.p4(331) Condition "hdr.tcp.isValid()" (node_2) is false
[15:28:12.295] [bmv2] [T] [thread 45730] [42.0] [cxt 0] link_monitor.p4(335) Condition "hdr.ipv4.isValid()" (node_5) is false
[15:28:12.295] [bmv2] [T] [thread 45730] [42.0] [cxt 0] link_monitor.p4(338) Condition "hdr.probe.isValid()" (node_7) is false
[15:28:12.295] [bmv2] [D] [thread 45730] [42.0] [cxt 0] Pipeline 'ingress': end
[15:28:12.295] [bmv2] [D] [thread 45730] [42.0] [cxt 0] Egress port is 0
[15:28:12.295] [bmv2] [D] [thread 45730] [43.0] [cxt 0] Processing packet received on port 4
[15:28:12.295] [bmv2] [D] [thread 45730] [43.0] [cxt 0] Parser 'parser': start
[15:28:12.295] [bmv2] [D] [thread 45730] [43.0] [cxt 0] Parser 'parser' entering state 'start'
[15:28:12.295] [bmv2] [D] [thread 45730] [43.0] [cxt 0] Extracting header 'ethernet'
[15:28:12.295] [bmv2] [D] [thread 45730] [43.0] [cxt 0] Parser state 'start': key is 86dd
[15:28:12.295] [bmv2] [T] [thread 45730] [43.0] [cxt 0] Bytes parsed: 14
[15:28:12.296] [bmv2] [D] [thread 45730] [43.0] [cxt 0] Parser 'parser': end
[15:28:12.296] [bmv2] [D] [thread 45730] [43.0] [cxt 0] Pipeline 'ingress': start
[15:28:12.296] [bmv2] [T] [thread 45730] [43.0] [cxt 0] link_monitor.p4(331) Condition "hdr.tcp.isValid()" (node_2) is false
[15:28:12.297] [bmv2] [D] [thread 45731] [42.0] [cxt 0] Pipeline 'egress': start
[15:28:12.297] [bmv2] [T] [thread 45731] [42.0] [cxt 0] Applying table 'tbl_link_monitor377'
[15:28:12.297] [bmv2] [D] [thread 45731] [42.0] [cxt 0] Looking up key:

[15:28:12.297] [bmv2] [D] [thread 45731] [42.0] [cxt 0] Table 'tbl_link_monitor377': miss
[15:28:12.297] [bmv2] [D] [thread 45731] [42.0] [cxt 0] Action entry is link_monitor377 - 
[15:28:12.297] [bmv2] [T] [thread 45731] [42.0] [cxt 0] Action link_monitor377
[15:28:12.297] [bmv2] [T] [thread 45731] [42.0] [cxt 0] link_monitor.p4(377) Primitive (bit<32>)standard_metadata.egress_port
[15:28:12.297] [bmv2] [T] [thread 45731] [42.0] [cxt 0] link_monitor.p4(377) Primitive byte_cnt_reg.read(byte_cnt, (bit<32>)standard_metadata.egress_port)
[15:28:12.297] [bmv2] [T] [thread 45731] [42.0] [cxt 0] Read register 'MyEgress.byte_cnt_reg' at index 0 read value 1050
[15:28:12.297] [bmv2] [T] [thread 45731] [42.0] [cxt 0] link_monitor.p4(378) Primitive byte_cnt = byte_cnt + standard_metadata.packet_length
[15:28:12.297] [bmv2] [T] [thread 45731] [42.0] [cxt 0] link_monitor.p4(380) Condition "hdr.probe.isValid()" (node_12) is false
[15:28:12.297] [bmv2] [T] [thread 45731] [42.0] [cxt 0] Applying table 'tbl_link_monitor380_0'
[15:28:12.297] [bmv2] [D] [thread 45731] [42.0] [cxt 0] Looking up key:

[15:28:12.297] [bmv2] [D] [thread 45731] [42.0] [cxt 0] Table 'tbl_link_monitor380_0': miss
[15:28:12.297] [bmv2] [D] [thread 45731] [42.0] [cxt 0] Action entry is link_monitor380_0 - 
[15:28:12.297] [bmv2] [T] [thread 45731] [42.0] [cxt 0] Action link_monitor380_0
[15:28:12.297] [bmv2] [T] [thread 45731] [42.0] [cxt 0] link_monitor.p4(380) Primitive (hdr.probe.isValid()) ? 0 : byte_cnt
[15:28:12.297] [bmv2] [T] [thread 45731] [42.0] [cxt 0] Applying table 'tbl_link_monitor381'
[15:28:12.297] [bmv2] [D] [thread 45731] [42.0] [cxt 0] Looking up key:

[15:28:12.297] [bmv2] [D] [thread 45731] [42.0] [cxt 0] Table 'tbl_link_monitor381': miss
[15:28:12.297] [bmv2] [D] [thread 45731] [42.0] [cxt 0] Action entry is link_monitor381 - 
[15:28:12.297] [bmv2] [T] [thread 45731] [42.0] [cxt 0] Action link_monitor381
[15:28:12.297] [bmv2] [T] [thread 45731] [42.0] [cxt 0] link_monitor.p4(381) Primitive (bit<32>)standard_metadata.egress_port
[15:28:12.297] [bmv2] [T] [thread 45731] [42.0] [cxt 0] link_monitor.p4(381) Primitive byte_cnt_reg.write((bit<32>)standard_metadata.egress_port, new_byte_cnt)
[15:28:12.297] [bmv2] [T] [thread 45731] [42.0] [cxt 0] Wrote register 'MyEgress.byte_cnt_reg' at index 0 with value 1120
[15:28:12.297] [bmv2] [T] [thread 45731] [42.0] [cxt 0] link_monitor.p4(383) Condition "hdr.probe.isValid()" (node_16) is false
[15:28:12.297] [bmv2] [D] [thread 45731] [42.0] [cxt 0] Pipeline 'egress': end
[15:28:12.297] [bmv2] [D] [thread 45731] [42.0] [cxt 0] Deparser 'deparser': start
[15:28:12.297] [bmv2] [T] [thread 45731] [42.0] [cxt 0] Skipping checksum 'cksum' update because condition not met
[15:28:12.297] [bmv2] [D] [thread 45731] [42.0] [cxt 0] Deparsing header 'ethernet'
[15:28:12.297] [bmv2] [D] [thread 45731] [42.0] [cxt 0] Deparser 'deparser': end
[15:28:12.297] [bmv2] [D] [thread 45735] [42.0] [cxt 0] Transmitting packet of size 70 out of port 0
[15:28:12.298] [bmv2] [T] [thread 45730] [43.0] [cxt 0] link_monitor.p4(335) Condition "hdr.ipv4.isValid()" (node_5) is false
[15:28:12.298] [bmv2] [T] [thread 45730] [43.0] [cxt 0] link_monitor.p4(338) Condition "hdr.probe.isValid()" (node_7) is false
[15:28:12.298] [bmv2] [D] [thread 45730] [43.0] [cxt 0] Pipeline 'ingress': end
[15:28:12.298] [bmv2] [D] [thread 45730] [43.0] [cxt 0] Egress port is 0
[15:28:12.298] [bmv2] [D] [thread 45731] [43.0] [cxt 0] Pipeline 'egress': start
[15:28:12.298] [bmv2] [T] [thread 45731] [43.0] [cxt 0] Applying table 'tbl_link_monitor377'
[15:28:12.298] [bmv2] [D] [thread 45731] [43.0] [cxt 0] Looking up key:

[15:28:12.298] [bmv2] [D] [thread 45731] [43.0] [cxt 0] Table 'tbl_link_monitor377': miss
[15:28:12.299] [bmv2] [D] [thread 45731] [43.0] [cxt 0] Action entry is link_monitor377 - 
[15:28:12.299] [bmv2] [T] [thread 45731] [43.0] [cxt 0] Action link_monitor377
[15:28:12.299] [bmv2] [T] [thread 45731] [43.0] [cxt 0] link_monitor.p4(377) Primitive (bit<32>)standard_metadata.egress_port
[15:28:12.299] [bmv2] [T] [thread 45731] [43.0] [cxt 0] link_monitor.p4(377) Primitive byte_cnt_reg.read(byte_cnt, (bit<32>)standard_metadata.egress_port)
[15:28:12.299] [bmv2] [T] [thread 45731] [43.0] [cxt 0] Read register 'MyEgress.byte_cnt_reg' at index 0 read value 1120
[15:28:12.299] [bmv2] [T] [thread 45731] [43.0] [cxt 0] link_monitor.p4(378) Primitive byte_cnt = byte_cnt + standard_metadata.packet_length
[15:28:12.299] [bmv2] [T] [thread 45731] [43.0] [cxt 0] link_monitor.p4(380) Condition "hdr.probe.isValid()" (node_12) is false
[15:28:12.299] [bmv2] [T] [thread 45731] [43.0] [cxt 0] Applying table 'tbl_link_monitor380_0'
[15:28:12.299] [bmv2] [D] [thread 45731] [43.0] [cxt 0] Looking up key:

[15:28:12.299] [bmv2] [D] [thread 45731] [43.0] [cxt 0] Table 'tbl_link_monitor380_0': miss
[15:28:12.299] [bmv2] [D] [thread 45731] [43.0] [cxt 0] Action entry is link_monitor380_0 - 
[15:28:12.299] [bmv2] [T] [thread 45731] [43.0] [cxt 0] Action link_monitor380_0
[15:28:12.299] [bmv2] [T] [thread 45731] [43.0] [cxt 0] link_monitor.p4(380) Primitive (hdr.probe.isValid()) ? 0 : byte_cnt
[15:28:12.299] [bmv2] [T] [thread 45731] [43.0] [cxt 0] Applying table 'tbl_link_monitor381'
[15:28:12.299] [bmv2] [D] [thread 45731] [43.0] [cxt 0] Looking up key:

[15:28:12.299] [bmv2] [D] [thread 45731] [43.0] [cxt 0] Table 'tbl_link_monitor381': miss
[15:28:12.299] [bmv2] [D] [thread 45731] [43.0] [cxt 0] Action entry is link_monitor381 - 
[15:28:12.299] [bmv2] [T] [thread 45731] [43.0] [cxt 0] Action link_monitor381
[15:28:12.299] [bmv2] [T] [thread 45731] [43.0] [cxt 0] link_monitor.p4(381) Primitive (bit<32>)standard_metadata.egress_port
[15:28:12.299] [bmv2] [T] [thread 45731] [43.0] [cxt 0] link_monitor.p4(381) Primitive byte_cnt_reg.write((bit<32>)standard_metadata.egress_port, new_byte_cnt)
[15:28:12.299] [bmv2] [T] [thread 45731] [43.0] [cxt 0] Wrote register 'MyEgress.byte_cnt_reg' at index 0 with value 1190
[15:28:12.299] [bmv2] [T] [thread 45731] [43.0] [cxt 0] link_monitor.p4(383) Condition "hdr.probe.isValid()" (node_16) is false
[15:28:12.299] [bmv2] [D] [thread 45731] [43.0] [cxt 0] Pipeline 'egress': end
[15:28:12.299] [bmv2] [D] [thread 45731] [43.0] [cxt 0] Deparser 'deparser': start
[15:28:12.299] [bmv2] [T] [thread 45731] [43.0] [cxt 0] Skipping checksum 'cksum' update because condition not met
[15:28:12.299] [bmv2] [D] [thread 45731] [43.0] [cxt 0] Deparsing header 'ethernet'
[15:28:12.299] [bmv2] [D] [thread 45731] [43.0] [cxt 0] Deparser 'deparser': end
[15:28:12.300] [bmv2] [D] [thread 45735] [43.0] [cxt 0] Transmitting packet of size 70 out of port 0
[15:28:14.341] [bmv2] [D] [thread 45730] [44.0] [cxt 0] Processing packet received on port 3
[15:28:14.341] [bmv2] [D] [thread 45730] [44.0] [cxt 0] Parser 'parser': start
[15:28:14.341] [bmv2] [D] [thread 45730] [44.0] [cxt 0] Parser 'parser' entering state 'start'
[15:28:14.341] [bmv2] [D] [thread 45730] [44.0] [cxt 0] Extracting header 'ethernet'
[15:28:14.341] [bmv2] [D] [thread 45730] [44.0] [cxt 0] Parser state 'start': key is 86dd
[15:28:14.341] [bmv2] [T] [thread 45730] [44.0] [cxt 0] Bytes parsed: 14
[15:28:14.341] [bmv2] [D] [thread 45730] [44.0] [cxt 0] Parser 'parser': end
[15:28:14.341] [bmv2] [D] [thread 45730] [44.0] [cxt 0] Pipeline 'ingress': start
[15:28:14.342] [bmv2] [T] [thread 45730] [44.0] [cxt 0] link_monitor.p4(331) Condition "hdr.tcp.isValid()" (node_2) is false
[15:28:14.342] [bmv2] [T] [thread 45730] [44.0] [cxt 0] link_monitor.p4(335) Condition "hdr.ipv4.isValid()" (node_5) is false
[15:28:14.342] [bmv2] [T] [thread 45730] [44.0] [cxt 0] link_monitor.p4(338) Condition "hdr.probe.isValid()" (node_7) is false
[15:28:14.342] [bmv2] [D] [thread 45730] [44.0] [cxt 0] Pipeline 'ingress': end
[15:28:14.342] [bmv2] [D] [thread 45730] [44.0] [cxt 0] Egress port is 0
[15:28:14.345] [bmv2] [D] [thread 45731] [44.0] [cxt 0] Pipeline 'egress': start
[15:28:14.345] [bmv2] [T] [thread 45731] [44.0] [cxt 0] Applying table 'tbl_link_monitor377'
[15:28:14.345] [bmv2] [D] [thread 45731] [44.0] [cxt 0] Looking up key:

[15:28:14.345] [bmv2] [D] [thread 45731] [44.0] [cxt 0] Table 'tbl_link_monitor377': miss
[15:28:14.345] [bmv2] [D] [thread 45731] [44.0] [cxt 0] Action entry is link_monitor377 - 
[15:28:14.345] [bmv2] [T] [thread 45731] [44.0] [cxt 0] Action link_monitor377
[15:28:14.345] [bmv2] [T] [thread 45731] [44.0] [cxt 0] link_monitor.p4(377) Primitive (bit<32>)standard_metadata.egress_port
[15:28:14.345] [bmv2] [T] [thread 45731] [44.0] [cxt 0] link_monitor.p4(377) Primitive byte_cnt_reg.read(byte_cnt, (bit<32>)standard_metadata.egress_port)
[15:28:14.345] [bmv2] [T] [thread 45731] [44.0] [cxt 0] Read register 'MyEgress.byte_cnt_reg' at index 0 read value 1190
[15:28:14.345] [bmv2] [T] [thread 45731] [44.0] [cxt 0] link_monitor.p4(378) Primitive byte_cnt = byte_cnt + standard_metadata.packet_length
[15:28:14.345] [bmv2] [T] [thread 45731] [44.0] [cxt 0] link_monitor.p4(380) Condition "hdr.probe.isValid()" (node_12) is false
[15:28:14.345] [bmv2] [T] [thread 45731] [44.0] [cxt 0] Applying table 'tbl_link_monitor380_0'
[15:28:14.345] [bmv2] [D] [thread 45731] [44.0] [cxt 0] Looking up key:

[15:28:14.345] [bmv2] [D] [thread 45731] [44.0] [cxt 0] Table 'tbl_link_monitor380_0': miss
[15:28:14.345] [bmv2] [D] [thread 45731] [44.0] [cxt 0] Action entry is link_monitor380_0 - 
[15:28:14.345] [bmv2] [T] [thread 45731] [44.0] [cxt 0] Action link_monitor380_0
[15:28:14.345] [bmv2] [T] [thread 45731] [44.0] [cxt 0] link_monitor.p4(380) Primitive (hdr.probe.isValid()) ? 0 : byte_cnt
[15:28:14.345] [bmv2] [T] [thread 45731] [44.0] [cxt 0] Applying table 'tbl_link_monitor381'
[15:28:14.345] [bmv2] [D] [thread 45731] [44.0] [cxt 0] Looking up key:

[15:28:14.345] [bmv2] [D] [thread 45731] [44.0] [cxt 0] Table 'tbl_link_monitor381': miss
[15:28:14.345] [bmv2] [D] [thread 45731] [44.0] [cxt 0] Action entry is link_monitor381 - 
[15:28:14.345] [bmv2] [T] [thread 45731] [44.0] [cxt 0] Action link_monitor381
[15:28:14.345] [bmv2] [T] [thread 45731] [44.0] [cxt 0] link_monitor.p4(381) Primitive (bit<32>)standard_metadata.egress_port
[15:28:14.345] [bmv2] [T] [thread 45731] [44.0] [cxt 0] link_monitor.p4(381) Primitive byte_cnt_reg.write((bit<32>)standard_metadata.egress_port, new_byte_cnt)
[15:28:14.345] [bmv2] [T] [thread 45731] [44.0] [cxt 0] Wrote register 'MyEgress.byte_cnt_reg' at index 0 with value 1260
[15:28:14.345] [bmv2] [T] [thread 45731] [44.0] [cxt 0] link_monitor.p4(383) Condition "hdr.probe.isValid()" (node_16) is false
[15:28:14.345] [bmv2] [D] [thread 45731] [44.0] [cxt 0] Pipeline 'egress': end
[15:28:14.345] [bmv2] [D] [thread 45731] [44.0] [cxt 0] Deparser 'deparser': start
[15:28:14.345] [bmv2] [T] [thread 45731] [44.0] [cxt 0] Skipping checksum 'cksum' update because condition not met
[15:28:14.345] [bmv2] [D] [thread 45731] [44.0] [cxt 0] Deparsing header 'ethernet'
[15:28:14.345] [bmv2] [D] [thread 45731] [44.0] [cxt 0] Deparser 'deparser': end
[15:28:14.349] [bmv2] [D] [thread 45735] [44.0] [cxt 0] Transmitting packet of size 70 out of port 0
[15:28:36.869] [bmv2] [D] [thread 45730] [45.0] [cxt 0] Processing packet received on port 4
[15:28:36.869] [bmv2] [D] [thread 45730] [45.0] [cxt 0] Parser 'parser': start
[15:28:36.869] [bmv2] [D] [thread 45730] [45.0] [cxt 0] Parser 'parser' entering state 'start'
[15:28:36.869] [bmv2] [D] [thread 45730] [45.0] [cxt 0] Extracting header 'ethernet'
[15:28:36.869] [bmv2] [D] [thread 45730] [45.0] [cxt 0] Parser state 'start': key is 86dd
[15:28:36.869] [bmv2] [T] [thread 45730] [45.0] [cxt 0] Bytes parsed: 14
[15:28:36.869] [bmv2] [D] [thread 45730] [45.0] [cxt 0] Parser 'parser': end
[15:28:36.869] [bmv2] [D] [thread 45730] [45.0] [cxt 0] Pipeline 'ingress': start
[15:28:36.869] [bmv2] [T] [thread 45730] [45.0] [cxt 0] link_monitor.p4(331) Condition "hdr.tcp.isValid()" (node_2) is false
[15:28:36.869] [bmv2] [T] [thread 45730] [45.0] [cxt 0] link_monitor.p4(335) Condition "hdr.ipv4.isValid()" (node_5) is false
[15:28:36.869] [bmv2] [T] [thread 45730] [45.0] [cxt 0] link_monitor.p4(338) Condition "hdr.probe.isValid()" (node_7) is false
[15:28:36.869] [bmv2] [D] [thread 45730] [45.0] [cxt 0] Pipeline 'ingress': end
[15:28:36.869] [bmv2] [D] [thread 45730] [45.0] [cxt 0] Egress port is 0
[15:28:36.870] [bmv2] [D] [thread 45731] [45.0] [cxt 0] Pipeline 'egress': start
[15:28:36.870] [bmv2] [T] [thread 45731] [45.0] [cxt 0] Applying table 'tbl_link_monitor377'
[15:28:36.870] [bmv2] [D] [thread 45731] [45.0] [cxt 0] Looking up key:

[15:28:36.870] [bmv2] [D] [thread 45731] [45.0] [cxt 0] Table 'tbl_link_monitor377': miss
[15:28:36.870] [bmv2] [D] [thread 45731] [45.0] [cxt 0] Action entry is link_monitor377 - 
[15:28:36.870] [bmv2] [T] [thread 45731] [45.0] [cxt 0] Action link_monitor377
[15:28:36.870] [bmv2] [T] [thread 45731] [45.0] [cxt 0] link_monitor.p4(377) Primitive (bit<32>)standard_metadata.egress_port
[15:28:36.870] [bmv2] [T] [thread 45731] [45.0] [cxt 0] link_monitor.p4(377) Primitive byte_cnt_reg.read(byte_cnt, (bit<32>)standard_metadata.egress_port)
[15:28:36.870] [bmv2] [T] [thread 45731] [45.0] [cxt 0] Read register 'MyEgress.byte_cnt_reg' at index 0 read value 1260
[15:28:36.870] [bmv2] [T] [thread 45731] [45.0] [cxt 0] link_monitor.p4(378) Primitive byte_cnt = byte_cnt + standard_metadata.packet_length
[15:28:36.870] [bmv2] [T] [thread 45731] [45.0] [cxt 0] link_monitor.p4(380) Condition "hdr.probe.isValid()" (node_12) is false
[15:28:36.870] [bmv2] [T] [thread 45731] [45.0] [cxt 0] Applying table 'tbl_link_monitor380_0'
[15:28:36.870] [bmv2] [D] [thread 45731] [45.0] [cxt 0] Looking up key:

[15:28:36.870] [bmv2] [D] [thread 45731] [45.0] [cxt 0] Table 'tbl_link_monitor380_0': miss
[15:28:36.870] [bmv2] [D] [thread 45731] [45.0] [cxt 0] Action entry is link_monitor380_0 - 
[15:28:36.870] [bmv2] [T] [thread 45731] [45.0] [cxt 0] Action link_monitor380_0
[15:28:36.870] [bmv2] [T] [thread 45731] [45.0] [cxt 0] link_monitor.p4(380) Primitive (hdr.probe.isValid()) ? 0 : byte_cnt
[15:28:36.870] [bmv2] [T] [thread 45731] [45.0] [cxt 0] Applying table 'tbl_link_monitor381'
[15:28:36.870] [bmv2] [D] [thread 45731] [45.0] [cxt 0] Looking up key:

[15:28:36.870] [bmv2] [D] [thread 45731] [45.0] [cxt 0] Table 'tbl_link_monitor381': miss
[15:28:36.870] [bmv2] [D] [thread 45731] [45.0] [cxt 0] Action entry is link_monitor381 - 
[15:28:36.870] [bmv2] [T] [thread 45731] [45.0] [cxt 0] Action link_monitor381
[15:28:36.870] [bmv2] [T] [thread 45731] [45.0] [cxt 0] link_monitor.p4(381) Primitive (bit<32>)standard_metadata.egress_port
[15:28:36.870] [bmv2] [T] [thread 45731] [45.0] [cxt 0] link_monitor.p4(381) Primitive byte_cnt_reg.write((bit<32>)standard_metadata.egress_port, new_byte_cnt)
[15:28:36.870] [bmv2] [T] [thread 45731] [45.0] [cxt 0] Wrote register 'MyEgress.byte_cnt_reg' at index 0 with value 1330
[15:28:36.870] [bmv2] [T] [thread 45731] [45.0] [cxt 0] link_monitor.p4(383) Condition "hdr.probe.isValid()" (node_16) is false
[15:28:36.870] [bmv2] [D] [thread 45731] [45.0] [cxt 0] Pipeline 'egress': end
[15:28:36.870] [bmv2] [D] [thread 45731] [45.0] [cxt 0] Deparser 'deparser': start
[15:28:36.870] [bmv2] [T] [thread 45731] [45.0] [cxt 0] Skipping checksum 'cksum' update because condition not met
[15:28:36.870] [bmv2] [D] [thread 45731] [45.0] [cxt 0] Deparsing header 'ethernet'
[15:28:36.870] [bmv2] [D] [thread 45731] [45.0] [cxt 0] Deparser 'deparser': end
[15:28:36.870] [bmv2] [D] [thread 45735] [45.0] [cxt 0] Transmitting packet of size 70 out of port 0
[15:28:40.967] [bmv2] [D] [thread 45730] [46.0] [cxt 0] Processing packet received on port 2
[15:28:40.967] [bmv2] [D] [thread 45730] [46.0] [cxt 0] Parser 'parser': start
[15:28:40.967] [bmv2] [D] [thread 45730] [46.0] [cxt 0] Parser 'parser' entering state 'start'
[15:28:40.967] [bmv2] [D] [thread 45730] [46.0] [cxt 0] Extracting header 'ethernet'
[15:28:40.967] [bmv2] [D] [thread 45730] [46.0] [cxt 0] Parser state 'start': key is 86dd
[15:28:40.967] [bmv2] [T] [thread 45730] [46.0] [cxt 0] Bytes parsed: 14
[15:28:40.967] [bmv2] [D] [thread 45730] [46.0] [cxt 0] Parser 'parser': end
[15:28:40.967] [bmv2] [D] [thread 45730] [46.0] [cxt 0] Pipeline 'ingress': start
[15:28:40.967] [bmv2] [T] [thread 45730] [46.0] [cxt 0] link_monitor.p4(331) Condition "hdr.tcp.isValid()" (node_2) is false
[15:28:40.967] [bmv2] [T] [thread 45730] [46.0] [cxt 0] link_monitor.p4(335) Condition "hdr.ipv4.isValid()" (node_5) is false
[15:28:40.967] [bmv2] [T] [thread 45730] [46.0] [cxt 0] link_monitor.p4(338) Condition "hdr.probe.isValid()" (node_7) is false
[15:28:40.967] [bmv2] [D] [thread 45730] [46.0] [cxt 0] Pipeline 'ingress': end
[15:28:40.967] [bmv2] [D] [thread 45730] [46.0] [cxt 0] Egress port is 0
[15:28:40.967] [bmv2] [D] [thread 45731] [46.0] [cxt 0] Pipeline 'egress': start
[15:28:40.967] [bmv2] [T] [thread 45731] [46.0] [cxt 0] Applying table 'tbl_link_monitor377'
[15:28:40.967] [bmv2] [D] [thread 45731] [46.0] [cxt 0] Looking up key:

[15:28:40.967] [bmv2] [D] [thread 45731] [46.0] [cxt 0] Table 'tbl_link_monitor377': miss
[15:28:40.967] [bmv2] [D] [thread 45731] [46.0] [cxt 0] Action entry is link_monitor377 - 
[15:28:40.967] [bmv2] [T] [thread 45731] [46.0] [cxt 0] Action link_monitor377
[15:28:40.967] [bmv2] [T] [thread 45731] [46.0] [cxt 0] link_monitor.p4(377) Primitive (bit<32>)standard_metadata.egress_port
[15:28:40.967] [bmv2] [T] [thread 45731] [46.0] [cxt 0] link_monitor.p4(377) Primitive byte_cnt_reg.read(byte_cnt, (bit<32>)standard_metadata.egress_port)
[15:28:40.967] [bmv2] [T] [thread 45731] [46.0] [cxt 0] Read register 'MyEgress.byte_cnt_reg' at index 0 read value 1330
[15:28:40.967] [bmv2] [T] [thread 45731] [46.0] [cxt 0] link_monitor.p4(378) Primitive byte_cnt = byte_cnt + standard_metadata.packet_length
[15:28:40.967] [bmv2] [T] [thread 45731] [46.0] [cxt 0] link_monitor.p4(380) Condition "hdr.probe.isValid()" (node_12) is false
[15:28:40.967] [bmv2] [T] [thread 45731] [46.0] [cxt 0] Applying table 'tbl_link_monitor380_0'
[15:28:40.967] [bmv2] [D] [thread 45731] [46.0] [cxt 0] Looking up key:

[15:28:40.967] [bmv2] [D] [thread 45731] [46.0] [cxt 0] Table 'tbl_link_monitor380_0': miss
[15:28:40.968] [bmv2] [D] [thread 45731] [46.0] [cxt 0] Action entry is link_monitor380_0 - 
[15:28:40.968] [bmv2] [T] [thread 45731] [46.0] [cxt 0] Action link_monitor380_0
[15:28:40.968] [bmv2] [T] [thread 45731] [46.0] [cxt 0] link_monitor.p4(380) Primitive (hdr.probe.isValid()) ? 0 : byte_cnt
[15:28:40.968] [bmv2] [T] [thread 45731] [46.0] [cxt 0] Applying table 'tbl_link_monitor381'
[15:28:40.968] [bmv2] [D] [thread 45731] [46.0] [cxt 0] Looking up key:

[15:28:40.968] [bmv2] [D] [thread 45731] [46.0] [cxt 0] Table 'tbl_link_monitor381': miss
[15:28:40.968] [bmv2] [D] [thread 45731] [46.0] [cxt 0] Action entry is link_monitor381 - 
[15:28:40.968] [bmv2] [T] [thread 45731] [46.0] [cxt 0] Action link_monitor381
[15:28:40.968] [bmv2] [T] [thread 45731] [46.0] [cxt 0] link_monitor.p4(381) Primitive (bit<32>)standard_metadata.egress_port
[15:28:40.968] [bmv2] [T] [thread 45731] [46.0] [cxt 0] link_monitor.p4(381) Primitive byte_cnt_reg.write((bit<32>)standard_metadata.egress_port, new_byte_cnt)
[15:28:40.968] [bmv2] [T] [thread 45731] [46.0] [cxt 0] Wrote register 'MyEgress.byte_cnt_reg' at index 0 with value 1400
[15:28:40.968] [bmv2] [T] [thread 45731] [46.0] [cxt 0] link_monitor.p4(383) Condition "hdr.probe.isValid()" (node_16) is false
[15:28:40.968] [bmv2] [D] [thread 45731] [46.0] [cxt 0] Pipeline 'egress': end
[15:28:40.968] [bmv2] [D] [thread 45731] [46.0] [cxt 0] Deparser 'deparser': start
[15:28:40.968] [bmv2] [T] [thread 45731] [46.0] [cxt 0] Skipping checksum 'cksum' update because condition not met
[15:28:40.968] [bmv2] [D] [thread 45731] [46.0] [cxt 0] Deparsing header 'ethernet'
[15:28:40.968] [bmv2] [D] [thread 45731] [46.0] [cxt 0] Deparser 'deparser': end
[15:28:40.968] [bmv2] [D] [thread 45735] [46.0] [cxt 0] Transmitting packet of size 70 out of port 0
[15:28:43.014] [bmv2] [D] [thread 45730] [47.0] [cxt 0] Processing packet received on port 3
[15:28:43.014] [bmv2] [D] [thread 45730] [47.0] [cxt 0] Parser 'parser': start
[15:28:43.014] [bmv2] [D] [thread 45730] [47.0] [cxt 0] Parser 'parser' entering state 'start'
[15:28:43.014] [bmv2] [D] [thread 45730] [47.0] [cxt 0] Extracting header 'ethernet'
[15:28:43.014] [bmv2] [D] [thread 45730] [47.0] [cxt 0] Parser state 'start': key is 86dd
[15:28:43.014] [bmv2] [T] [thread 45730] [47.0] [cxt 0] Bytes parsed: 14
[15:28:43.014] [bmv2] [D] [thread 45730] [47.0] [cxt 0] Parser 'parser': end
[15:28:43.014] [bmv2] [D] [thread 45730] [47.0] [cxt 0] Pipeline 'ingress': start
[15:28:43.014] [bmv2] [T] [thread 45730] [47.0] [cxt 0] link_monitor.p4(331) Condition "hdr.tcp.isValid()" (node_2) is false
[15:28:43.014] [bmv2] [T] [thread 45730] [47.0] [cxt 0] link_monitor.p4(335) Condition "hdr.ipv4.isValid()" (node_5) is false
[15:28:43.014] [bmv2] [T] [thread 45730] [47.0] [cxt 0] link_monitor.p4(338) Condition "hdr.probe.isValid()" (node_7) is false
[15:28:43.014] [bmv2] [D] [thread 45730] [47.0] [cxt 0] Pipeline 'ingress': end
[15:28:43.014] [bmv2] [D] [thread 45730] [47.0] [cxt 0] Egress port is 0
[15:28:43.014] [bmv2] [D] [thread 45731] [47.0] [cxt 0] Pipeline 'egress': start
[15:28:43.014] [bmv2] [T] [thread 45731] [47.0] [cxt 0] Applying table 'tbl_link_monitor377'
[15:28:43.014] [bmv2] [D] [thread 45731] [47.0] [cxt 0] Looking up key:

[15:28:43.014] [bmv2] [D] [thread 45731] [47.0] [cxt 0] Table 'tbl_link_monitor377': miss
[15:28:43.014] [bmv2] [D] [thread 45731] [47.0] [cxt 0] Action entry is link_monitor377 - 
[15:28:43.014] [bmv2] [T] [thread 45731] [47.0] [cxt 0] Action link_monitor377
[15:28:43.014] [bmv2] [T] [thread 45731] [47.0] [cxt 0] link_monitor.p4(377) Primitive (bit<32>)standard_metadata.egress_port
[15:28:43.014] [bmv2] [T] [thread 45731] [47.0] [cxt 0] link_monitor.p4(377) Primitive byte_cnt_reg.read(byte_cnt, (bit<32>)standard_metadata.egress_port)
[15:28:43.014] [bmv2] [T] [thread 45731] [47.0] [cxt 0] Read register 'MyEgress.byte_cnt_reg' at index 0 read value 1400
[15:28:43.014] [bmv2] [T] [thread 45731] [47.0] [cxt 0] link_monitor.p4(378) Primitive byte_cnt = byte_cnt + standard_metadata.packet_length
[15:28:43.014] [bmv2] [T] [thread 45731] [47.0] [cxt 0] link_monitor.p4(380) Condition "hdr.probe.isValid()" (node_12) is false
[15:28:43.014] [bmv2] [T] [thread 45731] [47.0] [cxt 0] Applying table 'tbl_link_monitor380_0'
[15:28:43.014] [bmv2] [D] [thread 45731] [47.0] [cxt 0] Looking up key:

[15:28:43.014] [bmv2] [D] [thread 45731] [47.0] [cxt 0] Table 'tbl_link_monitor380_0': miss
[15:28:43.014] [bmv2] [D] [thread 45731] [47.0] [cxt 0] Action entry is link_monitor380_0 - 
[15:28:43.014] [bmv2] [T] [thread 45731] [47.0] [cxt 0] Action link_monitor380_0
[15:28:43.014] [bmv2] [T] [thread 45731] [47.0] [cxt 0] link_monitor.p4(380) Primitive (hdr.probe.isValid()) ? 0 : byte_cnt
[15:28:43.014] [bmv2] [T] [thread 45731] [47.0] [cxt 0] Applying table 'tbl_link_monitor381'
[15:28:43.014] [bmv2] [D] [thread 45731] [47.0] [cxt 0] Looking up key:

[15:28:43.014] [bmv2] [D] [thread 45731] [47.0] [cxt 0] Table 'tbl_link_monitor381': miss
[15:28:43.014] [bmv2] [D] [thread 45731] [47.0] [cxt 0] Action entry is link_monitor381 - 
[15:28:43.014] [bmv2] [T] [thread 45731] [47.0] [cxt 0] Action link_monitor381
[15:28:43.014] [bmv2] [T] [thread 45731] [47.0] [cxt 0] link_monitor.p4(381) Primitive (bit<32>)standard_metadata.egress_port
[15:28:43.014] [bmv2] [T] [thread 45731] [47.0] [cxt 0] link_monitor.p4(381) Primitive byte_cnt_reg.write((bit<32>)standard_metadata.egress_port, new_byte_cnt)
[15:28:43.014] [bmv2] [T] [thread 45731] [47.0] [cxt 0] Wrote register 'MyEgress.byte_cnt_reg' at index 0 with value 1470
[15:28:43.014] [bmv2] [T] [thread 45731] [47.0] [cxt 0] link_monitor.p4(383) Condition "hdr.probe.isValid()" (node_16) is false
[15:28:43.014] [bmv2] [D] [thread 45731] [47.0] [cxt 0] Pipeline 'egress': end
[15:28:43.014] [bmv2] [D] [thread 45731] [47.0] [cxt 0] Deparser 'deparser': start
[15:28:43.014] [bmv2] [T] [thread 45731] [47.0] [cxt 0] Skipping checksum 'cksum' update because condition not met
[15:28:43.014] [bmv2] [D] [thread 45731] [47.0] [cxt 0] Deparsing header 'ethernet'
[15:28:43.014] [bmv2] [D] [thread 45731] [47.0] [cxt 0] Deparser 'deparser': end
[15:28:43.014] [bmv2] [D] [thread 45735] [47.0] [cxt 0] Transmitting packet of size 70 out of port 0
[15:28:45.061] [bmv2] [D] [thread 45730] [48.0] [cxt 0] Processing packet received on port 1
[15:28:45.061] [bmv2] [D] [thread 45730] [48.0] [cxt 0] Parser 'parser': start
[15:28:45.061] [bmv2] [D] [thread 45730] [48.0] [cxt 0] Parser 'parser' entering state 'start'
[15:28:45.061] [bmv2] [D] [thread 45730] [48.0] [cxt 0] Extracting header 'ethernet'
[15:28:45.061] [bmv2] [D] [thread 45730] [48.0] [cxt 0] Parser state 'start': key is 86dd
[15:28:45.061] [bmv2] [T] [thread 45730] [48.0] [cxt 0] Bytes parsed: 14
[15:28:45.061] [bmv2] [D] [thread 45730] [48.0] [cxt 0] Parser 'parser': end
[15:28:45.061] [bmv2] [D] [thread 45730] [48.0] [cxt 0] Pipeline 'ingress': start
[15:28:45.061] [bmv2] [T] [thread 45730] [48.0] [cxt 0] link_monitor.p4(331) Condition "hdr.tcp.isValid()" (node_2) is false
[15:28:45.061] [bmv2] [T] [thread 45730] [48.0] [cxt 0] link_monitor.p4(335) Condition "hdr.ipv4.isValid()" (node_5) is false
[15:28:45.061] [bmv2] [T] [thread 45730] [48.0] [cxt 0] link_monitor.p4(338) Condition "hdr.probe.isValid()" (node_7) is false
[15:28:45.061] [bmv2] [D] [thread 45730] [48.0] [cxt 0] Pipeline 'ingress': end
[15:28:45.061] [bmv2] [D] [thread 45730] [48.0] [cxt 0] Egress port is 0
[15:28:45.061] [bmv2] [D] [thread 45730] [49.0] [cxt 0] Processing packet received on port 4
[15:28:45.061] [bmv2] [D] [thread 45730] [49.0] [cxt 0] Parser 'parser': start
[15:28:45.061] [bmv2] [D] [thread 45730] [49.0] [cxt 0] Parser 'parser' entering state 'start'
[15:28:45.061] [bmv2] [D] [thread 45730] [49.0] [cxt 0] Extracting header 'ethernet'
[15:28:45.061] [bmv2] [D] [thread 45730] [49.0] [cxt 0] Parser state 'start': key is 86dd
[15:28:45.061] [bmv2] [T] [thread 45730] [49.0] [cxt 0] Bytes parsed: 14
[15:28:45.061] [bmv2] [D] [thread 45730] [49.0] [cxt 0] Parser 'parser': end
[15:28:45.061] [bmv2] [D] [thread 45730] [49.0] [cxt 0] Pipeline 'ingress': start
[15:28:45.061] [bmv2] [T] [thread 45730] [49.0] [cxt 0] link_monitor.p4(331) Condition "hdr.tcp.isValid()" (node_2) is false
[15:28:45.061] [bmv2] [T] [thread 45730] [49.0] [cxt 0] link_monitor.p4(335) Condition "hdr.ipv4.isValid()" (node_5) is false
[15:28:45.061] [bmv2] [T] [thread 45730] [49.0] [cxt 0] link_monitor.p4(338) Condition "hdr.probe.isValid()" (node_7) is false
[15:28:45.061] [bmv2] [D] [thread 45730] [49.0] [cxt 0] Pipeline 'ingress': end
[15:28:45.061] [bmv2] [D] [thread 45730] [49.0] [cxt 0] Egress port is 0
[15:28:45.061] [bmv2] [D] [thread 45731] [48.0] [cxt 0] Pipeline 'egress': start
[15:28:45.061] [bmv2] [T] [thread 45731] [48.0] [cxt 0] Applying table 'tbl_link_monitor377'
[15:28:45.061] [bmv2] [D] [thread 45731] [48.0] [cxt 0] Looking up key:

[15:28:45.061] [bmv2] [D] [thread 45731] [48.0] [cxt 0] Table 'tbl_link_monitor377': miss
[15:28:45.061] [bmv2] [D] [thread 45731] [48.0] [cxt 0] Action entry is link_monitor377 - 
[15:28:45.061] [bmv2] [T] [thread 45731] [48.0] [cxt 0] Action link_monitor377
[15:28:45.061] [bmv2] [T] [thread 45731] [48.0] [cxt 0] link_monitor.p4(377) Primitive (bit<32>)standard_metadata.egress_port
[15:28:45.061] [bmv2] [T] [thread 45731] [48.0] [cxt 0] link_monitor.p4(377) Primitive byte_cnt_reg.read(byte_cnt, (bit<32>)standard_metadata.egress_port)
[15:28:45.061] [bmv2] [T] [thread 45731] [48.0] [cxt 0] Read register 'MyEgress.byte_cnt_reg' at index 0 read value 1470
[15:28:45.061] [bmv2] [T] [thread 45731] [48.0] [cxt 0] link_monitor.p4(378) Primitive byte_cnt = byte_cnt + standard_metadata.packet_length
[15:28:45.061] [bmv2] [T] [thread 45731] [48.0] [cxt 0] link_monitor.p4(380) Condition "hdr.probe.isValid()" (node_12) is false
[15:28:45.061] [bmv2] [T] [thread 45731] [48.0] [cxt 0] Applying table 'tbl_link_monitor380_0'
[15:28:45.061] [bmv2] [D] [thread 45731] [48.0] [cxt 0] Looking up key:

[15:28:45.061] [bmv2] [D] [thread 45731] [48.0] [cxt 0] Table 'tbl_link_monitor380_0': miss
[15:28:45.061] [bmv2] [D] [thread 45731] [48.0] [cxt 0] Action entry is link_monitor380_0 - 
[15:28:45.061] [bmv2] [T] [thread 45731] [48.0] [cxt 0] Action link_monitor380_0
[15:28:45.061] [bmv2] [T] [thread 45731] [48.0] [cxt 0] link_monitor.p4(380) Primitive (hdr.probe.isValid()) ? 0 : byte_cnt
[15:28:45.061] [bmv2] [T] [thread 45731] [48.0] [cxt 0] Applying table 'tbl_link_monitor381'
[15:28:45.061] [bmv2] [D] [thread 45731] [48.0] [cxt 0] Looking up key:

[15:28:45.061] [bmv2] [D] [thread 45731] [48.0] [cxt 0] Table 'tbl_link_monitor381': miss
[15:28:45.061] [bmv2] [D] [thread 45731] [48.0] [cxt 0] Action entry is link_monitor381 - 
[15:28:45.061] [bmv2] [T] [thread 45731] [48.0] [cxt 0] Action link_monitor381
[15:28:45.061] [bmv2] [T] [thread 45731] [48.0] [cxt 0] link_monitor.p4(381) Primitive (bit<32>)standard_metadata.egress_port
[15:28:45.061] [bmv2] [T] [thread 45731] [48.0] [cxt 0] link_monitor.p4(381) Primitive byte_cnt_reg.write((bit<32>)standard_metadata.egress_port, new_byte_cnt)
[15:28:45.061] [bmv2] [T] [thread 45731] [48.0] [cxt 0] Wrote register 'MyEgress.byte_cnt_reg' at index 0 with value 1540
[15:28:45.061] [bmv2] [T] [thread 45731] [48.0] [cxt 0] link_monitor.p4(383) Condition "hdr.probe.isValid()" (node_16) is false
[15:28:45.061] [bmv2] [D] [thread 45731] [48.0] [cxt 0] Pipeline 'egress': end
[15:28:45.061] [bmv2] [D] [thread 45731] [48.0] [cxt 0] Deparser 'deparser': start
[15:28:45.061] [bmv2] [T] [thread 45731] [48.0] [cxt 0] Skipping checksum 'cksum' update because condition not met
[15:28:45.061] [bmv2] [D] [thread 45731] [48.0] [cxt 0] Deparsing header 'ethernet'
[15:28:45.061] [bmv2] [D] [thread 45731] [48.0] [cxt 0] Deparser 'deparser': end
[15:28:45.061] [bmv2] [D] [thread 45731] [49.0] [cxt 0] Pipeline 'egress': start
[15:28:45.062] [bmv2] [T] [thread 45731] [49.0] [cxt 0] Applying table 'tbl_link_monitor377'
[15:28:45.062] [bmv2] [D] [thread 45731] [49.0] [cxt 0] Looking up key:

[15:28:45.062] [bmv2] [D] [thread 45731] [49.0] [cxt 0] Table 'tbl_link_monitor377': miss
[15:28:45.062] [bmv2] [D] [thread 45731] [49.0] [cxt 0] Action entry is link_monitor377 - 
[15:28:45.062] [bmv2] [T] [thread 45731] [49.0] [cxt 0] Action link_monitor377
[15:28:45.062] [bmv2] [T] [thread 45731] [49.0] [cxt 0] link_monitor.p4(377) Primitive (bit<32>)standard_metadata.egress_port
[15:28:45.062] [bmv2] [T] [thread 45731] [49.0] [cxt 0] link_monitor.p4(377) Primitive byte_cnt_reg.read(byte_cnt, (bit<32>)standard_metadata.egress_port)
[15:28:45.062] [bmv2] [T] [thread 45731] [49.0] [cxt 0] Read register 'MyEgress.byte_cnt_reg' at index 0 read value 1540
[15:28:45.062] [bmv2] [T] [thread 45731] [49.0] [cxt 0] link_monitor.p4(378) Primitive byte_cnt = byte_cnt + standard_metadata.packet_length
[15:28:45.062] [bmv2] [T] [thread 45731] [49.0] [cxt 0] link_monitor.p4(380) Condition "hdr.probe.isValid()" (node_12) is false
[15:28:45.062] [bmv2] [T] [thread 45731] [49.0] [cxt 0] Applying table 'tbl_link_monitor380_0'
[15:28:45.062] [bmv2] [D] [thread 45731] [49.0] [cxt 0] Looking up key:

[15:28:45.062] [bmv2] [D] [thread 45731] [49.0] [cxt 0] Table 'tbl_link_monitor380_0': miss
[15:28:45.062] [bmv2] [D] [thread 45731] [49.0] [cxt 0] Action entry is link_monitor380_0 - 
[15:28:45.062] [bmv2] [T] [thread 45731] [49.0] [cxt 0] Action link_monitor380_0
[15:28:45.062] [bmv2] [T] [thread 45731] [49.0] [cxt 0] link_monitor.p4(380) Primitive (hdr.probe.isValid()) ? 0 : byte_cnt
[15:28:45.062] [bmv2] [T] [thread 45731] [49.0] [cxt 0] Applying table 'tbl_link_monitor381'
[15:28:45.062] [bmv2] [D] [thread 45731] [49.0] [cxt 0] Looking up key:

[15:28:45.062] [bmv2] [D] [thread 45731] [49.0] [cxt 0] Table 'tbl_link_monitor381': miss
[15:28:45.062] [bmv2] [D] [thread 45731] [49.0] [cxt 0] Action entry is link_monitor381 - 
[15:28:45.062] [bmv2] [T] [thread 45731] [49.0] [cxt 0] Action link_monitor381
[15:28:45.062] [bmv2] [T] [thread 45731] [49.0] [cxt 0] link_monitor.p4(381) Primitive (bit<32>)standard_metadata.egress_port
[15:28:45.062] [bmv2] [T] [thread 45731] [49.0] [cxt 0] link_monitor.p4(381) Primitive byte_cnt_reg.write((bit<32>)standard_metadata.egress_port, new_byte_cnt)
[15:28:45.062] [bmv2] [T] [thread 45731] [49.0] [cxt 0] Wrote register 'MyEgress.byte_cnt_reg' at index 0 with value 1610
[15:28:45.062] [bmv2] [T] [thread 45731] [49.0] [cxt 0] link_monitor.p4(383) Condition "hdr.probe.isValid()" (node_16) is false
[15:28:45.062] [bmv2] [D] [thread 45731] [49.0] [cxt 0] Pipeline 'egress': end
[15:28:45.062] [bmv2] [D] [thread 45731] [49.0] [cxt 0] Deparser 'deparser': start
[15:28:45.062] [bmv2] [T] [thread 45731] [49.0] [cxt 0] Skipping checksum 'cksum' update because condition not met
[15:28:45.062] [bmv2] [D] [thread 45731] [49.0] [cxt 0] Deparsing header 'ethernet'
[15:28:45.062] [bmv2] [D] [thread 45731] [49.0] [cxt 0] Deparser 'deparser': end
[15:28:45.062] [bmv2] [D] [thread 45735] [48.0] [cxt 0] Transmitting packet of size 70 out of port 0
[15:28:45.062] [bmv2] [D] [thread 45735] [49.0] [cxt 0] Transmitting packet of size 70 out of port 0
[15:28:49.159] [bmv2] [D] [thread 45730] [50.0] [cxt 0] Processing packet received on port 3
[15:28:49.159] [bmv2] [D] [thread 45730] [50.0] [cxt 0] Parser 'parser': start
[15:28:49.159] [bmv2] [D] [thread 45730] [50.0] [cxt 0] Parser 'parser' entering state 'start'
[15:28:49.159] [bmv2] [D] [thread 45730] [50.0] [cxt 0] Extracting header 'ethernet'
[15:28:49.159] [bmv2] [D] [thread 45730] [50.0] [cxt 0] Parser state 'start': key is 86dd
[15:28:49.159] [bmv2] [T] [thread 45730] [50.0] [cxt 0] Bytes parsed: 14
[15:28:49.159] [bmv2] [D] [thread 45730] [50.0] [cxt 0] Parser 'parser': end
[15:28:49.159] [bmv2] [D] [thread 45730] [50.0] [cxt 0] Pipeline 'ingress': start
[15:28:49.159] [bmv2] [T] [thread 45730] [50.0] [cxt 0] link_monitor.p4(331) Condition "hdr.tcp.isValid()" (node_2) is false
[15:28:49.159] [bmv2] [T] [thread 45730] [50.0] [cxt 0] link_monitor.p4(335) Condition "hdr.ipv4.isValid()" (node_5) is false
[15:28:49.159] [bmv2] [T] [thread 45730] [50.0] [cxt 0] link_monitor.p4(338) Condition "hdr.probe.isValid()" (node_7) is false
[15:28:49.159] [bmv2] [D] [thread 45730] [50.0] [cxt 0] Pipeline 'ingress': end
[15:28:49.159] [bmv2] [D] [thread 45730] [50.0] [cxt 0] Egress port is 0
[15:28:49.159] [bmv2] [D] [thread 45731] [50.0] [cxt 0] Pipeline 'egress': start
[15:28:49.159] [bmv2] [T] [thread 45731] [50.0] [cxt 0] Applying table 'tbl_link_monitor377'
[15:28:49.159] [bmv2] [D] [thread 45731] [50.0] [cxt 0] Looking up key:

[15:28:49.159] [bmv2] [D] [thread 45731] [50.0] [cxt 0] Table 'tbl_link_monitor377': miss
[15:28:49.159] [bmv2] [D] [thread 45731] [50.0] [cxt 0] Action entry is link_monitor377 - 
[15:28:49.159] [bmv2] [T] [thread 45731] [50.0] [cxt 0] Action link_monitor377
[15:28:49.159] [bmv2] [T] [thread 45731] [50.0] [cxt 0] link_monitor.p4(377) Primitive (bit<32>)standard_metadata.egress_port
[15:28:49.159] [bmv2] [T] [thread 45731] [50.0] [cxt 0] link_monitor.p4(377) Primitive byte_cnt_reg.read(byte_cnt, (bit<32>)standard_metadata.egress_port)
[15:28:49.159] [bmv2] [T] [thread 45731] [50.0] [cxt 0] Read register 'MyEgress.byte_cnt_reg' at index 0 read value 1610
[15:28:49.159] [bmv2] [T] [thread 45731] [50.0] [cxt 0] link_monitor.p4(378) Primitive byte_cnt = byte_cnt + standard_metadata.packet_length
[15:28:49.159] [bmv2] [T] [thread 45731] [50.0] [cxt 0] link_monitor.p4(380) Condition "hdr.probe.isValid()" (node_12) is false
[15:28:49.159] [bmv2] [T] [thread 45731] [50.0] [cxt 0] Applying table 'tbl_link_monitor380_0'
[15:28:49.159] [bmv2] [D] [thread 45731] [50.0] [cxt 0] Looking up key:

[15:28:49.159] [bmv2] [D] [thread 45731] [50.0] [cxt 0] Table 'tbl_link_monitor380_0': miss
[15:28:49.159] [bmv2] [D] [thread 45731] [50.0] [cxt 0] Action entry is link_monitor380_0 - 
[15:28:49.159] [bmv2] [T] [thread 45731] [50.0] [cxt 0] Action link_monitor380_0
[15:28:49.159] [bmv2] [T] [thread 45731] [50.0] [cxt 0] link_monitor.p4(380) Primitive (hdr.probe.isValid()) ? 0 : byte_cnt
[15:28:49.159] [bmv2] [T] [thread 45731] [50.0] [cxt 0] Applying table 'tbl_link_monitor381'
[15:28:49.159] [bmv2] [D] [thread 45731] [50.0] [cxt 0] Looking up key:

[15:28:49.159] [bmv2] [D] [thread 45731] [50.0] [cxt 0] Table 'tbl_link_monitor381': miss
[15:28:49.159] [bmv2] [D] [thread 45731] [50.0] [cxt 0] Action entry is link_monitor381 - 
[15:28:49.160] [bmv2] [T] [thread 45731] [50.0] [cxt 0] Action link_monitor381
[15:28:49.160] [bmv2] [T] [thread 45731] [50.0] [cxt 0] link_monitor.p4(381) Primitive (bit<32>)standard_metadata.egress_port
[15:28:49.160] [bmv2] [T] [thread 45731] [50.0] [cxt 0] link_monitor.p4(381) Primitive byte_cnt_reg.write((bit<32>)standard_metadata.egress_port, new_byte_cnt)
[15:28:49.160] [bmv2] [T] [thread 45731] [50.0] [cxt 0] Wrote register 'MyEgress.byte_cnt_reg' at index 0 with value 1680
[15:28:49.160] [bmv2] [T] [thread 45731] [50.0] [cxt 0] link_monitor.p4(383) Condition "hdr.probe.isValid()" (node_16) is false
[15:28:49.160] [bmv2] [D] [thread 45731] [50.0] [cxt 0] Pipeline 'egress': end
[15:28:49.160] [bmv2] [D] [thread 45731] [50.0] [cxt 0] Deparser 'deparser': start
[15:28:49.160] [bmv2] [T] [thread 45731] [50.0] [cxt 0] Skipping checksum 'cksum' update because condition not met
[15:28:49.160] [bmv2] [D] [thread 45731] [50.0] [cxt 0] Deparsing header 'ethernet'
[15:28:49.160] [bmv2] [D] [thread 45731] [50.0] [cxt 0] Deparser 'deparser': end
[15:28:49.160] [bmv2] [D] [thread 45735] [50.0] [cxt 0] Transmitting packet of size 70 out of port 0
[15:29:04.785] [bmv2] [D] [thread 45730] [51.0] [cxt 0] Processing packet received on port 1
[15:29:04.785] [bmv2] [D] [thread 45730] [51.0] [cxt 0] Parser 'parser': start
[15:29:04.785] [bmv2] [D] [thread 45730] [51.0] [cxt 0] Parser 'parser' entering state 'start'
[15:29:04.785] [bmv2] [D] [thread 45730] [51.0] [cxt 0] Extracting header 'ethernet'
[15:29:04.785] [bmv2] [D] [thread 45730] [51.0] [cxt 0] Parser state 'start': key is 0800
[15:29:04.785] [bmv2] [T] [thread 45730] [51.0] [cxt 0] Bytes parsed: 14
[15:29:04.785] [bmv2] [D] [thread 45730] [51.0] [cxt 0] Parser 'parser' entering state 'parse_ipv4'
[15:29:04.785] [bmv2] [D] [thread 45730] [51.0] [cxt 0] Extracting header 'ipv4'
[15:29:04.785] [bmv2] [D] [thread 45730] [51.0] [cxt 0] Parser state 'parse_ipv4': key is 06
[15:29:04.785] [bmv2] [T] [thread 45730] [51.0] [cxt 0] Bytes parsed: 34
[15:29:04.785] [bmv2] [D] [thread 45730] [51.0] [cxt 0] Parser 'parser' entering state 'parse_tcp'
[15:29:04.785] [bmv2] [D] [thread 45730] [51.0] [cxt 0] Extracting header 'tcp'
[15:29:04.785] [bmv2] [D] [thread 45730] [51.0] [cxt 0] Parser state 'parse_tcp' has no switch, going to default next state
[15:29:04.785] [bmv2] [T] [thread 45730] [51.0] [cxt 0] Bytes parsed: 54
[15:29:04.785] [bmv2] [D] [thread 45730] [51.0] [cxt 0] Parser 'parser': end
[15:29:04.785] [bmv2] [D] [thread 45730] [51.0] [cxt 0] Pipeline 'ingress': start
[15:29:04.785] [bmv2] [T] [thread 45730] [51.0] [cxt 0] link_monitor.p4(331) Condition "hdr.tcp.isValid()" (node_2) is true
[15:29:04.785] [bmv2] [T] [thread 45730] [51.0] [cxt 0] Applying table 'MyIngress.tcp_lb'
[15:29:04.785] [bmv2] [D] [thread 45730] [51.0] [cxt 0] Looking up key:
* hdr.ipv4.dstAddr    : 0a000404

[15:29:04.785] [bmv2] [D] [thread 45730] [51.0] [cxt 0] Table 'MyIngress.tcp_lb': hit with handle 3
[15:29:04.785] [bmv2] [D] [thread 45730] [51.0] [cxt 0] Dumping entry 3
Match key:
* hdr.ipv4.dstAddr    : LPM       0a000404/32
Action entry: MyIngress.tcp_lb_action - 3,4,

[15:29:04.785] [bmv2] [D] [thread 45730] [51.0] [cxt 0] Action entry is MyIngress.tcp_lb_action - 3,4,
[15:29:04.785] [bmv2] [T] [thread 45730] [51.0] [cxt 0] Action MyIngress.tcp_lb_action
[15:29:04.785] [bmv2] [T] [thread 45730] [51.0] [cxt 0] link_monitor.p4(219) Primitive (bit<32>) port1
[15:29:04.785] [bmv2] [T] [thread 45730] [51.0] [cxt 0] link_monitor.p4(219) Primitive byte_cnt_reg.read(byte_cnt1, (bit<32>) port1)
[15:29:04.785] [bmv2] [T] [thread 45730] [51.0] [cxt 0] Read register 'MyIngress.byte_cnt_reg' at index 3 read value 0
[15:29:04.785] [bmv2] [T] [thread 45730] [51.0] [cxt 0] link_monitor.p4(220) Primitive (bit<32>) port2
[15:29:04.785] [bmv2] [T] [thread 45730] [51.0] [cxt 0] link_monitor.p4(220) Primitive byte_cnt_reg.read(byte_cnt2, (bit<32>) port2)
[15:29:04.785] [bmv2] [T] [thread 45730] [51.0] [cxt 0] Read register 'MyIngress.byte_cnt_reg' at index 4 read value 0
[15:29:04.785] [bmv2] [T] [thread 45730] [51.0] [cxt 0] link_monitor.p4(221) Primitive (bit<32>) port1
[15:29:04.785] [bmv2] [T] [thread 45730] [51.0] [cxt 0] link_monitor.p4(221) Primitive last_time_reg.read(last_time1, (bit<32>) port1)
[15:29:04.785] [bmv2] [T] [thread 45730] [51.0] [cxt 0] Read register 'MyIngress.last_time_reg' at index 3 read value 0
[15:29:04.785] [bmv2] [T] [thread 45730] [51.0] [cxt 0] link_monitor.p4(222) Primitive (bit<32>) port2
[15:29:04.785] [bmv2] [T] [thread 45730] [51.0] [cxt 0] link_monitor.p4(222) Primitive last_time_reg.read(last_time2, (bit<32>) port2)
[15:29:04.785] [bmv2] [T] [thread 45730] [51.0] [cxt 0] Read register 'MyIngress.last_time_reg' at index 4 read value 0
[15:29:04.785] [bmv2] [T] [thread 45730] [51.0] [cxt 0] Primitive (no source info)
[15:29:04.785] [bmv2] [T] [thread 45730] [51.0] [cxt 0] Primitive (no source info)
[15:29:04.785] [bmv2] [T] [thread 45730] [51.0] [cxt 0] Primitive (no source info)
[15:29:04.785] [bmv2] [T] [thread 45730] [51.0] [cxt 0] Primitive (no source info)
[15:29:04.785] [bmv2] [T] [thread 45730] [51.0] [cxt 0] Primitive (no source info)
[15:29:04.785] [bmv2] [T] [thread 45730] [51.0] [cxt 0] Primitive (no source info)
[15:29:04.785] [bmv2] [T] [thread 45730] [51.0] [cxt 0] Primitive (no source info)
[15:29:04.785] [bmv2] [T] [thread 45730] [51.0] [cxt 0] Primitive (no source info)
[15:29:04.785] [bmv2] [T] [thread 45730] [51.0] [cxt 0] link_monitor.p4(274) Primitive (bit<32>) selected_port
[15:29:04.785] [bmv2] [T] [thread 45730] [51.0] [cxt 0] link_monitor.p4(274) Primitive byte_cnt_reg.write((bit<32>) selected_port, new_byte_cnt)
[15:29:04.785] [bmv2] [T] [thread 45730] [51.0] [cxt 0] Wrote register 'MyIngress.byte_cnt_reg' at index 4 with value 57
[15:29:04.785] [bmv2] [T] [thread 45730] [51.0] [cxt 0] link_monitor.p4(275) Primitive (bit<32>) selected_port
[15:29:04.785] [bmv2] [T] [thread 45730] [51.0] [cxt 0] link_monitor.p4(275) Primitive last_time_reg.write((bit<32>) selected_port, cur_time)
[15:29:04.785] [bmv2] [T] [thread 45730] [51.0] [cxt 0] Wrote register 'MyIngress.last_time_reg' at index 4 with value 82995690
[15:29:04.785] [bmv2] [T] [thread 45730] [51.0] [cxt 0] link_monitor.p4(278) Primitive meta.lb_port = selected_port
[15:29:04.785] [bmv2] [T] [thread 45730] [51.0] [cxt 0] link_monitor.p4(279) Primitive standard_metadata.egress_spec = selected_port
[15:29:04.785] [bmv2] [T] [thread 45730] [51.0] [cxt 0] Applying table 'MyIngress.tcp_lb_nhop'
[15:29:04.785] [bmv2] [D] [thread 45730] [51.0] [cxt 0] Looking up key:
* meta.lb_port        : 0004

[15:29:04.785] [bmv2] [D] [thread 45730] [51.0] [cxt 0] Table 'MyIngress.tcp_lb_nhop': hit with handle 3
[15:29:04.785] [bmv2] [D] [thread 45730] [51.0] [cxt 0] Dumping entry 3
Match key:
* meta.lb_port        : EXACT     0004
Action entry: MyIngress.tcp_lb_nhop_action - 80000000400,

[15:29:04.785] [bmv2] [D] [thread 45730] [51.0] [cxt 0] Action entry is MyIngress.tcp_lb_nhop_action - 80000000400,
[15:29:04.785] [bmv2] [T] [thread 45730] [51.0] [cxt 0] Action MyIngress.tcp_lb_nhop_action
[15:29:04.785] [bmv2] [T] [thread 45730] [51.0] [cxt 0] link_monitor.p4(284) Primitive hdr.ethernet.srcAddr = hdr.ethernet.dstAddr
[15:29:04.785] [bmv2] [T] [thread 45730] [51.0] [cxt 0] link_monitor.p4(285) Primitive hdr.ethernet.dstAddr = dstAddr
[15:29:04.785] [bmv2] [T] [thread 45730] [51.0] [cxt 0] link_monitor.p4(286) Primitive hdr.ipv4.ttl = hdr.ipv4.ttl - 1
[15:29:04.785] [bmv2] [D] [thread 45730] [51.0] [cxt 0] Pipeline 'ingress': end
[15:29:04.785] [bmv2] [D] [thread 45730] [51.0] [cxt 0] Egress port is 4
[15:29:04.785] [bmv2] [D] [thread 45731] [51.0] [cxt 0] Pipeline 'egress': start
[15:29:04.785] [bmv2] [T] [thread 45731] [51.0] [cxt 0] Applying table 'tbl_link_monitor377'
[15:29:04.785] [bmv2] [D] [thread 45731] [51.0] [cxt 0] Looking up key:

[15:29:04.785] [bmv2] [D] [thread 45731] [51.0] [cxt 0] Table 'tbl_link_monitor377': miss
[15:29:04.785] [bmv2] [D] [thread 45731] [51.0] [cxt 0] Action entry is link_monitor377 - 
[15:29:04.785] [bmv2] [T] [thread 45731] [51.0] [cxt 0] Action link_monitor377
[15:29:04.785] [bmv2] [T] [thread 45731] [51.0] [cxt 0] link_monitor.p4(377) Primitive (bit<32>)standard_metadata.egress_port
[15:29:04.785] [bmv2] [T] [thread 45731] [51.0] [cxt 0] link_monitor.p4(377) Primitive byte_cnt_reg.read(byte_cnt, (bit<32>)standard_metadata.egress_port)
[15:29:04.785] [bmv2] [T] [thread 45731] [51.0] [cxt 0] Read register 'MyEgress.byte_cnt_reg' at index 4 read value 0
[15:29:04.785] [bmv2] [T] [thread 45731] [51.0] [cxt 0] link_monitor.p4(378) Primitive byte_cnt = byte_cnt + standard_metadata.packet_length
[15:29:04.785] [bmv2] [T] [thread 45731] [51.0] [cxt 0] link_monitor.p4(380) Condition "hdr.probe.isValid()" (node_12) is false
[15:29:04.785] [bmv2] [T] [thread 45731] [51.0] [cxt 0] Applying table 'tbl_link_monitor380_0'
[15:29:04.785] [bmv2] [D] [thread 45731] [51.0] [cxt 0] Looking up key:

[15:29:04.785] [bmv2] [D] [thread 45731] [51.0] [cxt 0] Table 'tbl_link_monitor380_0': miss
[15:29:04.785] [bmv2] [D] [thread 45731] [51.0] [cxt 0] Action entry is link_monitor380_0 - 
[15:29:04.785] [bmv2] [T] [thread 45731] [51.0] [cxt 0] Action link_monitor380_0
[15:29:04.785] [bmv2] [T] [thread 45731] [51.0] [cxt 0] link_monitor.p4(380) Primitive (hdr.probe.isValid()) ? 0 : byte_cnt
[15:29:04.785] [bmv2] [T] [thread 45731] [51.0] [cxt 0] Applying table 'tbl_link_monitor381'
[15:29:04.785] [bmv2] [D] [thread 45731] [51.0] [cxt 0] Looking up key:

[15:29:04.785] [bmv2] [D] [thread 45731] [51.0] [cxt 0] Table 'tbl_link_monitor381': miss
[15:29:04.785] [bmv2] [D] [thread 45731] [51.0] [cxt 0] Action entry is link_monitor381 - 
[15:29:04.785] [bmv2] [T] [thread 45731] [51.0] [cxt 0] Action link_monitor381
[15:29:04.785] [bmv2] [T] [thread 45731] [51.0] [cxt 0] link_monitor.p4(381) Primitive (bit<32>)standard_metadata.egress_port
[15:29:04.785] [bmv2] [T] [thread 45731] [51.0] [cxt 0] link_monitor.p4(381) Primitive byte_cnt_reg.write((bit<32>)standard_metadata.egress_port, new_byte_cnt)
[15:29:04.785] [bmv2] [T] [thread 45731] [51.0] [cxt 0] Wrote register 'MyEgress.byte_cnt_reg' at index 4 with value 57
[15:29:04.785] [bmv2] [T] [thread 45731] [51.0] [cxt 0] link_monitor.p4(383) Condition "hdr.probe.isValid()" (node_16) is false
[15:29:04.785] [bmv2] [D] [thread 45731] [51.0] [cxt 0] Pipeline 'egress': end
[15:29:04.785] [bmv2] [D] [thread 45731] [51.0] [cxt 0] Deparser 'deparser': start
[15:29:04.785] [bmv2] [D] [thread 45731] [51.0] [cxt 0] Updating checksum 'cksum'
[15:29:04.785] [bmv2] [D] [thread 45731] [51.0] [cxt 0] Deparsing header 'ethernet'
[15:29:04.785] [bmv2] [D] [thread 45731] [51.0] [cxt 0] Deparsing header 'ipv4'
[15:29:04.785] [bmv2] [D] [thread 45731] [51.0] [cxt 0] Deparser 'deparser': end
[15:29:04.785] [bmv2] [D] [thread 45735] [51.0] [cxt 0] Transmitting packet of size 37 out of port 4
[15:29:15.363] [bmv2] [D] [thread 45730] [52.0] [cxt 0] Processing packet received on port 1
[15:29:15.363] [bmv2] [D] [thread 45730] [52.0] [cxt 0] Parser 'parser': start
[15:29:15.363] [bmv2] [D] [thread 45730] [52.0] [cxt 0] Parser 'parser' entering state 'start'
[15:29:15.363] [bmv2] [D] [thread 45730] [52.0] [cxt 0] Extracting header 'ethernet'
[15:29:15.363] [bmv2] [D] [thread 45730] [52.0] [cxt 0] Parser state 'start': key is 0800
[15:29:15.363] [bmv2] [T] [thread 45730] [52.0] [cxt 0] Bytes parsed: 14
[15:29:15.363] [bmv2] [D] [thread 45730] [52.0] [cxt 0] Parser 'parser' entering state 'parse_ipv4'
[15:29:15.363] [bmv2] [D] [thread 45730] [52.0] [cxt 0] Extracting header 'ipv4'
[15:29:15.363] [bmv2] [D] [thread 45730] [52.0] [cxt 0] Parser state 'parse_ipv4': key is 06
[15:29:15.363] [bmv2] [T] [thread 45730] [52.0] [cxt 0] Bytes parsed: 34
[15:29:15.363] [bmv2] [D] [thread 45730] [52.0] [cxt 0] Parser 'parser' entering state 'parse_tcp'
[15:29:15.363] [bmv2] [D] [thread 45730] [52.0] [cxt 0] Extracting header 'tcp'
[15:29:15.363] [bmv2] [D] [thread 45730] [52.0] [cxt 0] Parser state 'parse_tcp' has no switch, going to default next state
[15:29:15.363] [bmv2] [T] [thread 45730] [52.0] [cxt 0] Bytes parsed: 54
[15:29:15.363] [bmv2] [D] [thread 45730] [52.0] [cxt 0] Parser 'parser': end
[15:29:15.363] [bmv2] [D] [thread 45730] [52.0] [cxt 0] Pipeline 'ingress': start
[15:29:15.363] [bmv2] [T] [thread 45730] [52.0] [cxt 0] link_monitor.p4(331) Condition "hdr.tcp.isValid()" (node_2) is true
[15:29:15.363] [bmv2] [T] [thread 45730] [52.0] [cxt 0] Applying table 'MyIngress.tcp_lb'
[15:29:15.363] [bmv2] [D] [thread 45730] [52.0] [cxt 0] Looking up key:
* hdr.ipv4.dstAddr    : 0a000404

[15:29:15.363] [bmv2] [D] [thread 45730] [52.0] [cxt 0] Table 'MyIngress.tcp_lb': hit with handle 3
[15:29:15.363] [bmv2] [D] [thread 45730] [52.0] [cxt 0] Dumping entry 3
Match key:
* hdr.ipv4.dstAddr    : LPM       0a000404/32
Action entry: MyIngress.tcp_lb_action - 3,4,

[15:29:15.363] [bmv2] [D] [thread 45730] [52.0] [cxt 0] Action entry is MyIngress.tcp_lb_action - 3,4,
[15:29:15.363] [bmv2] [T] [thread 45730] [52.0] [cxt 0] Action MyIngress.tcp_lb_action
[15:29:15.363] [bmv2] [T] [thread 45730] [52.0] [cxt 0] link_monitor.p4(219) Primitive (bit<32>) port1
[15:29:15.363] [bmv2] [T] [thread 45730] [52.0] [cxt 0] link_monitor.p4(219) Primitive byte_cnt_reg.read(byte_cnt1, (bit<32>) port1)
[15:29:15.363] [bmv2] [T] [thread 45730] [52.0] [cxt 0] Read register 'MyIngress.byte_cnt_reg' at index 3 read value 0
[15:29:15.363] [bmv2] [T] [thread 45730] [52.0] [cxt 0] link_monitor.p4(220) Primitive (bit<32>) port2
[15:29:15.363] [bmv2] [T] [thread 45730] [52.0] [cxt 0] link_monitor.p4(220) Primitive byte_cnt_reg.read(byte_cnt2, (bit<32>) port2)
[15:29:15.363] [bmv2] [T] [thread 45730] [52.0] [cxt 0] Read register 'MyIngress.byte_cnt_reg' at index 4 read value 57
[15:29:15.363] [bmv2] [T] [thread 45730] [52.0] [cxt 0] link_monitor.p4(221) Primitive (bit<32>) port1
[15:29:15.363] [bmv2] [T] [thread 45730] [52.0] [cxt 0] link_monitor.p4(221) Primitive last_time_reg.read(last_time1, (bit<32>) port1)
[15:29:15.363] [bmv2] [T] [thread 45730] [52.0] [cxt 0] Read register 'MyIngress.last_time_reg' at index 3 read value 0
[15:29:15.363] [bmv2] [T] [thread 45730] [52.0] [cxt 0] link_monitor.p4(222) Primitive (bit<32>) port2
[15:29:15.363] [bmv2] [T] [thread 45730] [52.0] [cxt 0] link_monitor.p4(222) Primitive last_time_reg.read(last_time2, (bit<32>) port2)
[15:29:15.363] [bmv2] [T] [thread 45730] [52.0] [cxt 0] Read register 'MyIngress.last_time_reg' at index 4 read value 82995690
[15:29:15.363] [bmv2] [T] [thread 45730] [52.0] [cxt 0] Primitive (no source info)
[15:29:15.363] [bmv2] [T] [thread 45730] [52.0] [cxt 0] Primitive (no source info)
[15:29:15.363] [bmv2] [T] [thread 45730] [52.0] [cxt 0] Primitive (no source info)
[15:29:15.363] [bmv2] [T] [thread 45730] [52.0] [cxt 0] Primitive (no source info)
[15:29:15.363] [bmv2] [T] [thread 45730] [52.0] [cxt 0] Primitive (no source info)
[15:29:15.363] [bmv2] [T] [thread 45730] [52.0] [cxt 0] Primitive (no source info)
[15:29:15.363] [bmv2] [T] [thread 45730] [52.0] [cxt 0] Primitive (no source info)
[15:29:15.363] [bmv2] [T] [thread 45730] [52.0] [cxt 0] Primitive (no source info)
[15:29:15.363] [bmv2] [T] [thread 45730] [52.0] [cxt 0] link_monitor.p4(274) Primitive (bit<32>) selected_port
[15:29:15.363] [bmv2] [T] [thread 45730] [52.0] [cxt 0] link_monitor.p4(274) Primitive byte_cnt_reg.write((bit<32>) selected_port, new_byte_cnt)
[15:29:15.363] [bmv2] [T] [thread 45730] [52.0] [cxt 0] Wrote register 'MyIngress.byte_cnt_reg' at index 4 with value 114
[15:29:15.363] [bmv2] [T] [thread 45730] [52.0] [cxt 0] link_monitor.p4(275) Primitive (bit<32>) selected_port
[15:29:15.363] [bmv2] [T] [thread 45730] [52.0] [cxt 0] link_monitor.p4(275) Primitive last_time_reg.write((bit<32>) selected_port, cur_time)
[15:29:15.363] [bmv2] [T] [thread 45730] [52.0] [cxt 0] Wrote register 'MyIngress.last_time_reg' at index 4 with value 93573931
[15:29:15.363] [bmv2] [T] [thread 45730] [52.0] [cxt 0] link_monitor.p4(278) Primitive meta.lb_port = selected_port
[15:29:15.363] [bmv2] [T] [thread 45730] [52.0] [cxt 0] link_monitor.p4(279) Primitive standard_metadata.egress_spec = selected_port
[15:29:15.363] [bmv2] [T] [thread 45730] [52.0] [cxt 0] Applying table 'MyIngress.tcp_lb_nhop'
[15:29:15.363] [bmv2] [D] [thread 45730] [52.0] [cxt 0] Looking up key:
* meta.lb_port        : 0004

[15:29:15.363] [bmv2] [D] [thread 45730] [52.0] [cxt 0] Table 'MyIngress.tcp_lb_nhop': hit with handle 3
[15:29:15.363] [bmv2] [D] [thread 45730] [52.0] [cxt 0] Dumping entry 3
Match key:
* meta.lb_port        : EXACT     0004
Action entry: MyIngress.tcp_lb_nhop_action - 80000000400,

[15:29:15.363] [bmv2] [D] [thread 45730] [52.0] [cxt 0] Action entry is MyIngress.tcp_lb_nhop_action - 80000000400,
[15:29:15.363] [bmv2] [T] [thread 45730] [52.0] [cxt 0] Action MyIngress.tcp_lb_nhop_action
[15:29:15.363] [bmv2] [T] [thread 45730] [52.0] [cxt 0] link_monitor.p4(284) Primitive hdr.ethernet.srcAddr = hdr.ethernet.dstAddr
[15:29:15.363] [bmv2] [T] [thread 45730] [52.0] [cxt 0] link_monitor.p4(285) Primitive hdr.ethernet.dstAddr = dstAddr
[15:29:15.363] [bmv2] [T] [thread 45730] [52.0] [cxt 0] link_monitor.p4(286) Primitive hdr.ipv4.ttl = hdr.ipv4.ttl - 1
[15:29:15.363] [bmv2] [D] [thread 45730] [52.0] [cxt 0] Pipeline 'ingress': end
[15:29:15.363] [bmv2] [D] [thread 45730] [52.0] [cxt 0] Egress port is 4
[15:29:15.363] [bmv2] [D] [thread 45731] [52.0] [cxt 0] Pipeline 'egress': start
[15:29:15.363] [bmv2] [T] [thread 45731] [52.0] [cxt 0] Applying table 'tbl_link_monitor377'
[15:29:15.363] [bmv2] [D] [thread 45731] [52.0] [cxt 0] Looking up key:

[15:29:15.363] [bmv2] [D] [thread 45731] [52.0] [cxt 0] Table 'tbl_link_monitor377': miss
[15:29:15.363] [bmv2] [D] [thread 45731] [52.0] [cxt 0] Action entry is link_monitor377 - 
[15:29:15.363] [bmv2] [T] [thread 45731] [52.0] [cxt 0] Action link_monitor377
[15:29:15.363] [bmv2] [T] [thread 45731] [52.0] [cxt 0] link_monitor.p4(377) Primitive (bit<32>)standard_metadata.egress_port
[15:29:15.363] [bmv2] [T] [thread 45731] [52.0] [cxt 0] link_monitor.p4(377) Primitive byte_cnt_reg.read(byte_cnt, (bit<32>)standard_metadata.egress_port)
[15:29:15.363] [bmv2] [T] [thread 45731] [52.0] [cxt 0] Read register 'MyEgress.byte_cnt_reg' at index 4 read value 57
[15:29:15.363] [bmv2] [T] [thread 45731] [52.0] [cxt 0] link_monitor.p4(378) Primitive byte_cnt = byte_cnt + standard_metadata.packet_length
[15:29:15.363] [bmv2] [T] [thread 45731] [52.0] [cxt 0] link_monitor.p4(380) Condition "hdr.probe.isValid()" (node_12) is false
[15:29:15.363] [bmv2] [T] [thread 45731] [52.0] [cxt 0] Applying table 'tbl_link_monitor380_0'
[15:29:15.363] [bmv2] [D] [thread 45731] [52.0] [cxt 0] Looking up key:

[15:29:15.363] [bmv2] [D] [thread 45731] [52.0] [cxt 0] Table 'tbl_link_monitor380_0': miss
[15:29:15.363] [bmv2] [D] [thread 45731] [52.0] [cxt 0] Action entry is link_monitor380_0 - 
[15:29:15.363] [bmv2] [T] [thread 45731] [52.0] [cxt 0] Action link_monitor380_0
[15:29:15.363] [bmv2] [T] [thread 45731] [52.0] [cxt 0] link_monitor.p4(380) Primitive (hdr.probe.isValid()) ? 0 : byte_cnt
[15:29:15.363] [bmv2] [T] [thread 45731] [52.0] [cxt 0] Applying table 'tbl_link_monitor381'
[15:29:15.363] [bmv2] [D] [thread 45731] [52.0] [cxt 0] Looking up key:

[15:29:15.363] [bmv2] [D] [thread 45731] [52.0] [cxt 0] Table 'tbl_link_monitor381': miss
[15:29:15.363] [bmv2] [D] [thread 45731] [52.0] [cxt 0] Action entry is link_monitor381 - 
[15:29:15.363] [bmv2] [T] [thread 45731] [52.0] [cxt 0] Action link_monitor381
[15:29:15.363] [bmv2] [T] [thread 45731] [52.0] [cxt 0] link_monitor.p4(381) Primitive (bit<32>)standard_metadata.egress_port
[15:29:15.363] [bmv2] [T] [thread 45731] [52.0] [cxt 0] link_monitor.p4(381) Primitive byte_cnt_reg.write((bit<32>)standard_metadata.egress_port, new_byte_cnt)
[15:29:15.363] [bmv2] [T] [thread 45731] [52.0] [cxt 0] Wrote register 'MyEgress.byte_cnt_reg' at index 4 with value 114
[15:29:15.363] [bmv2] [T] [thread 45731] [52.0] [cxt 0] link_monitor.p4(383) Condition "hdr.probe.isValid()" (node_16) is false
[15:29:15.363] [bmv2] [D] [thread 45731] [52.0] [cxt 0] Pipeline 'egress': end
[15:29:15.363] [bmv2] [D] [thread 45731] [52.0] [cxt 0] Deparser 'deparser': start
[15:29:15.363] [bmv2] [D] [thread 45731] [52.0] [cxt 0] Updating checksum 'cksum'
[15:29:15.363] [bmv2] [D] [thread 45731] [52.0] [cxt 0] Deparsing header 'ethernet'
[15:29:15.363] [bmv2] [D] [thread 45731] [52.0] [cxt 0] Deparsing header 'ipv4'
[15:29:15.363] [bmv2] [D] [thread 45731] [52.0] [cxt 0] Deparser 'deparser': end
[15:29:15.363] [bmv2] [D] [thread 45735] [52.0] [cxt 0] Transmitting packet of size 37 out of port 4
[15:29:15.767] [bmv2] [D] [thread 45730] [53.0] [cxt 0] Processing packet received on port 1
[15:29:15.767] [bmv2] [D] [thread 45730] [53.0] [cxt 0] Parser 'parser': start
[15:29:15.767] [bmv2] [D] [thread 45730] [53.0] [cxt 0] Parser 'parser' entering state 'start'
[15:29:15.767] [bmv2] [D] [thread 45730] [53.0] [cxt 0] Extracting header 'ethernet'
[15:29:15.767] [bmv2] [D] [thread 45730] [53.0] [cxt 0] Parser state 'start': key is 0800
[15:29:15.767] [bmv2] [T] [thread 45730] [53.0] [cxt 0] Bytes parsed: 14
[15:29:15.767] [bmv2] [D] [thread 45730] [53.0] [cxt 0] Parser 'parser' entering state 'parse_ipv4'
[15:29:15.767] [bmv2] [D] [thread 45730] [53.0] [cxt 0] Extracting header 'ipv4'
[15:29:15.767] [bmv2] [D] [thread 45730] [53.0] [cxt 0] Parser state 'parse_ipv4': key is 06
[15:29:15.767] [bmv2] [T] [thread 45730] [53.0] [cxt 0] Bytes parsed: 34
[15:29:15.767] [bmv2] [D] [thread 45730] [53.0] [cxt 0] Parser 'parser' entering state 'parse_tcp'
[15:29:15.767] [bmv2] [D] [thread 45730] [53.0] [cxt 0] Extracting header 'tcp'
[15:29:15.767] [bmv2] [D] [thread 45730] [53.0] [cxt 0] Parser state 'parse_tcp' has no switch, going to default next state
[15:29:15.767] [bmv2] [T] [thread 45730] [53.0] [cxt 0] Bytes parsed: 54
[15:29:15.767] [bmv2] [D] [thread 45730] [53.0] [cxt 0] Parser 'parser': end
[15:29:15.767] [bmv2] [D] [thread 45730] [53.0] [cxt 0] Pipeline 'ingress': start
[15:29:15.767] [bmv2] [T] [thread 45730] [53.0] [cxt 0] link_monitor.p4(331) Condition "hdr.tcp.isValid()" (node_2) is true
[15:29:15.767] [bmv2] [T] [thread 45730] [53.0] [cxt 0] Applying table 'MyIngress.tcp_lb'
[15:29:15.767] [bmv2] [D] [thread 45730] [53.0] [cxt 0] Looking up key:
* hdr.ipv4.dstAddr    : 0a000404

[15:29:15.767] [bmv2] [D] [thread 45730] [53.0] [cxt 0] Table 'MyIngress.tcp_lb': hit with handle 3
[15:29:15.767] [bmv2] [D] [thread 45730] [53.0] [cxt 0] Dumping entry 3
Match key:
* hdr.ipv4.dstAddr    : LPM       0a000404/32
Action entry: MyIngress.tcp_lb_action - 3,4,

[15:29:15.767] [bmv2] [D] [thread 45730] [53.0] [cxt 0] Action entry is MyIngress.tcp_lb_action - 3,4,
[15:29:15.767] [bmv2] [T] [thread 45730] [53.0] [cxt 0] Action MyIngress.tcp_lb_action
[15:29:15.767] [bmv2] [T] [thread 45730] [53.0] [cxt 0] link_monitor.p4(219) Primitive (bit<32>) port1
[15:29:15.767] [bmv2] [T] [thread 45730] [53.0] [cxt 0] link_monitor.p4(219) Primitive byte_cnt_reg.read(byte_cnt1, (bit<32>) port1)
[15:29:15.767] [bmv2] [T] [thread 45730] [53.0] [cxt 0] Read register 'MyIngress.byte_cnt_reg' at index 3 read value 0
[15:29:15.767] [bmv2] [T] [thread 45730] [53.0] [cxt 0] link_monitor.p4(220) Primitive (bit<32>) port2
[15:29:15.767] [bmv2] [T] [thread 45730] [53.0] [cxt 0] link_monitor.p4(220) Primitive byte_cnt_reg.read(byte_cnt2, (bit<32>) port2)
[15:29:15.767] [bmv2] [T] [thread 45730] [53.0] [cxt 0] Read register 'MyIngress.byte_cnt_reg' at index 4 read value 114
[15:29:15.767] [bmv2] [T] [thread 45730] [53.0] [cxt 0] link_monitor.p4(221) Primitive (bit<32>) port1
[15:29:15.767] [bmv2] [T] [thread 45730] [53.0] [cxt 0] link_monitor.p4(221) Primitive last_time_reg.read(last_time1, (bit<32>) port1)
[15:29:15.767] [bmv2] [T] [thread 45730] [53.0] [cxt 0] Read register 'MyIngress.last_time_reg' at index 3 read value 0
[15:29:15.767] [bmv2] [T] [thread 45730] [53.0] [cxt 0] link_monitor.p4(222) Primitive (bit<32>) port2
[15:29:15.767] [bmv2] [T] [thread 45730] [53.0] [cxt 0] link_monitor.p4(222) Primitive last_time_reg.read(last_time2, (bit<32>) port2)
[15:29:15.767] [bmv2] [T] [thread 45730] [53.0] [cxt 0] Read register 'MyIngress.last_time_reg' at index 4 read value 93573931
[15:29:15.767] [bmv2] [T] [thread 45730] [53.0] [cxt 0] Primitive (no source info)
[15:29:15.767] [bmv2] [T] [thread 45730] [53.0] [cxt 0] Primitive (no source info)
[15:29:15.767] [bmv2] [T] [thread 45730] [53.0] [cxt 0] Primitive (no source info)
[15:29:15.767] [bmv2] [T] [thread 45730] [53.0] [cxt 0] Primitive (no source info)
[15:29:15.767] [bmv2] [T] [thread 45730] [53.0] [cxt 0] Primitive (no source info)
[15:29:15.767] [bmv2] [T] [thread 45730] [53.0] [cxt 0] Primitive (no source info)
[15:29:15.767] [bmv2] [T] [thread 45730] [53.0] [cxt 0] Primitive (no source info)
[15:29:15.767] [bmv2] [T] [thread 45730] [53.0] [cxt 0] Primitive (no source info)
[15:29:15.767] [bmv2] [T] [thread 45730] [53.0] [cxt 0] link_monitor.p4(274) Primitive (bit<32>) selected_port
[15:29:15.767] [bmv2] [T] [thread 45730] [53.0] [cxt 0] link_monitor.p4(274) Primitive byte_cnt_reg.write((bit<32>) selected_port, new_byte_cnt)
[15:29:15.767] [bmv2] [T] [thread 45730] [53.0] [cxt 0] Wrote register 'MyIngress.byte_cnt_reg' at index 3 with value 57
[15:29:15.767] [bmv2] [T] [thread 45730] [53.0] [cxt 0] link_monitor.p4(275) Primitive (bit<32>) selected_port
[15:29:15.767] [bmv2] [T] [thread 45730] [53.0] [cxt 0] link_monitor.p4(275) Primitive last_time_reg.write((bit<32>) selected_port, cur_time)
[15:29:15.767] [bmv2] [T] [thread 45730] [53.0] [cxt 0] Wrote register 'MyIngress.last_time_reg' at index 3 with value 93977825
[15:29:15.767] [bmv2] [T] [thread 45730] [53.0] [cxt 0] link_monitor.p4(278) Primitive meta.lb_port = selected_port
[15:29:15.767] [bmv2] [T] [thread 45730] [53.0] [cxt 0] link_monitor.p4(279) Primitive standard_metadata.egress_spec = selected_port
[15:29:15.767] [bmv2] [T] [thread 45730] [53.0] [cxt 0] Applying table 'MyIngress.tcp_lb_nhop'
[15:29:15.767] [bmv2] [D] [thread 45730] [53.0] [cxt 0] Looking up key:
* meta.lb_port        : 0003

[15:29:15.767] [bmv2] [D] [thread 45730] [53.0] [cxt 0] Table 'MyIngress.tcp_lb_nhop': hit with handle 2
[15:29:15.767] [bmv2] [D] [thread 45730] [53.0] [cxt 0] Dumping entry 2
Match key:
* meta.lb_port        : EXACT     0003
Action entry: MyIngress.tcp_lb_nhop_action - 80000000300,

[15:29:15.767] [bmv2] [D] [thread 45730] [53.0] [cxt 0] Action entry is MyIngress.tcp_lb_nhop_action - 80000000300,
[15:29:15.767] [bmv2] [T] [thread 45730] [53.0] [cxt 0] Action MyIngress.tcp_lb_nhop_action
[15:29:15.767] [bmv2] [T] [thread 45730] [53.0] [cxt 0] link_monitor.p4(284) Primitive hdr.ethernet.srcAddr = hdr.ethernet.dstAddr
[15:29:15.767] [bmv2] [T] [thread 45730] [53.0] [cxt 0] link_monitor.p4(285) Primitive hdr.ethernet.dstAddr = dstAddr
[15:29:15.767] [bmv2] [T] [thread 45730] [53.0] [cxt 0] link_monitor.p4(286) Primitive hdr.ipv4.ttl = hdr.ipv4.ttl - 1
[15:29:15.767] [bmv2] [D] [thread 45730] [53.0] [cxt 0] Pipeline 'ingress': end
[15:29:15.767] [bmv2] [D] [thread 45730] [53.0] [cxt 0] Egress port is 3
[15:29:15.767] [bmv2] [D] [thread 45734] [53.0] [cxt 0] Pipeline 'egress': start
[15:29:15.767] [bmv2] [T] [thread 45734] [53.0] [cxt 0] Applying table 'tbl_link_monitor377'
[15:29:15.767] [bmv2] [D] [thread 45734] [53.0] [cxt 0] Looking up key:

[15:29:15.767] [bmv2] [D] [thread 45734] [53.0] [cxt 0] Table 'tbl_link_monitor377': miss
[15:29:15.767] [bmv2] [D] [thread 45734] [53.0] [cxt 0] Action entry is link_monitor377 - 
[15:29:15.767] [bmv2] [T] [thread 45734] [53.0] [cxt 0] Action link_monitor377
[15:29:15.767] [bmv2] [T] [thread 45734] [53.0] [cxt 0] link_monitor.p4(377) Primitive (bit<32>)standard_metadata.egress_port
[15:29:15.767] [bmv2] [T] [thread 45734] [53.0] [cxt 0] link_monitor.p4(377) Primitive byte_cnt_reg.read(byte_cnt, (bit<32>)standard_metadata.egress_port)
[15:29:15.767] [bmv2] [T] [thread 45734] [53.0] [cxt 0] Read register 'MyEgress.byte_cnt_reg' at index 3 read value 0
[15:29:15.767] [bmv2] [T] [thread 45734] [53.0] [cxt 0] link_monitor.p4(378) Primitive byte_cnt = byte_cnt + standard_metadata.packet_length
[15:29:15.767] [bmv2] [T] [thread 45734] [53.0] [cxt 0] link_monitor.p4(380) Condition "hdr.probe.isValid()" (node_12) is false
[15:29:15.767] [bmv2] [T] [thread 45734] [53.0] [cxt 0] Applying table 'tbl_link_monitor380_0'
[15:29:15.767] [bmv2] [D] [thread 45734] [53.0] [cxt 0] Looking up key:

[15:29:15.767] [bmv2] [D] [thread 45734] [53.0] [cxt 0] Table 'tbl_link_monitor380_0': miss
[15:29:15.767] [bmv2] [D] [thread 45734] [53.0] [cxt 0] Action entry is link_monitor380_0 - 
[15:29:15.767] [bmv2] [T] [thread 45734] [53.0] [cxt 0] Action link_monitor380_0
[15:29:15.767] [bmv2] [T] [thread 45734] [53.0] [cxt 0] link_monitor.p4(380) Primitive (hdr.probe.isValid()) ? 0 : byte_cnt
[15:29:15.767] [bmv2] [T] [thread 45734] [53.0] [cxt 0] Applying table 'tbl_link_monitor381'
[15:29:15.767] [bmv2] [D] [thread 45734] [53.0] [cxt 0] Looking up key:

[15:29:15.767] [bmv2] [D] [thread 45734] [53.0] [cxt 0] Table 'tbl_link_monitor381': miss
[15:29:15.767] [bmv2] [D] [thread 45734] [53.0] [cxt 0] Action entry is link_monitor381 - 
[15:29:15.767] [bmv2] [T] [thread 45734] [53.0] [cxt 0] Action link_monitor381
[15:29:15.767] [bmv2] [T] [thread 45734] [53.0] [cxt 0] link_monitor.p4(381) Primitive (bit<32>)standard_metadata.egress_port
[15:29:15.767] [bmv2] [T] [thread 45734] [53.0] [cxt 0] link_monitor.p4(381) Primitive byte_cnt_reg.write((bit<32>)standard_metadata.egress_port, new_byte_cnt)
[15:29:15.767] [bmv2] [T] [thread 45734] [53.0] [cxt 0] Wrote register 'MyEgress.byte_cnt_reg' at index 3 with value 57
[15:29:15.767] [bmv2] [T] [thread 45734] [53.0] [cxt 0] link_monitor.p4(383) Condition "hdr.probe.isValid()" (node_16) is false
[15:29:15.767] [bmv2] [D] [thread 45734] [53.0] [cxt 0] Pipeline 'egress': end
[15:29:15.767] [bmv2] [D] [thread 45734] [53.0] [cxt 0] Deparser 'deparser': start
[15:29:15.767] [bmv2] [D] [thread 45734] [53.0] [cxt 0] Updating checksum 'cksum'
[15:29:15.767] [bmv2] [D] [thread 45734] [53.0] [cxt 0] Deparsing header 'ethernet'
[15:29:15.767] [bmv2] [D] [thread 45734] [53.0] [cxt 0] Deparsing header 'ipv4'
[15:29:15.767] [bmv2] [D] [thread 45734] [53.0] [cxt 0] Deparser 'deparser': end
[15:29:15.767] [bmv2] [D] [thread 45735] [53.0] [cxt 0] Transmitting packet of size 37 out of port 3
[15:29:16.190] [bmv2] [D] [thread 45730] [54.0] [cxt 0] Processing packet received on port 1
[15:29:16.190] [bmv2] [D] [thread 45730] [54.0] [cxt 0] Parser 'parser': start
[15:29:16.190] [bmv2] [D] [thread 45730] [54.0] [cxt 0] Parser 'parser' entering state 'start'
[15:29:16.190] [bmv2] [D] [thread 45730] [54.0] [cxt 0] Extracting header 'ethernet'
[15:29:16.190] [bmv2] [D] [thread 45730] [54.0] [cxt 0] Parser state 'start': key is 0800
[15:29:16.190] [bmv2] [T] [thread 45730] [54.0] [cxt 0] Bytes parsed: 14
[15:29:16.190] [bmv2] [D] [thread 45730] [54.0] [cxt 0] Parser 'parser' entering state 'parse_ipv4'
[15:29:16.190] [bmv2] [D] [thread 45730] [54.0] [cxt 0] Extracting header 'ipv4'
[15:29:16.190] [bmv2] [D] [thread 45730] [54.0] [cxt 0] Parser state 'parse_ipv4': key is 06
[15:29:16.190] [bmv2] [T] [thread 45730] [54.0] [cxt 0] Bytes parsed: 34
[15:29:16.190] [bmv2] [D] [thread 45730] [54.0] [cxt 0] Parser 'parser' entering state 'parse_tcp'
[15:29:16.190] [bmv2] [D] [thread 45730] [54.0] [cxt 0] Extracting header 'tcp'
[15:29:16.190] [bmv2] [D] [thread 45730] [54.0] [cxt 0] Parser state 'parse_tcp' has no switch, going to default next state
[15:29:16.190] [bmv2] [T] [thread 45730] [54.0] [cxt 0] Bytes parsed: 54
[15:29:16.190] [bmv2] [D] [thread 45730] [54.0] [cxt 0] Parser 'parser': end
[15:29:16.190] [bmv2] [D] [thread 45730] [54.0] [cxt 0] Pipeline 'ingress': start
[15:29:16.190] [bmv2] [T] [thread 45730] [54.0] [cxt 0] link_monitor.p4(331) Condition "hdr.tcp.isValid()" (node_2) is true
[15:29:16.190] [bmv2] [T] [thread 45730] [54.0] [cxt 0] Applying table 'MyIngress.tcp_lb'
[15:29:16.190] [bmv2] [D] [thread 45730] [54.0] [cxt 0] Looking up key:
* hdr.ipv4.dstAddr    : 0a000404

[15:29:16.190] [bmv2] [D] [thread 45730] [54.0] [cxt 0] Table 'MyIngress.tcp_lb': hit with handle 3
[15:29:16.190] [bmv2] [D] [thread 45730] [54.0] [cxt 0] Dumping entry 3
Match key:
* hdr.ipv4.dstAddr    : LPM       0a000404/32
Action entry: MyIngress.tcp_lb_action - 3,4,

[15:29:16.190] [bmv2] [D] [thread 45730] [54.0] [cxt 0] Action entry is MyIngress.tcp_lb_action - 3,4,
[15:29:16.190] [bmv2] [T] [thread 45730] [54.0] [cxt 0] Action MyIngress.tcp_lb_action
[15:29:16.190] [bmv2] [T] [thread 45730] [54.0] [cxt 0] link_monitor.p4(219) Primitive (bit<32>) port1
[15:29:16.190] [bmv2] [T] [thread 45730] [54.0] [cxt 0] link_monitor.p4(219) Primitive byte_cnt_reg.read(byte_cnt1, (bit<32>) port1)
[15:29:16.190] [bmv2] [T] [thread 45730] [54.0] [cxt 0] Read register 'MyIngress.byte_cnt_reg' at index 3 read value 57
[15:29:16.190] [bmv2] [T] [thread 45730] [54.0] [cxt 0] link_monitor.p4(220) Primitive (bit<32>) port2
[15:29:16.190] [bmv2] [T] [thread 45730] [54.0] [cxt 0] link_monitor.p4(220) Primitive byte_cnt_reg.read(byte_cnt2, (bit<32>) port2)
[15:29:16.190] [bmv2] [T] [thread 45730] [54.0] [cxt 0] Read register 'MyIngress.byte_cnt_reg' at index 4 read value 114
[15:29:16.190] [bmv2] [T] [thread 45730] [54.0] [cxt 0] link_monitor.p4(221) Primitive (bit<32>) port1
[15:29:16.190] [bmv2] [T] [thread 45730] [54.0] [cxt 0] link_monitor.p4(221) Primitive last_time_reg.read(last_time1, (bit<32>) port1)
[15:29:16.190] [bmv2] [T] [thread 45730] [54.0] [cxt 0] Read register 'MyIngress.last_time_reg' at index 3 read value 93977825
[15:29:16.190] [bmv2] [T] [thread 45730] [54.0] [cxt 0] link_monitor.p4(222) Primitive (bit<32>) port2
[15:29:16.190] [bmv2] [T] [thread 45730] [54.0] [cxt 0] link_monitor.p4(222) Primitive last_time_reg.read(last_time2, (bit<32>) port2)
[15:29:16.190] [bmv2] [T] [thread 45730] [54.0] [cxt 0] Read register 'MyIngress.last_time_reg' at index 4 read value 93573931
[15:29:16.190] [bmv2] [T] [thread 45730] [54.0] [cxt 0] Primitive (no source info)
[15:29:16.190] [bmv2] [T] [thread 45730] [54.0] [cxt 0] Primitive (no source info)
[15:29:16.190] [bmv2] [T] [thread 45730] [54.0] [cxt 0] Primitive (no source info)
[15:29:16.190] [bmv2] [T] [thread 45730] [54.0] [cxt 0] Primitive (no source info)
[15:29:16.190] [bmv2] [T] [thread 45730] [54.0] [cxt 0] Primitive (no source info)
[15:29:16.190] [bmv2] [T] [thread 45730] [54.0] [cxt 0] Primitive (no source info)
[15:29:16.190] [bmv2] [T] [thread 45730] [54.0] [cxt 0] Primitive (no source info)
[15:29:16.190] [bmv2] [T] [thread 45730] [54.0] [cxt 0] Primitive (no source info)
[15:29:16.190] [bmv2] [T] [thread 45730] [54.0] [cxt 0] link_monitor.p4(274) Primitive (bit<32>) selected_port
[15:29:16.190] [bmv2] [T] [thread 45730] [54.0] [cxt 0] link_monitor.p4(274) Primitive byte_cnt_reg.write((bit<32>) selected_port, new_byte_cnt)
[15:29:16.190] [bmv2] [T] [thread 45730] [54.0] [cxt 0] Wrote register 'MyIngress.byte_cnt_reg' at index 3 with value 114
[15:29:16.190] [bmv2] [T] [thread 45730] [54.0] [cxt 0] link_monitor.p4(275) Primitive (bit<32>) selected_port
[15:29:16.190] [bmv2] [T] [thread 45730] [54.0] [cxt 0] link_monitor.p4(275) Primitive last_time_reg.write((bit<32>) selected_port, cur_time)
[15:29:16.190] [bmv2] [T] [thread 45730] [54.0] [cxt 0] Wrote register 'MyIngress.last_time_reg' at index 3 with value 94400788
[15:29:16.190] [bmv2] [T] [thread 45730] [54.0] [cxt 0] link_monitor.p4(278) Primitive meta.lb_port = selected_port
[15:29:16.190] [bmv2] [T] [thread 45730] [54.0] [cxt 0] link_monitor.p4(279) Primitive standard_metadata.egress_spec = selected_port
[15:29:16.190] [bmv2] [T] [thread 45730] [54.0] [cxt 0] Applying table 'MyIngress.tcp_lb_nhop'
[15:29:16.190] [bmv2] [D] [thread 45730] [54.0] [cxt 0] Looking up key:
* meta.lb_port        : 0003

[15:29:16.190] [bmv2] [D] [thread 45730] [54.0] [cxt 0] Table 'MyIngress.tcp_lb_nhop': hit with handle 2
[15:29:16.190] [bmv2] [D] [thread 45730] [54.0] [cxt 0] Dumping entry 2
Match key:
* meta.lb_port        : EXACT     0003
Action entry: MyIngress.tcp_lb_nhop_action - 80000000300,

[15:29:16.190] [bmv2] [D] [thread 45730] [54.0] [cxt 0] Action entry is MyIngress.tcp_lb_nhop_action - 80000000300,
[15:29:16.190] [bmv2] [T] [thread 45730] [54.0] [cxt 0] Action MyIngress.tcp_lb_nhop_action
[15:29:16.190] [bmv2] [T] [thread 45730] [54.0] [cxt 0] link_monitor.p4(284) Primitive hdr.ethernet.srcAddr = hdr.ethernet.dstAddr
[15:29:16.190] [bmv2] [T] [thread 45730] [54.0] [cxt 0] link_monitor.p4(285) Primitive hdr.ethernet.dstAddr = dstAddr
[15:29:16.190] [bmv2] [T] [thread 45730] [54.0] [cxt 0] link_monitor.p4(286) Primitive hdr.ipv4.ttl = hdr.ipv4.ttl - 1
[15:29:16.190] [bmv2] [D] [thread 45730] [54.0] [cxt 0] Pipeline 'ingress': end
[15:29:16.190] [bmv2] [D] [thread 45730] [54.0] [cxt 0] Egress port is 3
[15:29:16.190] [bmv2] [D] [thread 45734] [54.0] [cxt 0] Pipeline 'egress': start
[15:29:16.190] [bmv2] [T] [thread 45734] [54.0] [cxt 0] Applying table 'tbl_link_monitor377'
[15:29:16.190] [bmv2] [D] [thread 45734] [54.0] [cxt 0] Looking up key:

[15:29:16.190] [bmv2] [D] [thread 45734] [54.0] [cxt 0] Table 'tbl_link_monitor377': miss
[15:29:16.190] [bmv2] [D] [thread 45734] [54.0] [cxt 0] Action entry is link_monitor377 - 
[15:29:16.190] [bmv2] [T] [thread 45734] [54.0] [cxt 0] Action link_monitor377
[15:29:16.190] [bmv2] [T] [thread 45734] [54.0] [cxt 0] link_monitor.p4(377) Primitive (bit<32>)standard_metadata.egress_port
[15:29:16.190] [bmv2] [T] [thread 45734] [54.0] [cxt 0] link_monitor.p4(377) Primitive byte_cnt_reg.read(byte_cnt, (bit<32>)standard_metadata.egress_port)
[15:29:16.190] [bmv2] [T] [thread 45734] [54.0] [cxt 0] Read register 'MyEgress.byte_cnt_reg' at index 3 read value 57
[15:29:16.190] [bmv2] [T] [thread 45734] [54.0] [cxt 0] link_monitor.p4(378) Primitive byte_cnt = byte_cnt + standard_metadata.packet_length
[15:29:16.190] [bmv2] [T] [thread 45734] [54.0] [cxt 0] link_monitor.p4(380) Condition "hdr.probe.isValid()" (node_12) is false
[15:29:16.190] [bmv2] [T] [thread 45734] [54.0] [cxt 0] Applying table 'tbl_link_monitor380_0'
[15:29:16.190] [bmv2] [D] [thread 45734] [54.0] [cxt 0] Looking up key:

[15:29:16.190] [bmv2] [D] [thread 45734] [54.0] [cxt 0] Table 'tbl_link_monitor380_0': miss
[15:29:16.190] [bmv2] [D] [thread 45734] [54.0] [cxt 0] Action entry is link_monitor380_0 - 
[15:29:16.190] [bmv2] [T] [thread 45734] [54.0] [cxt 0] Action link_monitor380_0
[15:29:16.190] [bmv2] [T] [thread 45734] [54.0] [cxt 0] link_monitor.p4(380) Primitive (hdr.probe.isValid()) ? 0 : byte_cnt
[15:29:16.190] [bmv2] [T] [thread 45734] [54.0] [cxt 0] Applying table 'tbl_link_monitor381'
[15:29:16.190] [bmv2] [D] [thread 45734] [54.0] [cxt 0] Looking up key:

[15:29:16.190] [bmv2] [D] [thread 45734] [54.0] [cxt 0] Table 'tbl_link_monitor381': miss
[15:29:16.190] [bmv2] [D] [thread 45734] [54.0] [cxt 0] Action entry is link_monitor381 - 
[15:29:16.190] [bmv2] [T] [thread 45734] [54.0] [cxt 0] Action link_monitor381
[15:29:16.190] [bmv2] [T] [thread 45734] [54.0] [cxt 0] link_monitor.p4(381) Primitive (bit<32>)standard_metadata.egress_port
[15:29:16.190] [bmv2] [T] [thread 45734] [54.0] [cxt 0] link_monitor.p4(381) Primitive byte_cnt_reg.write((bit<32>)standard_metadata.egress_port, new_byte_cnt)
[15:29:16.190] [bmv2] [T] [thread 45734] [54.0] [cxt 0] Wrote register 'MyEgress.byte_cnt_reg' at index 3 with value 114
[15:29:16.190] [bmv2] [T] [thread 45734] [54.0] [cxt 0] link_monitor.p4(383) Condition "hdr.probe.isValid()" (node_16) is false
[15:29:16.190] [bmv2] [D] [thread 45734] [54.0] [cxt 0] Pipeline 'egress': end
[15:29:16.190] [bmv2] [D] [thread 45734] [54.0] [cxt 0] Deparser 'deparser': start
[15:29:16.190] [bmv2] [D] [thread 45734] [54.0] [cxt 0] Updating checksum 'cksum'
[15:29:16.190] [bmv2] [D] [thread 45734] [54.0] [cxt 0] Deparsing header 'ethernet'
[15:29:16.190] [bmv2] [D] [thread 45734] [54.0] [cxt 0] Deparsing header 'ipv4'
[15:29:16.190] [bmv2] [D] [thread 45734] [54.0] [cxt 0] Deparser 'deparser': end
[15:29:16.190] [bmv2] [D] [thread 45735] [54.0] [cxt 0] Transmitting packet of size 37 out of port 3
[15:29:16.609] [bmv2] [D] [thread 45730] [55.0] [cxt 0] Processing packet received on port 1
[15:29:16.609] [bmv2] [D] [thread 45730] [55.0] [cxt 0] Parser 'parser': start
[15:29:16.610] [bmv2] [D] [thread 45730] [55.0] [cxt 0] Parser 'parser' entering state 'start'
[15:29:16.610] [bmv2] [D] [thread 45730] [55.0] [cxt 0] Extracting header 'ethernet'
[15:29:16.610] [bmv2] [D] [thread 45730] [55.0] [cxt 0] Parser state 'start': key is 0800
[15:29:16.610] [bmv2] [T] [thread 45730] [55.0] [cxt 0] Bytes parsed: 14
[15:29:16.610] [bmv2] [D] [thread 45730] [55.0] [cxt 0] Parser 'parser' entering state 'parse_ipv4'
[15:29:16.610] [bmv2] [D] [thread 45730] [55.0] [cxt 0] Extracting header 'ipv4'
[15:29:16.610] [bmv2] [D] [thread 45730] [55.0] [cxt 0] Parser state 'parse_ipv4': key is 06
[15:29:16.610] [bmv2] [T] [thread 45730] [55.0] [cxt 0] Bytes parsed: 34
[15:29:16.610] [bmv2] [D] [thread 45730] [55.0] [cxt 0] Parser 'parser' entering state 'parse_tcp'
[15:29:16.610] [bmv2] [D] [thread 45730] [55.0] [cxt 0] Extracting header 'tcp'
[15:29:16.610] [bmv2] [D] [thread 45730] [55.0] [cxt 0] Parser state 'parse_tcp' has no switch, going to default next state
[15:29:16.610] [bmv2] [T] [thread 45730] [55.0] [cxt 0] Bytes parsed: 54
[15:29:16.610] [bmv2] [D] [thread 45730] [55.0] [cxt 0] Parser 'parser': end
[15:29:16.610] [bmv2] [D] [thread 45730] [55.0] [cxt 0] Pipeline 'ingress': start
[15:29:16.610] [bmv2] [T] [thread 45730] [55.0] [cxt 0] link_monitor.p4(331) Condition "hdr.tcp.isValid()" (node_2) is true
[15:29:16.610] [bmv2] [T] [thread 45730] [55.0] [cxt 0] Applying table 'MyIngress.tcp_lb'
[15:29:16.610] [bmv2] [D] [thread 45730] [55.0] [cxt 0] Looking up key:
* hdr.ipv4.dstAddr    : 0a000404

[15:29:16.610] [bmv2] [D] [thread 45730] [55.0] [cxt 0] Table 'MyIngress.tcp_lb': hit with handle 3
[15:29:16.610] [bmv2] [D] [thread 45730] [55.0] [cxt 0] Dumping entry 3
Match key:
* hdr.ipv4.dstAddr    : LPM       0a000404/32
Action entry: MyIngress.tcp_lb_action - 3,4,

[15:29:16.610] [bmv2] [D] [thread 45730] [55.0] [cxt 0] Action entry is MyIngress.tcp_lb_action - 3,4,
[15:29:16.610] [bmv2] [T] [thread 45730] [55.0] [cxt 0] Action MyIngress.tcp_lb_action
[15:29:16.610] [bmv2] [T] [thread 45730] [55.0] [cxt 0] link_monitor.p4(219) Primitive (bit<32>) port1
[15:29:16.610] [bmv2] [T] [thread 45730] [55.0] [cxt 0] link_monitor.p4(219) Primitive byte_cnt_reg.read(byte_cnt1, (bit<32>) port1)
[15:29:16.610] [bmv2] [T] [thread 45730] [55.0] [cxt 0] Read register 'MyIngress.byte_cnt_reg' at index 3 read value 114
[15:29:16.610] [bmv2] [T] [thread 45730] [55.0] [cxt 0] link_monitor.p4(220) Primitive (bit<32>) port2
[15:29:16.610] [bmv2] [T] [thread 45730] [55.0] [cxt 0] link_monitor.p4(220) Primitive byte_cnt_reg.read(byte_cnt2, (bit<32>) port2)
[15:29:16.610] [bmv2] [T] [thread 45730] [55.0] [cxt 0] Read register 'MyIngress.byte_cnt_reg' at index 4 read value 114
[15:29:16.610] [bmv2] [T] [thread 45730] [55.0] [cxt 0] link_monitor.p4(221) Primitive (bit<32>) port1
[15:29:16.610] [bmv2] [T] [thread 45730] [55.0] [cxt 0] link_monitor.p4(221) Primitive last_time_reg.read(last_time1, (bit<32>) port1)
[15:29:16.610] [bmv2] [T] [thread 45730] [55.0] [cxt 0] Read register 'MyIngress.last_time_reg' at index 3 read value 94400788
[15:29:16.610] [bmv2] [T] [thread 45730] [55.0] [cxt 0] link_monitor.p4(222) Primitive (bit<32>) port2
[15:29:16.610] [bmv2] [T] [thread 45730] [55.0] [cxt 0] link_monitor.p4(222) Primitive last_time_reg.read(last_time2, (bit<32>) port2)
[15:29:16.610] [bmv2] [T] [thread 45730] [55.0] [cxt 0] Read register 'MyIngress.last_time_reg' at index 4 read value 93573931
[15:29:16.610] [bmv2] [T] [thread 45730] [55.0] [cxt 0] Primitive (no source info)
[15:29:16.610] [bmv2] [T] [thread 45730] [55.0] [cxt 0] Primitive (no source info)
[15:29:16.610] [bmv2] [T] [thread 45730] [55.0] [cxt 0] Primitive (no source info)
[15:29:16.610] [bmv2] [T] [thread 45730] [55.0] [cxt 0] Primitive (no source info)
[15:29:16.610] [bmv2] [T] [thread 45730] [55.0] [cxt 0] Primitive (no source info)
[15:29:16.610] [bmv2] [T] [thread 45730] [55.0] [cxt 0] Primitive (no source info)
[15:29:16.610] [bmv2] [T] [thread 45730] [55.0] [cxt 0] Primitive (no source info)
[15:29:16.610] [bmv2] [T] [thread 45730] [55.0] [cxt 0] Primitive (no source info)
[15:29:16.610] [bmv2] [T] [thread 45730] [55.0] [cxt 0] link_monitor.p4(274) Primitive (bit<32>) selected_port
[15:29:16.610] [bmv2] [T] [thread 45730] [55.0] [cxt 0] link_monitor.p4(274) Primitive byte_cnt_reg.write((bit<32>) selected_port, new_byte_cnt)
[15:29:16.610] [bmv2] [T] [thread 45730] [55.0] [cxt 0] Wrote register 'MyIngress.byte_cnt_reg' at index 3 with value 171
[15:29:16.610] [bmv2] [T] [thread 45730] [55.0] [cxt 0] link_monitor.p4(275) Primitive (bit<32>) selected_port
[15:29:16.610] [bmv2] [T] [thread 45730] [55.0] [cxt 0] link_monitor.p4(275) Primitive last_time_reg.write((bit<32>) selected_port, cur_time)
[15:29:16.610] [bmv2] [T] [thread 45730] [55.0] [cxt 0] Wrote register 'MyIngress.last_time_reg' at index 3 with value 94820524
[15:29:16.610] [bmv2] [T] [thread 45730] [55.0] [cxt 0] link_monitor.p4(278) Primitive meta.lb_port = selected_port
[15:29:16.610] [bmv2] [T] [thread 45730] [55.0] [cxt 0] link_monitor.p4(279) Primitive standard_metadata.egress_spec = selected_port
[15:29:16.610] [bmv2] [T] [thread 45730] [55.0] [cxt 0] Applying table 'MyIngress.tcp_lb_nhop'
[15:29:16.610] [bmv2] [D] [thread 45730] [55.0] [cxt 0] Looking up key:
* meta.lb_port        : 0003

[15:29:16.610] [bmv2] [D] [thread 45730] [55.0] [cxt 0] Table 'MyIngress.tcp_lb_nhop': hit with handle 2
[15:29:16.610] [bmv2] [D] [thread 45730] [55.0] [cxt 0] Dumping entry 2
Match key:
* meta.lb_port        : EXACT     0003
Action entry: MyIngress.tcp_lb_nhop_action - 80000000300,

[15:29:16.610] [bmv2] [D] [thread 45730] [55.0] [cxt 0] Action entry is MyIngress.tcp_lb_nhop_action - 80000000300,
[15:29:16.610] [bmv2] [T] [thread 45730] [55.0] [cxt 0] Action MyIngress.tcp_lb_nhop_action
[15:29:16.610] [bmv2] [T] [thread 45730] [55.0] [cxt 0] link_monitor.p4(284) Primitive hdr.ethernet.srcAddr = hdr.ethernet.dstAddr
[15:29:16.610] [bmv2] [T] [thread 45730] [55.0] [cxt 0] link_monitor.p4(285) Primitive hdr.ethernet.dstAddr = dstAddr
[15:29:16.610] [bmv2] [T] [thread 45730] [55.0] [cxt 0] link_monitor.p4(286) Primitive hdr.ipv4.ttl = hdr.ipv4.ttl - 1
[15:29:16.610] [bmv2] [D] [thread 45730] [55.0] [cxt 0] Pipeline 'ingress': end
[15:29:16.610] [bmv2] [D] [thread 45730] [55.0] [cxt 0] Egress port is 3
[15:29:16.610] [bmv2] [D] [thread 45734] [55.0] [cxt 0] Pipeline 'egress': start
[15:29:16.610] [bmv2] [T] [thread 45734] [55.0] [cxt 0] Applying table 'tbl_link_monitor377'
[15:29:16.610] [bmv2] [D] [thread 45734] [55.0] [cxt 0] Looking up key:

[15:29:16.610] [bmv2] [D] [thread 45734] [55.0] [cxt 0] Table 'tbl_link_monitor377': miss
[15:29:16.610] [bmv2] [D] [thread 45734] [55.0] [cxt 0] Action entry is link_monitor377 - 
[15:29:16.610] [bmv2] [T] [thread 45734] [55.0] [cxt 0] Action link_monitor377
[15:29:16.610] [bmv2] [T] [thread 45734] [55.0] [cxt 0] link_monitor.p4(377) Primitive (bit<32>)standard_metadata.egress_port
[15:29:16.610] [bmv2] [T] [thread 45734] [55.0] [cxt 0] link_monitor.p4(377) Primitive byte_cnt_reg.read(byte_cnt, (bit<32>)standard_metadata.egress_port)
[15:29:16.610] [bmv2] [T] [thread 45734] [55.0] [cxt 0] Read register 'MyEgress.byte_cnt_reg' at index 3 read value 114
[15:29:16.610] [bmv2] [T] [thread 45734] [55.0] [cxt 0] link_monitor.p4(378) Primitive byte_cnt = byte_cnt + standard_metadata.packet_length
[15:29:16.610] [bmv2] [T] [thread 45734] [55.0] [cxt 0] link_monitor.p4(380) Condition "hdr.probe.isValid()" (node_12) is false
[15:29:16.610] [bmv2] [T] [thread 45734] [55.0] [cxt 0] Applying table 'tbl_link_monitor380_0'
[15:29:16.610] [bmv2] [D] [thread 45734] [55.0] [cxt 0] Looking up key:

[15:29:16.610] [bmv2] [D] [thread 45734] [55.0] [cxt 0] Table 'tbl_link_monitor380_0': miss
[15:29:16.610] [bmv2] [D] [thread 45734] [55.0] [cxt 0] Action entry is link_monitor380_0 - 
[15:29:16.610] [bmv2] [T] [thread 45734] [55.0] [cxt 0] Action link_monitor380_0
[15:29:16.610] [bmv2] [T] [thread 45734] [55.0] [cxt 0] link_monitor.p4(380) Primitive (hdr.probe.isValid()) ? 0 : byte_cnt
[15:29:16.610] [bmv2] [T] [thread 45734] [55.0] [cxt 0] Applying table 'tbl_link_monitor381'
[15:29:16.610] [bmv2] [D] [thread 45734] [55.0] [cxt 0] Looking up key:

[15:29:16.610] [bmv2] [D] [thread 45734] [55.0] [cxt 0] Table 'tbl_link_monitor381': miss
[15:29:16.610] [bmv2] [D] [thread 45734] [55.0] [cxt 0] Action entry is link_monitor381 - 
[15:29:16.610] [bmv2] [T] [thread 45734] [55.0] [cxt 0] Action link_monitor381
[15:29:16.610] [bmv2] [T] [thread 45734] [55.0] [cxt 0] link_monitor.p4(381) Primitive (bit<32>)standard_metadata.egress_port
[15:29:16.610] [bmv2] [T] [thread 45734] [55.0] [cxt 0] link_monitor.p4(381) Primitive byte_cnt_reg.write((bit<32>)standard_metadata.egress_port, new_byte_cnt)
[15:29:16.610] [bmv2] [T] [thread 45734] [55.0] [cxt 0] Wrote register 'MyEgress.byte_cnt_reg' at index 3 with value 171
[15:29:16.610] [bmv2] [T] [thread 45734] [55.0] [cxt 0] link_monitor.p4(383) Condition "hdr.probe.isValid()" (node_16) is false
[15:29:16.610] [bmv2] [D] [thread 45734] [55.0] [cxt 0] Pipeline 'egress': end
[15:29:16.610] [bmv2] [D] [thread 45734] [55.0] [cxt 0] Deparser 'deparser': start
[15:29:16.610] [bmv2] [D] [thread 45734] [55.0] [cxt 0] Updating checksum 'cksum'
[15:29:16.610] [bmv2] [D] [thread 45734] [55.0] [cxt 0] Deparsing header 'ethernet'
[15:29:16.610] [bmv2] [D] [thread 45734] [55.0] [cxt 0] Deparsing header 'ipv4'
[15:29:16.610] [bmv2] [D] [thread 45734] [55.0] [cxt 0] Deparser 'deparser': end
[15:29:16.610] [bmv2] [D] [thread 45735] [55.0] [cxt 0] Transmitting packet of size 37 out of port 3
[15:29:17.067] [bmv2] [D] [thread 45730] [56.0] [cxt 0] Processing packet received on port 1
[15:29:17.067] [bmv2] [D] [thread 45730] [56.0] [cxt 0] Parser 'parser': start
[15:29:17.067] [bmv2] [D] [thread 45730] [56.0] [cxt 0] Parser 'parser' entering state 'start'
[15:29:17.067] [bmv2] [D] [thread 45730] [56.0] [cxt 0] Extracting header 'ethernet'
[15:29:17.067] [bmv2] [D] [thread 45730] [56.0] [cxt 0] Parser state 'start': key is 0800
[15:29:17.067] [bmv2] [T] [thread 45730] [56.0] [cxt 0] Bytes parsed: 14
[15:29:17.067] [bmv2] [D] [thread 45730] [56.0] [cxt 0] Parser 'parser' entering state 'parse_ipv4'
[15:29:17.067] [bmv2] [D] [thread 45730] [56.0] [cxt 0] Extracting header 'ipv4'
[15:29:17.067] [bmv2] [D] [thread 45730] [56.0] [cxt 0] Parser state 'parse_ipv4': key is 06
[15:29:17.067] [bmv2] [T] [thread 45730] [56.0] [cxt 0] Bytes parsed: 34
[15:29:17.067] [bmv2] [D] [thread 45730] [56.0] [cxt 0] Parser 'parser' entering state 'parse_tcp'
[15:29:17.067] [bmv2] [D] [thread 45730] [56.0] [cxt 0] Extracting header 'tcp'
[15:29:17.067] [bmv2] [D] [thread 45730] [56.0] [cxt 0] Parser state 'parse_tcp' has no switch, going to default next state
[15:29:17.067] [bmv2] [T] [thread 45730] [56.0] [cxt 0] Bytes parsed: 54
[15:29:17.067] [bmv2] [D] [thread 45730] [56.0] [cxt 0] Parser 'parser': end
[15:29:17.067] [bmv2] [D] [thread 45730] [56.0] [cxt 0] Pipeline 'ingress': start
[15:29:17.067] [bmv2] [T] [thread 45730] [56.0] [cxt 0] link_monitor.p4(331) Condition "hdr.tcp.isValid()" (node_2) is true
[15:29:17.067] [bmv2] [T] [thread 45730] [56.0] [cxt 0] Applying table 'MyIngress.tcp_lb'
[15:29:17.067] [bmv2] [D] [thread 45730] [56.0] [cxt 0] Looking up key:
* hdr.ipv4.dstAddr    : 0a000404

[15:29:17.067] [bmv2] [D] [thread 45730] [56.0] [cxt 0] Table 'MyIngress.tcp_lb': hit with handle 3
[15:29:17.067] [bmv2] [D] [thread 45730] [56.0] [cxt 0] Dumping entry 3
Match key:
* hdr.ipv4.dstAddr    : LPM       0a000404/32
Action entry: MyIngress.tcp_lb_action - 3,4,

[15:29:17.067] [bmv2] [D] [thread 45730] [56.0] [cxt 0] Action entry is MyIngress.tcp_lb_action - 3,4,
[15:29:17.067] [bmv2] [T] [thread 45730] [56.0] [cxt 0] Action MyIngress.tcp_lb_action
[15:29:17.067] [bmv2] [T] [thread 45730] [56.0] [cxt 0] link_monitor.p4(219) Primitive (bit<32>) port1
[15:29:17.067] [bmv2] [T] [thread 45730] [56.0] [cxt 0] link_monitor.p4(219) Primitive byte_cnt_reg.read(byte_cnt1, (bit<32>) port1)
[15:29:17.067] [bmv2] [T] [thread 45730] [56.0] [cxt 0] Read register 'MyIngress.byte_cnt_reg' at index 3 read value 171
[15:29:17.067] [bmv2] [T] [thread 45730] [56.0] [cxt 0] link_monitor.p4(220) Primitive (bit<32>) port2
[15:29:17.067] [bmv2] [T] [thread 45730] [56.0] [cxt 0] link_monitor.p4(220) Primitive byte_cnt_reg.read(byte_cnt2, (bit<32>) port2)
[15:29:17.067] [bmv2] [T] [thread 45730] [56.0] [cxt 0] Read register 'MyIngress.byte_cnt_reg' at index 4 read value 114
[15:29:17.067] [bmv2] [T] [thread 45730] [56.0] [cxt 0] link_monitor.p4(221) Primitive (bit<32>) port1
[15:29:17.067] [bmv2] [T] [thread 45730] [56.0] [cxt 0] link_monitor.p4(221) Primitive last_time_reg.read(last_time1, (bit<32>) port1)
[15:29:17.067] [bmv2] [T] [thread 45730] [56.0] [cxt 0] Read register 'MyIngress.last_time_reg' at index 3 read value 94820524
[15:29:17.067] [bmv2] [T] [thread 45730] [56.0] [cxt 0] link_monitor.p4(222) Primitive (bit<32>) port2
[15:29:17.067] [bmv2] [T] [thread 45730] [56.0] [cxt 0] link_monitor.p4(222) Primitive last_time_reg.read(last_time2, (bit<32>) port2)
[15:29:17.067] [bmv2] [T] [thread 45730] [56.0] [cxt 0] Read register 'MyIngress.last_time_reg' at index 4 read value 93573931
[15:29:17.067] [bmv2] [T] [thread 45730] [56.0] [cxt 0] Primitive (no source info)
[15:29:17.067] [bmv2] [T] [thread 45730] [56.0] [cxt 0] Primitive (no source info)
[15:29:17.067] [bmv2] [T] [thread 45730] [56.0] [cxt 0] Primitive (no source info)
[15:29:17.067] [bmv2] [T] [thread 45730] [56.0] [cxt 0] Primitive (no source info)
[15:29:17.067] [bmv2] [T] [thread 45730] [56.0] [cxt 0] Primitive (no source info)
[15:29:17.067] [bmv2] [T] [thread 45730] [56.0] [cxt 0] Primitive (no source info)
[15:29:17.067] [bmv2] [T] [thread 45730] [56.0] [cxt 0] Primitive (no source info)
[15:29:17.067] [bmv2] [T] [thread 45730] [56.0] [cxt 0] Primitive (no source info)
[15:29:17.067] [bmv2] [T] [thread 45730] [56.0] [cxt 0] link_monitor.p4(274) Primitive (bit<32>) selected_port
[15:29:17.067] [bmv2] [T] [thread 45730] [56.0] [cxt 0] link_monitor.p4(274) Primitive byte_cnt_reg.write((bit<32>) selected_port, new_byte_cnt)
[15:29:17.067] [bmv2] [T] [thread 45730] [56.0] [cxt 0] Wrote register 'MyIngress.byte_cnt_reg' at index 3 with value 228
[15:29:17.067] [bmv2] [T] [thread 45730] [56.0] [cxt 0] link_monitor.p4(275) Primitive (bit<32>) selected_port
[15:29:17.067] [bmv2] [T] [thread 45730] [56.0] [cxt 0] link_monitor.p4(275) Primitive last_time_reg.write((bit<32>) selected_port, cur_time)
[15:29:17.067] [bmv2] [T] [thread 45730] [56.0] [cxt 0] Wrote register 'MyIngress.last_time_reg' at index 3 with value 95277959
[15:29:17.067] [bmv2] [T] [thread 45730] [56.0] [cxt 0] link_monitor.p4(278) Primitive meta.lb_port = selected_port
[15:29:17.067] [bmv2] [T] [thread 45730] [56.0] [cxt 0] link_monitor.p4(279) Primitive standard_metadata.egress_spec = selected_port
[15:29:17.067] [bmv2] [T] [thread 45730] [56.0] [cxt 0] Applying table 'MyIngress.tcp_lb_nhop'
[15:29:17.067] [bmv2] [D] [thread 45730] [56.0] [cxt 0] Looking up key:
* meta.lb_port        : 0003

[15:29:17.067] [bmv2] [D] [thread 45730] [56.0] [cxt 0] Table 'MyIngress.tcp_lb_nhop': hit with handle 2
[15:29:17.067] [bmv2] [D] [thread 45730] [56.0] [cxt 0] Dumping entry 2
Match key:
* meta.lb_port        : EXACT     0003
Action entry: MyIngress.tcp_lb_nhop_action - 80000000300,

[15:29:17.067] [bmv2] [D] [thread 45730] [56.0] [cxt 0] Action entry is MyIngress.tcp_lb_nhop_action - 80000000300,
[15:29:17.067] [bmv2] [T] [thread 45730] [56.0] [cxt 0] Action MyIngress.tcp_lb_nhop_action
[15:29:17.067] [bmv2] [T] [thread 45730] [56.0] [cxt 0] link_monitor.p4(284) Primitive hdr.ethernet.srcAddr = hdr.ethernet.dstAddr
[15:29:17.067] [bmv2] [T] [thread 45730] [56.0] [cxt 0] link_monitor.p4(285) Primitive hdr.ethernet.dstAddr = dstAddr
[15:29:17.067] [bmv2] [T] [thread 45730] [56.0] [cxt 0] link_monitor.p4(286) Primitive hdr.ipv4.ttl = hdr.ipv4.ttl - 1
[15:29:17.067] [bmv2] [D] [thread 45730] [56.0] [cxt 0] Pipeline 'ingress': end
[15:29:17.067] [bmv2] [D] [thread 45730] [56.0] [cxt 0] Egress port is 3
[15:29:17.067] [bmv2] [D] [thread 45734] [56.0] [cxt 0] Pipeline 'egress': start
[15:29:17.067] [bmv2] [T] [thread 45734] [56.0] [cxt 0] Applying table 'tbl_link_monitor377'
[15:29:17.067] [bmv2] [D] [thread 45734] [56.0] [cxt 0] Looking up key:

[15:29:17.067] [bmv2] [D] [thread 45734] [56.0] [cxt 0] Table 'tbl_link_monitor377': miss
[15:29:17.067] [bmv2] [D] [thread 45734] [56.0] [cxt 0] Action entry is link_monitor377 - 
[15:29:17.067] [bmv2] [T] [thread 45734] [56.0] [cxt 0] Action link_monitor377
[15:29:17.067] [bmv2] [T] [thread 45734] [56.0] [cxt 0] link_monitor.p4(377) Primitive (bit<32>)standard_metadata.egress_port
[15:29:17.067] [bmv2] [T] [thread 45734] [56.0] [cxt 0] link_monitor.p4(377) Primitive byte_cnt_reg.read(byte_cnt, (bit<32>)standard_metadata.egress_port)
[15:29:17.067] [bmv2] [T] [thread 45734] [56.0] [cxt 0] Read register 'MyEgress.byte_cnt_reg' at index 3 read value 171
[15:29:17.067] [bmv2] [T] [thread 45734] [56.0] [cxt 0] link_monitor.p4(378) Primitive byte_cnt = byte_cnt + standard_metadata.packet_length
[15:29:17.067] [bmv2] [T] [thread 45734] [56.0] [cxt 0] link_monitor.p4(380) Condition "hdr.probe.isValid()" (node_12) is false
[15:29:17.067] [bmv2] [T] [thread 45734] [56.0] [cxt 0] Applying table 'tbl_link_monitor380_0'
[15:29:17.067] [bmv2] [D] [thread 45734] [56.0] [cxt 0] Looking up key:

[15:29:17.067] [bmv2] [D] [thread 45734] [56.0] [cxt 0] Table 'tbl_link_monitor380_0': miss
[15:29:17.067] [bmv2] [D] [thread 45734] [56.0] [cxt 0] Action entry is link_monitor380_0 - 
[15:29:17.067] [bmv2] [T] [thread 45734] [56.0] [cxt 0] Action link_monitor380_0
[15:29:17.067] [bmv2] [T] [thread 45734] [56.0] [cxt 0] link_monitor.p4(380) Primitive (hdr.probe.isValid()) ? 0 : byte_cnt
[15:29:17.067] [bmv2] [T] [thread 45734] [56.0] [cxt 0] Applying table 'tbl_link_monitor381'
[15:29:17.067] [bmv2] [D] [thread 45734] [56.0] [cxt 0] Looking up key:

[15:29:17.067] [bmv2] [D] [thread 45734] [56.0] [cxt 0] Table 'tbl_link_monitor381': miss
[15:29:17.067] [bmv2] [D] [thread 45734] [56.0] [cxt 0] Action entry is link_monitor381 - 
[15:29:17.067] [bmv2] [T] [thread 45734] [56.0] [cxt 0] Action link_monitor381
[15:29:17.067] [bmv2] [T] [thread 45734] [56.0] [cxt 0] link_monitor.p4(381) Primitive (bit<32>)standard_metadata.egress_port
[15:29:17.067] [bmv2] [T] [thread 45734] [56.0] [cxt 0] link_monitor.p4(381) Primitive byte_cnt_reg.write((bit<32>)standard_metadata.egress_port, new_byte_cnt)
[15:29:17.067] [bmv2] [T] [thread 45734] [56.0] [cxt 0] Wrote register 'MyEgress.byte_cnt_reg' at index 3 with value 228
[15:29:17.067] [bmv2] [T] [thread 45734] [56.0] [cxt 0] link_monitor.p4(383) Condition "hdr.probe.isValid()" (node_16) is false
[15:29:17.067] [bmv2] [D] [thread 45734] [56.0] [cxt 0] Pipeline 'egress': end
[15:29:17.067] [bmv2] [D] [thread 45734] [56.0] [cxt 0] Deparser 'deparser': start
[15:29:17.067] [bmv2] [D] [thread 45734] [56.0] [cxt 0] Updating checksum 'cksum'
[15:29:17.067] [bmv2] [D] [thread 45734] [56.0] [cxt 0] Deparsing header 'ethernet'
[15:29:17.067] [bmv2] [D] [thread 45734] [56.0] [cxt 0] Deparsing header 'ipv4'
[15:29:17.067] [bmv2] [D] [thread 45734] [56.0] [cxt 0] Deparser 'deparser': end
[15:29:17.067] [bmv2] [D] [thread 45735] [56.0] [cxt 0] Transmitting packet of size 37 out of port 3
[15:29:17.537] [bmv2] [D] [thread 45730] [57.0] [cxt 0] Processing packet received on port 1
[15:29:17.537] [bmv2] [D] [thread 45730] [57.0] [cxt 0] Parser 'parser': start
[15:29:17.537] [bmv2] [D] [thread 45730] [57.0] [cxt 0] Parser 'parser' entering state 'start'
[15:29:17.537] [bmv2] [D] [thread 45730] [57.0] [cxt 0] Extracting header 'ethernet'
[15:29:17.537] [bmv2] [D] [thread 45730] [57.0] [cxt 0] Parser state 'start': key is 0800
[15:29:17.537] [bmv2] [T] [thread 45730] [57.0] [cxt 0] Bytes parsed: 14
[15:29:17.537] [bmv2] [D] [thread 45730] [57.0] [cxt 0] Parser 'parser' entering state 'parse_ipv4'
[15:29:17.537] [bmv2] [D] [thread 45730] [57.0] [cxt 0] Extracting header 'ipv4'
[15:29:17.537] [bmv2] [D] [thread 45730] [57.0] [cxt 0] Parser state 'parse_ipv4': key is 06
[15:29:17.537] [bmv2] [T] [thread 45730] [57.0] [cxt 0] Bytes parsed: 34
[15:29:17.537] [bmv2] [D] [thread 45730] [57.0] [cxt 0] Parser 'parser' entering state 'parse_tcp'
[15:29:17.537] [bmv2] [D] [thread 45730] [57.0] [cxt 0] Extracting header 'tcp'
[15:29:17.537] [bmv2] [D] [thread 45730] [57.0] [cxt 0] Parser state 'parse_tcp' has no switch, going to default next state
[15:29:17.537] [bmv2] [T] [thread 45730] [57.0] [cxt 0] Bytes parsed: 54
[15:29:17.537] [bmv2] [D] [thread 45730] [57.0] [cxt 0] Parser 'parser': end
[15:29:17.537] [bmv2] [D] [thread 45730] [57.0] [cxt 0] Pipeline 'ingress': start
[15:29:17.537] [bmv2] [T] [thread 45730] [57.0] [cxt 0] link_monitor.p4(331) Condition "hdr.tcp.isValid()" (node_2) is true
[15:29:17.537] [bmv2] [T] [thread 45730] [57.0] [cxt 0] Applying table 'MyIngress.tcp_lb'
[15:29:17.537] [bmv2] [D] [thread 45730] [57.0] [cxt 0] Looking up key:
* hdr.ipv4.dstAddr    : 0a000404

[15:29:17.537] [bmv2] [D] [thread 45730] [57.0] [cxt 0] Table 'MyIngress.tcp_lb': hit with handle 3
[15:29:17.537] [bmv2] [D] [thread 45730] [57.0] [cxt 0] Dumping entry 3
Match key:
* hdr.ipv4.dstAddr    : LPM       0a000404/32
Action entry: MyIngress.tcp_lb_action - 3,4,

[15:29:17.537] [bmv2] [D] [thread 45730] [57.0] [cxt 0] Action entry is MyIngress.tcp_lb_action - 3,4,
[15:29:17.537] [bmv2] [T] [thread 45730] [57.0] [cxt 0] Action MyIngress.tcp_lb_action
[15:29:17.537] [bmv2] [T] [thread 45730] [57.0] [cxt 0] link_monitor.p4(219) Primitive (bit<32>) port1
[15:29:17.537] [bmv2] [T] [thread 45730] [57.0] [cxt 0] link_monitor.p4(219) Primitive byte_cnt_reg.read(byte_cnt1, (bit<32>) port1)
[15:29:17.537] [bmv2] [T] [thread 45730] [57.0] [cxt 0] Read register 'MyIngress.byte_cnt_reg' at index 3 read value 228
[15:29:17.537] [bmv2] [T] [thread 45730] [57.0] [cxt 0] link_monitor.p4(220) Primitive (bit<32>) port2
[15:29:17.537] [bmv2] [T] [thread 45730] [57.0] [cxt 0] link_monitor.p4(220) Primitive byte_cnt_reg.read(byte_cnt2, (bit<32>) port2)
[15:29:17.537] [bmv2] [T] [thread 45730] [57.0] [cxt 0] Read register 'MyIngress.byte_cnt_reg' at index 4 read value 114
[15:29:17.537] [bmv2] [T] [thread 45730] [57.0] [cxt 0] link_monitor.p4(221) Primitive (bit<32>) port1
[15:29:17.537] [bmv2] [T] [thread 45730] [57.0] [cxt 0] link_monitor.p4(221) Primitive last_time_reg.read(last_time1, (bit<32>) port1)
[15:29:17.537] [bmv2] [T] [thread 45730] [57.0] [cxt 0] Read register 'MyIngress.last_time_reg' at index 3 read value 95277959
[15:29:17.537] [bmv2] [T] [thread 45730] [57.0] [cxt 0] link_monitor.p4(222) Primitive (bit<32>) port2
[15:29:17.537] [bmv2] [T] [thread 45730] [57.0] [cxt 0] link_monitor.p4(222) Primitive last_time_reg.read(last_time2, (bit<32>) port2)
[15:29:17.537] [bmv2] [T] [thread 45730] [57.0] [cxt 0] Read register 'MyIngress.last_time_reg' at index 4 read value 93573931
[15:29:17.537] [bmv2] [T] [thread 45730] [57.0] [cxt 0] Primitive (no source info)
[15:29:17.537] [bmv2] [T] [thread 45730] [57.0] [cxt 0] Primitive (no source info)
[15:29:17.537] [bmv2] [T] [thread 45730] [57.0] [cxt 0] Primitive (no source info)
[15:29:17.537] [bmv2] [T] [thread 45730] [57.0] [cxt 0] Primitive (no source info)
[15:29:17.537] [bmv2] [T] [thread 45730] [57.0] [cxt 0] Primitive (no source info)
[15:29:17.537] [bmv2] [T] [thread 45730] [57.0] [cxt 0] Primitive (no source info)
[15:29:17.537] [bmv2] [T] [thread 45730] [57.0] [cxt 0] Primitive (no source info)
[15:29:17.537] [bmv2] [T] [thread 45730] [57.0] [cxt 0] Primitive (no source info)
[15:29:17.537] [bmv2] [T] [thread 45730] [57.0] [cxt 0] link_monitor.p4(274) Primitive (bit<32>) selected_port
[15:29:17.537] [bmv2] [T] [thread 45730] [57.0] [cxt 0] link_monitor.p4(274) Primitive byte_cnt_reg.write((bit<32>) selected_port, new_byte_cnt)
[15:29:17.537] [bmv2] [T] [thread 45730] [57.0] [cxt 0] Wrote register 'MyIngress.byte_cnt_reg' at index 3 with value 285
[15:29:17.537] [bmv2] [T] [thread 45730] [57.0] [cxt 0] link_monitor.p4(275) Primitive (bit<32>) selected_port
[15:29:17.537] [bmv2] [T] [thread 45730] [57.0] [cxt 0] link_monitor.p4(275) Primitive last_time_reg.write((bit<32>) selected_port, cur_time)
[15:29:17.537] [bmv2] [T] [thread 45730] [57.0] [cxt 0] Wrote register 'MyIngress.last_time_reg' at index 3 with value 95747796
[15:29:17.537] [bmv2] [T] [thread 45730] [57.0] [cxt 0] link_monitor.p4(278) Primitive meta.lb_port = selected_port
[15:29:17.537] [bmv2] [T] [thread 45730] [57.0] [cxt 0] link_monitor.p4(279) Primitive standard_metadata.egress_spec = selected_port
[15:29:17.537] [bmv2] [T] [thread 45730] [57.0] [cxt 0] Applying table 'MyIngress.tcp_lb_nhop'
[15:29:17.537] [bmv2] [D] [thread 45730] [57.0] [cxt 0] Looking up key:
* meta.lb_port        : 0003

[15:29:17.537] [bmv2] [D] [thread 45730] [57.0] [cxt 0] Table 'MyIngress.tcp_lb_nhop': hit with handle 2
[15:29:17.537] [bmv2] [D] [thread 45730] [57.0] [cxt 0] Dumping entry 2
Match key:
* meta.lb_port        : EXACT     0003
Action entry: MyIngress.tcp_lb_nhop_action - 80000000300,

[15:29:17.537] [bmv2] [D] [thread 45730] [57.0] [cxt 0] Action entry is MyIngress.tcp_lb_nhop_action - 80000000300,
[15:29:17.537] [bmv2] [T] [thread 45730] [57.0] [cxt 0] Action MyIngress.tcp_lb_nhop_action
[15:29:17.537] [bmv2] [T] [thread 45730] [57.0] [cxt 0] link_monitor.p4(284) Primitive hdr.ethernet.srcAddr = hdr.ethernet.dstAddr
[15:29:17.537] [bmv2] [T] [thread 45730] [57.0] [cxt 0] link_monitor.p4(285) Primitive hdr.ethernet.dstAddr = dstAddr
[15:29:17.537] [bmv2] [T] [thread 45730] [57.0] [cxt 0] link_monitor.p4(286) Primitive hdr.ipv4.ttl = hdr.ipv4.ttl - 1
[15:29:17.537] [bmv2] [D] [thread 45730] [57.0] [cxt 0] Pipeline 'ingress': end
[15:29:17.537] [bmv2] [D] [thread 45730] [57.0] [cxt 0] Egress port is 3
[15:29:17.537] [bmv2] [D] [thread 45734] [57.0] [cxt 0] Pipeline 'egress': start
[15:29:17.537] [bmv2] [T] [thread 45734] [57.0] [cxt 0] Applying table 'tbl_link_monitor377'
[15:29:17.537] [bmv2] [D] [thread 45734] [57.0] [cxt 0] Looking up key:

[15:29:17.537] [bmv2] [D] [thread 45734] [57.0] [cxt 0] Table 'tbl_link_monitor377': miss
[15:29:17.537] [bmv2] [D] [thread 45734] [57.0] [cxt 0] Action entry is link_monitor377 - 
[15:29:17.537] [bmv2] [T] [thread 45734] [57.0] [cxt 0] Action link_monitor377
[15:29:17.537] [bmv2] [T] [thread 45734] [57.0] [cxt 0] link_monitor.p4(377) Primitive (bit<32>)standard_metadata.egress_port
[15:29:17.537] [bmv2] [T] [thread 45734] [57.0] [cxt 0] link_monitor.p4(377) Primitive byte_cnt_reg.read(byte_cnt, (bit<32>)standard_metadata.egress_port)
[15:29:17.537] [bmv2] [T] [thread 45734] [57.0] [cxt 0] Read register 'MyEgress.byte_cnt_reg' at index 3 read value 228
[15:29:17.537] [bmv2] [T] [thread 45734] [57.0] [cxt 0] link_monitor.p4(378) Primitive byte_cnt = byte_cnt + standard_metadata.packet_length
[15:29:17.537] [bmv2] [T] [thread 45734] [57.0] [cxt 0] link_monitor.p4(380) Condition "hdr.probe.isValid()" (node_12) is false
[15:29:17.537] [bmv2] [T] [thread 45734] [57.0] [cxt 0] Applying table 'tbl_link_monitor380_0'
[15:29:17.537] [bmv2] [D] [thread 45734] [57.0] [cxt 0] Looking up key:

[15:29:17.537] [bmv2] [D] [thread 45734] [57.0] [cxt 0] Table 'tbl_link_monitor380_0': miss
[15:29:17.537] [bmv2] [D] [thread 45734] [57.0] [cxt 0] Action entry is link_monitor380_0 - 
[15:29:17.537] [bmv2] [T] [thread 45734] [57.0] [cxt 0] Action link_monitor380_0
[15:29:17.537] [bmv2] [T] [thread 45734] [57.0] [cxt 0] link_monitor.p4(380) Primitive (hdr.probe.isValid()) ? 0 : byte_cnt
[15:29:17.537] [bmv2] [T] [thread 45734] [57.0] [cxt 0] Applying table 'tbl_link_monitor381'
[15:29:17.537] [bmv2] [D] [thread 45734] [57.0] [cxt 0] Looking up key:

[15:29:17.537] [bmv2] [D] [thread 45734] [57.0] [cxt 0] Table 'tbl_link_monitor381': miss
[15:29:17.537] [bmv2] [D] [thread 45734] [57.0] [cxt 0] Action entry is link_monitor381 - 
[15:29:17.537] [bmv2] [T] [thread 45734] [57.0] [cxt 0] Action link_monitor381
[15:29:17.537] [bmv2] [T] [thread 45734] [57.0] [cxt 0] link_monitor.p4(381) Primitive (bit<32>)standard_metadata.egress_port
[15:29:17.537] [bmv2] [T] [thread 45734] [57.0] [cxt 0] link_monitor.p4(381) Primitive byte_cnt_reg.write((bit<32>)standard_metadata.egress_port, new_byte_cnt)
[15:29:17.537] [bmv2] [T] [thread 45734] [57.0] [cxt 0] Wrote register 'MyEgress.byte_cnt_reg' at index 3 with value 285
[15:29:17.537] [bmv2] [T] [thread 45734] [57.0] [cxt 0] link_monitor.p4(383) Condition "hdr.probe.isValid()" (node_16) is false
[15:29:17.537] [bmv2] [D] [thread 45734] [57.0] [cxt 0] Pipeline 'egress': end
[15:29:17.537] [bmv2] [D] [thread 45734] [57.0] [cxt 0] Deparser 'deparser': start
[15:29:17.537] [bmv2] [D] [thread 45734] [57.0] [cxt 0] Updating checksum 'cksum'
[15:29:17.537] [bmv2] [D] [thread 45734] [57.0] [cxt 0] Deparsing header 'ethernet'
[15:29:17.537] [bmv2] [D] [thread 45734] [57.0] [cxt 0] Deparsing header 'ipv4'
[15:29:17.537] [bmv2] [D] [thread 45734] [57.0] [cxt 0] Deparser 'deparser': end
[15:29:17.537] [bmv2] [D] [thread 45735] [57.0] [cxt 0] Transmitting packet of size 37 out of port 3
[15:29:18.418] [bmv2] [D] [thread 45730] [58.0] [cxt 0] Processing packet received on port 1
[15:29:18.418] [bmv2] [D] [thread 45730] [58.0] [cxt 0] Parser 'parser': start
[15:29:18.418] [bmv2] [D] [thread 45730] [58.0] [cxt 0] Parser 'parser' entering state 'start'
[15:29:18.418] [bmv2] [D] [thread 45730] [58.0] [cxt 0] Extracting header 'ethernet'
[15:29:18.418] [bmv2] [D] [thread 45730] [58.0] [cxt 0] Parser state 'start': key is 0800
[15:29:18.418] [bmv2] [T] [thread 45730] [58.0] [cxt 0] Bytes parsed: 14
[15:29:18.418] [bmv2] [D] [thread 45730] [58.0] [cxt 0] Parser 'parser' entering state 'parse_ipv4'
[15:29:18.418] [bmv2] [D] [thread 45730] [58.0] [cxt 0] Extracting header 'ipv4'
[15:29:18.418] [bmv2] [D] [thread 45730] [58.0] [cxt 0] Parser state 'parse_ipv4': key is 06
[15:29:18.418] [bmv2] [T] [thread 45730] [58.0] [cxt 0] Bytes parsed: 34
[15:29:18.418] [bmv2] [D] [thread 45730] [58.0] [cxt 0] Parser 'parser' entering state 'parse_tcp'
[15:29:18.418] [bmv2] [D] [thread 45730] [58.0] [cxt 0] Extracting header 'tcp'
[15:29:18.418] [bmv2] [D] [thread 45730] [58.0] [cxt 0] Parser state 'parse_tcp' has no switch, going to default next state
[15:29:18.418] [bmv2] [T] [thread 45730] [58.0] [cxt 0] Bytes parsed: 54
[15:29:18.418] [bmv2] [D] [thread 45730] [58.0] [cxt 0] Parser 'parser': end
[15:29:18.418] [bmv2] [D] [thread 45730] [58.0] [cxt 0] Pipeline 'ingress': start
[15:29:18.418] [bmv2] [T] [thread 45730] [58.0] [cxt 0] link_monitor.p4(331) Condition "hdr.tcp.isValid()" (node_2) is true
[15:29:18.418] [bmv2] [T] [thread 45730] [58.0] [cxt 0] Applying table 'MyIngress.tcp_lb'
[15:29:18.418] [bmv2] [D] [thread 45730] [58.0] [cxt 0] Looking up key:
* hdr.ipv4.dstAddr    : 0a000404

[15:29:18.418] [bmv2] [D] [thread 45730] [58.0] [cxt 0] Table 'MyIngress.tcp_lb': hit with handle 3
[15:29:18.418] [bmv2] [D] [thread 45730] [58.0] [cxt 0] Dumping entry 3
Match key:
* hdr.ipv4.dstAddr    : LPM       0a000404/32
Action entry: MyIngress.tcp_lb_action - 3,4,

[15:29:18.418] [bmv2] [D] [thread 45730] [58.0] [cxt 0] Action entry is MyIngress.tcp_lb_action - 3,4,
[15:29:18.418] [bmv2] [T] [thread 45730] [58.0] [cxt 0] Action MyIngress.tcp_lb_action
[15:29:18.418] [bmv2] [T] [thread 45730] [58.0] [cxt 0] link_monitor.p4(219) Primitive (bit<32>) port1
[15:29:18.418] [bmv2] [T] [thread 45730] [58.0] [cxt 0] link_monitor.p4(219) Primitive byte_cnt_reg.read(byte_cnt1, (bit<32>) port1)
[15:29:18.418] [bmv2] [T] [thread 45730] [58.0] [cxt 0] Read register 'MyIngress.byte_cnt_reg' at index 3 read value 285
[15:29:18.418] [bmv2] [T] [thread 45730] [58.0] [cxt 0] link_monitor.p4(220) Primitive (bit<32>) port2
[15:29:18.418] [bmv2] [T] [thread 45730] [58.0] [cxt 0] link_monitor.p4(220) Primitive byte_cnt_reg.read(byte_cnt2, (bit<32>) port2)
[15:29:18.418] [bmv2] [T] [thread 45730] [58.0] [cxt 0] Read register 'MyIngress.byte_cnt_reg' at index 4 read value 114
[15:29:18.418] [bmv2] [T] [thread 45730] [58.0] [cxt 0] link_monitor.p4(221) Primitive (bit<32>) port1
[15:29:18.418] [bmv2] [T] [thread 45730] [58.0] [cxt 0] link_monitor.p4(221) Primitive last_time_reg.read(last_time1, (bit<32>) port1)
[15:29:18.418] [bmv2] [T] [thread 45730] [58.0] [cxt 0] Read register 'MyIngress.last_time_reg' at index 3 read value 95747796
[15:29:18.418] [bmv2] [T] [thread 45730] [58.0] [cxt 0] link_monitor.p4(222) Primitive (bit<32>) port2
[15:29:18.418] [bmv2] [T] [thread 45730] [58.0] [cxt 0] link_monitor.p4(222) Primitive last_time_reg.read(last_time2, (bit<32>) port2)
[15:29:18.418] [bmv2] [T] [thread 45730] [58.0] [cxt 0] Read register 'MyIngress.last_time_reg' at index 4 read value 93573931
[15:29:18.418] [bmv2] [T] [thread 45730] [58.0] [cxt 0] Primitive (no source info)
[15:29:18.418] [bmv2] [T] [thread 45730] [58.0] [cxt 0] Primitive (no source info)
[15:29:18.418] [bmv2] [T] [thread 45730] [58.0] [cxt 0] Primitive (no source info)
[15:29:18.418] [bmv2] [T] [thread 45730] [58.0] [cxt 0] Primitive (no source info)
[15:29:18.418] [bmv2] [T] [thread 45730] [58.0] [cxt 0] Primitive (no source info)
[15:29:18.418] [bmv2] [T] [thread 45730] [58.0] [cxt 0] Primitive (no source info)
[15:29:18.418] [bmv2] [T] [thread 45730] [58.0] [cxt 0] Primitive (no source info)
[15:29:18.418] [bmv2] [T] [thread 45730] [58.0] [cxt 0] Primitive (no source info)
[15:29:18.418] [bmv2] [T] [thread 45730] [58.0] [cxt 0] link_monitor.p4(274) Primitive (bit<32>) selected_port
[15:29:18.418] [bmv2] [T] [thread 45730] [58.0] [cxt 0] link_monitor.p4(274) Primitive byte_cnt_reg.write((bit<32>) selected_port, new_byte_cnt)
[15:29:18.418] [bmv2] [T] [thread 45730] [58.0] [cxt 0] Wrote register 'MyIngress.byte_cnt_reg' at index 3 with value 342
[15:29:18.418] [bmv2] [T] [thread 45730] [58.0] [cxt 0] link_monitor.p4(275) Primitive (bit<32>) selected_port
[15:29:18.418] [bmv2] [T] [thread 45730] [58.0] [cxt 0] link_monitor.p4(275) Primitive last_time_reg.write((bit<32>) selected_port, cur_time)
[15:29:18.418] [bmv2] [T] [thread 45730] [58.0] [cxt 0] Wrote register 'MyIngress.last_time_reg' at index 3 with value 96628440
[15:29:18.418] [bmv2] [T] [thread 45730] [58.0] [cxt 0] link_monitor.p4(278) Primitive meta.lb_port = selected_port
[15:29:18.418] [bmv2] [T] [thread 45730] [58.0] [cxt 0] link_monitor.p4(279) Primitive standard_metadata.egress_spec = selected_port
[15:29:18.418] [bmv2] [T] [thread 45730] [58.0] [cxt 0] Applying table 'MyIngress.tcp_lb_nhop'
[15:29:18.418] [bmv2] [D] [thread 45730] [58.0] [cxt 0] Looking up key:
* meta.lb_port        : 0003

[15:29:18.418] [bmv2] [D] [thread 45730] [58.0] [cxt 0] Table 'MyIngress.tcp_lb_nhop': hit with handle 2
[15:29:18.418] [bmv2] [D] [thread 45730] [58.0] [cxt 0] Dumping entry 2
Match key:
* meta.lb_port        : EXACT     0003
Action entry: MyIngress.tcp_lb_nhop_action - 80000000300,

[15:29:18.418] [bmv2] [D] [thread 45730] [58.0] [cxt 0] Action entry is MyIngress.tcp_lb_nhop_action - 80000000300,
[15:29:18.418] [bmv2] [T] [thread 45730] [58.0] [cxt 0] Action MyIngress.tcp_lb_nhop_action
[15:29:18.418] [bmv2] [T] [thread 45730] [58.0] [cxt 0] link_monitor.p4(284) Primitive hdr.ethernet.srcAddr = hdr.ethernet.dstAddr
[15:29:18.418] [bmv2] [T] [thread 45730] [58.0] [cxt 0] link_monitor.p4(285) Primitive hdr.ethernet.dstAddr = dstAddr
[15:29:18.418] [bmv2] [T] [thread 45730] [58.0] [cxt 0] link_monitor.p4(286) Primitive hdr.ipv4.ttl = hdr.ipv4.ttl - 1
[15:29:18.418] [bmv2] [D] [thread 45730] [58.0] [cxt 0] Pipeline 'ingress': end
[15:29:18.418] [bmv2] [D] [thread 45730] [58.0] [cxt 0] Egress port is 3
[15:29:18.418] [bmv2] [D] [thread 45734] [58.0] [cxt 0] Pipeline 'egress': start
[15:29:18.418] [bmv2] [T] [thread 45734] [58.0] [cxt 0] Applying table 'tbl_link_monitor377'
[15:29:18.418] [bmv2] [D] [thread 45734] [58.0] [cxt 0] Looking up key:

[15:29:18.418] [bmv2] [D] [thread 45734] [58.0] [cxt 0] Table 'tbl_link_monitor377': miss
[15:29:18.418] [bmv2] [D] [thread 45734] [58.0] [cxt 0] Action entry is link_monitor377 - 
[15:29:18.418] [bmv2] [T] [thread 45734] [58.0] [cxt 0] Action link_monitor377
[15:29:18.419] [bmv2] [T] [thread 45734] [58.0] [cxt 0] link_monitor.p4(377) Primitive (bit<32>)standard_metadata.egress_port
[15:29:18.419] [bmv2] [T] [thread 45734] [58.0] [cxt 0] link_monitor.p4(377) Primitive byte_cnt_reg.read(byte_cnt, (bit<32>)standard_metadata.egress_port)
[15:29:18.419] [bmv2] [T] [thread 45734] [58.0] [cxt 0] Read register 'MyEgress.byte_cnt_reg' at index 3 read value 285
[15:29:18.419] [bmv2] [T] [thread 45734] [58.0] [cxt 0] link_monitor.p4(378) Primitive byte_cnt = byte_cnt + standard_metadata.packet_length
[15:29:18.419] [bmv2] [T] [thread 45734] [58.0] [cxt 0] link_monitor.p4(380) Condition "hdr.probe.isValid()" (node_12) is false
[15:29:18.419] [bmv2] [T] [thread 45734] [58.0] [cxt 0] Applying table 'tbl_link_monitor380_0'
[15:29:18.419] [bmv2] [D] [thread 45734] [58.0] [cxt 0] Looking up key:

[15:29:18.419] [bmv2] [D] [thread 45734] [58.0] [cxt 0] Table 'tbl_link_monitor380_0': miss
[15:29:18.419] [bmv2] [D] [thread 45734] [58.0] [cxt 0] Action entry is link_monitor380_0 - 
[15:29:18.419] [bmv2] [T] [thread 45734] [58.0] [cxt 0] Action link_monitor380_0
[15:29:18.419] [bmv2] [T] [thread 45734] [58.0] [cxt 0] link_monitor.p4(380) Primitive (hdr.probe.isValid()) ? 0 : byte_cnt
[15:29:18.419] [bmv2] [T] [thread 45734] [58.0] [cxt 0] Applying table 'tbl_link_monitor381'
[15:29:18.419] [bmv2] [D] [thread 45734] [58.0] [cxt 0] Looking up key:

[15:29:18.419] [bmv2] [D] [thread 45734] [58.0] [cxt 0] Table 'tbl_link_monitor381': miss
[15:29:18.419] [bmv2] [D] [thread 45734] [58.0] [cxt 0] Action entry is link_monitor381 - 
[15:29:18.419] [bmv2] [T] [thread 45734] [58.0] [cxt 0] Action link_monitor381
[15:29:18.419] [bmv2] [T] [thread 45734] [58.0] [cxt 0] link_monitor.p4(381) Primitive (bit<32>)standard_metadata.egress_port
[15:29:18.419] [bmv2] [T] [thread 45734] [58.0] [cxt 0] link_monitor.p4(381) Primitive byte_cnt_reg.write((bit<32>)standard_metadata.egress_port, new_byte_cnt)
[15:29:18.419] [bmv2] [T] [thread 45734] [58.0] [cxt 0] Wrote register 'MyEgress.byte_cnt_reg' at index 3 with value 342
[15:29:18.419] [bmv2] [T] [thread 45734] [58.0] [cxt 0] link_monitor.p4(383) Condition "hdr.probe.isValid()" (node_16) is false
[15:29:18.419] [bmv2] [D] [thread 45734] [58.0] [cxt 0] Pipeline 'egress': end
[15:29:18.419] [bmv2] [D] [thread 45734] [58.0] [cxt 0] Deparser 'deparser': start
[15:29:18.419] [bmv2] [D] [thread 45734] [58.0] [cxt 0] Updating checksum 'cksum'
[15:29:18.419] [bmv2] [D] [thread 45734] [58.0] [cxt 0] Deparsing header 'ethernet'
[15:29:18.419] [bmv2] [D] [thread 45734] [58.0] [cxt 0] Deparsing header 'ipv4'
[15:29:18.419] [bmv2] [D] [thread 45734] [58.0] [cxt 0] Deparser 'deparser': end
[15:29:18.419] [bmv2] [D] [thread 45735] [58.0] [cxt 0] Transmitting packet of size 37 out of port 3
[15:29:19.081] [bmv2] [D] [thread 45730] [59.0] [cxt 0] Processing packet received on port 1
[15:29:19.081] [bmv2] [D] [thread 45730] [59.0] [cxt 0] Parser 'parser': start
[15:29:19.081] [bmv2] [D] [thread 45730] [59.0] [cxt 0] Parser 'parser' entering state 'start'
[15:29:19.081] [bmv2] [D] [thread 45730] [59.0] [cxt 0] Extracting header 'ethernet'
[15:29:19.081] [bmv2] [D] [thread 45730] [59.0] [cxt 0] Parser state 'start': key is 0800
[15:29:19.081] [bmv2] [T] [thread 45730] [59.0] [cxt 0] Bytes parsed: 14
[15:29:19.081] [bmv2] [D] [thread 45730] [59.0] [cxt 0] Parser 'parser' entering state 'parse_ipv4'
[15:29:19.081] [bmv2] [D] [thread 45730] [59.0] [cxt 0] Extracting header 'ipv4'
[15:29:19.081] [bmv2] [D] [thread 45730] [59.0] [cxt 0] Parser state 'parse_ipv4': key is 06
[15:29:19.081] [bmv2] [T] [thread 45730] [59.0] [cxt 0] Bytes parsed: 34
[15:29:19.081] [bmv2] [D] [thread 45730] [59.0] [cxt 0] Parser 'parser' entering state 'parse_tcp'
[15:29:19.081] [bmv2] [D] [thread 45730] [59.0] [cxt 0] Extracting header 'tcp'
[15:29:19.081] [bmv2] [D] [thread 45730] [59.0] [cxt 0] Parser state 'parse_tcp' has no switch, going to default next state
[15:29:19.081] [bmv2] [T] [thread 45730] [59.0] [cxt 0] Bytes parsed: 54
[15:29:19.081] [bmv2] [D] [thread 45730] [59.0] [cxt 0] Parser 'parser': end
[15:29:19.081] [bmv2] [D] [thread 45730] [59.0] [cxt 0] Pipeline 'ingress': start
[15:29:19.081] [bmv2] [T] [thread 45730] [59.0] [cxt 0] link_monitor.p4(331) Condition "hdr.tcp.isValid()" (node_2) is true
[15:29:19.081] [bmv2] [T] [thread 45730] [59.0] [cxt 0] Applying table 'MyIngress.tcp_lb'
[15:29:19.081] [bmv2] [D] [thread 45730] [59.0] [cxt 0] Looking up key:
* hdr.ipv4.dstAddr    : 0a000404

[15:29:19.081] [bmv2] [D] [thread 45730] [59.0] [cxt 0] Table 'MyIngress.tcp_lb': hit with handle 3
[15:29:19.081] [bmv2] [D] [thread 45730] [59.0] [cxt 0] Dumping entry 3
Match key:
* hdr.ipv4.dstAddr    : LPM       0a000404/32
Action entry: MyIngress.tcp_lb_action - 3,4,

[15:29:19.081] [bmv2] [D] [thread 45730] [59.0] [cxt 0] Action entry is MyIngress.tcp_lb_action - 3,4,
[15:29:19.081] [bmv2] [T] [thread 45730] [59.0] [cxt 0] Action MyIngress.tcp_lb_action
[15:29:19.081] [bmv2] [T] [thread 45730] [59.0] [cxt 0] link_monitor.p4(219) Primitive (bit<32>) port1
[15:29:19.081] [bmv2] [T] [thread 45730] [59.0] [cxt 0] link_monitor.p4(219) Primitive byte_cnt_reg.read(byte_cnt1, (bit<32>) port1)
[15:29:19.081] [bmv2] [T] [thread 45730] [59.0] [cxt 0] Read register 'MyIngress.byte_cnt_reg' at index 3 read value 342
[15:29:19.081] [bmv2] [T] [thread 45730] [59.0] [cxt 0] link_monitor.p4(220) Primitive (bit<32>) port2
[15:29:19.081] [bmv2] [T] [thread 45730] [59.0] [cxt 0] link_monitor.p4(220) Primitive byte_cnt_reg.read(byte_cnt2, (bit<32>) port2)
[15:29:19.081] [bmv2] [T] [thread 45730] [59.0] [cxt 0] Read register 'MyIngress.byte_cnt_reg' at index 4 read value 114
[15:29:19.081] [bmv2] [T] [thread 45730] [59.0] [cxt 0] link_monitor.p4(221) Primitive (bit<32>) port1
[15:29:19.081] [bmv2] [T] [thread 45730] [59.0] [cxt 0] link_monitor.p4(221) Primitive last_time_reg.read(last_time1, (bit<32>) port1)
[15:29:19.081] [bmv2] [T] [thread 45730] [59.0] [cxt 0] Read register 'MyIngress.last_time_reg' at index 3 read value 96628440
[15:29:19.081] [bmv2] [T] [thread 45730] [59.0] [cxt 0] link_monitor.p4(222) Primitive (bit<32>) port2
[15:29:19.081] [bmv2] [T] [thread 45730] [59.0] [cxt 0] link_monitor.p4(222) Primitive last_time_reg.read(last_time2, (bit<32>) port2)
[15:29:19.081] [bmv2] [T] [thread 45730] [59.0] [cxt 0] Read register 'MyIngress.last_time_reg' at index 4 read value 93573931
[15:29:19.081] [bmv2] [T] [thread 45730] [59.0] [cxt 0] Primitive (no source info)
[15:29:19.081] [bmv2] [T] [thread 45730] [59.0] [cxt 0] Primitive (no source info)
[15:29:19.081] [bmv2] [T] [thread 45730] [59.0] [cxt 0] Primitive (no source info)
[15:29:19.081] [bmv2] [T] [thread 45730] [59.0] [cxt 0] Primitive (no source info)
[15:29:19.081] [bmv2] [T] [thread 45730] [59.0] [cxt 0] Primitive (no source info)
[15:29:19.081] [bmv2] [T] [thread 45730] [59.0] [cxt 0] Primitive (no source info)
[15:29:19.081] [bmv2] [T] [thread 45730] [59.0] [cxt 0] Primitive (no source info)
[15:29:19.081] [bmv2] [T] [thread 45730] [59.0] [cxt 0] Primitive (no source info)
[15:29:19.081] [bmv2] [T] [thread 45730] [59.0] [cxt 0] link_monitor.p4(274) Primitive (bit<32>) selected_port
[15:29:19.081] [bmv2] [T] [thread 45730] [59.0] [cxt 0] link_monitor.p4(274) Primitive byte_cnt_reg.write((bit<32>) selected_port, new_byte_cnt)
[15:29:19.081] [bmv2] [T] [thread 45730] [59.0] [cxt 0] Wrote register 'MyIngress.byte_cnt_reg' at index 3 with value 399
[15:29:19.081] [bmv2] [T] [thread 45730] [59.0] [cxt 0] link_monitor.p4(275) Primitive (bit<32>) selected_port
[15:29:19.081] [bmv2] [T] [thread 45730] [59.0] [cxt 0] link_monitor.p4(275) Primitive last_time_reg.write((bit<32>) selected_port, cur_time)
[15:29:19.081] [bmv2] [T] [thread 45730] [59.0] [cxt 0] Wrote register 'MyIngress.last_time_reg' at index 3 with value 97292290
[15:29:19.081] [bmv2] [T] [thread 45730] [59.0] [cxt 0] link_monitor.p4(278) Primitive meta.lb_port = selected_port
[15:29:19.081] [bmv2] [T] [thread 45730] [59.0] [cxt 0] link_monitor.p4(279) Primitive standard_metadata.egress_spec = selected_port
[15:29:19.081] [bmv2] [T] [thread 45730] [59.0] [cxt 0] Applying table 'MyIngress.tcp_lb_nhop'
[15:29:19.081] [bmv2] [D] [thread 45730] [59.0] [cxt 0] Looking up key:
* meta.lb_port        : 0003

[15:29:19.081] [bmv2] [D] [thread 45730] [59.0] [cxt 0] Table 'MyIngress.tcp_lb_nhop': hit with handle 2
[15:29:19.081] [bmv2] [D] [thread 45730] [59.0] [cxt 0] Dumping entry 2
Match key:
* meta.lb_port        : EXACT     0003
Action entry: MyIngress.tcp_lb_nhop_action - 80000000300,

[15:29:19.081] [bmv2] [D] [thread 45730] [59.0] [cxt 0] Action entry is MyIngress.tcp_lb_nhop_action - 80000000300,
[15:29:19.081] [bmv2] [T] [thread 45730] [59.0] [cxt 0] Action MyIngress.tcp_lb_nhop_action
[15:29:19.081] [bmv2] [T] [thread 45730] [59.0] [cxt 0] link_monitor.p4(284) Primitive hdr.ethernet.srcAddr = hdr.ethernet.dstAddr
[15:29:19.081] [bmv2] [T] [thread 45730] [59.0] [cxt 0] link_monitor.p4(285) Primitive hdr.ethernet.dstAddr = dstAddr
[15:29:19.081] [bmv2] [T] [thread 45730] [59.0] [cxt 0] link_monitor.p4(286) Primitive hdr.ipv4.ttl = hdr.ipv4.ttl - 1
[15:29:19.081] [bmv2] [D] [thread 45730] [59.0] [cxt 0] Pipeline 'ingress': end
[15:29:19.081] [bmv2] [D] [thread 45730] [59.0] [cxt 0] Egress port is 3
[15:29:19.082] [bmv2] [D] [thread 45734] [59.0] [cxt 0] Pipeline 'egress': start
[15:29:19.082] [bmv2] [T] [thread 45734] [59.0] [cxt 0] Applying table 'tbl_link_monitor377'
[15:29:19.082] [bmv2] [D] [thread 45734] [59.0] [cxt 0] Looking up key:

[15:29:19.082] [bmv2] [D] [thread 45734] [59.0] [cxt 0] Table 'tbl_link_monitor377': miss
[15:29:19.082] [bmv2] [D] [thread 45734] [59.0] [cxt 0] Action entry is link_monitor377 - 
[15:29:19.082] [bmv2] [T] [thread 45734] [59.0] [cxt 0] Action link_monitor377
[15:29:19.082] [bmv2] [T] [thread 45734] [59.0] [cxt 0] link_monitor.p4(377) Primitive (bit<32>)standard_metadata.egress_port
[15:29:19.082] [bmv2] [T] [thread 45734] [59.0] [cxt 0] link_monitor.p4(377) Primitive byte_cnt_reg.read(byte_cnt, (bit<32>)standard_metadata.egress_port)
[15:29:19.082] [bmv2] [T] [thread 45734] [59.0] [cxt 0] Read register 'MyEgress.byte_cnt_reg' at index 3 read value 342
[15:29:19.082] [bmv2] [T] [thread 45734] [59.0] [cxt 0] link_monitor.p4(378) Primitive byte_cnt = byte_cnt + standard_metadata.packet_length
[15:29:19.082] [bmv2] [T] [thread 45734] [59.0] [cxt 0] link_monitor.p4(380) Condition "hdr.probe.isValid()" (node_12) is false
[15:29:19.082] [bmv2] [T] [thread 45734] [59.0] [cxt 0] Applying table 'tbl_link_monitor380_0'
[15:29:19.082] [bmv2] [D] [thread 45734] [59.0] [cxt 0] Looking up key:

[15:29:19.082] [bmv2] [D] [thread 45734] [59.0] [cxt 0] Table 'tbl_link_monitor380_0': miss
[15:29:19.082] [bmv2] [D] [thread 45734] [59.0] [cxt 0] Action entry is link_monitor380_0 - 
[15:29:19.082] [bmv2] [T] [thread 45734] [59.0] [cxt 0] Action link_monitor380_0
[15:29:19.082] [bmv2] [T] [thread 45734] [59.0] [cxt 0] link_monitor.p4(380) Primitive (hdr.probe.isValid()) ? 0 : byte_cnt
[15:29:19.082] [bmv2] [T] [thread 45734] [59.0] [cxt 0] Applying table 'tbl_link_monitor381'
[15:29:19.082] [bmv2] [D] [thread 45734] [59.0] [cxt 0] Looking up key:

[15:29:19.082] [bmv2] [D] [thread 45734] [59.0] [cxt 0] Table 'tbl_link_monitor381': miss
[15:29:19.082] [bmv2] [D] [thread 45734] [59.0] [cxt 0] Action entry is link_monitor381 - 
[15:29:19.082] [bmv2] [T] [thread 45734] [59.0] [cxt 0] Action link_monitor381
[15:29:19.082] [bmv2] [T] [thread 45734] [59.0] [cxt 0] link_monitor.p4(381) Primitive (bit<32>)standard_metadata.egress_port
[15:29:19.082] [bmv2] [T] [thread 45734] [59.0] [cxt 0] link_monitor.p4(381) Primitive byte_cnt_reg.write((bit<32>)standard_metadata.egress_port, new_byte_cnt)
[15:29:19.082] [bmv2] [T] [thread 45734] [59.0] [cxt 0] Wrote register 'MyEgress.byte_cnt_reg' at index 3 with value 399
[15:29:19.082] [bmv2] [T] [thread 45734] [59.0] [cxt 0] link_monitor.p4(383) Condition "hdr.probe.isValid()" (node_16) is false
[15:29:19.082] [bmv2] [D] [thread 45734] [59.0] [cxt 0] Pipeline 'egress': end
[15:29:19.082] [bmv2] [D] [thread 45734] [59.0] [cxt 0] Deparser 'deparser': start
[15:29:19.082] [bmv2] [D] [thread 45734] [59.0] [cxt 0] Updating checksum 'cksum'
[15:29:19.082] [bmv2] [D] [thread 45734] [59.0] [cxt 0] Deparsing header 'ethernet'
[15:29:19.082] [bmv2] [D] [thread 45734] [59.0] [cxt 0] Deparsing header 'ipv4'
[15:29:19.082] [bmv2] [D] [thread 45734] [59.0] [cxt 0] Deparser 'deparser': end
[15:29:19.082] [bmv2] [D] [thread 45735] [59.0] [cxt 0] Transmitting packet of size 37 out of port 3
[15:29:19.754] [bmv2] [D] [thread 45730] [60.0] [cxt 0] Processing packet received on port 1
[15:29:19.754] [bmv2] [D] [thread 45730] [60.0] [cxt 0] Parser 'parser': start
[15:29:19.754] [bmv2] [D] [thread 45730] [60.0] [cxt 0] Parser 'parser' entering state 'start'
[15:29:19.754] [bmv2] [D] [thread 45730] [60.0] [cxt 0] Extracting header 'ethernet'
[15:29:19.754] [bmv2] [D] [thread 45730] [60.0] [cxt 0] Parser state 'start': key is 0800
[15:29:19.754] [bmv2] [T] [thread 45730] [60.0] [cxt 0] Bytes parsed: 14
[15:29:19.754] [bmv2] [D] [thread 45730] [60.0] [cxt 0] Parser 'parser' entering state 'parse_ipv4'
[15:29:19.754] [bmv2] [D] [thread 45730] [60.0] [cxt 0] Extracting header 'ipv4'
[15:29:19.754] [bmv2] [D] [thread 45730] [60.0] [cxt 0] Parser state 'parse_ipv4': key is 06
[15:29:19.754] [bmv2] [T] [thread 45730] [60.0] [cxt 0] Bytes parsed: 34
[15:29:19.754] [bmv2] [D] [thread 45730] [60.0] [cxt 0] Parser 'parser' entering state 'parse_tcp'
[15:29:19.754] [bmv2] [D] [thread 45730] [60.0] [cxt 0] Extracting header 'tcp'
[15:29:19.754] [bmv2] [D] [thread 45730] [60.0] [cxt 0] Parser state 'parse_tcp' has no switch, going to default next state
[15:29:19.754] [bmv2] [T] [thread 45730] [60.0] [cxt 0] Bytes parsed: 54
[15:29:19.754] [bmv2] [D] [thread 45730] [60.0] [cxt 0] Parser 'parser': end
[15:29:19.754] [bmv2] [D] [thread 45730] [60.0] [cxt 0] Pipeline 'ingress': start
[15:29:19.754] [bmv2] [T] [thread 45730] [60.0] [cxt 0] link_monitor.p4(331) Condition "hdr.tcp.isValid()" (node_2) is true
[15:29:19.754] [bmv2] [T] [thread 45730] [60.0] [cxt 0] Applying table 'MyIngress.tcp_lb'
[15:29:19.754] [bmv2] [D] [thread 45730] [60.0] [cxt 0] Looking up key:
* hdr.ipv4.dstAddr    : 0a000404

[15:29:19.754] [bmv2] [D] [thread 45730] [60.0] [cxt 0] Table 'MyIngress.tcp_lb': hit with handle 3
[15:29:19.754] [bmv2] [D] [thread 45730] [60.0] [cxt 0] Dumping entry 3
Match key:
* hdr.ipv4.dstAddr    : LPM       0a000404/32
Action entry: MyIngress.tcp_lb_action - 3,4,

[15:29:19.754] [bmv2] [D] [thread 45730] [60.0] [cxt 0] Action entry is MyIngress.tcp_lb_action - 3,4,
[15:29:19.754] [bmv2] [T] [thread 45730] [60.0] [cxt 0] Action MyIngress.tcp_lb_action
[15:29:19.754] [bmv2] [T] [thread 45730] [60.0] [cxt 0] link_monitor.p4(219) Primitive (bit<32>) port1
[15:29:19.754] [bmv2] [T] [thread 45730] [60.0] [cxt 0] link_monitor.p4(219) Primitive byte_cnt_reg.read(byte_cnt1, (bit<32>) port1)
[15:29:19.754] [bmv2] [T] [thread 45730] [60.0] [cxt 0] Read register 'MyIngress.byte_cnt_reg' at index 3 read value 399
[15:29:19.754] [bmv2] [T] [thread 45730] [60.0] [cxt 0] link_monitor.p4(220) Primitive (bit<32>) port2
[15:29:19.754] [bmv2] [T] [thread 45730] [60.0] [cxt 0] link_monitor.p4(220) Primitive byte_cnt_reg.read(byte_cnt2, (bit<32>) port2)
[15:29:19.754] [bmv2] [T] [thread 45730] [60.0] [cxt 0] Read register 'MyIngress.byte_cnt_reg' at index 4 read value 114
[15:29:19.754] [bmv2] [T] [thread 45730] [60.0] [cxt 0] link_monitor.p4(221) Primitive (bit<32>) port1
[15:29:19.754] [bmv2] [T] [thread 45730] [60.0] [cxt 0] link_monitor.p4(221) Primitive last_time_reg.read(last_time1, (bit<32>) port1)
[15:29:19.754] [bmv2] [T] [thread 45730] [60.0] [cxt 0] Read register 'MyIngress.last_time_reg' at index 3 read value 97292290
[15:29:19.754] [bmv2] [T] [thread 45730] [60.0] [cxt 0] link_monitor.p4(222) Primitive (bit<32>) port2
[15:29:19.754] [bmv2] [T] [thread 45730] [60.0] [cxt 0] link_monitor.p4(222) Primitive last_time_reg.read(last_time2, (bit<32>) port2)
[15:29:19.754] [bmv2] [T] [thread 45730] [60.0] [cxt 0] Read register 'MyIngress.last_time_reg' at index 4 read value 93573931
[15:29:19.754] [bmv2] [T] [thread 45730] [60.0] [cxt 0] Primitive (no source info)
[15:29:19.754] [bmv2] [T] [thread 45730] [60.0] [cxt 0] Primitive (no source info)
[15:29:19.754] [bmv2] [T] [thread 45730] [60.0] [cxt 0] Primitive (no source info)
[15:29:19.754] [bmv2] [T] [thread 45730] [60.0] [cxt 0] Primitive (no source info)
[15:29:19.754] [bmv2] [T] [thread 45730] [60.0] [cxt 0] Primitive (no source info)
[15:29:19.754] [bmv2] [T] [thread 45730] [60.0] [cxt 0] Primitive (no source info)
[15:29:19.754] [bmv2] [T] [thread 45730] [60.0] [cxt 0] Primitive (no source info)
[15:29:19.754] [bmv2] [T] [thread 45730] [60.0] [cxt 0] Primitive (no source info)
[15:29:19.754] [bmv2] [T] [thread 45730] [60.0] [cxt 0] link_monitor.p4(274) Primitive (bit<32>) selected_port
[15:29:19.754] [bmv2] [T] [thread 45730] [60.0] [cxt 0] link_monitor.p4(274) Primitive byte_cnt_reg.write((bit<32>) selected_port, new_byte_cnt)
[15:29:19.754] [bmv2] [T] [thread 45730] [60.0] [cxt 0] Wrote register 'MyIngress.byte_cnt_reg' at index 3 with value 456
[15:29:19.754] [bmv2] [T] [thread 45730] [60.0] [cxt 0] link_monitor.p4(275) Primitive (bit<32>) selected_port
[15:29:19.754] [bmv2] [T] [thread 45730] [60.0] [cxt 0] link_monitor.p4(275) Primitive last_time_reg.write((bit<32>) selected_port, cur_time)
[15:29:19.754] [bmv2] [T] [thread 45730] [60.0] [cxt 0] Wrote register 'MyIngress.last_time_reg' at index 3 with value 97965095
[15:29:19.754] [bmv2] [T] [thread 45730] [60.0] [cxt 0] link_monitor.p4(278) Primitive meta.lb_port = selected_port
[15:29:19.754] [bmv2] [T] [thread 45730] [60.0] [cxt 0] link_monitor.p4(279) Primitive standard_metadata.egress_spec = selected_port
[15:29:19.754] [bmv2] [T] [thread 45730] [60.0] [cxt 0] Applying table 'MyIngress.tcp_lb_nhop'
[15:29:19.754] [bmv2] [D] [thread 45730] [60.0] [cxt 0] Looking up key:
* meta.lb_port        : 0003

[15:29:19.754] [bmv2] [D] [thread 45730] [60.0] [cxt 0] Table 'MyIngress.tcp_lb_nhop': hit with handle 2
[15:29:19.754] [bmv2] [D] [thread 45730] [60.0] [cxt 0] Dumping entry 2
Match key:
* meta.lb_port        : EXACT     0003
Action entry: MyIngress.tcp_lb_nhop_action - 80000000300,

[15:29:19.754] [bmv2] [D] [thread 45730] [60.0] [cxt 0] Action entry is MyIngress.tcp_lb_nhop_action - 80000000300,
[15:29:19.754] [bmv2] [T] [thread 45730] [60.0] [cxt 0] Action MyIngress.tcp_lb_nhop_action
[15:29:19.754] [bmv2] [T] [thread 45730] [60.0] [cxt 0] link_monitor.p4(284) Primitive hdr.ethernet.srcAddr = hdr.ethernet.dstAddr
[15:29:19.754] [bmv2] [T] [thread 45730] [60.0] [cxt 0] link_monitor.p4(285) Primitive hdr.ethernet.dstAddr = dstAddr
[15:29:19.754] [bmv2] [T] [thread 45730] [60.0] [cxt 0] link_monitor.p4(286) Primitive hdr.ipv4.ttl = hdr.ipv4.ttl - 1
[15:29:19.754] [bmv2] [D] [thread 45730] [60.0] [cxt 0] Pipeline 'ingress': end
[15:29:19.754] [bmv2] [D] [thread 45730] [60.0] [cxt 0] Egress port is 3
[15:29:19.754] [bmv2] [D] [thread 45734] [60.0] [cxt 0] Pipeline 'egress': start
[15:29:19.754] [bmv2] [T] [thread 45734] [60.0] [cxt 0] Applying table 'tbl_link_monitor377'
[15:29:19.754] [bmv2] [D] [thread 45734] [60.0] [cxt 0] Looking up key:

[15:29:19.754] [bmv2] [D] [thread 45734] [60.0] [cxt 0] Table 'tbl_link_monitor377': miss
[15:29:19.754] [bmv2] [D] [thread 45734] [60.0] [cxt 0] Action entry is link_monitor377 - 
[15:29:19.754] [bmv2] [T] [thread 45734] [60.0] [cxt 0] Action link_monitor377
[15:29:19.754] [bmv2] [T] [thread 45734] [60.0] [cxt 0] link_monitor.p4(377) Primitive (bit<32>)standard_metadata.egress_port
[15:29:19.754] [bmv2] [T] [thread 45734] [60.0] [cxt 0] link_monitor.p4(377) Primitive byte_cnt_reg.read(byte_cnt, (bit<32>)standard_metadata.egress_port)
[15:29:19.754] [bmv2] [T] [thread 45734] [60.0] [cxt 0] Read register 'MyEgress.byte_cnt_reg' at index 3 read value 399
[15:29:19.755] [bmv2] [T] [thread 45734] [60.0] [cxt 0] link_monitor.p4(378) Primitive byte_cnt = byte_cnt + standard_metadata.packet_length
[15:29:19.755] [bmv2] [T] [thread 45734] [60.0] [cxt 0] link_monitor.p4(380) Condition "hdr.probe.isValid()" (node_12) is false
[15:29:19.755] [bmv2] [T] [thread 45734] [60.0] [cxt 0] Applying table 'tbl_link_monitor380_0'
[15:29:19.755] [bmv2] [D] [thread 45734] [60.0] [cxt 0] Looking up key:

[15:29:19.755] [bmv2] [D] [thread 45734] [60.0] [cxt 0] Table 'tbl_link_monitor380_0': miss
[15:29:19.755] [bmv2] [D] [thread 45734] [60.0] [cxt 0] Action entry is link_monitor380_0 - 
[15:29:19.755] [bmv2] [T] [thread 45734] [60.0] [cxt 0] Action link_monitor380_0
[15:29:19.755] [bmv2] [T] [thread 45734] [60.0] [cxt 0] link_monitor.p4(380) Primitive (hdr.probe.isValid()) ? 0 : byte_cnt
[15:29:19.755] [bmv2] [T] [thread 45734] [60.0] [cxt 0] Applying table 'tbl_link_monitor381'
[15:29:19.755] [bmv2] [D] [thread 45734] [60.0] [cxt 0] Looking up key:

[15:29:19.755] [bmv2] [D] [thread 45734] [60.0] [cxt 0] Table 'tbl_link_monitor381': miss
[15:29:19.755] [bmv2] [D] [thread 45734] [60.0] [cxt 0] Action entry is link_monitor381 - 
[15:29:19.755] [bmv2] [T] [thread 45734] [60.0] [cxt 0] Action link_monitor381
[15:29:19.755] [bmv2] [T] [thread 45734] [60.0] [cxt 0] link_monitor.p4(381) Primitive (bit<32>)standard_metadata.egress_port
[15:29:19.755] [bmv2] [T] [thread 45734] [60.0] [cxt 0] link_monitor.p4(381) Primitive byte_cnt_reg.write((bit<32>)standard_metadata.egress_port, new_byte_cnt)
[15:29:19.755] [bmv2] [T] [thread 45734] [60.0] [cxt 0] Wrote register 'MyEgress.byte_cnt_reg' at index 3 with value 456
[15:29:19.755] [bmv2] [T] [thread 45734] [60.0] [cxt 0] link_monitor.p4(383) Condition "hdr.probe.isValid()" (node_16) is false
[15:29:19.755] [bmv2] [D] [thread 45734] [60.0] [cxt 0] Pipeline 'egress': end
[15:29:19.755] [bmv2] [D] [thread 45734] [60.0] [cxt 0] Deparser 'deparser': start
[15:29:19.755] [bmv2] [D] [thread 45734] [60.0] [cxt 0] Updating checksum 'cksum'
[15:29:19.755] [bmv2] [D] [thread 45734] [60.0] [cxt 0] Deparsing header 'ethernet'
[15:29:19.755] [bmv2] [D] [thread 45734] [60.0] [cxt 0] Deparsing header 'ipv4'
[15:29:19.755] [bmv2] [D] [thread 45734] [60.0] [cxt 0] Deparser 'deparser': end
[15:29:19.755] [bmv2] [D] [thread 45735] [60.0] [cxt 0] Transmitting packet of size 37 out of port 3
[15:29:20.483] [bmv2] [D] [thread 45730] [61.0] [cxt 0] Processing packet received on port 1
[15:29:20.483] [bmv2] [D] [thread 45730] [61.0] [cxt 0] Parser 'parser': start
[15:29:20.483] [bmv2] [D] [thread 45730] [61.0] [cxt 0] Parser 'parser' entering state 'start'
[15:29:20.483] [bmv2] [D] [thread 45730] [61.0] [cxt 0] Extracting header 'ethernet'
[15:29:20.483] [bmv2] [D] [thread 45730] [61.0] [cxt 0] Parser state 'start': key is 0800
[15:29:20.483] [bmv2] [T] [thread 45730] [61.0] [cxt 0] Bytes parsed: 14
[15:29:20.483] [bmv2] [D] [thread 45730] [61.0] [cxt 0] Parser 'parser' entering state 'parse_ipv4'
[15:29:20.483] [bmv2] [D] [thread 45730] [61.0] [cxt 0] Extracting header 'ipv4'
[15:29:20.483] [bmv2] [D] [thread 45730] [61.0] [cxt 0] Parser state 'parse_ipv4': key is 06
[15:29:20.483] [bmv2] [T] [thread 45730] [61.0] [cxt 0] Bytes parsed: 34
[15:29:20.483] [bmv2] [D] [thread 45730] [61.0] [cxt 0] Parser 'parser' entering state 'parse_tcp'
[15:29:20.483] [bmv2] [D] [thread 45730] [61.0] [cxt 0] Extracting header 'tcp'
[15:29:20.483] [bmv2] [D] [thread 45730] [61.0] [cxt 0] Parser state 'parse_tcp' has no switch, going to default next state
[15:29:20.483] [bmv2] [T] [thread 45730] [61.0] [cxt 0] Bytes parsed: 54
[15:29:20.483] [bmv2] [D] [thread 45730] [61.0] [cxt 0] Parser 'parser': end
[15:29:20.483] [bmv2] [D] [thread 45730] [61.0] [cxt 0] Pipeline 'ingress': start
[15:29:20.483] [bmv2] [T] [thread 45730] [61.0] [cxt 0] link_monitor.p4(331) Condition "hdr.tcp.isValid()" (node_2) is true
[15:29:20.483] [bmv2] [T] [thread 45730] [61.0] [cxt 0] Applying table 'MyIngress.tcp_lb'
[15:29:20.483] [bmv2] [D] [thread 45730] [61.0] [cxt 0] Looking up key:
* hdr.ipv4.dstAddr    : 0a000404

[15:29:20.483] [bmv2] [D] [thread 45730] [61.0] [cxt 0] Table 'MyIngress.tcp_lb': hit with handle 3
[15:29:20.483] [bmv2] [D] [thread 45730] [61.0] [cxt 0] Dumping entry 3
Match key:
* hdr.ipv4.dstAddr    : LPM       0a000404/32
Action entry: MyIngress.tcp_lb_action - 3,4,

[15:29:20.483] [bmv2] [D] [thread 45730] [61.0] [cxt 0] Action entry is MyIngress.tcp_lb_action - 3,4,
[15:29:20.483] [bmv2] [T] [thread 45730] [61.0] [cxt 0] Action MyIngress.tcp_lb_action
[15:29:20.483] [bmv2] [T] [thread 45730] [61.0] [cxt 0] link_monitor.p4(219) Primitive (bit<32>) port1
[15:29:20.483] [bmv2] [T] [thread 45730] [61.0] [cxt 0] link_monitor.p4(219) Primitive byte_cnt_reg.read(byte_cnt1, (bit<32>) port1)
[15:29:20.483] [bmv2] [T] [thread 45730] [61.0] [cxt 0] Read register 'MyIngress.byte_cnt_reg' at index 3 read value 456
[15:29:20.483] [bmv2] [T] [thread 45730] [61.0] [cxt 0] link_monitor.p4(220) Primitive (bit<32>) port2
[15:29:20.483] [bmv2] [T] [thread 45730] [61.0] [cxt 0] link_monitor.p4(220) Primitive byte_cnt_reg.read(byte_cnt2, (bit<32>) port2)
[15:29:20.483] [bmv2] [T] [thread 45730] [61.0] [cxt 0] Read register 'MyIngress.byte_cnt_reg' at index 4 read value 114
[15:29:20.483] [bmv2] [T] [thread 45730] [61.0] [cxt 0] link_monitor.p4(221) Primitive (bit<32>) port1
[15:29:20.483] [bmv2] [T] [thread 45730] [61.0] [cxt 0] link_monitor.p4(221) Primitive last_time_reg.read(last_time1, (bit<32>) port1)
[15:29:20.483] [bmv2] [T] [thread 45730] [61.0] [cxt 0] Read register 'MyIngress.last_time_reg' at index 3 read value 97965095
[15:29:20.483] [bmv2] [T] [thread 45730] [61.0] [cxt 0] link_monitor.p4(222) Primitive (bit<32>) port2
[15:29:20.483] [bmv2] [T] [thread 45730] [61.0] [cxt 0] link_monitor.p4(222) Primitive last_time_reg.read(last_time2, (bit<32>) port2)
[15:29:20.483] [bmv2] [T] [thread 45730] [61.0] [cxt 0] Read register 'MyIngress.last_time_reg' at index 4 read value 93573931
[15:29:20.483] [bmv2] [T] [thread 45730] [61.0] [cxt 0] Primitive (no source info)
[15:29:20.483] [bmv2] [T] [thread 45730] [61.0] [cxt 0] Primitive (no source info)
[15:29:20.483] [bmv2] [T] [thread 45730] [61.0] [cxt 0] Primitive (no source info)
[15:29:20.483] [bmv2] [T] [thread 45730] [61.0] [cxt 0] Primitive (no source info)
[15:29:20.483] [bmv2] [T] [thread 45730] [61.0] [cxt 0] Primitive (no source info)
[15:29:20.483] [bmv2] [T] [thread 45730] [61.0] [cxt 0] Primitive (no source info)
[15:29:20.483] [bmv2] [T] [thread 45730] [61.0] [cxt 0] Primitive (no source info)
[15:29:20.483] [bmv2] [T] [thread 45730] [61.0] [cxt 0] Primitive (no source info)
[15:29:20.483] [bmv2] [T] [thread 45730] [61.0] [cxt 0] link_monitor.p4(274) Primitive (bit<32>) selected_port
[15:29:20.483] [bmv2] [T] [thread 45730] [61.0] [cxt 0] link_monitor.p4(274) Primitive byte_cnt_reg.write((bit<32>) selected_port, new_byte_cnt)
[15:29:20.483] [bmv2] [T] [thread 45730] [61.0] [cxt 0] Wrote register 'MyIngress.byte_cnt_reg' at index 3 with value 513
[15:29:20.483] [bmv2] [T] [thread 45730] [61.0] [cxt 0] link_monitor.p4(275) Primitive (bit<32>) selected_port
[15:29:20.483] [bmv2] [T] [thread 45730] [61.0] [cxt 0] link_monitor.p4(275) Primitive last_time_reg.write((bit<32>) selected_port, cur_time)
[15:29:20.483] [bmv2] [T] [thread 45730] [61.0] [cxt 0] Wrote register 'MyIngress.last_time_reg' at index 3 with value 98693933
[15:29:20.483] [bmv2] [T] [thread 45730] [61.0] [cxt 0] link_monitor.p4(278) Primitive meta.lb_port = selected_port
[15:29:20.483] [bmv2] [T] [thread 45730] [61.0] [cxt 0] link_monitor.p4(279) Primitive standard_metadata.egress_spec = selected_port
[15:29:20.483] [bmv2] [T] [thread 45730] [61.0] [cxt 0] Applying table 'MyIngress.tcp_lb_nhop'
[15:29:20.483] [bmv2] [D] [thread 45730] [61.0] [cxt 0] Looking up key:
* meta.lb_port        : 0003

[15:29:20.483] [bmv2] [D] [thread 45730] [61.0] [cxt 0] Table 'MyIngress.tcp_lb_nhop': hit with handle 2
[15:29:20.483] [bmv2] [D] [thread 45730] [61.0] [cxt 0] Dumping entry 2
Match key:
* meta.lb_port        : EXACT     0003
Action entry: MyIngress.tcp_lb_nhop_action - 80000000300,

[15:29:20.483] [bmv2] [D] [thread 45730] [61.0] [cxt 0] Action entry is MyIngress.tcp_lb_nhop_action - 80000000300,
[15:29:20.483] [bmv2] [T] [thread 45730] [61.0] [cxt 0] Action MyIngress.tcp_lb_nhop_action
[15:29:20.483] [bmv2] [T] [thread 45730] [61.0] [cxt 0] link_monitor.p4(284) Primitive hdr.ethernet.srcAddr = hdr.ethernet.dstAddr
[15:29:20.483] [bmv2] [T] [thread 45730] [61.0] [cxt 0] link_monitor.p4(285) Primitive hdr.ethernet.dstAddr = dstAddr
[15:29:20.483] [bmv2] [T] [thread 45730] [61.0] [cxt 0] link_monitor.p4(286) Primitive hdr.ipv4.ttl = hdr.ipv4.ttl - 1
[15:29:20.483] [bmv2] [D] [thread 45730] [61.0] [cxt 0] Pipeline 'ingress': end
[15:29:20.483] [bmv2] [D] [thread 45730] [61.0] [cxt 0] Egress port is 3
[15:29:20.483] [bmv2] [D] [thread 45734] [61.0] [cxt 0] Pipeline 'egress': start
[15:29:20.483] [bmv2] [T] [thread 45734] [61.0] [cxt 0] Applying table 'tbl_link_monitor377'
[15:29:20.483] [bmv2] [D] [thread 45734] [61.0] [cxt 0] Looking up key:

[15:29:20.483] [bmv2] [D] [thread 45734] [61.0] [cxt 0] Table 'tbl_link_monitor377': miss
[15:29:20.483] [bmv2] [D] [thread 45734] [61.0] [cxt 0] Action entry is link_monitor377 - 
[15:29:20.483] [bmv2] [T] [thread 45734] [61.0] [cxt 0] Action link_monitor377
[15:29:20.483] [bmv2] [T] [thread 45734] [61.0] [cxt 0] link_monitor.p4(377) Primitive (bit<32>)standard_metadata.egress_port
[15:29:20.483] [bmv2] [T] [thread 45734] [61.0] [cxt 0] link_monitor.p4(377) Primitive byte_cnt_reg.read(byte_cnt, (bit<32>)standard_metadata.egress_port)
[15:29:20.483] [bmv2] [T] [thread 45734] [61.0] [cxt 0] Read register 'MyEgress.byte_cnt_reg' at index 3 read value 456
[15:29:20.483] [bmv2] [T] [thread 45734] [61.0] [cxt 0] link_monitor.p4(378) Primitive byte_cnt = byte_cnt + standard_metadata.packet_length
[15:29:20.483] [bmv2] [T] [thread 45734] [61.0] [cxt 0] link_monitor.p4(380) Condition "hdr.probe.isValid()" (node_12) is false
[15:29:20.483] [bmv2] [T] [thread 45734] [61.0] [cxt 0] Applying table 'tbl_link_monitor380_0'
[15:29:20.483] [bmv2] [D] [thread 45734] [61.0] [cxt 0] Looking up key:

[15:29:20.483] [bmv2] [D] [thread 45734] [61.0] [cxt 0] Table 'tbl_link_monitor380_0': miss
[15:29:20.483] [bmv2] [D] [thread 45734] [61.0] [cxt 0] Action entry is link_monitor380_0 - 
[15:29:20.484] [bmv2] [T] [thread 45734] [61.0] [cxt 0] Action link_monitor380_0
[15:29:20.484] [bmv2] [T] [thread 45734] [61.0] [cxt 0] link_monitor.p4(380) Primitive (hdr.probe.isValid()) ? 0 : byte_cnt
[15:29:20.484] [bmv2] [T] [thread 45734] [61.0] [cxt 0] Applying table 'tbl_link_monitor381'
[15:29:20.484] [bmv2] [D] [thread 45734] [61.0] [cxt 0] Looking up key:

[15:29:20.484] [bmv2] [D] [thread 45734] [61.0] [cxt 0] Table 'tbl_link_monitor381': miss
[15:29:20.484] [bmv2] [D] [thread 45734] [61.0] [cxt 0] Action entry is link_monitor381 - 
[15:29:20.484] [bmv2] [T] [thread 45734] [61.0] [cxt 0] Action link_monitor381
[15:29:20.484] [bmv2] [T] [thread 45734] [61.0] [cxt 0] link_monitor.p4(381) Primitive (bit<32>)standard_metadata.egress_port
[15:29:20.484] [bmv2] [T] [thread 45734] [61.0] [cxt 0] link_monitor.p4(381) Primitive byte_cnt_reg.write((bit<32>)standard_metadata.egress_port, new_byte_cnt)
[15:29:20.484] [bmv2] [T] [thread 45734] [61.0] [cxt 0] Wrote register 'MyEgress.byte_cnt_reg' at index 3 with value 513
[15:29:20.484] [bmv2] [T] [thread 45734] [61.0] [cxt 0] link_monitor.p4(383) Condition "hdr.probe.isValid()" (node_16) is false
[15:29:20.484] [bmv2] [D] [thread 45734] [61.0] [cxt 0] Pipeline 'egress': end
[15:29:20.484] [bmv2] [D] [thread 45734] [61.0] [cxt 0] Deparser 'deparser': start
[15:29:20.484] [bmv2] [D] [thread 45734] [61.0] [cxt 0] Updating checksum 'cksum'
[15:29:20.484] [bmv2] [D] [thread 45734] [61.0] [cxt 0] Deparsing header 'ethernet'
[15:29:20.484] [bmv2] [D] [thread 45734] [61.0] [cxt 0] Deparsing header 'ipv4'
[15:29:20.484] [bmv2] [D] [thread 45734] [61.0] [cxt 0] Deparser 'deparser': end
[15:29:20.484] [bmv2] [D] [thread 45735] [61.0] [cxt 0] Transmitting packet of size 37 out of port 3
[15:29:21.336] [bmv2] [D] [thread 45730] [62.0] [cxt 0] Processing packet received on port 1
[15:29:21.336] [bmv2] [D] [thread 45730] [62.0] [cxt 0] Parser 'parser': start
[15:29:21.336] [bmv2] [D] [thread 45730] [62.0] [cxt 0] Parser 'parser' entering state 'start'
[15:29:21.336] [bmv2] [D] [thread 45730] [62.0] [cxt 0] Extracting header 'ethernet'
[15:29:21.337] [bmv2] [D] [thread 45730] [62.0] [cxt 0] Parser state 'start': key is 0800
[15:29:21.337] [bmv2] [T] [thread 45730] [62.0] [cxt 0] Bytes parsed: 14
[15:29:21.337] [bmv2] [D] [thread 45730] [62.0] [cxt 0] Parser 'parser' entering state 'parse_ipv4'
[15:29:21.337] [bmv2] [D] [thread 45730] [62.0] [cxt 0] Extracting header 'ipv4'
[15:29:21.337] [bmv2] [D] [thread 45730] [62.0] [cxt 0] Parser state 'parse_ipv4': key is 06
[15:29:21.337] [bmv2] [T] [thread 45730] [62.0] [cxt 0] Bytes parsed: 34
[15:29:21.337] [bmv2] [D] [thread 45730] [62.0] [cxt 0] Parser 'parser' entering state 'parse_tcp'
[15:29:21.337] [bmv2] [D] [thread 45730] [62.0] [cxt 0] Extracting header 'tcp'
[15:29:21.337] [bmv2] [D] [thread 45730] [62.0] [cxt 0] Parser state 'parse_tcp' has no switch, going to default next state
[15:29:21.337] [bmv2] [T] [thread 45730] [62.0] [cxt 0] Bytes parsed: 54
[15:29:21.337] [bmv2] [D] [thread 45730] [62.0] [cxt 0] Parser 'parser': end
[15:29:21.337] [bmv2] [D] [thread 45730] [62.0] [cxt 0] Pipeline 'ingress': start
[15:29:21.337] [bmv2] [T] [thread 45730] [62.0] [cxt 0] link_monitor.p4(331) Condition "hdr.tcp.isValid()" (node_2) is true
[15:29:21.337] [bmv2] [T] [thread 45730] [62.0] [cxt 0] Applying table 'MyIngress.tcp_lb'
[15:29:21.337] [bmv2] [D] [thread 45730] [62.0] [cxt 0] Looking up key:
* hdr.ipv4.dstAddr    : 0a000404

[15:29:21.337] [bmv2] [D] [thread 45730] [62.0] [cxt 0] Table 'MyIngress.tcp_lb': hit with handle 3
[15:29:21.337] [bmv2] [D] [thread 45730] [62.0] [cxt 0] Dumping entry 3
Match key:
* hdr.ipv4.dstAddr    : LPM       0a000404/32
Action entry: MyIngress.tcp_lb_action - 3,4,

[15:29:21.337] [bmv2] [D] [thread 45730] [62.0] [cxt 0] Action entry is MyIngress.tcp_lb_action - 3,4,
[15:29:21.337] [bmv2] [T] [thread 45730] [62.0] [cxt 0] Action MyIngress.tcp_lb_action
[15:29:21.337] [bmv2] [T] [thread 45730] [62.0] [cxt 0] link_monitor.p4(219) Primitive (bit<32>) port1
[15:29:21.337] [bmv2] [T] [thread 45730] [62.0] [cxt 0] link_monitor.p4(219) Primitive byte_cnt_reg.read(byte_cnt1, (bit<32>) port1)
[15:29:21.337] [bmv2] [T] [thread 45730] [62.0] [cxt 0] Read register 'MyIngress.byte_cnt_reg' at index 3 read value 513
[15:29:21.337] [bmv2] [T] [thread 45730] [62.0] [cxt 0] link_monitor.p4(220) Primitive (bit<32>) port2
[15:29:21.337] [bmv2] [T] [thread 45730] [62.0] [cxt 0] link_monitor.p4(220) Primitive byte_cnt_reg.read(byte_cnt2, (bit<32>) port2)
[15:29:21.337] [bmv2] [T] [thread 45730] [62.0] [cxt 0] Read register 'MyIngress.byte_cnt_reg' at index 4 read value 114
[15:29:21.337] [bmv2] [T] [thread 45730] [62.0] [cxt 0] link_monitor.p4(221) Primitive (bit<32>) port1
[15:29:21.337] [bmv2] [T] [thread 45730] [62.0] [cxt 0] link_monitor.p4(221) Primitive last_time_reg.read(last_time1, (bit<32>) port1)
[15:29:21.337] [bmv2] [T] [thread 45730] [62.0] [cxt 0] Read register 'MyIngress.last_time_reg' at index 3 read value 98693933
[15:29:21.337] [bmv2] [T] [thread 45730] [62.0] [cxt 0] link_monitor.p4(222) Primitive (bit<32>) port2
[15:29:21.337] [bmv2] [T] [thread 45730] [62.0] [cxt 0] link_monitor.p4(222) Primitive last_time_reg.read(last_time2, (bit<32>) port2)
[15:29:21.337] [bmv2] [T] [thread 45730] [62.0] [cxt 0] Read register 'MyIngress.last_time_reg' at index 4 read value 93573931
[15:29:21.337] [bmv2] [T] [thread 45730] [62.0] [cxt 0] Primitive (no source info)
[15:29:21.337] [bmv2] [T] [thread 45730] [62.0] [cxt 0] Primitive (no source info)
[15:29:21.337] [bmv2] [T] [thread 45730] [62.0] [cxt 0] Primitive (no source info)
[15:29:21.337] [bmv2] [T] [thread 45730] [62.0] [cxt 0] Primitive (no source info)
[15:29:21.337] [bmv2] [T] [thread 45730] [62.0] [cxt 0] Primitive (no source info)
[15:29:21.337] [bmv2] [T] [thread 45730] [62.0] [cxt 0] Primitive (no source info)
[15:29:21.337] [bmv2] [T] [thread 45730] [62.0] [cxt 0] Primitive (no source info)
[15:29:21.337] [bmv2] [T] [thread 45730] [62.0] [cxt 0] Primitive (no source info)
[15:29:21.337] [bmv2] [T] [thread 45730] [62.0] [cxt 0] link_monitor.p4(274) Primitive (bit<32>) selected_port
[15:29:21.337] [bmv2] [T] [thread 45730] [62.0] [cxt 0] link_monitor.p4(274) Primitive byte_cnt_reg.write((bit<32>) selected_port, new_byte_cnt)
[15:29:21.337] [bmv2] [T] [thread 45730] [62.0] [cxt 0] Wrote register 'MyIngress.byte_cnt_reg' at index 3 with value 570
[15:29:21.337] [bmv2] [T] [thread 45730] [62.0] [cxt 0] link_monitor.p4(275) Primitive (bit<32>) selected_port
[15:29:21.337] [bmv2] [T] [thread 45730] [62.0] [cxt 0] link_monitor.p4(275) Primitive last_time_reg.write((bit<32>) selected_port, cur_time)
[15:29:21.337] [bmv2] [T] [thread 45730] [62.0] [cxt 0] Wrote register 'MyIngress.last_time_reg' at index 3 with value 99547393
[15:29:21.337] [bmv2] [T] [thread 45730] [62.0] [cxt 0] link_monitor.p4(278) Primitive meta.lb_port = selected_port
[15:29:21.337] [bmv2] [T] [thread 45730] [62.0] [cxt 0] link_monitor.p4(279) Primitive standard_metadata.egress_spec = selected_port
[15:29:21.337] [bmv2] [T] [thread 45730] [62.0] [cxt 0] Applying table 'MyIngress.tcp_lb_nhop'
[15:29:21.337] [bmv2] [D] [thread 45730] [62.0] [cxt 0] Looking up key:
* meta.lb_port        : 0003

[15:29:21.337] [bmv2] [D] [thread 45730] [62.0] [cxt 0] Table 'MyIngress.tcp_lb_nhop': hit with handle 2
[15:29:21.337] [bmv2] [D] [thread 45730] [62.0] [cxt 0] Dumping entry 2
Match key:
* meta.lb_port        : EXACT     0003
Action entry: MyIngress.tcp_lb_nhop_action - 80000000300,

[15:29:21.337] [bmv2] [D] [thread 45730] [62.0] [cxt 0] Action entry is MyIngress.tcp_lb_nhop_action - 80000000300,
[15:29:21.337] [bmv2] [T] [thread 45730] [62.0] [cxt 0] Action MyIngress.tcp_lb_nhop_action
[15:29:21.337] [bmv2] [T] [thread 45730] [62.0] [cxt 0] link_monitor.p4(284) Primitive hdr.ethernet.srcAddr = hdr.ethernet.dstAddr
[15:29:21.337] [bmv2] [T] [thread 45730] [62.0] [cxt 0] link_monitor.p4(285) Primitive hdr.ethernet.dstAddr = dstAddr
[15:29:21.337] [bmv2] [T] [thread 45730] [62.0] [cxt 0] link_monitor.p4(286) Primitive hdr.ipv4.ttl = hdr.ipv4.ttl - 1
[15:29:21.337] [bmv2] [D] [thread 45730] [62.0] [cxt 0] Pipeline 'ingress': end
[15:29:21.337] [bmv2] [D] [thread 45730] [62.0] [cxt 0] Egress port is 3
[15:29:21.337] [bmv2] [D] [thread 45734] [62.0] [cxt 0] Pipeline 'egress': start
[15:29:21.337] [bmv2] [T] [thread 45734] [62.0] [cxt 0] Applying table 'tbl_link_monitor377'
[15:29:21.337] [bmv2] [D] [thread 45734] [62.0] [cxt 0] Looking up key:

[15:29:21.337] [bmv2] [D] [thread 45734] [62.0] [cxt 0] Table 'tbl_link_monitor377': miss
[15:29:21.337] [bmv2] [D] [thread 45734] [62.0] [cxt 0] Action entry is link_monitor377 - 
[15:29:21.337] [bmv2] [T] [thread 45734] [62.0] [cxt 0] Action link_monitor377
[15:29:21.337] [bmv2] [T] [thread 45734] [62.0] [cxt 0] link_monitor.p4(377) Primitive (bit<32>)standard_metadata.egress_port
[15:29:21.337] [bmv2] [T] [thread 45734] [62.0] [cxt 0] link_monitor.p4(377) Primitive byte_cnt_reg.read(byte_cnt, (bit<32>)standard_metadata.egress_port)
[15:29:21.337] [bmv2] [T] [thread 45734] [62.0] [cxt 0] Read register 'MyEgress.byte_cnt_reg' at index 3 read value 513
[15:29:21.337] [bmv2] [T] [thread 45734] [62.0] [cxt 0] link_monitor.p4(378) Primitive byte_cnt = byte_cnt + standard_metadata.packet_length
[15:29:21.337] [bmv2] [T] [thread 45734] [62.0] [cxt 0] link_monitor.p4(380) Condition "hdr.probe.isValid()" (node_12) is false
[15:29:21.337] [bmv2] [T] [thread 45734] [62.0] [cxt 0] Applying table 'tbl_link_monitor380_0'
[15:29:21.337] [bmv2] [D] [thread 45734] [62.0] [cxt 0] Looking up key:

[15:29:21.337] [bmv2] [D] [thread 45734] [62.0] [cxt 0] Table 'tbl_link_monitor380_0': miss
[15:29:21.337] [bmv2] [D] [thread 45734] [62.0] [cxt 0] Action entry is link_monitor380_0 - 
[15:29:21.337] [bmv2] [T] [thread 45734] [62.0] [cxt 0] Action link_monitor380_0
[15:29:21.337] [bmv2] [T] [thread 45734] [62.0] [cxt 0] link_monitor.p4(380) Primitive (hdr.probe.isValid()) ? 0 : byte_cnt
[15:29:21.337] [bmv2] [T] [thread 45734] [62.0] [cxt 0] Applying table 'tbl_link_monitor381'
[15:29:21.337] [bmv2] [D] [thread 45734] [62.0] [cxt 0] Looking up key:

[15:29:21.337] [bmv2] [D] [thread 45734] [62.0] [cxt 0] Table 'tbl_link_monitor381': miss
[15:29:21.337] [bmv2] [D] [thread 45734] [62.0] [cxt 0] Action entry is link_monitor381 - 
[15:29:21.337] [bmv2] [T] [thread 45734] [62.0] [cxt 0] Action link_monitor381
[15:29:21.337] [bmv2] [T] [thread 45734] [62.0] [cxt 0] link_monitor.p4(381) Primitive (bit<32>)standard_metadata.egress_port
[15:29:21.337] [bmv2] [T] [thread 45734] [62.0] [cxt 0] link_monitor.p4(381) Primitive byte_cnt_reg.write((bit<32>)standard_metadata.egress_port, new_byte_cnt)
[15:29:21.337] [bmv2] [T] [thread 45734] [62.0] [cxt 0] Wrote register 'MyEgress.byte_cnt_reg' at index 3 with value 570
[15:29:21.337] [bmv2] [T] [thread 45734] [62.0] [cxt 0] link_monitor.p4(383) Condition "hdr.probe.isValid()" (node_16) is false
[15:29:21.337] [bmv2] [D] [thread 45734] [62.0] [cxt 0] Pipeline 'egress': end
[15:29:21.337] [bmv2] [D] [thread 45734] [62.0] [cxt 0] Deparser 'deparser': start
[15:29:21.337] [bmv2] [D] [thread 45734] [62.0] [cxt 0] Updating checksum 'cksum'
[15:29:21.337] [bmv2] [D] [thread 45734] [62.0] [cxt 0] Deparsing header 'ethernet'
[15:29:21.337] [bmv2] [D] [thread 45734] [62.0] [cxt 0] Deparsing header 'ipv4'
[15:29:21.337] [bmv2] [D] [thread 45734] [62.0] [cxt 0] Deparser 'deparser': end
[15:29:21.337] [bmv2] [D] [thread 45735] [62.0] [cxt 0] Transmitting packet of size 37 out of port 3
[15:29:21.962] [bmv2] [D] [thread 45730] [63.0] [cxt 0] Processing packet received on port 1
[15:29:21.962] [bmv2] [D] [thread 45730] [63.0] [cxt 0] Parser 'parser': start
[15:29:21.962] [bmv2] [D] [thread 45730] [63.0] [cxt 0] Parser 'parser' entering state 'start'
[15:29:21.962] [bmv2] [D] [thread 45730] [63.0] [cxt 0] Extracting header 'ethernet'
[15:29:21.962] [bmv2] [D] [thread 45730] [63.0] [cxt 0] Parser state 'start': key is 0800
[15:29:21.962] [bmv2] [T] [thread 45730] [63.0] [cxt 0] Bytes parsed: 14
[15:29:21.962] [bmv2] [D] [thread 45730] [63.0] [cxt 0] Parser 'parser' entering state 'parse_ipv4'
[15:29:21.962] [bmv2] [D] [thread 45730] [63.0] [cxt 0] Extracting header 'ipv4'
[15:29:21.962] [bmv2] [D] [thread 45730] [63.0] [cxt 0] Parser state 'parse_ipv4': key is 06
[15:29:21.962] [bmv2] [T] [thread 45730] [63.0] [cxt 0] Bytes parsed: 34
[15:29:21.962] [bmv2] [D] [thread 45730] [63.0] [cxt 0] Parser 'parser' entering state 'parse_tcp'
[15:29:21.962] [bmv2] [D] [thread 45730] [63.0] [cxt 0] Extracting header 'tcp'
[15:29:21.962] [bmv2] [D] [thread 45730] [63.0] [cxt 0] Parser state 'parse_tcp' has no switch, going to default next state
[15:29:21.962] [bmv2] [T] [thread 45730] [63.0] [cxt 0] Bytes parsed: 54
[15:29:21.962] [bmv2] [D] [thread 45730] [63.0] [cxt 0] Parser 'parser': end
[15:29:21.962] [bmv2] [D] [thread 45730] [63.0] [cxt 0] Pipeline 'ingress': start
[15:29:21.962] [bmv2] [T] [thread 45730] [63.0] [cxt 0] link_monitor.p4(331) Condition "hdr.tcp.isValid()" (node_2) is true
[15:29:21.962] [bmv2] [T] [thread 45730] [63.0] [cxt 0] Applying table 'MyIngress.tcp_lb'
[15:29:21.962] [bmv2] [D] [thread 45730] [63.0] [cxt 0] Looking up key:
* hdr.ipv4.dstAddr    : 0a000404

[15:29:21.962] [bmv2] [D] [thread 45730] [63.0] [cxt 0] Table 'MyIngress.tcp_lb': hit with handle 3
[15:29:21.962] [bmv2] [D] [thread 45730] [63.0] [cxt 0] Dumping entry 3
Match key:
* hdr.ipv4.dstAddr    : LPM       0a000404/32
Action entry: MyIngress.tcp_lb_action - 3,4,

[15:29:21.962] [bmv2] [D] [thread 45730] [63.0] [cxt 0] Action entry is MyIngress.tcp_lb_action - 3,4,
[15:29:21.962] [bmv2] [T] [thread 45730] [63.0] [cxt 0] Action MyIngress.tcp_lb_action
[15:29:21.962] [bmv2] [T] [thread 45730] [63.0] [cxt 0] link_monitor.p4(219) Primitive (bit<32>) port1
[15:29:21.962] [bmv2] [T] [thread 45730] [63.0] [cxt 0] link_monitor.p4(219) Primitive byte_cnt_reg.read(byte_cnt1, (bit<32>) port1)
[15:29:21.962] [bmv2] [T] [thread 45730] [63.0] [cxt 0] Read register 'MyIngress.byte_cnt_reg' at index 3 read value 570
[15:29:21.962] [bmv2] [T] [thread 45730] [63.0] [cxt 0] link_monitor.p4(220) Primitive (bit<32>) port2
[15:29:21.962] [bmv2] [T] [thread 45730] [63.0] [cxt 0] link_monitor.p4(220) Primitive byte_cnt_reg.read(byte_cnt2, (bit<32>) port2)
[15:29:21.962] [bmv2] [T] [thread 45730] [63.0] [cxt 0] Read register 'MyIngress.byte_cnt_reg' at index 4 read value 114
[15:29:21.962] [bmv2] [T] [thread 45730] [63.0] [cxt 0] link_monitor.p4(221) Primitive (bit<32>) port1
[15:29:21.962] [bmv2] [T] [thread 45730] [63.0] [cxt 0] link_monitor.p4(221) Primitive last_time_reg.read(last_time1, (bit<32>) port1)
[15:29:21.962] [bmv2] [T] [thread 45730] [63.0] [cxt 0] Read register 'MyIngress.last_time_reg' at index 3 read value 99547393
[15:29:21.962] [bmv2] [T] [thread 45730] [63.0] [cxt 0] link_monitor.p4(222) Primitive (bit<32>) port2
[15:29:21.962] [bmv2] [T] [thread 45730] [63.0] [cxt 0] link_monitor.p4(222) Primitive last_time_reg.read(last_time2, (bit<32>) port2)
[15:29:21.962] [bmv2] [T] [thread 45730] [63.0] [cxt 0] Read register 'MyIngress.last_time_reg' at index 4 read value 93573931
[15:29:21.962] [bmv2] [T] [thread 45730] [63.0] [cxt 0] Primitive (no source info)
[15:29:21.962] [bmv2] [T] [thread 45730] [63.0] [cxt 0] Primitive (no source info)
[15:29:21.962] [bmv2] [T] [thread 45730] [63.0] [cxt 0] Primitive (no source info)
[15:29:21.962] [bmv2] [T] [thread 45730] [63.0] [cxt 0] Primitive (no source info)
[15:29:21.962] [bmv2] [T] [thread 45730] [63.0] [cxt 0] Primitive (no source info)
[15:29:21.962] [bmv2] [T] [thread 45730] [63.0] [cxt 0] Primitive (no source info)
[15:29:21.962] [bmv2] [T] [thread 45730] [63.0] [cxt 0] Primitive (no source info)
[15:29:21.962] [bmv2] [T] [thread 45730] [63.0] [cxt 0] Primitive (no source info)
[15:29:21.962] [bmv2] [T] [thread 45730] [63.0] [cxt 0] link_monitor.p4(274) Primitive (bit<32>) selected_port
[15:29:21.962] [bmv2] [T] [thread 45730] [63.0] [cxt 0] link_monitor.p4(274) Primitive byte_cnt_reg.write((bit<32>) selected_port, new_byte_cnt)
[15:29:21.962] [bmv2] [T] [thread 45730] [63.0] [cxt 0] Wrote register 'MyIngress.byte_cnt_reg' at index 3 with value 627
[15:29:21.962] [bmv2] [T] [thread 45730] [63.0] [cxt 0] link_monitor.p4(275) Primitive (bit<32>) selected_port
[15:29:21.962] [bmv2] [T] [thread 45730] [63.0] [cxt 0] link_monitor.p4(275) Primitive last_time_reg.write((bit<32>) selected_port, cur_time)
[15:29:21.962] [bmv2] [T] [thread 45730] [63.0] [cxt 0] Wrote register 'MyIngress.last_time_reg' at index 3 with value 100173007
[15:29:21.962] [bmv2] [T] [thread 45730] [63.0] [cxt 0] link_monitor.p4(278) Primitive meta.lb_port = selected_port
[15:29:21.962] [bmv2] [T] [thread 45730] [63.0] [cxt 0] link_monitor.p4(279) Primitive standard_metadata.egress_spec = selected_port
[15:29:21.962] [bmv2] [T] [thread 45730] [63.0] [cxt 0] Applying table 'MyIngress.tcp_lb_nhop'
[15:29:21.962] [bmv2] [D] [thread 45730] [63.0] [cxt 0] Looking up key:
* meta.lb_port        : 0003

[15:29:21.962] [bmv2] [D] [thread 45730] [63.0] [cxt 0] Table 'MyIngress.tcp_lb_nhop': hit with handle 2
[15:29:21.962] [bmv2] [D] [thread 45730] [63.0] [cxt 0] Dumping entry 2
Match key:
* meta.lb_port        : EXACT     0003
Action entry: MyIngress.tcp_lb_nhop_action - 80000000300,

[15:29:21.962] [bmv2] [D] [thread 45730] [63.0] [cxt 0] Action entry is MyIngress.tcp_lb_nhop_action - 80000000300,
[15:29:21.962] [bmv2] [T] [thread 45730] [63.0] [cxt 0] Action MyIngress.tcp_lb_nhop_action
[15:29:21.962] [bmv2] [T] [thread 45730] [63.0] [cxt 0] link_monitor.p4(284) Primitive hdr.ethernet.srcAddr = hdr.ethernet.dstAddr
[15:29:21.962] [bmv2] [T] [thread 45730] [63.0] [cxt 0] link_monitor.p4(285) Primitive hdr.ethernet.dstAddr = dstAddr
[15:29:21.962] [bmv2] [T] [thread 45730] [63.0] [cxt 0] link_monitor.p4(286) Primitive hdr.ipv4.ttl = hdr.ipv4.ttl - 1
[15:29:21.962] [bmv2] [D] [thread 45730] [63.0] [cxt 0] Pipeline 'ingress': end
[15:29:21.962] [bmv2] [D] [thread 45730] [63.0] [cxt 0] Egress port is 3
[15:29:21.962] [bmv2] [D] [thread 45734] [63.0] [cxt 0] Pipeline 'egress': start
[15:29:21.962] [bmv2] [T] [thread 45734] [63.0] [cxt 0] Applying table 'tbl_link_monitor377'
[15:29:21.962] [bmv2] [D] [thread 45734] [63.0] [cxt 0] Looking up key:

[15:29:21.962] [bmv2] [D] [thread 45734] [63.0] [cxt 0] Table 'tbl_link_monitor377': miss
[15:29:21.962] [bmv2] [D] [thread 45734] [63.0] [cxt 0] Action entry is link_monitor377 - 
[15:29:21.962] [bmv2] [T] [thread 45734] [63.0] [cxt 0] Action link_monitor377
[15:29:21.962] [bmv2] [T] [thread 45734] [63.0] [cxt 0] link_monitor.p4(377) Primitive (bit<32>)standard_metadata.egress_port
[15:29:21.962] [bmv2] [T] [thread 45734] [63.0] [cxt 0] link_monitor.p4(377) Primitive byte_cnt_reg.read(byte_cnt, (bit<32>)standard_metadata.egress_port)
[15:29:21.962] [bmv2] [T] [thread 45734] [63.0] [cxt 0] Read register 'MyEgress.byte_cnt_reg' at index 3 read value 570
[15:29:21.962] [bmv2] [T] [thread 45734] [63.0] [cxt 0] link_monitor.p4(378) Primitive byte_cnt = byte_cnt + standard_metadata.packet_length
[15:29:21.962] [bmv2] [T] [thread 45734] [63.0] [cxt 0] link_monitor.p4(380) Condition "hdr.probe.isValid()" (node_12) is false
[15:29:21.962] [bmv2] [T] [thread 45734] [63.0] [cxt 0] Applying table 'tbl_link_monitor380_0'
[15:29:21.962] [bmv2] [D] [thread 45734] [63.0] [cxt 0] Looking up key:

[15:29:21.962] [bmv2] [D] [thread 45734] [63.0] [cxt 0] Table 'tbl_link_monitor380_0': miss
[15:29:21.962] [bmv2] [D] [thread 45734] [63.0] [cxt 0] Action entry is link_monitor380_0 - 
[15:29:21.962] [bmv2] [T] [thread 45734] [63.0] [cxt 0] Action link_monitor380_0
[15:29:21.962] [bmv2] [T] [thread 45734] [63.0] [cxt 0] link_monitor.p4(380) Primitive (hdr.probe.isValid()) ? 0 : byte_cnt
[15:29:21.962] [bmv2] [T] [thread 45734] [63.0] [cxt 0] Applying table 'tbl_link_monitor381'
[15:29:21.962] [bmv2] [D] [thread 45734] [63.0] [cxt 0] Looking up key:

[15:29:21.962] [bmv2] [D] [thread 45734] [63.0] [cxt 0] Table 'tbl_link_monitor381': miss
[15:29:21.962] [bmv2] [D] [thread 45734] [63.0] [cxt 0] Action entry is link_monitor381 - 
[15:29:21.962] [bmv2] [T] [thread 45734] [63.0] [cxt 0] Action link_monitor381
[15:29:21.962] [bmv2] [T] [thread 45734] [63.0] [cxt 0] link_monitor.p4(381) Primitive (bit<32>)standard_metadata.egress_port
[15:29:21.962] [bmv2] [T] [thread 45734] [63.0] [cxt 0] link_monitor.p4(381) Primitive byte_cnt_reg.write((bit<32>)standard_metadata.egress_port, new_byte_cnt)
[15:29:21.962] [bmv2] [T] [thread 45734] [63.0] [cxt 0] Wrote register 'MyEgress.byte_cnt_reg' at index 3 with value 627
[15:29:21.962] [bmv2] [T] [thread 45734] [63.0] [cxt 0] link_monitor.p4(383) Condition "hdr.probe.isValid()" (node_16) is false
[15:29:21.963] [bmv2] [D] [thread 45734] [63.0] [cxt 0] Pipeline 'egress': end
[15:29:21.963] [bmv2] [D] [thread 45734] [63.0] [cxt 0] Deparser 'deparser': start
[15:29:21.963] [bmv2] [D] [thread 45734] [63.0] [cxt 0] Updating checksum 'cksum'
[15:29:21.963] [bmv2] [D] [thread 45734] [63.0] [cxt 0] Deparsing header 'ethernet'
[15:29:21.963] [bmv2] [D] [thread 45734] [63.0] [cxt 0] Deparsing header 'ipv4'
[15:29:21.963] [bmv2] [D] [thread 45734] [63.0] [cxt 0] Deparser 'deparser': end
[15:29:21.963] [bmv2] [D] [thread 45735] [63.0] [cxt 0] Transmitting packet of size 37 out of port 3
[15:29:22.595] [bmv2] [D] [thread 45730] [64.0] [cxt 0] Processing packet received on port 1
[15:29:22.595] [bmv2] [D] [thread 45730] [64.0] [cxt 0] Parser 'parser': start
[15:29:22.595] [bmv2] [D] [thread 45730] [64.0] [cxt 0] Parser 'parser' entering state 'start'
[15:29:22.595] [bmv2] [D] [thread 45730] [64.0] [cxt 0] Extracting header 'ethernet'
[15:29:22.595] [bmv2] [D] [thread 45730] [64.0] [cxt 0] Parser state 'start': key is 0800
[15:29:22.595] [bmv2] [T] [thread 45730] [64.0] [cxt 0] Bytes parsed: 14
[15:29:22.595] [bmv2] [D] [thread 45730] [64.0] [cxt 0] Parser 'parser' entering state 'parse_ipv4'
[15:29:22.595] [bmv2] [D] [thread 45730] [64.0] [cxt 0] Extracting header 'ipv4'
[15:29:22.595] [bmv2] [D] [thread 45730] [64.0] [cxt 0] Parser state 'parse_ipv4': key is 06
[15:29:22.595] [bmv2] [T] [thread 45730] [64.0] [cxt 0] Bytes parsed: 34
[15:29:22.595] [bmv2] [D] [thread 45730] [64.0] [cxt 0] Parser 'parser' entering state 'parse_tcp'
[15:29:22.595] [bmv2] [D] [thread 45730] [64.0] [cxt 0] Extracting header 'tcp'
[15:29:22.595] [bmv2] [D] [thread 45730] [64.0] [cxt 0] Parser state 'parse_tcp' has no switch, going to default next state
[15:29:22.595] [bmv2] [T] [thread 45730] [64.0] [cxt 0] Bytes parsed: 54
[15:29:22.595] [bmv2] [D] [thread 45730] [64.0] [cxt 0] Parser 'parser': end
[15:29:22.595] [bmv2] [D] [thread 45730] [64.0] [cxt 0] Pipeline 'ingress': start
[15:29:22.595] [bmv2] [T] [thread 45730] [64.0] [cxt 0] link_monitor.p4(331) Condition "hdr.tcp.isValid()" (node_2) is true
[15:29:22.595] [bmv2] [T] [thread 45730] [64.0] [cxt 0] Applying table 'MyIngress.tcp_lb'
[15:29:22.595] [bmv2] [D] [thread 45730] [64.0] [cxt 0] Looking up key:
* hdr.ipv4.dstAddr    : 0a000404

[15:29:22.595] [bmv2] [D] [thread 45730] [64.0] [cxt 0] Table 'MyIngress.tcp_lb': hit with handle 3
[15:29:22.595] [bmv2] [D] [thread 45730] [64.0] [cxt 0] Dumping entry 3
Match key:
* hdr.ipv4.dstAddr    : LPM       0a000404/32
Action entry: MyIngress.tcp_lb_action - 3,4,

[15:29:22.595] [bmv2] [D] [thread 45730] [64.0] [cxt 0] Action entry is MyIngress.tcp_lb_action - 3,4,
[15:29:22.595] [bmv2] [T] [thread 45730] [64.0] [cxt 0] Action MyIngress.tcp_lb_action
[15:29:22.595] [bmv2] [T] [thread 45730] [64.0] [cxt 0] link_monitor.p4(219) Primitive (bit<32>) port1
[15:29:22.595] [bmv2] [T] [thread 45730] [64.0] [cxt 0] link_monitor.p4(219) Primitive byte_cnt_reg.read(byte_cnt1, (bit<32>) port1)
[15:29:22.595] [bmv2] [T] [thread 45730] [64.0] [cxt 0] Read register 'MyIngress.byte_cnt_reg' at index 3 read value 627
[15:29:22.595] [bmv2] [T] [thread 45730] [64.0] [cxt 0] link_monitor.p4(220) Primitive (bit<32>) port2
[15:29:22.595] [bmv2] [T] [thread 45730] [64.0] [cxt 0] link_monitor.p4(220) Primitive byte_cnt_reg.read(byte_cnt2, (bit<32>) port2)
[15:29:22.595] [bmv2] [T] [thread 45730] [64.0] [cxt 0] Read register 'MyIngress.byte_cnt_reg' at index 4 read value 114
[15:29:22.595] [bmv2] [T] [thread 45730] [64.0] [cxt 0] link_monitor.p4(221) Primitive (bit<32>) port1
[15:29:22.595] [bmv2] [T] [thread 45730] [64.0] [cxt 0] link_monitor.p4(221) Primitive last_time_reg.read(last_time1, (bit<32>) port1)
[15:29:22.595] [bmv2] [T] [thread 45730] [64.0] [cxt 0] Read register 'MyIngress.last_time_reg' at index 3 read value 100173007
[15:29:22.595] [bmv2] [T] [thread 45730] [64.0] [cxt 0] link_monitor.p4(222) Primitive (bit<32>) port2
[15:29:22.595] [bmv2] [T] [thread 45730] [64.0] [cxt 0] link_monitor.p4(222) Primitive last_time_reg.read(last_time2, (bit<32>) port2)
[15:29:22.595] [bmv2] [T] [thread 45730] [64.0] [cxt 0] Read register 'MyIngress.last_time_reg' at index 4 read value 93573931
[15:29:22.595] [bmv2] [T] [thread 45730] [64.0] [cxt 0] Primitive (no source info)
[15:29:22.595] [bmv2] [T] [thread 45730] [64.0] [cxt 0] Primitive (no source info)
[15:29:22.595] [bmv2] [T] [thread 45730] [64.0] [cxt 0] Primitive (no source info)
[15:29:22.595] [bmv2] [T] [thread 45730] [64.0] [cxt 0] Primitive (no source info)
[15:29:22.595] [bmv2] [T] [thread 45730] [64.0] [cxt 0] Primitive (no source info)
[15:29:22.595] [bmv2] [T] [thread 45730] [64.0] [cxt 0] Primitive (no source info)
[15:29:22.595] [bmv2] [T] [thread 45730] [64.0] [cxt 0] Primitive (no source info)
[15:29:22.595] [bmv2] [T] [thread 45730] [64.0] [cxt 0] Primitive (no source info)
[15:29:22.595] [bmv2] [T] [thread 45730] [64.0] [cxt 0] link_monitor.p4(274) Primitive (bit<32>) selected_port
[15:29:22.595] [bmv2] [T] [thread 45730] [64.0] [cxt 0] link_monitor.p4(274) Primitive byte_cnt_reg.write((bit<32>) selected_port, new_byte_cnt)
[15:29:22.595] [bmv2] [T] [thread 45730] [64.0] [cxt 0] Wrote register 'MyIngress.byte_cnt_reg' at index 3 with value 684
[15:29:22.595] [bmv2] [T] [thread 45730] [64.0] [cxt 0] link_monitor.p4(275) Primitive (bit<32>) selected_port
[15:29:22.595] [bmv2] [T] [thread 45730] [64.0] [cxt 0] link_monitor.p4(275) Primitive last_time_reg.write((bit<32>) selected_port, cur_time)
[15:29:22.595] [bmv2] [T] [thread 45730] [64.0] [cxt 0] Wrote register 'MyIngress.last_time_reg' at index 3 with value 100805765
[15:29:22.595] [bmv2] [T] [thread 45730] [64.0] [cxt 0] link_monitor.p4(278) Primitive meta.lb_port = selected_port
[15:29:22.595] [bmv2] [T] [thread 45730] [64.0] [cxt 0] link_monitor.p4(279) Primitive standard_metadata.egress_spec = selected_port
[15:29:22.595] [bmv2] [T] [thread 45730] [64.0] [cxt 0] Applying table 'MyIngress.tcp_lb_nhop'
[15:29:22.595] [bmv2] [D] [thread 45730] [64.0] [cxt 0] Looking up key:
* meta.lb_port        : 0003

[15:29:22.595] [bmv2] [D] [thread 45730] [64.0] [cxt 0] Table 'MyIngress.tcp_lb_nhop': hit with handle 2
[15:29:22.595] [bmv2] [D] [thread 45730] [64.0] [cxt 0] Dumping entry 2
Match key:
* meta.lb_port        : EXACT     0003
Action entry: MyIngress.tcp_lb_nhop_action - 80000000300,

[15:29:22.595] [bmv2] [D] [thread 45730] [64.0] [cxt 0] Action entry is MyIngress.tcp_lb_nhop_action - 80000000300,
[15:29:22.595] [bmv2] [T] [thread 45730] [64.0] [cxt 0] Action MyIngress.tcp_lb_nhop_action
[15:29:22.595] [bmv2] [T] [thread 45730] [64.0] [cxt 0] link_monitor.p4(284) Primitive hdr.ethernet.srcAddr = hdr.ethernet.dstAddr
[15:29:22.595] [bmv2] [T] [thread 45730] [64.0] [cxt 0] link_monitor.p4(285) Primitive hdr.ethernet.dstAddr = dstAddr
[15:29:22.595] [bmv2] [T] [thread 45730] [64.0] [cxt 0] link_monitor.p4(286) Primitive hdr.ipv4.ttl = hdr.ipv4.ttl - 1
[15:29:22.595] [bmv2] [D] [thread 45730] [64.0] [cxt 0] Pipeline 'ingress': end
[15:29:22.595] [bmv2] [D] [thread 45730] [64.0] [cxt 0] Egress port is 3
[15:29:22.595] [bmv2] [D] [thread 45734] [64.0] [cxt 0] Pipeline 'egress': start
[15:29:22.595] [bmv2] [T] [thread 45734] [64.0] [cxt 0] Applying table 'tbl_link_monitor377'
[15:29:22.595] [bmv2] [D] [thread 45734] [64.0] [cxt 0] Looking up key:

[15:29:22.595] [bmv2] [D] [thread 45734] [64.0] [cxt 0] Table 'tbl_link_monitor377': miss
[15:29:22.595] [bmv2] [D] [thread 45734] [64.0] [cxt 0] Action entry is link_monitor377 - 
[15:29:22.595] [bmv2] [T] [thread 45734] [64.0] [cxt 0] Action link_monitor377
[15:29:22.595] [bmv2] [T] [thread 45734] [64.0] [cxt 0] link_monitor.p4(377) Primitive (bit<32>)standard_metadata.egress_port
[15:29:22.595] [bmv2] [T] [thread 45734] [64.0] [cxt 0] link_monitor.p4(377) Primitive byte_cnt_reg.read(byte_cnt, (bit<32>)standard_metadata.egress_port)
[15:29:22.595] [bmv2] [T] [thread 45734] [64.0] [cxt 0] Read register 'MyEgress.byte_cnt_reg' at index 3 read value 627
[15:29:22.595] [bmv2] [T] [thread 45734] [64.0] [cxt 0] link_monitor.p4(378) Primitive byte_cnt = byte_cnt + standard_metadata.packet_length
[15:29:22.595] [bmv2] [T] [thread 45734] [64.0] [cxt 0] link_monitor.p4(380) Condition "hdr.probe.isValid()" (node_12) is false
[15:29:22.595] [bmv2] [T] [thread 45734] [64.0] [cxt 0] Applying table 'tbl_link_monitor380_0'
[15:29:22.595] [bmv2] [D] [thread 45734] [64.0] [cxt 0] Looking up key:

[15:29:22.595] [bmv2] [D] [thread 45734] [64.0] [cxt 0] Table 'tbl_link_monitor380_0': miss
[15:29:22.595] [bmv2] [D] [thread 45734] [64.0] [cxt 0] Action entry is link_monitor380_0 - 
[15:29:22.595] [bmv2] [T] [thread 45734] [64.0] [cxt 0] Action link_monitor380_0
[15:29:22.595] [bmv2] [T] [thread 45734] [64.0] [cxt 0] link_monitor.p4(380) Primitive (hdr.probe.isValid()) ? 0 : byte_cnt
[15:29:22.595] [bmv2] [T] [thread 45734] [64.0] [cxt 0] Applying table 'tbl_link_monitor381'
[15:29:22.595] [bmv2] [D] [thread 45734] [64.0] [cxt 0] Looking up key:

[15:29:22.595] [bmv2] [D] [thread 45734] [64.0] [cxt 0] Table 'tbl_link_monitor381': miss
[15:29:22.595] [bmv2] [D] [thread 45734] [64.0] [cxt 0] Action entry is link_monitor381 - 
[15:29:22.595] [bmv2] [T] [thread 45734] [64.0] [cxt 0] Action link_monitor381
[15:29:22.595] [bmv2] [T] [thread 45734] [64.0] [cxt 0] link_monitor.p4(381) Primitive (bit<32>)standard_metadata.egress_port
[15:29:22.595] [bmv2] [T] [thread 45734] [64.0] [cxt 0] link_monitor.p4(381) Primitive byte_cnt_reg.write((bit<32>)standard_metadata.egress_port, new_byte_cnt)
[15:29:22.595] [bmv2] [T] [thread 45734] [64.0] [cxt 0] Wrote register 'MyEgress.byte_cnt_reg' at index 3 with value 684
[15:29:22.595] [bmv2] [T] [thread 45734] [64.0] [cxt 0] link_monitor.p4(383) Condition "hdr.probe.isValid()" (node_16) is false
[15:29:22.595] [bmv2] [D] [thread 45734] [64.0] [cxt 0] Pipeline 'egress': end
[15:29:22.595] [bmv2] [D] [thread 45734] [64.0] [cxt 0] Deparser 'deparser': start
[15:29:22.595] [bmv2] [D] [thread 45734] [64.0] [cxt 0] Updating checksum 'cksum'
[15:29:22.595] [bmv2] [D] [thread 45734] [64.0] [cxt 0] Deparsing header 'ethernet'
[15:29:22.595] [bmv2] [D] [thread 45734] [64.0] [cxt 0] Deparsing header 'ipv4'
[15:29:22.595] [bmv2] [D] [thread 45734] [64.0] [cxt 0] Deparser 'deparser': end
[15:29:22.595] [bmv2] [D] [thread 45735] [64.0] [cxt 0] Transmitting packet of size 37 out of port 3
[15:29:23.330] [bmv2] [D] [thread 45730] [65.0] [cxt 0] Processing packet received on port 1
[15:29:23.330] [bmv2] [D] [thread 45730] [65.0] [cxt 0] Parser 'parser': start
[15:29:23.330] [bmv2] [D] [thread 45730] [65.0] [cxt 0] Parser 'parser' entering state 'start'
[15:29:23.330] [bmv2] [D] [thread 45730] [65.0] [cxt 0] Extracting header 'ethernet'
[15:29:23.330] [bmv2] [D] [thread 45730] [65.0] [cxt 0] Parser state 'start': key is 0800
[15:29:23.330] [bmv2] [T] [thread 45730] [65.0] [cxt 0] Bytes parsed: 14
[15:29:23.330] [bmv2] [D] [thread 45730] [65.0] [cxt 0] Parser 'parser' entering state 'parse_ipv4'
[15:29:23.330] [bmv2] [D] [thread 45730] [65.0] [cxt 0] Extracting header 'ipv4'
[15:29:23.330] [bmv2] [D] [thread 45730] [65.0] [cxt 0] Parser state 'parse_ipv4': key is 06
[15:29:23.330] [bmv2] [T] [thread 45730] [65.0] [cxt 0] Bytes parsed: 34
[15:29:23.330] [bmv2] [D] [thread 45730] [65.0] [cxt 0] Parser 'parser' entering state 'parse_tcp'
[15:29:23.330] [bmv2] [D] [thread 45730] [65.0] [cxt 0] Extracting header 'tcp'
[15:29:23.330] [bmv2] [D] [thread 45730] [65.0] [cxt 0] Parser state 'parse_tcp' has no switch, going to default next state
[15:29:23.330] [bmv2] [T] [thread 45730] [65.0] [cxt 0] Bytes parsed: 54
[15:29:23.330] [bmv2] [D] [thread 45730] [65.0] [cxt 0] Parser 'parser': end
[15:29:23.330] [bmv2] [D] [thread 45730] [65.0] [cxt 0] Pipeline 'ingress': start
[15:29:23.330] [bmv2] [T] [thread 45730] [65.0] [cxt 0] link_monitor.p4(331) Condition "hdr.tcp.isValid()" (node_2) is true
[15:29:23.330] [bmv2] [T] [thread 45730] [65.0] [cxt 0] Applying table 'MyIngress.tcp_lb'
[15:29:23.330] [bmv2] [D] [thread 45730] [65.0] [cxt 0] Looking up key:
* hdr.ipv4.dstAddr    : 0a000404

[15:29:23.330] [bmv2] [D] [thread 45730] [65.0] [cxt 0] Table 'MyIngress.tcp_lb': hit with handle 3
[15:29:23.330] [bmv2] [D] [thread 45730] [65.0] [cxt 0] Dumping entry 3
Match key:
* hdr.ipv4.dstAddr    : LPM       0a000404/32
Action entry: MyIngress.tcp_lb_action - 3,4,

[15:29:23.330] [bmv2] [D] [thread 45730] [65.0] [cxt 0] Action entry is MyIngress.tcp_lb_action - 3,4,
[15:29:23.330] [bmv2] [T] [thread 45730] [65.0] [cxt 0] Action MyIngress.tcp_lb_action
[15:29:23.330] [bmv2] [T] [thread 45730] [65.0] [cxt 0] link_monitor.p4(219) Primitive (bit<32>) port1
[15:29:23.330] [bmv2] [T] [thread 45730] [65.0] [cxt 0] link_monitor.p4(219) Primitive byte_cnt_reg.read(byte_cnt1, (bit<32>) port1)
[15:29:23.330] [bmv2] [T] [thread 45730] [65.0] [cxt 0] Read register 'MyIngress.byte_cnt_reg' at index 3 read value 684
[15:29:23.330] [bmv2] [T] [thread 45730] [65.0] [cxt 0] link_monitor.p4(220) Primitive (bit<32>) port2
[15:29:23.330] [bmv2] [T] [thread 45730] [65.0] [cxt 0] link_monitor.p4(220) Primitive byte_cnt_reg.read(byte_cnt2, (bit<32>) port2)
[15:29:23.330] [bmv2] [T] [thread 45730] [65.0] [cxt 0] Read register 'MyIngress.byte_cnt_reg' at index 4 read value 114
[15:29:23.330] [bmv2] [T] [thread 45730] [65.0] [cxt 0] link_monitor.p4(221) Primitive (bit<32>) port1
[15:29:23.330] [bmv2] [T] [thread 45730] [65.0] [cxt 0] link_monitor.p4(221) Primitive last_time_reg.read(last_time1, (bit<32>) port1)
[15:29:23.330] [bmv2] [T] [thread 45730] [65.0] [cxt 0] Read register 'MyIngress.last_time_reg' at index 3 read value 100805765
[15:29:23.330] [bmv2] [T] [thread 45730] [65.0] [cxt 0] link_monitor.p4(222) Primitive (bit<32>) port2
[15:29:23.330] [bmv2] [T] [thread 45730] [65.0] [cxt 0] link_monitor.p4(222) Primitive last_time_reg.read(last_time2, (bit<32>) port2)
[15:29:23.330] [bmv2] [T] [thread 45730] [65.0] [cxt 0] Read register 'MyIngress.last_time_reg' at index 4 read value 93573931
[15:29:23.330] [bmv2] [T] [thread 45730] [65.0] [cxt 0] Primitive (no source info)
[15:29:23.330] [bmv2] [T] [thread 45730] [65.0] [cxt 0] Primitive (no source info)
[15:29:23.330] [bmv2] [T] [thread 45730] [65.0] [cxt 0] Primitive (no source info)
[15:29:23.330] [bmv2] [T] [thread 45730] [65.0] [cxt 0] Primitive (no source info)
[15:29:23.330] [bmv2] [T] [thread 45730] [65.0] [cxt 0] Primitive (no source info)
[15:29:23.330] [bmv2] [T] [thread 45730] [65.0] [cxt 0] Primitive (no source info)
[15:29:23.330] [bmv2] [T] [thread 45730] [65.0] [cxt 0] Primitive (no source info)
[15:29:23.330] [bmv2] [T] [thread 45730] [65.0] [cxt 0] Primitive (no source info)
[15:29:23.330] [bmv2] [T] [thread 45730] [65.0] [cxt 0] link_monitor.p4(274) Primitive (bit<32>) selected_port
[15:29:23.331] [bmv2] [T] [thread 45730] [65.0] [cxt 0] link_monitor.p4(274) Primitive byte_cnt_reg.write((bit<32>) selected_port, new_byte_cnt)
[15:29:23.331] [bmv2] [T] [thread 45730] [65.0] [cxt 0] Wrote register 'MyIngress.byte_cnt_reg' at index 3 with value 741
[15:29:23.331] [bmv2] [T] [thread 45730] [65.0] [cxt 0] link_monitor.p4(275) Primitive (bit<32>) selected_port
[15:29:23.331] [bmv2] [T] [thread 45730] [65.0] [cxt 0] link_monitor.p4(275) Primitive last_time_reg.write((bit<32>) selected_port, cur_time)
[15:29:23.331] [bmv2] [T] [thread 45730] [65.0] [cxt 0] Wrote register 'MyIngress.last_time_reg' at index 3 with value 101541110
[15:29:23.331] [bmv2] [T] [thread 45730] [65.0] [cxt 0] link_monitor.p4(278) Primitive meta.lb_port = selected_port
[15:29:23.331] [bmv2] [T] [thread 45730] [65.0] [cxt 0] link_monitor.p4(279) Primitive standard_metadata.egress_spec = selected_port
[15:29:23.331] [bmv2] [T] [thread 45730] [65.0] [cxt 0] Applying table 'MyIngress.tcp_lb_nhop'
[15:29:23.331] [bmv2] [D] [thread 45730] [65.0] [cxt 0] Looking up key:
* meta.lb_port        : 0003

[15:29:23.331] [bmv2] [D] [thread 45730] [65.0] [cxt 0] Table 'MyIngress.tcp_lb_nhop': hit with handle 2
[15:29:23.331] [bmv2] [D] [thread 45730] [65.0] [cxt 0] Dumping entry 2
Match key:
* meta.lb_port        : EXACT     0003
Action entry: MyIngress.tcp_lb_nhop_action - 80000000300,

[15:29:23.331] [bmv2] [D] [thread 45730] [65.0] [cxt 0] Action entry is MyIngress.tcp_lb_nhop_action - 80000000300,
[15:29:23.331] [bmv2] [T] [thread 45730] [65.0] [cxt 0] Action MyIngress.tcp_lb_nhop_action
[15:29:23.331] [bmv2] [T] [thread 45730] [65.0] [cxt 0] link_monitor.p4(284) Primitive hdr.ethernet.srcAddr = hdr.ethernet.dstAddr
[15:29:23.331] [bmv2] [T] [thread 45730] [65.0] [cxt 0] link_monitor.p4(285) Primitive hdr.ethernet.dstAddr = dstAddr
[15:29:23.331] [bmv2] [T] [thread 45730] [65.0] [cxt 0] link_monitor.p4(286) Primitive hdr.ipv4.ttl = hdr.ipv4.ttl - 1
[15:29:23.331] [bmv2] [D] [thread 45730] [65.0] [cxt 0] Pipeline 'ingress': end
[15:29:23.331] [bmv2] [D] [thread 45730] [65.0] [cxt 0] Egress port is 3
[15:29:23.331] [bmv2] [D] [thread 45734] [65.0] [cxt 0] Pipeline 'egress': start
[15:29:23.331] [bmv2] [T] [thread 45734] [65.0] [cxt 0] Applying table 'tbl_link_monitor377'
[15:29:23.331] [bmv2] [D] [thread 45734] [65.0] [cxt 0] Looking up key:

[15:29:23.331] [bmv2] [D] [thread 45734] [65.0] [cxt 0] Table 'tbl_link_monitor377': miss
[15:29:23.331] [bmv2] [D] [thread 45734] [65.0] [cxt 0] Action entry is link_monitor377 - 
[15:29:23.331] [bmv2] [T] [thread 45734] [65.0] [cxt 0] Action link_monitor377
[15:29:23.331] [bmv2] [T] [thread 45734] [65.0] [cxt 0] link_monitor.p4(377) Primitive (bit<32>)standard_metadata.egress_port
[15:29:23.331] [bmv2] [T] [thread 45734] [65.0] [cxt 0] link_monitor.p4(377) Primitive byte_cnt_reg.read(byte_cnt, (bit<32>)standard_metadata.egress_port)
[15:29:23.331] [bmv2] [T] [thread 45734] [65.0] [cxt 0] Read register 'MyEgress.byte_cnt_reg' at index 3 read value 684
[15:29:23.331] [bmv2] [T] [thread 45734] [65.0] [cxt 0] link_monitor.p4(378) Primitive byte_cnt = byte_cnt + standard_metadata.packet_length
[15:29:23.331] [bmv2] [T] [thread 45734] [65.0] [cxt 0] link_monitor.p4(380) Condition "hdr.probe.isValid()" (node_12) is false
[15:29:23.331] [bmv2] [T] [thread 45734] [65.0] [cxt 0] Applying table 'tbl_link_monitor380_0'
[15:29:23.331] [bmv2] [D] [thread 45734] [65.0] [cxt 0] Looking up key:

[15:29:23.331] [bmv2] [D] [thread 45734] [65.0] [cxt 0] Table 'tbl_link_monitor380_0': miss
[15:29:23.331] [bmv2] [D] [thread 45734] [65.0] [cxt 0] Action entry is link_monitor380_0 - 
[15:29:23.331] [bmv2] [T] [thread 45734] [65.0] [cxt 0] Action link_monitor380_0
[15:29:23.331] [bmv2] [T] [thread 45734] [65.0] [cxt 0] link_monitor.p4(380) Primitive (hdr.probe.isValid()) ? 0 : byte_cnt
[15:29:23.331] [bmv2] [T] [thread 45734] [65.0] [cxt 0] Applying table 'tbl_link_monitor381'
[15:29:23.331] [bmv2] [D] [thread 45734] [65.0] [cxt 0] Looking up key:

[15:29:23.331] [bmv2] [D] [thread 45734] [65.0] [cxt 0] Table 'tbl_link_monitor381': miss
[15:29:23.331] [bmv2] [D] [thread 45734] [65.0] [cxt 0] Action entry is link_monitor381 - 
[15:29:23.331] [bmv2] [T] [thread 45734] [65.0] [cxt 0] Action link_monitor381
[15:29:23.331] [bmv2] [T] [thread 45734] [65.0] [cxt 0] link_monitor.p4(381) Primitive (bit<32>)standard_metadata.egress_port
[15:29:23.331] [bmv2] [T] [thread 45734] [65.0] [cxt 0] link_monitor.p4(381) Primitive byte_cnt_reg.write((bit<32>)standard_metadata.egress_port, new_byte_cnt)
[15:29:23.331] [bmv2] [T] [thread 45734] [65.0] [cxt 0] Wrote register 'MyEgress.byte_cnt_reg' at index 3 with value 741
[15:29:23.331] [bmv2] [T] [thread 45734] [65.0] [cxt 0] link_monitor.p4(383) Condition "hdr.probe.isValid()" (node_16) is false
[15:29:23.331] [bmv2] [D] [thread 45734] [65.0] [cxt 0] Pipeline 'egress': end
[15:29:23.331] [bmv2] [D] [thread 45734] [65.0] [cxt 0] Deparser 'deparser': start
[15:29:23.331] [bmv2] [D] [thread 45734] [65.0] [cxt 0] Updating checksum 'cksum'
[15:29:23.331] [bmv2] [D] [thread 45734] [65.0] [cxt 0] Deparsing header 'ethernet'
[15:29:23.331] [bmv2] [D] [thread 45734] [65.0] [cxt 0] Deparsing header 'ipv4'
[15:29:23.331] [bmv2] [D] [thread 45734] [65.0] [cxt 0] Deparser 'deparser': end
[15:29:23.331] [bmv2] [D] [thread 45735] [65.0] [cxt 0] Transmitting packet of size 37 out of port 3
[15:29:24.207] [bmv2] [D] [thread 45730] [66.0] [cxt 0] Processing packet received on port 1
[15:29:24.207] [bmv2] [D] [thread 45730] [66.0] [cxt 0] Parser 'parser': start
[15:29:24.207] [bmv2] [D] [thread 45730] [66.0] [cxt 0] Parser 'parser' entering state 'start'
[15:29:24.207] [bmv2] [D] [thread 45730] [66.0] [cxt 0] Extracting header 'ethernet'
[15:29:24.207] [bmv2] [D] [thread 45730] [66.0] [cxt 0] Parser state 'start': key is 0800
[15:29:24.207] [bmv2] [T] [thread 45730] [66.0] [cxt 0] Bytes parsed: 14
[15:29:24.207] [bmv2] [D] [thread 45730] [66.0] [cxt 0] Parser 'parser' entering state 'parse_ipv4'
[15:29:24.207] [bmv2] [D] [thread 45730] [66.0] [cxt 0] Extracting header 'ipv4'
[15:29:24.207] [bmv2] [D] [thread 45730] [66.0] [cxt 0] Parser state 'parse_ipv4': key is 06
[15:29:24.207] [bmv2] [T] [thread 45730] [66.0] [cxt 0] Bytes parsed: 34
[15:29:24.207] [bmv2] [D] [thread 45730] [66.0] [cxt 0] Parser 'parser' entering state 'parse_tcp'
[15:29:24.207] [bmv2] [D] [thread 45730] [66.0] [cxt 0] Extracting header 'tcp'
[15:29:24.207] [bmv2] [D] [thread 45730] [66.0] [cxt 0] Parser state 'parse_tcp' has no switch, going to default next state
[15:29:24.207] [bmv2] [T] [thread 45730] [66.0] [cxt 0] Bytes parsed: 54
[15:29:24.207] [bmv2] [D] [thread 45730] [66.0] [cxt 0] Parser 'parser': end
[15:29:24.207] [bmv2] [D] [thread 45730] [66.0] [cxt 0] Pipeline 'ingress': start
[15:29:24.207] [bmv2] [T] [thread 45730] [66.0] [cxt 0] link_monitor.p4(331) Condition "hdr.tcp.isValid()" (node_2) is true
[15:29:24.207] [bmv2] [T] [thread 45730] [66.0] [cxt 0] Applying table 'MyIngress.tcp_lb'
[15:29:24.207] [bmv2] [D] [thread 45730] [66.0] [cxt 0] Looking up key:
* hdr.ipv4.dstAddr    : 0a000404

[15:29:24.207] [bmv2] [D] [thread 45730] [66.0] [cxt 0] Table 'MyIngress.tcp_lb': hit with handle 3
[15:29:24.207] [bmv2] [D] [thread 45730] [66.0] [cxt 0] Dumping entry 3
Match key:
* hdr.ipv4.dstAddr    : LPM       0a000404/32
Action entry: MyIngress.tcp_lb_action - 3,4,

[15:29:24.207] [bmv2] [D] [thread 45730] [66.0] [cxt 0] Action entry is MyIngress.tcp_lb_action - 3,4,
[15:29:24.207] [bmv2] [T] [thread 45730] [66.0] [cxt 0] Action MyIngress.tcp_lb_action
[15:29:24.207] [bmv2] [T] [thread 45730] [66.0] [cxt 0] link_monitor.p4(219) Primitive (bit<32>) port1
[15:29:24.208] [bmv2] [T] [thread 45730] [66.0] [cxt 0] link_monitor.p4(219) Primitive byte_cnt_reg.read(byte_cnt1, (bit<32>) port1)
[15:29:24.208] [bmv2] [T] [thread 45730] [66.0] [cxt 0] Read register 'MyIngress.byte_cnt_reg' at index 3 read value 741
[15:29:24.208] [bmv2] [T] [thread 45730] [66.0] [cxt 0] link_monitor.p4(220) Primitive (bit<32>) port2
[15:29:24.208] [bmv2] [T] [thread 45730] [66.0] [cxt 0] link_monitor.p4(220) Primitive byte_cnt_reg.read(byte_cnt2, (bit<32>) port2)
[15:29:24.208] [bmv2] [T] [thread 45730] [66.0] [cxt 0] Read register 'MyIngress.byte_cnt_reg' at index 4 read value 114
[15:29:24.208] [bmv2] [T] [thread 45730] [66.0] [cxt 0] link_monitor.p4(221) Primitive (bit<32>) port1
[15:29:24.208] [bmv2] [T] [thread 45730] [66.0] [cxt 0] link_monitor.p4(221) Primitive last_time_reg.read(last_time1, (bit<32>) port1)
[15:29:24.208] [bmv2] [T] [thread 45730] [66.0] [cxt 0] Read register 'MyIngress.last_time_reg' at index 3 read value 101541110
[15:29:24.208] [bmv2] [T] [thread 45730] [66.0] [cxt 0] link_monitor.p4(222) Primitive (bit<32>) port2
[15:29:24.208] [bmv2] [T] [thread 45730] [66.0] [cxt 0] link_monitor.p4(222) Primitive last_time_reg.read(last_time2, (bit<32>) port2)
[15:29:24.208] [bmv2] [T] [thread 45730] [66.0] [cxt 0] Read register 'MyIngress.last_time_reg' at index 4 read value 93573931
[15:29:24.208] [bmv2] [T] [thread 45730] [66.0] [cxt 0] Primitive (no source info)
[15:29:24.208] [bmv2] [T] [thread 45730] [66.0] [cxt 0] Primitive (no source info)
[15:29:24.208] [bmv2] [T] [thread 45730] [66.0] [cxt 0] Primitive (no source info)
[15:29:24.208] [bmv2] [T] [thread 45730] [66.0] [cxt 0] Primitive (no source info)
[15:29:24.208] [bmv2] [T] [thread 45730] [66.0] [cxt 0] Primitive (no source info)
[15:29:24.208] [bmv2] [T] [thread 45730] [66.0] [cxt 0] Primitive (no source info)
[15:29:24.208] [bmv2] [T] [thread 45730] [66.0] [cxt 0] Primitive (no source info)
[15:29:24.208] [bmv2] [T] [thread 45730] [66.0] [cxt 0] Primitive (no source info)
[15:29:24.208] [bmv2] [T] [thread 45730] [66.0] [cxt 0] link_monitor.p4(274) Primitive (bit<32>) selected_port
[15:29:24.208] [bmv2] [T] [thread 45730] [66.0] [cxt 0] link_monitor.p4(274) Primitive byte_cnt_reg.write((bit<32>) selected_port, new_byte_cnt)
[15:29:24.208] [bmv2] [T] [thread 45730] [66.0] [cxt 0] Wrote register 'MyIngress.byte_cnt_reg' at index 3 with value 798
[15:29:24.208] [bmv2] [T] [thread 45730] [66.0] [cxt 0] link_monitor.p4(275) Primitive (bit<32>) selected_port
[15:29:24.208] [bmv2] [T] [thread 45730] [66.0] [cxt 0] link_monitor.p4(275) Primitive last_time_reg.write((bit<32>) selected_port, cur_time)
[15:29:24.208] [bmv2] [T] [thread 45730] [66.0] [cxt 0] Wrote register 'MyIngress.last_time_reg' at index 3 with value 102418366
[15:29:24.208] [bmv2] [T] [thread 45730] [66.0] [cxt 0] link_monitor.p4(278) Primitive meta.lb_port = selected_port
[15:29:24.208] [bmv2] [T] [thread 45730] [66.0] [cxt 0] link_monitor.p4(279) Primitive standard_metadata.egress_spec = selected_port
[15:29:24.208] [bmv2] [T] [thread 45730] [66.0] [cxt 0] Applying table 'MyIngress.tcp_lb_nhop'
[15:29:24.208] [bmv2] [D] [thread 45730] [66.0] [cxt 0] Looking up key:
* meta.lb_port        : 0003

[15:29:24.208] [bmv2] [D] [thread 45730] [66.0] [cxt 0] Table 'MyIngress.tcp_lb_nhop': hit with handle 2
[15:29:24.208] [bmv2] [D] [thread 45730] [66.0] [cxt 0] Dumping entry 2
Match key:
* meta.lb_port        : EXACT     0003
Action entry: MyIngress.tcp_lb_nhop_action - 80000000300,

[15:29:24.208] [bmv2] [D] [thread 45730] [66.0] [cxt 0] Action entry is MyIngress.tcp_lb_nhop_action - 80000000300,
[15:29:24.208] [bmv2] [T] [thread 45730] [66.0] [cxt 0] Action MyIngress.tcp_lb_nhop_action
[15:29:24.208] [bmv2] [T] [thread 45730] [66.0] [cxt 0] link_monitor.p4(284) Primitive hdr.ethernet.srcAddr = hdr.ethernet.dstAddr
[15:29:24.208] [bmv2] [T] [thread 45730] [66.0] [cxt 0] link_monitor.p4(285) Primitive hdr.ethernet.dstAddr = dstAddr
[15:29:24.208] [bmv2] [T] [thread 45730] [66.0] [cxt 0] link_monitor.p4(286) Primitive hdr.ipv4.ttl = hdr.ipv4.ttl - 1
[15:29:24.208] [bmv2] [D] [thread 45730] [66.0] [cxt 0] Pipeline 'ingress': end
[15:29:24.208] [bmv2] [D] [thread 45730] [66.0] [cxt 0] Egress port is 3
[15:29:24.208] [bmv2] [D] [thread 45734] [66.0] [cxt 0] Pipeline 'egress': start
[15:29:24.208] [bmv2] [T] [thread 45734] [66.0] [cxt 0] Applying table 'tbl_link_monitor377'
[15:29:24.208] [bmv2] [D] [thread 45734] [66.0] [cxt 0] Looking up key:

[15:29:24.208] [bmv2] [D] [thread 45734] [66.0] [cxt 0] Table 'tbl_link_monitor377': miss
[15:29:24.208] [bmv2] [D] [thread 45734] [66.0] [cxt 0] Action entry is link_monitor377 - 
[15:29:24.208] [bmv2] [T] [thread 45734] [66.0] [cxt 0] Action link_monitor377
[15:29:24.208] [bmv2] [T] [thread 45734] [66.0] [cxt 0] link_monitor.p4(377) Primitive (bit<32>)standard_metadata.egress_port
[15:29:24.208] [bmv2] [T] [thread 45734] [66.0] [cxt 0] link_monitor.p4(377) Primitive byte_cnt_reg.read(byte_cnt, (bit<32>)standard_metadata.egress_port)
[15:29:24.208] [bmv2] [T] [thread 45734] [66.0] [cxt 0] Read register 'MyEgress.byte_cnt_reg' at index 3 read value 741
[15:29:24.208] [bmv2] [T] [thread 45734] [66.0] [cxt 0] link_monitor.p4(378) Primitive byte_cnt = byte_cnt + standard_metadata.packet_length
[15:29:24.208] [bmv2] [T] [thread 45734] [66.0] [cxt 0] link_monitor.p4(380) Condition "hdr.probe.isValid()" (node_12) is false
[15:29:24.208] [bmv2] [T] [thread 45734] [66.0] [cxt 0] Applying table 'tbl_link_monitor380_0'
[15:29:24.208] [bmv2] [D] [thread 45734] [66.0] [cxt 0] Looking up key:

[15:29:24.208] [bmv2] [D] [thread 45734] [66.0] [cxt 0] Table 'tbl_link_monitor380_0': miss
[15:29:24.208] [bmv2] [D] [thread 45734] [66.0] [cxt 0] Action entry is link_monitor380_0 - 
[15:29:24.208] [bmv2] [T] [thread 45734] [66.0] [cxt 0] Action link_monitor380_0
[15:29:24.208] [bmv2] [T] [thread 45734] [66.0] [cxt 0] link_monitor.p4(380) Primitive (hdr.probe.isValid()) ? 0 : byte_cnt
[15:29:24.208] [bmv2] [T] [thread 45734] [66.0] [cxt 0] Applying table 'tbl_link_monitor381'
[15:29:24.208] [bmv2] [D] [thread 45734] [66.0] [cxt 0] Looking up key:

[15:29:24.208] [bmv2] [D] [thread 45734] [66.0] [cxt 0] Table 'tbl_link_monitor381': miss
[15:29:24.208] [bmv2] [D] [thread 45734] [66.0] [cxt 0] Action entry is link_monitor381 - 
[15:29:24.208] [bmv2] [T] [thread 45734] [66.0] [cxt 0] Action link_monitor381
[15:29:24.208] [bmv2] [T] [thread 45734] [66.0] [cxt 0] link_monitor.p4(381) Primitive (bit<32>)standard_metadata.egress_port
[15:29:24.208] [bmv2] [T] [thread 45734] [66.0] [cxt 0] link_monitor.p4(381) Primitive byte_cnt_reg.write((bit<32>)standard_metadata.egress_port, new_byte_cnt)
[15:29:24.208] [bmv2] [T] [thread 45734] [66.0] [cxt 0] Wrote register 'MyEgress.byte_cnt_reg' at index 3 with value 798
[15:29:24.208] [bmv2] [T] [thread 45734] [66.0] [cxt 0] link_monitor.p4(383) Condition "hdr.probe.isValid()" (node_16) is false
[15:29:24.208] [bmv2] [D] [thread 45734] [66.0] [cxt 0] Pipeline 'egress': end
[15:29:24.208] [bmv2] [D] [thread 45734] [66.0] [cxt 0] Deparser 'deparser': start
[15:29:24.208] [bmv2] [D] [thread 45734] [66.0] [cxt 0] Updating checksum 'cksum'
[15:29:24.208] [bmv2] [D] [thread 45734] [66.0] [cxt 0] Deparsing header 'ethernet'
[15:29:24.208] [bmv2] [D] [thread 45734] [66.0] [cxt 0] Deparsing header 'ipv4'
[15:29:24.208] [bmv2] [D] [thread 45734] [66.0] [cxt 0] Deparser 'deparser': end
[15:29:24.208] [bmv2] [D] [thread 45735] [66.0] [cxt 0] Transmitting packet of size 37 out of port 3
[15:29:25.290] [bmv2] [D] [thread 45730] [67.0] [cxt 0] Processing packet received on port 1
[15:29:25.290] [bmv2] [D] [thread 45730] [67.0] [cxt 0] Parser 'parser': start
[15:29:25.290] [bmv2] [D] [thread 45730] [67.0] [cxt 0] Parser 'parser' entering state 'start'
[15:29:25.290] [bmv2] [D] [thread 45730] [67.0] [cxt 0] Extracting header 'ethernet'
[15:29:25.290] [bmv2] [D] [thread 45730] [67.0] [cxt 0] Parser state 'start': key is 0800
[15:29:25.290] [bmv2] [T] [thread 45730] [67.0] [cxt 0] Bytes parsed: 14
[15:29:25.290] [bmv2] [D] [thread 45730] [67.0] [cxt 0] Parser 'parser' entering state 'parse_ipv4'
[15:29:25.290] [bmv2] [D] [thread 45730] [67.0] [cxt 0] Extracting header 'ipv4'
[15:29:25.290] [bmv2] [D] [thread 45730] [67.0] [cxt 0] Parser state 'parse_ipv4': key is 06
[15:29:25.290] [bmv2] [T] [thread 45730] [67.0] [cxt 0] Bytes parsed: 34
[15:29:25.290] [bmv2] [D] [thread 45730] [67.0] [cxt 0] Parser 'parser' entering state 'parse_tcp'
[15:29:25.290] [bmv2] [D] [thread 45730] [67.0] [cxt 0] Extracting header 'tcp'
[15:29:25.290] [bmv2] [D] [thread 45730] [67.0] [cxt 0] Parser state 'parse_tcp' has no switch, going to default next state
[15:29:25.290] [bmv2] [T] [thread 45730] [67.0] [cxt 0] Bytes parsed: 54
[15:29:25.290] [bmv2] [D] [thread 45730] [67.0] [cxt 0] Parser 'parser': end
[15:29:25.290] [bmv2] [D] [thread 45730] [67.0] [cxt 0] Pipeline 'ingress': start
[15:29:25.290] [bmv2] [T] [thread 45730] [67.0] [cxt 0] link_monitor.p4(331) Condition "hdr.tcp.isValid()" (node_2) is true
[15:29:25.290] [bmv2] [T] [thread 45730] [67.0] [cxt 0] Applying table 'MyIngress.tcp_lb'
[15:29:25.290] [bmv2] [D] [thread 45730] [67.0] [cxt 0] Looking up key:
* hdr.ipv4.dstAddr    : 0a000404

[15:29:25.290] [bmv2] [D] [thread 45730] [67.0] [cxt 0] Table 'MyIngress.tcp_lb': hit with handle 3
[15:29:25.290] [bmv2] [D] [thread 45730] [67.0] [cxt 0] Dumping entry 3
Match key:
* hdr.ipv4.dstAddr    : LPM       0a000404/32
Action entry: MyIngress.tcp_lb_action - 3,4,

[15:29:25.290] [bmv2] [D] [thread 45730] [67.0] [cxt 0] Action entry is MyIngress.tcp_lb_action - 3,4,
[15:29:25.290] [bmv2] [T] [thread 45730] [67.0] [cxt 0] Action MyIngress.tcp_lb_action
[15:29:25.290] [bmv2] [T] [thread 45730] [67.0] [cxt 0] link_monitor.p4(219) Primitive (bit<32>) port1
[15:29:25.290] [bmv2] [T] [thread 45730] [67.0] [cxt 0] link_monitor.p4(219) Primitive byte_cnt_reg.read(byte_cnt1, (bit<32>) port1)
[15:29:25.290] [bmv2] [T] [thread 45730] [67.0] [cxt 0] Read register 'MyIngress.byte_cnt_reg' at index 3 read value 798
[15:29:25.290] [bmv2] [T] [thread 45730] [67.0] [cxt 0] link_monitor.p4(220) Primitive (bit<32>) port2
[15:29:25.290] [bmv2] [T] [thread 45730] [67.0] [cxt 0] link_monitor.p4(220) Primitive byte_cnt_reg.read(byte_cnt2, (bit<32>) port2)
[15:29:25.290] [bmv2] [T] [thread 45730] [67.0] [cxt 0] Read register 'MyIngress.byte_cnt_reg' at index 4 read value 114
[15:29:25.290] [bmv2] [T] [thread 45730] [67.0] [cxt 0] link_monitor.p4(221) Primitive (bit<32>) port1
[15:29:25.290] [bmv2] [T] [thread 45730] [67.0] [cxt 0] link_monitor.p4(221) Primitive last_time_reg.read(last_time1, (bit<32>) port1)
[15:29:25.290] [bmv2] [T] [thread 45730] [67.0] [cxt 0] Read register 'MyIngress.last_time_reg' at index 3 read value 102418366
[15:29:25.290] [bmv2] [T] [thread 45730] [67.0] [cxt 0] link_monitor.p4(222) Primitive (bit<32>) port2
[15:29:25.290] [bmv2] [T] [thread 45730] [67.0] [cxt 0] link_monitor.p4(222) Primitive last_time_reg.read(last_time2, (bit<32>) port2)
[15:29:25.290] [bmv2] [T] [thread 45730] [67.0] [cxt 0] Read register 'MyIngress.last_time_reg' at index 4 read value 93573931
[15:29:25.290] [bmv2] [T] [thread 45730] [67.0] [cxt 0] Primitive (no source info)
[15:29:25.290] [bmv2] [T] [thread 45730] [67.0] [cxt 0] Primitive (no source info)
[15:29:25.290] [bmv2] [T] [thread 45730] [67.0] [cxt 0] Primitive (no source info)
[15:29:25.290] [bmv2] [T] [thread 45730] [67.0] [cxt 0] Primitive (no source info)
[15:29:25.290] [bmv2] [T] [thread 45730] [67.0] [cxt 0] Primitive (no source info)
[15:29:25.290] [bmv2] [T] [thread 45730] [67.0] [cxt 0] Primitive (no source info)
[15:29:25.290] [bmv2] [T] [thread 45730] [67.0] [cxt 0] Primitive (no source info)
[15:29:25.290] [bmv2] [T] [thread 45730] [67.0] [cxt 0] Primitive (no source info)
[15:29:25.290] [bmv2] [T] [thread 45730] [67.0] [cxt 0] link_monitor.p4(274) Primitive (bit<32>) selected_port
[15:29:25.290] [bmv2] [T] [thread 45730] [67.0] [cxt 0] link_monitor.p4(274) Primitive byte_cnt_reg.write((bit<32>) selected_port, new_byte_cnt)
[15:29:25.290] [bmv2] [T] [thread 45730] [67.0] [cxt 0] Wrote register 'MyIngress.byte_cnt_reg' at index 3 with value 855
[15:29:25.290] [bmv2] [T] [thread 45730] [67.0] [cxt 0] link_monitor.p4(275) Primitive (bit<32>) selected_port
[15:29:25.290] [bmv2] [T] [thread 45730] [67.0] [cxt 0] link_monitor.p4(275) Primitive last_time_reg.write((bit<32>) selected_port, cur_time)
[15:29:25.290] [bmv2] [T] [thread 45730] [67.0] [cxt 0] Wrote register 'MyIngress.last_time_reg' at index 3 with value 103500954
[15:29:25.290] [bmv2] [T] [thread 45730] [67.0] [cxt 0] link_monitor.p4(278) Primitive meta.lb_port = selected_port
[15:29:25.290] [bmv2] [T] [thread 45730] [67.0] [cxt 0] link_monitor.p4(279) Primitive standard_metadata.egress_spec = selected_port
[15:29:25.290] [bmv2] [T] [thread 45730] [67.0] [cxt 0] Applying table 'MyIngress.tcp_lb_nhop'
[15:29:25.290] [bmv2] [D] [thread 45730] [67.0] [cxt 0] Looking up key:
* meta.lb_port        : 0003

[15:29:25.290] [bmv2] [D] [thread 45730] [67.0] [cxt 0] Table 'MyIngress.tcp_lb_nhop': hit with handle 2
[15:29:25.290] [bmv2] [D] [thread 45730] [67.0] [cxt 0] Dumping entry 2
Match key:
* meta.lb_port        : EXACT     0003
Action entry: MyIngress.tcp_lb_nhop_action - 80000000300,

[15:29:25.290] [bmv2] [D] [thread 45730] [67.0] [cxt 0] Action entry is MyIngress.tcp_lb_nhop_action - 80000000300,
[15:29:25.290] [bmv2] [T] [thread 45730] [67.0] [cxt 0] Action MyIngress.tcp_lb_nhop_action
[15:29:25.290] [bmv2] [T] [thread 45730] [67.0] [cxt 0] link_monitor.p4(284) Primitive hdr.ethernet.srcAddr = hdr.ethernet.dstAddr
[15:29:25.290] [bmv2] [T] [thread 45730] [67.0] [cxt 0] link_monitor.p4(285) Primitive hdr.ethernet.dstAddr = dstAddr
[15:29:25.290] [bmv2] [T] [thread 45730] [67.0] [cxt 0] link_monitor.p4(286) Primitive hdr.ipv4.ttl = hdr.ipv4.ttl - 1
[15:29:25.290] [bmv2] [D] [thread 45730] [67.0] [cxt 0] Pipeline 'ingress': end
[15:29:25.290] [bmv2] [D] [thread 45730] [67.0] [cxt 0] Egress port is 3
[15:29:25.290] [bmv2] [D] [thread 45734] [67.0] [cxt 0] Pipeline 'egress': start
[15:29:25.290] [bmv2] [T] [thread 45734] [67.0] [cxt 0] Applying table 'tbl_link_monitor377'
[15:29:25.290] [bmv2] [D] [thread 45734] [67.0] [cxt 0] Looking up key:

[15:29:25.290] [bmv2] [D] [thread 45734] [67.0] [cxt 0] Table 'tbl_link_monitor377': miss
[15:29:25.290] [bmv2] [D] [thread 45734] [67.0] [cxt 0] Action entry is link_monitor377 - 
[15:29:25.290] [bmv2] [T] [thread 45734] [67.0] [cxt 0] Action link_monitor377
[15:29:25.290] [bmv2] [T] [thread 45734] [67.0] [cxt 0] link_monitor.p4(377) Primitive (bit<32>)standard_metadata.egress_port
[15:29:25.290] [bmv2] [T] [thread 45734] [67.0] [cxt 0] link_monitor.p4(377) Primitive byte_cnt_reg.read(byte_cnt, (bit<32>)standard_metadata.egress_port)
[15:29:25.290] [bmv2] [T] [thread 45734] [67.0] [cxt 0] Read register 'MyEgress.byte_cnt_reg' at index 3 read value 798
[15:29:25.290] [bmv2] [T] [thread 45734] [67.0] [cxt 0] link_monitor.p4(378) Primitive byte_cnt = byte_cnt + standard_metadata.packet_length
[15:29:25.290] [bmv2] [T] [thread 45734] [67.0] [cxt 0] link_monitor.p4(380) Condition "hdr.probe.isValid()" (node_12) is false
[15:29:25.290] [bmv2] [T] [thread 45734] [67.0] [cxt 0] Applying table 'tbl_link_monitor380_0'
[15:29:25.290] [bmv2] [D] [thread 45734] [67.0] [cxt 0] Looking up key:

[15:29:25.290] [bmv2] [D] [thread 45734] [67.0] [cxt 0] Table 'tbl_link_monitor380_0': miss
[15:29:25.290] [bmv2] [D] [thread 45734] [67.0] [cxt 0] Action entry is link_monitor380_0 - 
[15:29:25.290] [bmv2] [T] [thread 45734] [67.0] [cxt 0] Action link_monitor380_0
[15:29:25.290] [bmv2] [T] [thread 45734] [67.0] [cxt 0] link_monitor.p4(380) Primitive (hdr.probe.isValid()) ? 0 : byte_cnt
[15:29:25.290] [bmv2] [T] [thread 45734] [67.0] [cxt 0] Applying table 'tbl_link_monitor381'
[15:29:25.290] [bmv2] [D] [thread 45734] [67.0] [cxt 0] Looking up key:

[15:29:25.290] [bmv2] [D] [thread 45734] [67.0] [cxt 0] Table 'tbl_link_monitor381': miss
[15:29:25.290] [bmv2] [D] [thread 45734] [67.0] [cxt 0] Action entry is link_monitor381 - 
[15:29:25.290] [bmv2] [T] [thread 45734] [67.0] [cxt 0] Action link_monitor381
[15:29:25.290] [bmv2] [T] [thread 45734] [67.0] [cxt 0] link_monitor.p4(381) Primitive (bit<32>)standard_metadata.egress_port
[15:29:25.290] [bmv2] [T] [thread 45734] [67.0] [cxt 0] link_monitor.p4(381) Primitive byte_cnt_reg.write((bit<32>)standard_metadata.egress_port, new_byte_cnt)
[15:29:25.290] [bmv2] [T] [thread 45734] [67.0] [cxt 0] Wrote register 'MyEgress.byte_cnt_reg' at index 3 with value 855
[15:29:25.290] [bmv2] [T] [thread 45734] [67.0] [cxt 0] link_monitor.p4(383) Condition "hdr.probe.isValid()" (node_16) is false
[15:29:25.290] [bmv2] [D] [thread 45734] [67.0] [cxt 0] Pipeline 'egress': end
[15:29:25.290] [bmv2] [D] [thread 45734] [67.0] [cxt 0] Deparser 'deparser': start
[15:29:25.290] [bmv2] [D] [thread 45734] [67.0] [cxt 0] Updating checksum 'cksum'
[15:29:25.290] [bmv2] [D] [thread 45734] [67.0] [cxt 0] Deparsing header 'ethernet'
[15:29:25.290] [bmv2] [D] [thread 45734] [67.0] [cxt 0] Deparsing header 'ipv4'
[15:29:25.290] [bmv2] [D] [thread 45734] [67.0] [cxt 0] Deparser 'deparser': end
[15:29:25.290] [bmv2] [D] [thread 45735] [67.0] [cxt 0] Transmitting packet of size 37 out of port 3
[15:29:26.855] [bmv2] [D] [thread 45730] [68.0] [cxt 0] Processing packet received on port 1
[15:29:26.855] [bmv2] [D] [thread 45730] [68.0] [cxt 0] Parser 'parser': start
[15:29:26.855] [bmv2] [D] [thread 45730] [68.0] [cxt 0] Parser 'parser' entering state 'start'
[15:29:26.855] [bmv2] [D] [thread 45730] [68.0] [cxt 0] Extracting header 'ethernet'
[15:29:26.855] [bmv2] [D] [thread 45730] [68.0] [cxt 0] Parser state 'start': key is 0800
[15:29:26.855] [bmv2] [T] [thread 45730] [68.0] [cxt 0] Bytes parsed: 14
[15:29:26.855] [bmv2] [D] [thread 45730] [68.0] [cxt 0] Parser 'parser' entering state 'parse_ipv4'
[15:29:26.855] [bmv2] [D] [thread 45730] [68.0] [cxt 0] Extracting header 'ipv4'
[15:29:26.855] [bmv2] [D] [thread 45730] [68.0] [cxt 0] Parser state 'parse_ipv4': key is 06
[15:29:26.855] [bmv2] [T] [thread 45730] [68.0] [cxt 0] Bytes parsed: 34
[15:29:26.855] [bmv2] [D] [thread 45730] [68.0] [cxt 0] Parser 'parser' entering state 'parse_tcp'
[15:29:26.855] [bmv2] [D] [thread 45730] [68.0] [cxt 0] Extracting header 'tcp'
[15:29:26.855] [bmv2] [D] [thread 45730] [68.0] [cxt 0] Parser state 'parse_tcp' has no switch, going to default next state
[15:29:26.855] [bmv2] [T] [thread 45730] [68.0] [cxt 0] Bytes parsed: 54
[15:29:26.855] [bmv2] [D] [thread 45730] [68.0] [cxt 0] Parser 'parser': end
[15:29:26.855] [bmv2] [D] [thread 45730] [68.0] [cxt 0] Pipeline 'ingress': start
[15:29:26.855] [bmv2] [T] [thread 45730] [68.0] [cxt 0] link_monitor.p4(331) Condition "hdr.tcp.isValid()" (node_2) is true
[15:29:26.855] [bmv2] [T] [thread 45730] [68.0] [cxt 0] Applying table 'MyIngress.tcp_lb'
[15:29:26.855] [bmv2] [D] [thread 45730] [68.0] [cxt 0] Looking up key:
* hdr.ipv4.dstAddr    : 0a000404

[15:29:26.856] [bmv2] [D] [thread 45730] [68.0] [cxt 0] Table 'MyIngress.tcp_lb': hit with handle 3
[15:29:26.856] [bmv2] [D] [thread 45730] [68.0] [cxt 0] Dumping entry 3
Match key:
* hdr.ipv4.dstAddr    : LPM       0a000404/32
Action entry: MyIngress.tcp_lb_action - 3,4,

[15:29:26.856] [bmv2] [D] [thread 45730] [68.0] [cxt 0] Action entry is MyIngress.tcp_lb_action - 3,4,
[15:29:26.856] [bmv2] [T] [thread 45730] [68.0] [cxt 0] Action MyIngress.tcp_lb_action
[15:29:26.856] [bmv2] [T] [thread 45730] [68.0] [cxt 0] link_monitor.p4(219) Primitive (bit<32>) port1
[15:29:26.856] [bmv2] [T] [thread 45730] [68.0] [cxt 0] link_monitor.p4(219) Primitive byte_cnt_reg.read(byte_cnt1, (bit<32>) port1)
[15:29:26.856] [bmv2] [T] [thread 45730] [68.0] [cxt 0] Read register 'MyIngress.byte_cnt_reg' at index 3 read value 855
[15:29:26.856] [bmv2] [T] [thread 45730] [68.0] [cxt 0] link_monitor.p4(220) Primitive (bit<32>) port2
[15:29:26.856] [bmv2] [T] [thread 45730] [68.0] [cxt 0] link_monitor.p4(220) Primitive byte_cnt_reg.read(byte_cnt2, (bit<32>) port2)
[15:29:26.856] [bmv2] [T] [thread 45730] [68.0] [cxt 0] Read register 'MyIngress.byte_cnt_reg' at index 4 read value 114
[15:29:26.856] [bmv2] [T] [thread 45730] [68.0] [cxt 0] link_monitor.p4(221) Primitive (bit<32>) port1
[15:29:26.856] [bmv2] [T] [thread 45730] [68.0] [cxt 0] link_monitor.p4(221) Primitive last_time_reg.read(last_time1, (bit<32>) port1)
[15:29:26.856] [bmv2] [T] [thread 45730] [68.0] [cxt 0] Read register 'MyIngress.last_time_reg' at index 3 read value 103500954
[15:29:26.856] [bmv2] [T] [thread 45730] [68.0] [cxt 0] link_monitor.p4(222) Primitive (bit<32>) port2
[15:29:26.856] [bmv2] [T] [thread 45730] [68.0] [cxt 0] link_monitor.p4(222) Primitive last_time_reg.read(last_time2, (bit<32>) port2)
[15:29:26.856] [bmv2] [T] [thread 45730] [68.0] [cxt 0] Read register 'MyIngress.last_time_reg' at index 4 read value 93573931
[15:29:26.856] [bmv2] [T] [thread 45730] [68.0] [cxt 0] Primitive (no source info)
[15:29:26.856] [bmv2] [T] [thread 45730] [68.0] [cxt 0] Primitive (no source info)
[15:29:26.856] [bmv2] [T] [thread 45730] [68.0] [cxt 0] Primitive (no source info)
[15:29:26.856] [bmv2] [T] [thread 45730] [68.0] [cxt 0] Primitive (no source info)
[15:29:26.856] [bmv2] [T] [thread 45730] [68.0] [cxt 0] Primitive (no source info)
[15:29:26.857] [bmv2] [T] [thread 45730] [68.0] [cxt 0] Primitive (no source info)
[15:29:26.857] [bmv2] [T] [thread 45730] [68.0] [cxt 0] Primitive (no source info)
[15:29:26.857] [bmv2] [T] [thread 45730] [68.0] [cxt 0] Primitive (no source info)
[15:29:26.857] [bmv2] [T] [thread 45730] [68.0] [cxt 0] link_monitor.p4(274) Primitive (bit<32>) selected_port
[15:29:26.857] [bmv2] [T] [thread 45730] [68.0] [cxt 0] link_monitor.p4(274) Primitive byte_cnt_reg.write((bit<32>) selected_port, new_byte_cnt)
[15:29:26.857] [bmv2] [T] [thread 45730] [68.0] [cxt 0] Wrote register 'MyIngress.byte_cnt_reg' at index 3 with value 912
[15:29:26.857] [bmv2] [T] [thread 45730] [68.0] [cxt 0] link_monitor.p4(275) Primitive (bit<32>) selected_port
[15:29:26.857] [bmv2] [T] [thread 45730] [68.0] [cxt 0] link_monitor.p4(275) Primitive last_time_reg.write((bit<32>) selected_port, cur_time)
[15:29:26.857] [bmv2] [T] [thread 45730] [68.0] [cxt 0] Wrote register 'MyIngress.last_time_reg' at index 3 with value 105066279
[15:29:26.857] [bmv2] [T] [thread 45730] [68.0] [cxt 0] link_monitor.p4(278) Primitive meta.lb_port = selected_port
[15:29:26.857] [bmv2] [T] [thread 45730] [68.0] [cxt 0] link_monitor.p4(279) Primitive standard_metadata.egress_spec = selected_port
[15:29:26.857] [bmv2] [T] [thread 45730] [68.0] [cxt 0] Applying table 'MyIngress.tcp_lb_nhop'
[15:29:26.857] [bmv2] [D] [thread 45730] [68.0] [cxt 0] Looking up key:
* meta.lb_port        : 0003

[15:29:26.857] [bmv2] [D] [thread 45730] [68.0] [cxt 0] Table 'MyIngress.tcp_lb_nhop': hit with handle 2
[15:29:26.857] [bmv2] [D] [thread 45730] [68.0] [cxt 0] Dumping entry 2
Match key:
* meta.lb_port        : EXACT     0003
Action entry: MyIngress.tcp_lb_nhop_action - 80000000300,

[15:29:26.857] [bmv2] [D] [thread 45730] [68.0] [cxt 0] Action entry is MyIngress.tcp_lb_nhop_action - 80000000300,
[15:29:26.857] [bmv2] [T] [thread 45730] [68.0] [cxt 0] Action MyIngress.tcp_lb_nhop_action
[15:29:26.857] [bmv2] [T] [thread 45730] [68.0] [cxt 0] link_monitor.p4(284) Primitive hdr.ethernet.srcAddr = hdr.ethernet.dstAddr
[15:29:26.857] [bmv2] [T] [thread 45730] [68.0] [cxt 0] link_monitor.p4(285) Primitive hdr.ethernet.dstAddr = dstAddr
[15:29:26.857] [bmv2] [T] [thread 45730] [68.0] [cxt 0] link_monitor.p4(286) Primitive hdr.ipv4.ttl = hdr.ipv4.ttl - 1
[15:29:26.857] [bmv2] [D] [thread 45730] [68.0] [cxt 0] Pipeline 'ingress': end
[15:29:26.857] [bmv2] [D] [thread 45730] [68.0] [cxt 0] Egress port is 3
[15:29:26.858] [bmv2] [D] [thread 45734] [68.0] [cxt 0] Pipeline 'egress': start
[15:29:26.858] [bmv2] [T] [thread 45734] [68.0] [cxt 0] Applying table 'tbl_link_monitor377'
[15:29:26.858] [bmv2] [D] [thread 45734] [68.0] [cxt 0] Looking up key:

[15:29:26.858] [bmv2] [D] [thread 45734] [68.0] [cxt 0] Table 'tbl_link_monitor377': miss
[15:29:26.858] [bmv2] [D] [thread 45734] [68.0] [cxt 0] Action entry is link_monitor377 - 
[15:29:26.858] [bmv2] [T] [thread 45734] [68.0] [cxt 0] Action link_monitor377
[15:29:26.858] [bmv2] [T] [thread 45734] [68.0] [cxt 0] link_monitor.p4(377) Primitive (bit<32>)standard_metadata.egress_port
[15:29:26.858] [bmv2] [T] [thread 45734] [68.0] [cxt 0] link_monitor.p4(377) Primitive byte_cnt_reg.read(byte_cnt, (bit<32>)standard_metadata.egress_port)
[15:29:26.858] [bmv2] [T] [thread 45734] [68.0] [cxt 0] Read register 'MyEgress.byte_cnt_reg' at index 3 read value 855
[15:29:26.858] [bmv2] [T] [thread 45734] [68.0] [cxt 0] link_monitor.p4(378) Primitive byte_cnt = byte_cnt + standard_metadata.packet_length
[15:29:26.858] [bmv2] [T] [thread 45734] [68.0] [cxt 0] link_monitor.p4(380) Condition "hdr.probe.isValid()" (node_12) is false
[15:29:26.858] [bmv2] [T] [thread 45734] [68.0] [cxt 0] Applying table 'tbl_link_monitor380_0'
[15:29:26.858] [bmv2] [D] [thread 45734] [68.0] [cxt 0] Looking up key:

[15:29:26.858] [bmv2] [D] [thread 45734] [68.0] [cxt 0] Table 'tbl_link_monitor380_0': miss
[15:29:26.858] [bmv2] [D] [thread 45734] [68.0] [cxt 0] Action entry is link_monitor380_0 - 
[15:29:26.858] [bmv2] [T] [thread 45734] [68.0] [cxt 0] Action link_monitor380_0
[15:29:26.858] [bmv2] [T] [thread 45734] [68.0] [cxt 0] link_monitor.p4(380) Primitive (hdr.probe.isValid()) ? 0 : byte_cnt
[15:29:26.858] [bmv2] [T] [thread 45734] [68.0] [cxt 0] Applying table 'tbl_link_monitor381'
[15:29:26.858] [bmv2] [D] [thread 45734] [68.0] [cxt 0] Looking up key:

[15:29:26.858] [bmv2] [D] [thread 45734] [68.0] [cxt 0] Table 'tbl_link_monitor381': miss
[15:29:26.858] [bmv2] [D] [thread 45734] [68.0] [cxt 0] Action entry is link_monitor381 - 
[15:29:26.858] [bmv2] [T] [thread 45734] [68.0] [cxt 0] Action link_monitor381
[15:29:26.858] [bmv2] [T] [thread 45734] [68.0] [cxt 0] link_monitor.p4(381) Primitive (bit<32>)standard_metadata.egress_port
[15:29:26.858] [bmv2] [T] [thread 45734] [68.0] [cxt 0] link_monitor.p4(381) Primitive byte_cnt_reg.write((bit<32>)standard_metadata.egress_port, new_byte_cnt)
[15:29:26.858] [bmv2] [T] [thread 45734] [68.0] [cxt 0] Wrote register 'MyEgress.byte_cnt_reg' at index 3 with value 912
[15:29:26.858] [bmv2] [T] [thread 45734] [68.0] [cxt 0] link_monitor.p4(383) Condition "hdr.probe.isValid()" (node_16) is false
[15:29:26.858] [bmv2] [D] [thread 45734] [68.0] [cxt 0] Pipeline 'egress': end
[15:29:26.858] [bmv2] [D] [thread 45734] [68.0] [cxt 0] Deparser 'deparser': start
[15:29:26.858] [bmv2] [D] [thread 45734] [68.0] [cxt 0] Updating checksum 'cksum'
[15:29:26.858] [bmv2] [D] [thread 45734] [68.0] [cxt 0] Deparsing header 'ethernet'
[15:29:26.858] [bmv2] [D] [thread 45734] [68.0] [cxt 0] Deparsing header 'ipv4'
[15:29:26.858] [bmv2] [D] [thread 45734] [68.0] [cxt 0] Deparser 'deparser': end
[15:29:26.858] [bmv2] [D] [thread 45735] [68.0] [cxt 0] Transmitting packet of size 37 out of port 3
[15:29:27.631] [bmv2] [D] [thread 45730] [69.0] [cxt 0] Processing packet received on port 1
[15:29:27.631] [bmv2] [D] [thread 45730] [69.0] [cxt 0] Parser 'parser': start
[15:29:27.631] [bmv2] [D] [thread 45730] [69.0] [cxt 0] Parser 'parser' entering state 'start'
[15:29:27.631] [bmv2] [D] [thread 45730] [69.0] [cxt 0] Extracting header 'ethernet'
[15:29:27.631] [bmv2] [D] [thread 45730] [69.0] [cxt 0] Parser state 'start': key is 0800
[15:29:27.631] [bmv2] [T] [thread 45730] [69.0] [cxt 0] Bytes parsed: 14
[15:29:27.631] [bmv2] [D] [thread 45730] [69.0] [cxt 0] Parser 'parser' entering state 'parse_ipv4'
[15:29:27.631] [bmv2] [D] [thread 45730] [69.0] [cxt 0] Extracting header 'ipv4'
[15:29:27.631] [bmv2] [D] [thread 45730] [69.0] [cxt 0] Parser state 'parse_ipv4': key is 06
[15:29:27.631] [bmv2] [T] [thread 45730] [69.0] [cxt 0] Bytes parsed: 34
[15:29:27.631] [bmv2] [D] [thread 45730] [69.0] [cxt 0] Parser 'parser' entering state 'parse_tcp'
[15:29:27.631] [bmv2] [D] [thread 45730] [69.0] [cxt 0] Extracting header 'tcp'
[15:29:27.631] [bmv2] [D] [thread 45730] [69.0] [cxt 0] Parser state 'parse_tcp' has no switch, going to default next state
[15:29:27.631] [bmv2] [T] [thread 45730] [69.0] [cxt 0] Bytes parsed: 54
[15:29:27.631] [bmv2] [D] [thread 45730] [69.0] [cxt 0] Parser 'parser': end
[15:29:27.631] [bmv2] [D] [thread 45730] [69.0] [cxt 0] Pipeline 'ingress': start
[15:29:27.631] [bmv2] [T] [thread 45730] [69.0] [cxt 0] link_monitor.p4(331) Condition "hdr.tcp.isValid()" (node_2) is true
[15:29:27.631] [bmv2] [T] [thread 45730] [69.0] [cxt 0] Applying table 'MyIngress.tcp_lb'
[15:29:27.631] [bmv2] [D] [thread 45730] [69.0] [cxt 0] Looking up key:
* hdr.ipv4.dstAddr    : 0a000404

[15:29:27.631] [bmv2] [D] [thread 45730] [69.0] [cxt 0] Table 'MyIngress.tcp_lb': hit with handle 3
[15:29:27.631] [bmv2] [D] [thread 45730] [69.0] [cxt 0] Dumping entry 3
Match key:
* hdr.ipv4.dstAddr    : LPM       0a000404/32
Action entry: MyIngress.tcp_lb_action - 3,4,

[15:29:27.631] [bmv2] [D] [thread 45730] [69.0] [cxt 0] Action entry is MyIngress.tcp_lb_action - 3,4,
[15:29:27.631] [bmv2] [T] [thread 45730] [69.0] [cxt 0] Action MyIngress.tcp_lb_action
[15:29:27.631] [bmv2] [T] [thread 45730] [69.0] [cxt 0] link_monitor.p4(219) Primitive (bit<32>) port1
[15:29:27.631] [bmv2] [T] [thread 45730] [69.0] [cxt 0] link_monitor.p4(219) Primitive byte_cnt_reg.read(byte_cnt1, (bit<32>) port1)
[15:29:27.631] [bmv2] [T] [thread 45730] [69.0] [cxt 0] Read register 'MyIngress.byte_cnt_reg' at index 3 read value 912
[15:29:27.631] [bmv2] [T] [thread 45730] [69.0] [cxt 0] link_monitor.p4(220) Primitive (bit<32>) port2
[15:29:27.631] [bmv2] [T] [thread 45730] [69.0] [cxt 0] link_monitor.p4(220) Primitive byte_cnt_reg.read(byte_cnt2, (bit<32>) port2)
[15:29:27.631] [bmv2] [T] [thread 45730] [69.0] [cxt 0] Read register 'MyIngress.byte_cnt_reg' at index 4 read value 114
[15:29:27.631] [bmv2] [T] [thread 45730] [69.0] [cxt 0] link_monitor.p4(221) Primitive (bit<32>) port1
[15:29:27.631] [bmv2] [T] [thread 45730] [69.0] [cxt 0] link_monitor.p4(221) Primitive last_time_reg.read(last_time1, (bit<32>) port1)
[15:29:27.631] [bmv2] [T] [thread 45730] [69.0] [cxt 0] Read register 'MyIngress.last_time_reg' at index 3 read value 105066279
[15:29:27.631] [bmv2] [T] [thread 45730] [69.0] [cxt 0] link_monitor.p4(222) Primitive (bit<32>) port2
[15:29:27.631] [bmv2] [T] [thread 45730] [69.0] [cxt 0] link_monitor.p4(222) Primitive last_time_reg.read(last_time2, (bit<32>) port2)
[15:29:27.631] [bmv2] [T] [thread 45730] [69.0] [cxt 0] Read register 'MyIngress.last_time_reg' at index 4 read value 93573931
[15:29:27.631] [bmv2] [T] [thread 45730] [69.0] [cxt 0] Primitive (no source info)
[15:29:27.631] [bmv2] [T] [thread 45730] [69.0] [cxt 0] Primitive (no source info)
[15:29:27.631] [bmv2] [T] [thread 45730] [69.0] [cxt 0] Primitive (no source info)
[15:29:27.631] [bmv2] [T] [thread 45730] [69.0] [cxt 0] Primitive (no source info)
[15:29:27.631] [bmv2] [T] [thread 45730] [69.0] [cxt 0] Primitive (no source info)
[15:29:27.631] [bmv2] [T] [thread 45730] [69.0] [cxt 0] Primitive (no source info)
[15:29:27.631] [bmv2] [T] [thread 45730] [69.0] [cxt 0] Primitive (no source info)
[15:29:27.631] [bmv2] [T] [thread 45730] [69.0] [cxt 0] Primitive (no source info)
[15:29:27.631] [bmv2] [T] [thread 45730] [69.0] [cxt 0] link_monitor.p4(274) Primitive (bit<32>) selected_port
[15:29:27.631] [bmv2] [T] [thread 45730] [69.0] [cxt 0] link_monitor.p4(274) Primitive byte_cnt_reg.write((bit<32>) selected_port, new_byte_cnt)
[15:29:27.631] [bmv2] [T] [thread 45730] [69.0] [cxt 0] Wrote register 'MyIngress.byte_cnt_reg' at index 3 with value 969
[15:29:27.631] [bmv2] [T] [thread 45730] [69.0] [cxt 0] link_monitor.p4(275) Primitive (bit<32>) selected_port
[15:29:27.631] [bmv2] [T] [thread 45730] [69.0] [cxt 0] link_monitor.p4(275) Primitive last_time_reg.write((bit<32>) selected_port, cur_time)
[15:29:27.631] [bmv2] [T] [thread 45730] [69.0] [cxt 0] Wrote register 'MyIngress.last_time_reg' at index 3 with value 105841585
[15:29:27.631] [bmv2] [T] [thread 45730] [69.0] [cxt 0] link_monitor.p4(278) Primitive meta.lb_port = selected_port
[15:29:27.631] [bmv2] [T] [thread 45730] [69.0] [cxt 0] link_monitor.p4(279) Primitive standard_metadata.egress_spec = selected_port
[15:29:27.631] [bmv2] [T] [thread 45730] [69.0] [cxt 0] Applying table 'MyIngress.tcp_lb_nhop'
[15:29:27.631] [bmv2] [D] [thread 45730] [69.0] [cxt 0] Looking up key:
* meta.lb_port        : 0003

[15:29:27.631] [bmv2] [D] [thread 45730] [69.0] [cxt 0] Table 'MyIngress.tcp_lb_nhop': hit with handle 2
[15:29:27.631] [bmv2] [D] [thread 45730] [69.0] [cxt 0] Dumping entry 2
Match key:
* meta.lb_port        : EXACT     0003
Action entry: MyIngress.tcp_lb_nhop_action - 80000000300,

[15:29:27.631] [bmv2] [D] [thread 45730] [69.0] [cxt 0] Action entry is MyIngress.tcp_lb_nhop_action - 80000000300,
[15:29:27.631] [bmv2] [T] [thread 45730] [69.0] [cxt 0] Action MyIngress.tcp_lb_nhop_action
[15:29:27.631] [bmv2] [T] [thread 45730] [69.0] [cxt 0] link_monitor.p4(284) Primitive hdr.ethernet.srcAddr = hdr.ethernet.dstAddr
[15:29:27.631] [bmv2] [T] [thread 45730] [69.0] [cxt 0] link_monitor.p4(285) Primitive hdr.ethernet.dstAddr = dstAddr
[15:29:27.631] [bmv2] [T] [thread 45730] [69.0] [cxt 0] link_monitor.p4(286) Primitive hdr.ipv4.ttl = hdr.ipv4.ttl - 1
[15:29:27.631] [bmv2] [D] [thread 45730] [69.0] [cxt 0] Pipeline 'ingress': end
[15:29:27.631] [bmv2] [D] [thread 45730] [69.0] [cxt 0] Egress port is 3
[15:29:27.631] [bmv2] [D] [thread 45734] [69.0] [cxt 0] Pipeline 'egress': start
[15:29:27.631] [bmv2] [T] [thread 45734] [69.0] [cxt 0] Applying table 'tbl_link_monitor377'
[15:29:27.631] [bmv2] [D] [thread 45734] [69.0] [cxt 0] Looking up key:

[15:29:27.631] [bmv2] [D] [thread 45734] [69.0] [cxt 0] Table 'tbl_link_monitor377': miss
[15:29:27.631] [bmv2] [D] [thread 45734] [69.0] [cxt 0] Action entry is link_monitor377 - 
[15:29:27.631] [bmv2] [T] [thread 45734] [69.0] [cxt 0] Action link_monitor377
[15:29:27.631] [bmv2] [T] [thread 45734] [69.0] [cxt 0] link_monitor.p4(377) Primitive (bit<32>)standard_metadata.egress_port
[15:29:27.631] [bmv2] [T] [thread 45734] [69.0] [cxt 0] link_monitor.p4(377) Primitive byte_cnt_reg.read(byte_cnt, (bit<32>)standard_metadata.egress_port)
[15:29:27.631] [bmv2] [T] [thread 45734] [69.0] [cxt 0] Read register 'MyEgress.byte_cnt_reg' at index 3 read value 912
[15:29:27.631] [bmv2] [T] [thread 45734] [69.0] [cxt 0] link_monitor.p4(378) Primitive byte_cnt = byte_cnt + standard_metadata.packet_length
[15:29:27.631] [bmv2] [T] [thread 45734] [69.0] [cxt 0] link_monitor.p4(380) Condition "hdr.probe.isValid()" (node_12) is false
[15:29:27.631] [bmv2] [T] [thread 45734] [69.0] [cxt 0] Applying table 'tbl_link_monitor380_0'
[15:29:27.631] [bmv2] [D] [thread 45734] [69.0] [cxt 0] Looking up key:

[15:29:27.631] [bmv2] [D] [thread 45734] [69.0] [cxt 0] Table 'tbl_link_monitor380_0': miss
[15:29:27.632] [bmv2] [D] [thread 45734] [69.0] [cxt 0] Action entry is link_monitor380_0 - 
[15:29:27.632] [bmv2] [T] [thread 45734] [69.0] [cxt 0] Action link_monitor380_0
[15:29:27.632] [bmv2] [T] [thread 45734] [69.0] [cxt 0] link_monitor.p4(380) Primitive (hdr.probe.isValid()) ? 0 : byte_cnt
[15:29:27.632] [bmv2] [T] [thread 45734] [69.0] [cxt 0] Applying table 'tbl_link_monitor381'
[15:29:27.632] [bmv2] [D] [thread 45734] [69.0] [cxt 0] Looking up key:

[15:29:27.632] [bmv2] [D] [thread 45734] [69.0] [cxt 0] Table 'tbl_link_monitor381': miss
[15:29:27.632] [bmv2] [D] [thread 45734] [69.0] [cxt 0] Action entry is link_monitor381 - 
[15:29:27.632] [bmv2] [T] [thread 45734] [69.0] [cxt 0] Action link_monitor381
[15:29:27.632] [bmv2] [T] [thread 45734] [69.0] [cxt 0] link_monitor.p4(381) Primitive (bit<32>)standard_metadata.egress_port
[15:29:27.632] [bmv2] [T] [thread 45734] [69.0] [cxt 0] link_monitor.p4(381) Primitive byte_cnt_reg.write((bit<32>)standard_metadata.egress_port, new_byte_cnt)
[15:29:27.632] [bmv2] [T] [thread 45734] [69.0] [cxt 0] Wrote register 'MyEgress.byte_cnt_reg' at index 3 with value 969
[15:29:27.632] [bmv2] [T] [thread 45734] [69.0] [cxt 0] link_monitor.p4(383) Condition "hdr.probe.isValid()" (node_16) is false
[15:29:27.632] [bmv2] [D] [thread 45734] [69.0] [cxt 0] Pipeline 'egress': end
[15:29:27.632] [bmv2] [D] [thread 45734] [69.0] [cxt 0] Deparser 'deparser': start
[15:29:27.632] [bmv2] [D] [thread 45734] [69.0] [cxt 0] Updating checksum 'cksum'
[15:29:27.632] [bmv2] [D] [thread 45734] [69.0] [cxt 0] Deparsing header 'ethernet'
[15:29:27.632] [bmv2] [D] [thread 45734] [69.0] [cxt 0] Deparsing header 'ipv4'
[15:29:27.632] [bmv2] [D] [thread 45734] [69.0] [cxt 0] Deparser 'deparser': end
[15:29:27.632] [bmv2] [D] [thread 45735] [69.0] [cxt 0] Transmitting packet of size 37 out of port 3
[15:29:32.169] [bmv2] [D] [thread 45730] [70.0] [cxt 0] Processing packet received on port 4
[15:29:32.169] [bmv2] [D] [thread 45730] [70.0] [cxt 0] Parser 'parser': start
[15:29:32.169] [bmv2] [D] [thread 45730] [70.0] [cxt 0] Parser 'parser' entering state 'start'
[15:29:32.169] [bmv2] [D] [thread 45730] [70.0] [cxt 0] Extracting header 'ethernet'
[15:29:32.169] [bmv2] [D] [thread 45730] [70.0] [cxt 0] Parser state 'start': key is 86dd
[15:29:32.169] [bmv2] [T] [thread 45730] [70.0] [cxt 0] Bytes parsed: 14
[15:29:32.169] [bmv2] [D] [thread 45730] [70.0] [cxt 0] Parser 'parser': end
[15:29:32.169] [bmv2] [D] [thread 45730] [70.0] [cxt 0] Pipeline 'ingress': start
[15:29:32.169] [bmv2] [T] [thread 45730] [70.0] [cxt 0] link_monitor.p4(331) Condition "hdr.tcp.isValid()" (node_2) is false
[15:29:32.169] [bmv2] [T] [thread 45730] [70.0] [cxt 0] link_monitor.p4(335) Condition "hdr.ipv4.isValid()" (node_5) is false
[15:29:32.169] [bmv2] [T] [thread 45730] [70.0] [cxt 0] link_monitor.p4(338) Condition "hdr.probe.isValid()" (node_7) is false
[15:29:32.169] [bmv2] [D] [thread 45730] [70.0] [cxt 0] Pipeline 'ingress': end
[15:29:32.169] [bmv2] [D] [thread 45730] [70.0] [cxt 0] Egress port is 0
[15:29:32.169] [bmv2] [D] [thread 45731] [70.0] [cxt 0] Pipeline 'egress': start
[15:29:32.169] [bmv2] [T] [thread 45731] [70.0] [cxt 0] Applying table 'tbl_link_monitor377'
[15:29:32.169] [bmv2] [D] [thread 45731] [70.0] [cxt 0] Looking up key:

[15:29:32.169] [bmv2] [D] [thread 45731] [70.0] [cxt 0] Table 'tbl_link_monitor377': miss
[15:29:32.169] [bmv2] [D] [thread 45731] [70.0] [cxt 0] Action entry is link_monitor377 - 
[15:29:32.169] [bmv2] [T] [thread 45731] [70.0] [cxt 0] Action link_monitor377
[15:29:32.169] [bmv2] [T] [thread 45731] [70.0] [cxt 0] link_monitor.p4(377) Primitive (bit<32>)standard_metadata.egress_port
[15:29:32.169] [bmv2] [T] [thread 45731] [70.0] [cxt 0] link_monitor.p4(377) Primitive byte_cnt_reg.read(byte_cnt, (bit<32>)standard_metadata.egress_port)
[15:29:32.169] [bmv2] [T] [thread 45731] [70.0] [cxt 0] Read register 'MyEgress.byte_cnt_reg' at index 0 read value 1680
[15:29:32.169] [bmv2] [T] [thread 45731] [70.0] [cxt 0] link_monitor.p4(378) Primitive byte_cnt = byte_cnt + standard_metadata.packet_length
[15:29:32.169] [bmv2] [T] [thread 45731] [70.0] [cxt 0] link_monitor.p4(380) Condition "hdr.probe.isValid()" (node_12) is false
[15:29:32.169] [bmv2] [T] [thread 45731] [70.0] [cxt 0] Applying table 'tbl_link_monitor380_0'
[15:29:32.169] [bmv2] [D] [thread 45731] [70.0] [cxt 0] Looking up key:

[15:29:32.169] [bmv2] [D] [thread 45731] [70.0] [cxt 0] Table 'tbl_link_monitor380_0': miss
[15:29:32.169] [bmv2] [D] [thread 45731] [70.0] [cxt 0] Action entry is link_monitor380_0 - 
[15:29:32.169] [bmv2] [T] [thread 45731] [70.0] [cxt 0] Action link_monitor380_0
[15:29:32.169] [bmv2] [T] [thread 45731] [70.0] [cxt 0] link_monitor.p4(380) Primitive (hdr.probe.isValid()) ? 0 : byte_cnt
[15:29:32.169] [bmv2] [T] [thread 45731] [70.0] [cxt 0] Applying table 'tbl_link_monitor381'
[15:29:32.169] [bmv2] [D] [thread 45731] [70.0] [cxt 0] Looking up key:

[15:29:32.169] [bmv2] [D] [thread 45731] [70.0] [cxt 0] Table 'tbl_link_monitor381': miss
[15:29:32.169] [bmv2] [D] [thread 45731] [70.0] [cxt 0] Action entry is link_monitor381 - 
[15:29:32.169] [bmv2] [T] [thread 45731] [70.0] [cxt 0] Action link_monitor381
[15:29:32.169] [bmv2] [T] [thread 45731] [70.0] [cxt 0] link_monitor.p4(381) Primitive (bit<32>)standard_metadata.egress_port
[15:29:32.169] [bmv2] [T] [thread 45731] [70.0] [cxt 0] link_monitor.p4(381) Primitive byte_cnt_reg.write((bit<32>)standard_metadata.egress_port, new_byte_cnt)
[15:29:32.169] [bmv2] [T] [thread 45731] [70.0] [cxt 0] Wrote register 'MyEgress.byte_cnt_reg' at index 0 with value 1750
[15:29:32.169] [bmv2] [T] [thread 45731] [70.0] [cxt 0] link_monitor.p4(383) Condition "hdr.probe.isValid()" (node_16) is false
[15:29:32.169] [bmv2] [D] [thread 45731] [70.0] [cxt 0] Pipeline 'egress': end
[15:29:32.169] [bmv2] [D] [thread 45731] [70.0] [cxt 0] Deparser 'deparser': start
[15:29:32.169] [bmv2] [T] [thread 45731] [70.0] [cxt 0] Skipping checksum 'cksum' update because condition not met
[15:29:32.169] [bmv2] [D] [thread 45731] [70.0] [cxt 0] Deparsing header 'ethernet'
[15:29:32.169] [bmv2] [D] [thread 45731] [70.0] [cxt 0] Deparser 'deparser': end
[15:29:32.169] [bmv2] [D] [thread 45735] [70.0] [cxt 0] Transmitting packet of size 70 out of port 0
[15:29:42.416] [bmv2] [D] [thread 45730] [71.0] [cxt 0] Processing packet received on port 2
[15:29:42.416] [bmv2] [D] [thread 45730] [71.0] [cxt 0] Parser 'parser': start
[15:29:42.416] [bmv2] [D] [thread 45730] [71.0] [cxt 0] Parser 'parser' entering state 'start'
[15:29:42.416] [bmv2] [D] [thread 45730] [71.0] [cxt 0] Extracting header 'ethernet'
[15:29:42.416] [bmv2] [D] [thread 45730] [71.0] [cxt 0] Parser state 'start': key is 86dd
[15:29:42.416] [bmv2] [T] [thread 45730] [71.0] [cxt 0] Bytes parsed: 14
[15:29:42.416] [bmv2] [D] [thread 45730] [71.0] [cxt 0] Parser 'parser': end
[15:29:42.416] [bmv2] [D] [thread 45730] [71.0] [cxt 0] Pipeline 'ingress': start
[15:29:42.416] [bmv2] [T] [thread 45730] [71.0] [cxt 0] link_monitor.p4(331) Condition "hdr.tcp.isValid()" (node_2) is false
[15:29:42.416] [bmv2] [T] [thread 45730] [71.0] [cxt 0] link_monitor.p4(335) Condition "hdr.ipv4.isValid()" (node_5) is false
[15:29:42.416] [bmv2] [T] [thread 45730] [71.0] [cxt 0] link_monitor.p4(338) Condition "hdr.probe.isValid()" (node_7) is false
[15:29:42.416] [bmv2] [D] [thread 45730] [71.0] [cxt 0] Pipeline 'ingress': end
[15:29:42.416] [bmv2] [D] [thread 45730] [71.0] [cxt 0] Egress port is 0
[15:29:42.416] [bmv2] [D] [thread 45731] [71.0] [cxt 0] Pipeline 'egress': start
[15:29:42.416] [bmv2] [T] [thread 45731] [71.0] [cxt 0] Applying table 'tbl_link_monitor377'
[15:29:42.416] [bmv2] [D] [thread 45731] [71.0] [cxt 0] Looking up key:

[15:29:42.416] [bmv2] [D] [thread 45731] [71.0] [cxt 0] Table 'tbl_link_monitor377': miss
[15:29:42.416] [bmv2] [D] [thread 45731] [71.0] [cxt 0] Action entry is link_monitor377 - 
[15:29:42.416] [bmv2] [T] [thread 45731] [71.0] [cxt 0] Action link_monitor377
[15:29:42.416] [bmv2] [T] [thread 45731] [71.0] [cxt 0] link_monitor.p4(377) Primitive (bit<32>)standard_metadata.egress_port
[15:29:42.416] [bmv2] [T] [thread 45731] [71.0] [cxt 0] link_monitor.p4(377) Primitive byte_cnt_reg.read(byte_cnt, (bit<32>)standard_metadata.egress_port)
[15:29:42.416] [bmv2] [T] [thread 45731] [71.0] [cxt 0] Read register 'MyEgress.byte_cnt_reg' at index 0 read value 1750
[15:29:42.416] [bmv2] [T] [thread 45731] [71.0] [cxt 0] link_monitor.p4(378) Primitive byte_cnt = byte_cnt + standard_metadata.packet_length
[15:29:42.416] [bmv2] [T] [thread 45731] [71.0] [cxt 0] link_monitor.p4(380) Condition "hdr.probe.isValid()" (node_12) is false
[15:29:42.416] [bmv2] [T] [thread 45731] [71.0] [cxt 0] Applying table 'tbl_link_monitor380_0'
[15:29:42.416] [bmv2] [D] [thread 45731] [71.0] [cxt 0] Looking up key:

[15:29:42.416] [bmv2] [D] [thread 45731] [71.0] [cxt 0] Table 'tbl_link_monitor380_0': miss
[15:29:42.416] [bmv2] [D] [thread 45731] [71.0] [cxt 0] Action entry is link_monitor380_0 - 
[15:29:42.416] [bmv2] [T] [thread 45731] [71.0] [cxt 0] Action link_monitor380_0
[15:29:42.416] [bmv2] [T] [thread 45731] [71.0] [cxt 0] link_monitor.p4(380) Primitive (hdr.probe.isValid()) ? 0 : byte_cnt
[15:29:42.416] [bmv2] [T] [thread 45731] [71.0] [cxt 0] Applying table 'tbl_link_monitor381'
[15:29:42.416] [bmv2] [D] [thread 45731] [71.0] [cxt 0] Looking up key:

[15:29:42.416] [bmv2] [D] [thread 45731] [71.0] [cxt 0] Table 'tbl_link_monitor381': miss
[15:29:42.416] [bmv2] [D] [thread 45731] [71.0] [cxt 0] Action entry is link_monitor381 - 
[15:29:42.416] [bmv2] [T] [thread 45731] [71.0] [cxt 0] Action link_monitor381
[15:29:42.416] [bmv2] [T] [thread 45731] [71.0] [cxt 0] link_monitor.p4(381) Primitive (bit<32>)standard_metadata.egress_port
[15:29:42.416] [bmv2] [T] [thread 45731] [71.0] [cxt 0] link_monitor.p4(381) Primitive byte_cnt_reg.write((bit<32>)standard_metadata.egress_port, new_byte_cnt)
[15:29:42.416] [bmv2] [T] [thread 45731] [71.0] [cxt 0] Wrote register 'MyEgress.byte_cnt_reg' at index 0 with value 1820
[15:29:42.416] [bmv2] [T] [thread 45731] [71.0] [cxt 0] link_monitor.p4(383) Condition "hdr.probe.isValid()" (node_16) is false
[15:29:42.416] [bmv2] [D] [thread 45731] [71.0] [cxt 0] Pipeline 'egress': end
[15:29:42.416] [bmv2] [D] [thread 45731] [71.0] [cxt 0] Deparser 'deparser': start
[15:29:42.416] [bmv2] [T] [thread 45731] [71.0] [cxt 0] Skipping checksum 'cksum' update because condition not met
[15:29:42.416] [bmv2] [D] [thread 45731] [71.0] [cxt 0] Deparsing header 'ethernet'
[15:29:42.416] [bmv2] [D] [thread 45731] [71.0] [cxt 0] Deparser 'deparser': end
[15:29:42.416] [bmv2] [D] [thread 45735] [71.0] [cxt 0] Transmitting packet of size 70 out of port 0
[15:29:44.458] [bmv2] [D] [thread 45730] [72.0] [cxt 0] Processing packet received on port 3
[15:29:44.458] [bmv2] [D] [thread 45730] [72.0] [cxt 0] Parser 'parser': start
[15:29:44.458] [bmv2] [D] [thread 45730] [72.0] [cxt 0] Parser 'parser' entering state 'start'
[15:29:44.458] [bmv2] [D] [thread 45730] [72.0] [cxt 0] Extracting header 'ethernet'
[15:29:44.458] [bmv2] [D] [thread 45730] [72.0] [cxt 0] Parser state 'start': key is 86dd
[15:29:44.458] [bmv2] [T] [thread 45730] [72.0] [cxt 0] Bytes parsed: 14
[15:29:44.458] [bmv2] [D] [thread 45730] [72.0] [cxt 0] Parser 'parser': end
[15:29:44.458] [bmv2] [D] [thread 45730] [72.0] [cxt 0] Pipeline 'ingress': start
[15:29:44.458] [bmv2] [T] [thread 45730] [72.0] [cxt 0] link_monitor.p4(331) Condition "hdr.tcp.isValid()" (node_2) is false
[15:29:44.458] [bmv2] [T] [thread 45730] [72.0] [cxt 0] link_monitor.p4(335) Condition "hdr.ipv4.isValid()" (node_5) is false
[15:29:44.458] [bmv2] [T] [thread 45730] [72.0] [cxt 0] link_monitor.p4(338) Condition "hdr.probe.isValid()" (node_7) is false
[15:29:44.458] [bmv2] [D] [thread 45730] [72.0] [cxt 0] Pipeline 'ingress': end
[15:29:44.458] [bmv2] [D] [thread 45730] [72.0] [cxt 0] Egress port is 0
[15:29:44.458] [bmv2] [D] [thread 45731] [72.0] [cxt 0] Pipeline 'egress': start
[15:29:44.458] [bmv2] [T] [thread 45731] [72.0] [cxt 0] Applying table 'tbl_link_monitor377'
[15:29:44.458] [bmv2] [D] [thread 45731] [72.0] [cxt 0] Looking up key:

[15:29:44.458] [bmv2] [D] [thread 45731] [72.0] [cxt 0] Table 'tbl_link_monitor377': miss
[15:29:44.458] [bmv2] [D] [thread 45731] [72.0] [cxt 0] Action entry is link_monitor377 - 
[15:29:44.458] [bmv2] [T] [thread 45731] [72.0] [cxt 0] Action link_monitor377
[15:29:44.458] [bmv2] [T] [thread 45731] [72.0] [cxt 0] link_monitor.p4(377) Primitive (bit<32>)standard_metadata.egress_port
[15:29:44.458] [bmv2] [T] [thread 45731] [72.0] [cxt 0] link_monitor.p4(377) Primitive byte_cnt_reg.read(byte_cnt, (bit<32>)standard_metadata.egress_port)
[15:29:44.458] [bmv2] [T] [thread 45731] [72.0] [cxt 0] Read register 'MyEgress.byte_cnt_reg' at index 0 read value 1820
[15:29:44.458] [bmv2] [T] [thread 45731] [72.0] [cxt 0] link_monitor.p4(378) Primitive byte_cnt = byte_cnt + standard_metadata.packet_length
[15:29:44.458] [bmv2] [T] [thread 45731] [72.0] [cxt 0] link_monitor.p4(380) Condition "hdr.probe.isValid()" (node_12) is false
[15:29:44.458] [bmv2] [T] [thread 45731] [72.0] [cxt 0] Applying table 'tbl_link_monitor380_0'
[15:29:44.458] [bmv2] [D] [thread 45731] [72.0] [cxt 0] Looking up key:

[15:29:44.458] [bmv2] [D] [thread 45731] [72.0] [cxt 0] Table 'tbl_link_monitor380_0': miss
[15:29:44.458] [bmv2] [D] [thread 45731] [72.0] [cxt 0] Action entry is link_monitor380_0 - 
[15:29:44.458] [bmv2] [T] [thread 45731] [72.0] [cxt 0] Action link_monitor380_0
[15:29:44.458] [bmv2] [T] [thread 45731] [72.0] [cxt 0] link_monitor.p4(380) Primitive (hdr.probe.isValid()) ? 0 : byte_cnt
[15:29:44.458] [bmv2] [T] [thread 45731] [72.0] [cxt 0] Applying table 'tbl_link_monitor381'
[15:29:44.458] [bmv2] [D] [thread 45731] [72.0] [cxt 0] Looking up key:

[15:29:44.458] [bmv2] [D] [thread 45731] [72.0] [cxt 0] Table 'tbl_link_monitor381': miss
[15:29:44.458] [bmv2] [D] [thread 45731] [72.0] [cxt 0] Action entry is link_monitor381 - 
[15:29:44.458] [bmv2] [T] [thread 45731] [72.0] [cxt 0] Action link_monitor381
[15:29:44.458] [bmv2] [T] [thread 45731] [72.0] [cxt 0] link_monitor.p4(381) Primitive (bit<32>)standard_metadata.egress_port
[15:29:44.458] [bmv2] [T] [thread 45731] [72.0] [cxt 0] link_monitor.p4(381) Primitive byte_cnt_reg.write((bit<32>)standard_metadata.egress_port, new_byte_cnt)
[15:29:44.458] [bmv2] [T] [thread 45731] [72.0] [cxt 0] Wrote register 'MyEgress.byte_cnt_reg' at index 0 with value 1890
[15:29:44.458] [bmv2] [T] [thread 45731] [72.0] [cxt 0] link_monitor.p4(383) Condition "hdr.probe.isValid()" (node_16) is false
[15:29:44.459] [bmv2] [D] [thread 45731] [72.0] [cxt 0] Pipeline 'egress': end
[15:29:44.459] [bmv2] [D] [thread 45731] [72.0] [cxt 0] Deparser 'deparser': start
[15:29:44.459] [bmv2] [T] [thread 45731] [72.0] [cxt 0] Skipping checksum 'cksum' update because condition not met
[15:29:44.459] [bmv2] [D] [thread 45731] [72.0] [cxt 0] Deparsing header 'ethernet'
[15:29:44.459] [bmv2] [D] [thread 45731] [72.0] [cxt 0] Deparser 'deparser': end
[15:29:44.459] [bmv2] [D] [thread 45735] [72.0] [cxt 0] Transmitting packet of size 70 out of port 0
[15:29:50.597] [bmv2] [D] [thread 45730] [73.0] [cxt 0] Processing packet received on port 1
[15:29:50.597] [bmv2] [D] [thread 45730] [73.0] [cxt 0] Parser 'parser': start
[15:29:50.597] [bmv2] [D] [thread 45730] [73.0] [cxt 0] Parser 'parser' entering state 'start'
[15:29:50.597] [bmv2] [D] [thread 45730] [73.0] [cxt 0] Extracting header 'ethernet'
[15:29:50.597] [bmv2] [D] [thread 45730] [73.0] [cxt 0] Parser state 'start': key is 86dd
[15:29:50.597] [bmv2] [T] [thread 45730] [73.0] [cxt 0] Bytes parsed: 14
[15:29:50.597] [bmv2] [D] [thread 45730] [73.0] [cxt 0] Parser 'parser': end
[15:29:50.597] [bmv2] [D] [thread 45730] [73.0] [cxt 0] Pipeline 'ingress': start
[15:29:50.597] [bmv2] [T] [thread 45730] [73.0] [cxt 0] link_monitor.p4(331) Condition "hdr.tcp.isValid()" (node_2) is false
[15:29:50.597] [bmv2] [T] [thread 45730] [73.0] [cxt 0] link_monitor.p4(335) Condition "hdr.ipv4.isValid()" (node_5) is false
[15:29:50.597] [bmv2] [T] [thread 45730] [73.0] [cxt 0] link_monitor.p4(338) Condition "hdr.probe.isValid()" (node_7) is false
[15:29:50.597] [bmv2] [D] [thread 45730] [73.0] [cxt 0] Pipeline 'ingress': end
[15:29:50.597] [bmv2] [D] [thread 45730] [73.0] [cxt 0] Egress port is 0
[15:29:50.597] [bmv2] [D] [thread 45731] [73.0] [cxt 0] Pipeline 'egress': start
[15:29:50.597] [bmv2] [T] [thread 45731] [73.0] [cxt 0] Applying table 'tbl_link_monitor377'
[15:29:50.597] [bmv2] [D] [thread 45731] [73.0] [cxt 0] Looking up key:

[15:29:50.597] [bmv2] [D] [thread 45731] [73.0] [cxt 0] Table 'tbl_link_monitor377': miss
[15:29:50.597] [bmv2] [D] [thread 45731] [73.0] [cxt 0] Action entry is link_monitor377 - 
[15:29:50.597] [bmv2] [T] [thread 45731] [73.0] [cxt 0] Action link_monitor377
[15:29:50.597] [bmv2] [T] [thread 45731] [73.0] [cxt 0] link_monitor.p4(377) Primitive (bit<32>)standard_metadata.egress_port
[15:29:50.597] [bmv2] [T] [thread 45731] [73.0] [cxt 0] link_monitor.p4(377) Primitive byte_cnt_reg.read(byte_cnt, (bit<32>)standard_metadata.egress_port)
[15:29:50.597] [bmv2] [T] [thread 45731] [73.0] [cxt 0] Read register 'MyEgress.byte_cnt_reg' at index 0 read value 1890
[15:29:50.597] [bmv2] [T] [thread 45731] [73.0] [cxt 0] link_monitor.p4(378) Primitive byte_cnt = byte_cnt + standard_metadata.packet_length
[15:29:50.597] [bmv2] [T] [thread 45731] [73.0] [cxt 0] link_monitor.p4(380) Condition "hdr.probe.isValid()" (node_12) is false
[15:29:50.597] [bmv2] [T] [thread 45731] [73.0] [cxt 0] Applying table 'tbl_link_monitor380_0'
[15:29:50.597] [bmv2] [D] [thread 45731] [73.0] [cxt 0] Looking up key:

[15:29:50.597] [bmv2] [D] [thread 45731] [73.0] [cxt 0] Table 'tbl_link_monitor380_0': miss
[15:29:50.597] [bmv2] [D] [thread 45731] [73.0] [cxt 0] Action entry is link_monitor380_0 - 
[15:29:50.597] [bmv2] [T] [thread 45731] [73.0] [cxt 0] Action link_monitor380_0
[15:29:50.597] [bmv2] [T] [thread 45731] [73.0] [cxt 0] link_monitor.p4(380) Primitive (hdr.probe.isValid()) ? 0 : byte_cnt
[15:29:50.597] [bmv2] [T] [thread 45731] [73.0] [cxt 0] Applying table 'tbl_link_monitor381'
[15:29:50.597] [bmv2] [D] [thread 45731] [73.0] [cxt 0] Looking up key:

[15:29:50.597] [bmv2] [D] [thread 45731] [73.0] [cxt 0] Table 'tbl_link_monitor381': miss
[15:29:50.597] [bmv2] [D] [thread 45731] [73.0] [cxt 0] Action entry is link_monitor381 - 
[15:29:50.597] [bmv2] [T] [thread 45731] [73.0] [cxt 0] Action link_monitor381
[15:29:50.597] [bmv2] [T] [thread 45731] [73.0] [cxt 0] link_monitor.p4(381) Primitive (bit<32>)standard_metadata.egress_port
[15:29:50.597] [bmv2] [T] [thread 45731] [73.0] [cxt 0] link_monitor.p4(381) Primitive byte_cnt_reg.write((bit<32>)standard_metadata.egress_port, new_byte_cnt)
[15:29:50.597] [bmv2] [T] [thread 45731] [73.0] [cxt 0] Wrote register 'MyEgress.byte_cnt_reg' at index 0 with value 1960
[15:29:50.597] [bmv2] [T] [thread 45731] [73.0] [cxt 0] link_monitor.p4(383) Condition "hdr.probe.isValid()" (node_16) is false
[15:29:50.597] [bmv2] [D] [thread 45731] [73.0] [cxt 0] Pipeline 'egress': end
[15:29:50.597] [bmv2] [D] [thread 45731] [73.0] [cxt 0] Deparser 'deparser': start
[15:29:50.597] [bmv2] [T] [thread 45731] [73.0] [cxt 0] Skipping checksum 'cksum' update because condition not met
[15:29:50.597] [bmv2] [D] [thread 45731] [73.0] [cxt 0] Deparsing header 'ethernet'
[15:29:50.597] [bmv2] [D] [thread 45731] [73.0] [cxt 0] Deparser 'deparser': end
[15:29:50.597] [bmv2] [D] [thread 45735] [73.0] [cxt 0] Transmitting packet of size 70 out of port 0
[15:29:52.646] [bmv2] [D] [thread 45730] [74.0] [cxt 0] Processing packet received on port 4
[15:29:52.646] [bmv2] [D] [thread 45730] [74.0] [cxt 0] Parser 'parser': start
[15:29:52.646] [bmv2] [D] [thread 45730] [74.0] [cxt 0] Parser 'parser' entering state 'start'
[15:29:52.646] [bmv2] [D] [thread 45730] [74.0] [cxt 0] Extracting header 'ethernet'
[15:29:52.646] [bmv2] [D] [thread 45730] [74.0] [cxt 0] Parser state 'start': key is 86dd
[15:29:52.646] [bmv2] [T] [thread 45730] [74.0] [cxt 0] Bytes parsed: 14
[15:29:52.646] [bmv2] [D] [thread 45730] [74.0] [cxt 0] Parser 'parser': end
[15:29:52.646] [bmv2] [D] [thread 45730] [74.0] [cxt 0] Pipeline 'ingress': start
[15:29:52.646] [bmv2] [T] [thread 45730] [74.0] [cxt 0] link_monitor.p4(331) Condition "hdr.tcp.isValid()" (node_2) is false
[15:29:52.646] [bmv2] [T] [thread 45730] [74.0] [cxt 0] link_monitor.p4(335) Condition "hdr.ipv4.isValid()" (node_5) is false
[15:29:52.646] [bmv2] [T] [thread 45730] [74.0] [cxt 0] link_monitor.p4(338) Condition "hdr.probe.isValid()" (node_7) is false
[15:29:52.646] [bmv2] [D] [thread 45730] [74.0] [cxt 0] Pipeline 'ingress': end
[15:29:52.646] [bmv2] [D] [thread 45730] [74.0] [cxt 0] Egress port is 0
[15:29:52.646] [bmv2] [D] [thread 45731] [74.0] [cxt 0] Pipeline 'egress': start
[15:29:52.646] [bmv2] [T] [thread 45731] [74.0] [cxt 0] Applying table 'tbl_link_monitor377'
[15:29:52.646] [bmv2] [D] [thread 45731] [74.0] [cxt 0] Looking up key:

[15:29:52.646] [bmv2] [D] [thread 45731] [74.0] [cxt 0] Table 'tbl_link_monitor377': miss
[15:29:52.646] [bmv2] [D] [thread 45731] [74.0] [cxt 0] Action entry is link_monitor377 - 
[15:29:52.646] [bmv2] [T] [thread 45731] [74.0] [cxt 0] Action link_monitor377
[15:29:52.646] [bmv2] [T] [thread 45731] [74.0] [cxt 0] link_monitor.p4(377) Primitive (bit<32>)standard_metadata.egress_port
[15:29:52.646] [bmv2] [T] [thread 45731] [74.0] [cxt 0] link_monitor.p4(377) Primitive byte_cnt_reg.read(byte_cnt, (bit<32>)standard_metadata.egress_port)
[15:29:52.646] [bmv2] [T] [thread 45731] [74.0] [cxt 0] Read register 'MyEgress.byte_cnt_reg' at index 0 read value 1960
[15:29:52.646] [bmv2] [T] [thread 45731] [74.0] [cxt 0] link_monitor.p4(378) Primitive byte_cnt = byte_cnt + standard_metadata.packet_length
[15:29:52.646] [bmv2] [T] [thread 45731] [74.0] [cxt 0] link_monitor.p4(380) Condition "hdr.probe.isValid()" (node_12) is false
[15:29:52.646] [bmv2] [T] [thread 45731] [74.0] [cxt 0] Applying table 'tbl_link_monitor380_0'
[15:29:52.646] [bmv2] [D] [thread 45731] [74.0] [cxt 0] Looking up key:

[15:29:52.646] [bmv2] [D] [thread 45731] [74.0] [cxt 0] Table 'tbl_link_monitor380_0': miss
[15:29:52.646] [bmv2] [D] [thread 45731] [74.0] [cxt 0] Action entry is link_monitor380_0 - 
[15:29:52.646] [bmv2] [T] [thread 45731] [74.0] [cxt 0] Action link_monitor380_0
[15:29:52.646] [bmv2] [T] [thread 45731] [74.0] [cxt 0] link_monitor.p4(380) Primitive (hdr.probe.isValid()) ? 0 : byte_cnt
[15:29:52.646] [bmv2] [T] [thread 45731] [74.0] [cxt 0] Applying table 'tbl_link_monitor381'
[15:29:52.646] [bmv2] [D] [thread 45731] [74.0] [cxt 0] Looking up key:

[15:29:52.646] [bmv2] [D] [thread 45731] [74.0] [cxt 0] Table 'tbl_link_monitor381': miss
[15:29:52.646] [bmv2] [D] [thread 45731] [74.0] [cxt 0] Action entry is link_monitor381 - 
[15:29:52.646] [bmv2] [T] [thread 45731] [74.0] [cxt 0] Action link_monitor381
[15:29:52.646] [bmv2] [T] [thread 45731] [74.0] [cxt 0] link_monitor.p4(381) Primitive (bit<32>)standard_metadata.egress_port
[15:29:52.646] [bmv2] [T] [thread 45731] [74.0] [cxt 0] link_monitor.p4(381) Primitive byte_cnt_reg.write((bit<32>)standard_metadata.egress_port, new_byte_cnt)
[15:29:52.646] [bmv2] [T] [thread 45731] [74.0] [cxt 0] Wrote register 'MyEgress.byte_cnt_reg' at index 0 with value 2030
[15:29:52.646] [bmv2] [T] [thread 45731] [74.0] [cxt 0] link_monitor.p4(383) Condition "hdr.probe.isValid()" (node_16) is false
[15:29:52.646] [bmv2] [D] [thread 45731] [74.0] [cxt 0] Pipeline 'egress': end
[15:29:52.646] [bmv2] [D] [thread 45731] [74.0] [cxt 0] Deparser 'deparser': start
[15:29:52.646] [bmv2] [T] [thread 45731] [74.0] [cxt 0] Skipping checksum 'cksum' update because condition not met
[15:29:52.646] [bmv2] [D] [thread 45731] [74.0] [cxt 0] Deparsing header 'ethernet'
[15:29:52.646] [bmv2] [D] [thread 45731] [74.0] [cxt 0] Deparser 'deparser': end
[15:29:52.646] [bmv2] [D] [thread 45735] [74.0] [cxt 0] Transmitting packet of size 70 out of port 0
[15:30:02.884] [bmv2] [D] [thread 45730] [75.0] [cxt 0] Processing packet received on port 3
[15:30:02.884] [bmv2] [D] [thread 45730] [75.0] [cxt 0] Parser 'parser': start
[15:30:02.884] [bmv2] [D] [thread 45730] [75.0] [cxt 0] Parser 'parser' entering state 'start'
[15:30:02.884] [bmv2] [D] [thread 45730] [75.0] [cxt 0] Extracting header 'ethernet'
[15:30:02.884] [bmv2] [D] [thread 45730] [75.0] [cxt 0] Parser state 'start': key is 86dd
[15:30:02.884] [bmv2] [T] [thread 45730] [75.0] [cxt 0] Bytes parsed: 14
[15:30:02.884] [bmv2] [D] [thread 45730] [75.0] [cxt 0] Parser 'parser': end
[15:30:02.884] [bmv2] [D] [thread 45730] [75.0] [cxt 0] Pipeline 'ingress': start
[15:30:02.884] [bmv2] [T] [thread 45730] [75.0] [cxt 0] link_monitor.p4(331) Condition "hdr.tcp.isValid()" (node_2) is false
[15:30:02.884] [bmv2] [T] [thread 45730] [75.0] [cxt 0] link_monitor.p4(335) Condition "hdr.ipv4.isValid()" (node_5) is false
[15:30:02.884] [bmv2] [T] [thread 45730] [75.0] [cxt 0] link_monitor.p4(338) Condition "hdr.probe.isValid()" (node_7) is false
[15:30:02.884] [bmv2] [D] [thread 45730] [75.0] [cxt 0] Pipeline 'ingress': end
[15:30:02.884] [bmv2] [D] [thread 45730] [75.0] [cxt 0] Egress port is 0
[15:30:02.884] [bmv2] [D] [thread 45731] [75.0] [cxt 0] Pipeline 'egress': start
[15:30:02.884] [bmv2] [T] [thread 45731] [75.0] [cxt 0] Applying table 'tbl_link_monitor377'
[15:30:02.884] [bmv2] [D] [thread 45731] [75.0] [cxt 0] Looking up key:

[15:30:02.884] [bmv2] [D] [thread 45731] [75.0] [cxt 0] Table 'tbl_link_monitor377': miss
[15:30:02.884] [bmv2] [D] [thread 45731] [75.0] [cxt 0] Action entry is link_monitor377 - 
[15:30:02.884] [bmv2] [T] [thread 45731] [75.0] [cxt 0] Action link_monitor377
[15:30:02.885] [bmv2] [T] [thread 45731] [75.0] [cxt 0] link_monitor.p4(377) Primitive (bit<32>)standard_metadata.egress_port
[15:30:02.885] [bmv2] [T] [thread 45731] [75.0] [cxt 0] link_monitor.p4(377) Primitive byte_cnt_reg.read(byte_cnt, (bit<32>)standard_metadata.egress_port)
[15:30:02.885] [bmv2] [T] [thread 45731] [75.0] [cxt 0] Read register 'MyEgress.byte_cnt_reg' at index 0 read value 2030
[15:30:02.885] [bmv2] [T] [thread 45731] [75.0] [cxt 0] link_monitor.p4(378) Primitive byte_cnt = byte_cnt + standard_metadata.packet_length
[15:30:02.886] [bmv2] [T] [thread 45731] [75.0] [cxt 0] link_monitor.p4(380) Condition "hdr.probe.isValid()" (node_12) is false
[15:30:02.886] [bmv2] [T] [thread 45731] [75.0] [cxt 0] Applying table 'tbl_link_monitor380_0'
[15:30:02.886] [bmv2] [D] [thread 45731] [75.0] [cxt 0] Looking up key:

[15:30:02.886] [bmv2] [D] [thread 45731] [75.0] [cxt 0] Table 'tbl_link_monitor380_0': miss
[15:30:02.886] [bmv2] [D] [thread 45731] [75.0] [cxt 0] Action entry is link_monitor380_0 - 
[15:30:02.886] [bmv2] [T] [thread 45731] [75.0] [cxt 0] Action link_monitor380_0
[15:30:02.886] [bmv2] [T] [thread 45731] [75.0] [cxt 0] link_monitor.p4(380) Primitive (hdr.probe.isValid()) ? 0 : byte_cnt
[15:30:02.886] [bmv2] [T] [thread 45731] [75.0] [cxt 0] Applying table 'tbl_link_monitor381'
[15:30:02.886] [bmv2] [D] [thread 45731] [75.0] [cxt 0] Looking up key:

[15:30:02.886] [bmv2] [D] [thread 45731] [75.0] [cxt 0] Table 'tbl_link_monitor381': miss
[15:30:02.886] [bmv2] [D] [thread 45731] [75.0] [cxt 0] Action entry is link_monitor381 - 
[15:30:02.886] [bmv2] [T] [thread 45731] [75.0] [cxt 0] Action link_monitor381
[15:30:02.886] [bmv2] [T] [thread 45731] [75.0] [cxt 0] link_monitor.p4(381) Primitive (bit<32>)standard_metadata.egress_port
[15:30:02.886] [bmv2] [T] [thread 45731] [75.0] [cxt 0] link_monitor.p4(381) Primitive byte_cnt_reg.write((bit<32>)standard_metadata.egress_port, new_byte_cnt)
[15:30:02.886] [bmv2] [T] [thread 45731] [75.0] [cxt 0] Wrote register 'MyEgress.byte_cnt_reg' at index 0 with value 2100
[15:30:02.886] [bmv2] [T] [thread 45731] [75.0] [cxt 0] link_monitor.p4(383) Condition "hdr.probe.isValid()" (node_16) is false
[15:30:02.886] [bmv2] [D] [thread 45731] [75.0] [cxt 0] Pipeline 'egress': end
[15:30:02.886] [bmv2] [D] [thread 45731] [75.0] [cxt 0] Deparser 'deparser': start
[15:30:02.886] [bmv2] [T] [thread 45731] [75.0] [cxt 0] Skipping checksum 'cksum' update because condition not met
[15:30:02.886] [bmv2] [D] [thread 45731] [75.0] [cxt 0] Deparsing header 'ethernet'
[15:30:02.886] [bmv2] [D] [thread 45731] [75.0] [cxt 0] Deparser 'deparser': end
[15:30:02.886] [bmv2] [D] [thread 45735] [75.0] [cxt 0] Transmitting packet of size 70 out of port 0
[15:31:22.837] [bmv2] [D] [thread 45730] [76.0] [cxt 0] Processing packet received on port 4
[15:31:22.837] [bmv2] [D] [thread 45730] [76.0] [cxt 0] Parser 'parser': start
[15:31:22.837] [bmv2] [D] [thread 45730] [76.0] [cxt 0] Parser 'parser' entering state 'start'
[15:31:22.837] [bmv2] [D] [thread 45730] [76.0] [cxt 0] Extracting header 'ethernet'
[15:31:22.837] [bmv2] [D] [thread 45730] [76.0] [cxt 0] Parser state 'start': key is 86dd
[15:31:22.837] [bmv2] [T] [thread 45730] [76.0] [cxt 0] Bytes parsed: 14
[15:31:22.837] [bmv2] [D] [thread 45730] [76.0] [cxt 0] Parser 'parser': end
[15:31:22.837] [bmv2] [D] [thread 45730] [76.0] [cxt 0] Pipeline 'ingress': start
[15:31:22.837] [bmv2] [T] [thread 45730] [76.0] [cxt 0] link_monitor.p4(331) Condition "hdr.tcp.isValid()" (node_2) is false
[15:31:22.837] [bmv2] [T] [thread 45730] [76.0] [cxt 0] link_monitor.p4(335) Condition "hdr.ipv4.isValid()" (node_5) is false
[15:31:22.837] [bmv2] [T] [thread 45730] [76.0] [cxt 0] link_monitor.p4(338) Condition "hdr.probe.isValid()" (node_7) is false
[15:31:22.837] [bmv2] [D] [thread 45730] [76.0] [cxt 0] Pipeline 'ingress': end
[15:31:22.837] [bmv2] [D] [thread 45730] [76.0] [cxt 0] Egress port is 0
[15:31:22.838] [bmv2] [D] [thread 45731] [76.0] [cxt 0] Pipeline 'egress': start
[15:31:22.838] [bmv2] [T] [thread 45731] [76.0] [cxt 0] Applying table 'tbl_link_monitor377'
[15:31:22.838] [bmv2] [D] [thread 45731] [76.0] [cxt 0] Looking up key:

[15:31:22.838] [bmv2] [D] [thread 45731] [76.0] [cxt 0] Table 'tbl_link_monitor377': miss
[15:31:22.838] [bmv2] [D] [thread 45731] [76.0] [cxt 0] Action entry is link_monitor377 - 
[15:31:22.838] [bmv2] [T] [thread 45731] [76.0] [cxt 0] Action link_monitor377
[15:31:22.838] [bmv2] [T] [thread 45731] [76.0] [cxt 0] link_monitor.p4(377) Primitive (bit<32>)standard_metadata.egress_port
[15:31:22.838] [bmv2] [T] [thread 45731] [76.0] [cxt 0] link_monitor.p4(377) Primitive byte_cnt_reg.read(byte_cnt, (bit<32>)standard_metadata.egress_port)
[15:31:22.838] [bmv2] [T] [thread 45731] [76.0] [cxt 0] Read register 'MyEgress.byte_cnt_reg' at index 0 read value 2100
[15:31:22.838] [bmv2] [T] [thread 45731] [76.0] [cxt 0] link_monitor.p4(378) Primitive byte_cnt = byte_cnt + standard_metadata.packet_length
[15:31:22.838] [bmv2] [T] [thread 45731] [76.0] [cxt 0] link_monitor.p4(380) Condition "hdr.probe.isValid()" (node_12) is false
[15:31:22.838] [bmv2] [T] [thread 45731] [76.0] [cxt 0] Applying table 'tbl_link_monitor380_0'
[15:31:22.838] [bmv2] [D] [thread 45731] [76.0] [cxt 0] Looking up key:

[15:31:22.838] [bmv2] [D] [thread 45731] [76.0] [cxt 0] Table 'tbl_link_monitor380_0': miss
[15:31:22.838] [bmv2] [D] [thread 45731] [76.0] [cxt 0] Action entry is link_monitor380_0 - 
[15:31:22.838] [bmv2] [T] [thread 45731] [76.0] [cxt 0] Action link_monitor380_0
[15:31:22.838] [bmv2] [T] [thread 45731] [76.0] [cxt 0] link_monitor.p4(380) Primitive (hdr.probe.isValid()) ? 0 : byte_cnt
[15:31:22.838] [bmv2] [T] [thread 45731] [76.0] [cxt 0] Applying table 'tbl_link_monitor381'
[15:31:22.838] [bmv2] [D] [thread 45731] [76.0] [cxt 0] Looking up key:

[15:31:22.838] [bmv2] [D] [thread 45731] [76.0] [cxt 0] Table 'tbl_link_monitor381': miss
[15:31:22.838] [bmv2] [D] [thread 45731] [76.0] [cxt 0] Action entry is link_monitor381 - 
[15:31:22.838] [bmv2] [T] [thread 45731] [76.0] [cxt 0] Action link_monitor381
[15:31:22.838] [bmv2] [T] [thread 45731] [76.0] [cxt 0] link_monitor.p4(381) Primitive (bit<32>)standard_metadata.egress_port
[15:31:22.838] [bmv2] [T] [thread 45731] [76.0] [cxt 0] link_monitor.p4(381) Primitive byte_cnt_reg.write((bit<32>)standard_metadata.egress_port, new_byte_cnt)
[15:31:22.838] [bmv2] [T] [thread 45731] [76.0] [cxt 0] Wrote register 'MyEgress.byte_cnt_reg' at index 0 with value 2170
[15:31:22.838] [bmv2] [T] [thread 45731] [76.0] [cxt 0] link_monitor.p4(383) Condition "hdr.probe.isValid()" (node_16) is false
[15:31:22.838] [bmv2] [D] [thread 45731] [76.0] [cxt 0] Pipeline 'egress': end
[15:31:22.838] [bmv2] [D] [thread 45731] [76.0] [cxt 0] Deparser 'deparser': start
[15:31:22.838] [bmv2] [T] [thread 45731] [76.0] [cxt 0] Skipping checksum 'cksum' update because condition not met
[15:31:22.838] [bmv2] [D] [thread 45731] [76.0] [cxt 0] Deparsing header 'ethernet'
[15:31:22.839] [bmv2] [D] [thread 45731] [76.0] [cxt 0] Deparser 'deparser': end
[15:31:22.839] [bmv2] [D] [thread 45735] [76.0] [cxt 0] Transmitting packet of size 70 out of port 0
[15:31:37.111] [bmv2] [D] [thread 45730] [77.0] [cxt 0] Processing packet received on port 2
[15:31:37.111] [bmv2] [D] [thread 45730] [77.0] [cxt 0] Parser 'parser': start
[15:31:37.111] [bmv2] [D] [thread 45730] [77.0] [cxt 0] Parser 'parser' entering state 'start'
[15:31:37.111] [bmv2] [D] [thread 45730] [77.0] [cxt 0] Extracting header 'ethernet'
[15:31:37.111] [bmv2] [D] [thread 45730] [77.0] [cxt 0] Parser state 'start': key is 86dd
[15:31:37.111] [bmv2] [T] [thread 45730] [77.0] [cxt 0] Bytes parsed: 14
[15:31:37.111] [bmv2] [D] [thread 45730] [77.0] [cxt 0] Parser 'parser': end
[15:31:37.111] [bmv2] [D] [thread 45730] [77.0] [cxt 0] Pipeline 'ingress': start
[15:31:37.111] [bmv2] [T] [thread 45730] [77.0] [cxt 0] link_monitor.p4(331) Condition "hdr.tcp.isValid()" (node_2) is false
[15:31:37.111] [bmv2] [T] [thread 45730] [77.0] [cxt 0] link_monitor.p4(335) Condition "hdr.ipv4.isValid()" (node_5) is false
[15:31:37.111] [bmv2] [T] [thread 45730] [77.0] [cxt 0] link_monitor.p4(338) Condition "hdr.probe.isValid()" (node_7) is false
[15:31:37.112] [bmv2] [D] [thread 45730] [77.0] [cxt 0] Pipeline 'ingress': end
[15:31:37.112] [bmv2] [D] [thread 45730] [77.0] [cxt 0] Egress port is 0
[15:31:37.112] [bmv2] [D] [thread 45731] [77.0] [cxt 0] Pipeline 'egress': start
[15:31:37.112] [bmv2] [T] [thread 45731] [77.0] [cxt 0] Applying table 'tbl_link_monitor377'
[15:31:37.112] [bmv2] [D] [thread 45731] [77.0] [cxt 0] Looking up key:

[15:31:37.112] [bmv2] [D] [thread 45731] [77.0] [cxt 0] Table 'tbl_link_monitor377': miss
[15:31:37.112] [bmv2] [D] [thread 45731] [77.0] [cxt 0] Action entry is link_monitor377 - 
[15:31:37.112] [bmv2] [T] [thread 45731] [77.0] [cxt 0] Action link_monitor377
[15:31:37.112] [bmv2] [T] [thread 45731] [77.0] [cxt 0] link_monitor.p4(377) Primitive (bit<32>)standard_metadata.egress_port
[15:31:37.113] [bmv2] [T] [thread 45731] [77.0] [cxt 0] link_monitor.p4(377) Primitive byte_cnt_reg.read(byte_cnt, (bit<32>)standard_metadata.egress_port)
[15:31:37.113] [bmv2] [T] [thread 45731] [77.0] [cxt 0] Read register 'MyEgress.byte_cnt_reg' at index 0 read value 2170
[15:31:37.113] [bmv2] [T] [thread 45731] [77.0] [cxt 0] link_monitor.p4(378) Primitive byte_cnt = byte_cnt + standard_metadata.packet_length
[15:31:37.113] [bmv2] [T] [thread 45731] [77.0] [cxt 0] link_monitor.p4(380) Condition "hdr.probe.isValid()" (node_12) is false
[15:31:37.113] [bmv2] [T] [thread 45731] [77.0] [cxt 0] Applying table 'tbl_link_monitor380_0'
[15:31:37.113] [bmv2] [D] [thread 45731] [77.0] [cxt 0] Looking up key:

[15:31:37.113] [bmv2] [D] [thread 45731] [77.0] [cxt 0] Table 'tbl_link_monitor380_0': miss
[15:31:37.113] [bmv2] [D] [thread 45731] [77.0] [cxt 0] Action entry is link_monitor380_0 - 
[15:31:37.113] [bmv2] [T] [thread 45731] [77.0] [cxt 0] Action link_monitor380_0
[15:31:37.113] [bmv2] [T] [thread 45731] [77.0] [cxt 0] link_monitor.p4(380) Primitive (hdr.probe.isValid()) ? 0 : byte_cnt
[15:31:37.113] [bmv2] [T] [thread 45731] [77.0] [cxt 0] Applying table 'tbl_link_monitor381'
[15:31:37.113] [bmv2] [D] [thread 45731] [77.0] [cxt 0] Looking up key:

[15:31:37.113] [bmv2] [D] [thread 45731] [77.0] [cxt 0] Table 'tbl_link_monitor381': miss
[15:31:37.113] [bmv2] [D] [thread 45731] [77.0] [cxt 0] Action entry is link_monitor381 - 
[15:31:37.113] [bmv2] [T] [thread 45731] [77.0] [cxt 0] Action link_monitor381
[15:31:37.113] [bmv2] [T] [thread 45731] [77.0] [cxt 0] link_monitor.p4(381) Primitive (bit<32>)standard_metadata.egress_port
[15:31:37.113] [bmv2] [T] [thread 45731] [77.0] [cxt 0] link_monitor.p4(381) Primitive byte_cnt_reg.write((bit<32>)standard_metadata.egress_port, new_byte_cnt)
[15:31:37.113] [bmv2] [T] [thread 45731] [77.0] [cxt 0] Wrote register 'MyEgress.byte_cnt_reg' at index 0 with value 2240
[15:31:37.113] [bmv2] [T] [thread 45731] [77.0] [cxt 0] link_monitor.p4(383) Condition "hdr.probe.isValid()" (node_16) is false
[15:31:37.113] [bmv2] [D] [thread 45731] [77.0] [cxt 0] Pipeline 'egress': end
[15:31:37.113] [bmv2] [D] [thread 45731] [77.0] [cxt 0] Deparser 'deparser': start
[15:31:37.113] [bmv2] [T] [thread 45731] [77.0] [cxt 0] Skipping checksum 'cksum' update because condition not met
[15:31:37.113] [bmv2] [D] [thread 45731] [77.0] [cxt 0] Deparsing header 'ethernet'
[15:31:37.113] [bmv2] [D] [thread 45731] [77.0] [cxt 0] Deparser 'deparser': end
[15:31:37.113] [bmv2] [D] [thread 45735] [77.0] [cxt 0] Transmitting packet of size 70 out of port 0
[15:31:45.285] [bmv2] [D] [thread 45730] [78.0] [cxt 0] Processing packet received on port 3
[15:31:45.286] [bmv2] [D] [thread 45730] [78.0] [cxt 0] Parser 'parser': start
[15:31:45.286] [bmv2] [D] [thread 45730] [78.0] [cxt 0] Parser 'parser' entering state 'start'
[15:31:45.286] [bmv2] [D] [thread 45730] [78.0] [cxt 0] Extracting header 'ethernet'
[15:31:45.286] [bmv2] [D] [thread 45730] [78.0] [cxt 0] Parser state 'start': key is 86dd
[15:31:45.286] [bmv2] [T] [thread 45730] [78.0] [cxt 0] Bytes parsed: 14
[15:31:45.286] [bmv2] [D] [thread 45730] [78.0] [cxt 0] Parser 'parser': end
[15:31:45.286] [bmv2] [D] [thread 45730] [78.0] [cxt 0] Pipeline 'ingress': start
[15:31:45.286] [bmv2] [T] [thread 45730] [78.0] [cxt 0] link_monitor.p4(331) Condition "hdr.tcp.isValid()" (node_2) is false
[15:31:45.286] [bmv2] [T] [thread 45730] [78.0] [cxt 0] link_monitor.p4(335) Condition "hdr.ipv4.isValid()" (node_5) is false
[15:31:45.286] [bmv2] [T] [thread 45730] [78.0] [cxt 0] link_monitor.p4(338) Condition "hdr.probe.isValid()" (node_7) is false
[15:31:45.286] [bmv2] [D] [thread 45730] [78.0] [cxt 0] Pipeline 'ingress': end
[15:31:45.286] [bmv2] [D] [thread 45730] [78.0] [cxt 0] Egress port is 0
[15:31:45.286] [bmv2] [D] [thread 45731] [78.0] [cxt 0] Pipeline 'egress': start
[15:31:45.286] [bmv2] [T] [thread 45731] [78.0] [cxt 0] Applying table 'tbl_link_monitor377'
[15:31:45.286] [bmv2] [D] [thread 45731] [78.0] [cxt 0] Looking up key:

[15:31:45.286] [bmv2] [D] [thread 45731] [78.0] [cxt 0] Table 'tbl_link_monitor377': miss
[15:31:45.286] [bmv2] [D] [thread 45731] [78.0] [cxt 0] Action entry is link_monitor377 - 
[15:31:45.286] [bmv2] [T] [thread 45731] [78.0] [cxt 0] Action link_monitor377
[15:31:45.286] [bmv2] [T] [thread 45731] [78.0] [cxt 0] link_monitor.p4(377) Primitive (bit<32>)standard_metadata.egress_port
[15:31:45.286] [bmv2] [T] [thread 45731] [78.0] [cxt 0] link_monitor.p4(377) Primitive byte_cnt_reg.read(byte_cnt, (bit<32>)standard_metadata.egress_port)
[15:31:45.286] [bmv2] [T] [thread 45731] [78.0] [cxt 0] Read register 'MyEgress.byte_cnt_reg' at index 0 read value 2240
[15:31:45.286] [bmv2] [T] [thread 45731] [78.0] [cxt 0] link_monitor.p4(378) Primitive byte_cnt = byte_cnt + standard_metadata.packet_length
[15:31:45.286] [bmv2] [T] [thread 45731] [78.0] [cxt 0] link_monitor.p4(380) Condition "hdr.probe.isValid()" (node_12) is false
[15:31:45.286] [bmv2] [T] [thread 45731] [78.0] [cxt 0] Applying table 'tbl_link_monitor380_0'
[15:31:45.286] [bmv2] [D] [thread 45731] [78.0] [cxt 0] Looking up key:

[15:31:45.286] [bmv2] [D] [thread 45731] [78.0] [cxt 0] Table 'tbl_link_monitor380_0': miss
[15:31:45.286] [bmv2] [D] [thread 45731] [78.0] [cxt 0] Action entry is link_monitor380_0 - 
[15:31:45.286] [bmv2] [T] [thread 45731] [78.0] [cxt 0] Action link_monitor380_0
[15:31:45.286] [bmv2] [T] [thread 45731] [78.0] [cxt 0] link_monitor.p4(380) Primitive (hdr.probe.isValid()) ? 0 : byte_cnt
[15:31:45.286] [bmv2] [T] [thread 45731] [78.0] [cxt 0] Applying table 'tbl_link_monitor381'
[15:31:45.286] [bmv2] [D] [thread 45731] [78.0] [cxt 0] Looking up key:

[15:31:45.286] [bmv2] [D] [thread 45731] [78.0] [cxt 0] Table 'tbl_link_monitor381': miss
[15:31:45.286] [bmv2] [D] [thread 45731] [78.0] [cxt 0] Action entry is link_monitor381 - 
[15:31:45.286] [bmv2] [T] [thread 45731] [78.0] [cxt 0] Action link_monitor381
[15:31:45.286] [bmv2] [T] [thread 45731] [78.0] [cxt 0] link_monitor.p4(381) Primitive (bit<32>)standard_metadata.egress_port
[15:31:45.286] [bmv2] [T] [thread 45731] [78.0] [cxt 0] link_monitor.p4(381) Primitive byte_cnt_reg.write((bit<32>)standard_metadata.egress_port, new_byte_cnt)
[15:31:45.286] [bmv2] [T] [thread 45731] [78.0] [cxt 0] Wrote register 'MyEgress.byte_cnt_reg' at index 0 with value 2310
[15:31:45.286] [bmv2] [T] [thread 45731] [78.0] [cxt 0] link_monitor.p4(383) Condition "hdr.probe.isValid()" (node_16) is false
[15:31:45.286] [bmv2] [D] [thread 45731] [78.0] [cxt 0] Pipeline 'egress': end
[15:31:45.286] [bmv2] [D] [thread 45731] [78.0] [cxt 0] Deparser 'deparser': start
[15:31:45.287] [bmv2] [T] [thread 45731] [78.0] [cxt 0] Skipping checksum 'cksum' update because condition not met
[15:31:45.287] [bmv2] [D] [thread 45731] [78.0] [cxt 0] Deparsing header 'ethernet'
[15:31:45.287] [bmv2] [D] [thread 45731] [78.0] [cxt 0] Deparser 'deparser': end
[15:31:45.287] [bmv2] [D] [thread 45735] [78.0] [cxt 0] Transmitting packet of size 70 out of port 0
[15:31:59.336] [bmv2] [D] [thread 45730] [79.0] [cxt 0] Processing packet received on port 1
[15:31:59.336] [bmv2] [D] [thread 45730] [79.0] [cxt 0] Parser 'parser': start
[15:31:59.336] [bmv2] [D] [thread 45730] [79.0] [cxt 0] Parser 'parser' entering state 'start'
[15:31:59.336] [bmv2] [D] [thread 45730] [79.0] [cxt 0] Extracting header 'ethernet'
[15:31:59.337] [bmv2] [D] [thread 45730] [79.0] [cxt 0] Parser state 'start': key is 86dd
[15:31:59.337] [bmv2] [T] [thread 45730] [79.0] [cxt 0] Bytes parsed: 14
[15:31:59.337] [bmv2] [D] [thread 45730] [79.0] [cxt 0] Parser 'parser': end
[15:31:59.337] [bmv2] [D] [thread 45730] [79.0] [cxt 0] Pipeline 'ingress': start
[15:31:59.337] [bmv2] [T] [thread 45730] [79.0] [cxt 0] link_monitor.p4(331) Condition "hdr.tcp.isValid()" (node_2) is false
[15:31:59.337] [bmv2] [T] [thread 45730] [79.0] [cxt 0] link_monitor.p4(335) Condition "hdr.ipv4.isValid()" (node_5) is false
[15:31:59.337] [bmv2] [T] [thread 45730] [79.0] [cxt 0] link_monitor.p4(338) Condition "hdr.probe.isValid()" (node_7) is false
[15:31:59.337] [bmv2] [D] [thread 45730] [79.0] [cxt 0] Pipeline 'ingress': end
[15:31:59.337] [bmv2] [D] [thread 45730] [79.0] [cxt 0] Egress port is 0
[15:31:59.337] [bmv2] [D] [thread 45731] [79.0] [cxt 0] Pipeline 'egress': start
[15:31:59.337] [bmv2] [T] [thread 45731] [79.0] [cxt 0] Applying table 'tbl_link_monitor377'
[15:31:59.337] [bmv2] [D] [thread 45731] [79.0] [cxt 0] Looking up key:

[15:31:59.337] [bmv2] [D] [thread 45731] [79.0] [cxt 0] Table 'tbl_link_monitor377': miss
[15:31:59.337] [bmv2] [D] [thread 45731] [79.0] [cxt 0] Action entry is link_monitor377 - 
[15:31:59.338] [bmv2] [T] [thread 45731] [79.0] [cxt 0] Action link_monitor377
[15:31:59.338] [bmv2] [T] [thread 45731] [79.0] [cxt 0] link_monitor.p4(377) Primitive (bit<32>)standard_metadata.egress_port
[15:31:59.338] [bmv2] [T] [thread 45731] [79.0] [cxt 0] link_monitor.p4(377) Primitive byte_cnt_reg.read(byte_cnt, (bit<32>)standard_metadata.egress_port)
[15:31:59.338] [bmv2] [T] [thread 45731] [79.0] [cxt 0] Read register 'MyEgress.byte_cnt_reg' at index 0 read value 2310
[15:31:59.338] [bmv2] [T] [thread 45731] [79.0] [cxt 0] link_monitor.p4(378) Primitive byte_cnt = byte_cnt + standard_metadata.packet_length
[15:31:59.338] [bmv2] [T] [thread 45731] [79.0] [cxt 0] link_monitor.p4(380) Condition "hdr.probe.isValid()" (node_12) is false
[15:31:59.338] [bmv2] [T] [thread 45731] [79.0] [cxt 0] Applying table 'tbl_link_monitor380_0'
[15:31:59.338] [bmv2] [D] [thread 45731] [79.0] [cxt 0] Looking up key:

[15:31:59.338] [bmv2] [D] [thread 45731] [79.0] [cxt 0] Table 'tbl_link_monitor380_0': miss
[15:31:59.338] [bmv2] [D] [thread 45731] [79.0] [cxt 0] Action entry is link_monitor380_0 - 
[15:31:59.338] [bmv2] [T] [thread 45731] [79.0] [cxt 0] Action link_monitor380_0
[15:31:59.338] [bmv2] [T] [thread 45731] [79.0] [cxt 0] link_monitor.p4(380) Primitive (hdr.probe.isValid()) ? 0 : byte_cnt
[15:31:59.338] [bmv2] [T] [thread 45731] [79.0] [cxt 0] Applying table 'tbl_link_monitor381'
[15:31:59.338] [bmv2] [D] [thread 45731] [79.0] [cxt 0] Looking up key:

[15:31:59.338] [bmv2] [D] [thread 45731] [79.0] [cxt 0] Table 'tbl_link_monitor381': miss
[15:31:59.338] [bmv2] [D] [thread 45731] [79.0] [cxt 0] Action entry is link_monitor381 - 
[15:31:59.338] [bmv2] [T] [thread 45731] [79.0] [cxt 0] Action link_monitor381
[15:31:59.338] [bmv2] [T] [thread 45731] [79.0] [cxt 0] link_monitor.p4(381) Primitive (bit<32>)standard_metadata.egress_port
[15:31:59.338] [bmv2] [T] [thread 45731] [79.0] [cxt 0] link_monitor.p4(381) Primitive byte_cnt_reg.write((bit<32>)standard_metadata.egress_port, new_byte_cnt)
[15:31:59.338] [bmv2] [T] [thread 45731] [79.0] [cxt 0] Wrote register 'MyEgress.byte_cnt_reg' at index 0 with value 2380
[15:31:59.338] [bmv2] [T] [thread 45731] [79.0] [cxt 0] link_monitor.p4(383) Condition "hdr.probe.isValid()" (node_16) is false
[15:31:59.338] [bmv2] [D] [thread 45731] [79.0] [cxt 0] Pipeline 'egress': end
[15:31:59.338] [bmv2] [D] [thread 45731] [79.0] [cxt 0] Deparser 'deparser': start
[15:31:59.338] [bmv2] [T] [thread 45731] [79.0] [cxt 0] Skipping checksum 'cksum' update because condition not met
[15:31:59.338] [bmv2] [D] [thread 45731] [79.0] [cxt 0] Deparsing header 'ethernet'
[15:31:59.338] [bmv2] [D] [thread 45731] [79.0] [cxt 0] Deparser 'deparser': end
[15:31:59.339] [bmv2] [D] [thread 45735] [79.0] [cxt 0] Transmitting packet of size 70 out of port 0
[15:32:22.155] [bmv2] [D] [thread 45730] [80.0] [cxt 0] Processing packet received on port 4
[15:32:22.155] [bmv2] [D] [thread 45730] [80.0] [cxt 0] Parser 'parser': start
[15:32:22.155] [bmv2] [D] [thread 45730] [80.0] [cxt 0] Parser 'parser' entering state 'start'
[15:32:22.155] [bmv2] [D] [thread 45730] [80.0] [cxt 0] Extracting header 'ethernet'
[15:32:22.155] [bmv2] [D] [thread 45730] [80.0] [cxt 0] Parser state 'start': key is 86dd
[15:32:22.155] [bmv2] [T] [thread 45730] [80.0] [cxt 0] Bytes parsed: 14
[15:32:22.155] [bmv2] [D] [thread 45730] [80.0] [cxt 0] Parser 'parser': end
[15:32:22.155] [bmv2] [D] [thread 45730] [80.0] [cxt 0] Pipeline 'ingress': start
[15:32:22.155] [bmv2] [T] [thread 45730] [80.0] [cxt 0] link_monitor.p4(331) Condition "hdr.tcp.isValid()" (node_2) is false
[15:32:22.155] [bmv2] [T] [thread 45730] [80.0] [cxt 0] link_monitor.p4(335) Condition "hdr.ipv4.isValid()" (node_5) is false
[15:32:22.155] [bmv2] [T] [thread 45730] [80.0] [cxt 0] link_monitor.p4(338) Condition "hdr.probe.isValid()" (node_7) is false
[15:32:22.155] [bmv2] [D] [thread 45730] [80.0] [cxt 0] Pipeline 'ingress': end
[15:32:22.155] [bmv2] [D] [thread 45730] [80.0] [cxt 0] Egress port is 0
[15:32:22.157] [bmv2] [D] [thread 45731] [80.0] [cxt 0] Pipeline 'egress': start
[15:32:22.157] [bmv2] [T] [thread 45731] [80.0] [cxt 0] Applying table 'tbl_link_monitor377'
[15:32:22.157] [bmv2] [D] [thread 45731] [80.0] [cxt 0] Looking up key:

[15:32:22.157] [bmv2] [D] [thread 45731] [80.0] [cxt 0] Table 'tbl_link_monitor377': miss
[15:32:22.157] [bmv2] [D] [thread 45731] [80.0] [cxt 0] Action entry is link_monitor377 - 
[15:32:22.157] [bmv2] [T] [thread 45731] [80.0] [cxt 0] Action link_monitor377
[15:32:22.157] [bmv2] [T] [thread 45731] [80.0] [cxt 0] link_monitor.p4(377) Primitive (bit<32>)standard_metadata.egress_port
[15:32:22.157] [bmv2] [T] [thread 45731] [80.0] [cxt 0] link_monitor.p4(377) Primitive byte_cnt_reg.read(byte_cnt, (bit<32>)standard_metadata.egress_port)
[15:32:22.157] [bmv2] [T] [thread 45731] [80.0] [cxt 0] Read register 'MyEgress.byte_cnt_reg' at index 0 read value 2380
[15:32:22.157] [bmv2] [T] [thread 45731] [80.0] [cxt 0] link_monitor.p4(378) Primitive byte_cnt = byte_cnt + standard_metadata.packet_length
[15:32:22.157] [bmv2] [T] [thread 45731] [80.0] [cxt 0] link_monitor.p4(380) Condition "hdr.probe.isValid()" (node_12) is false
[15:32:22.157] [bmv2] [T] [thread 45731] [80.0] [cxt 0] Applying table 'tbl_link_monitor380_0'
[15:32:22.157] [bmv2] [D] [thread 45731] [80.0] [cxt 0] Looking up key:

[15:32:22.157] [bmv2] [D] [thread 45731] [80.0] [cxt 0] Table 'tbl_link_monitor380_0': miss
[15:32:22.157] [bmv2] [D] [thread 45731] [80.0] [cxt 0] Action entry is link_monitor380_0 - 
[15:32:22.157] [bmv2] [T] [thread 45731] [80.0] [cxt 0] Action link_monitor380_0
[15:32:22.157] [bmv2] [T] [thread 45731] [80.0] [cxt 0] link_monitor.p4(380) Primitive (hdr.probe.isValid()) ? 0 : byte_cnt
[15:32:22.157] [bmv2] [T] [thread 45731] [80.0] [cxt 0] Applying table 'tbl_link_monitor381'
[15:32:22.157] [bmv2] [D] [thread 45731] [80.0] [cxt 0] Looking up key:

[15:32:22.157] [bmv2] [D] [thread 45731] [80.0] [cxt 0] Table 'tbl_link_monitor381': miss
[15:32:22.157] [bmv2] [D] [thread 45731] [80.0] [cxt 0] Action entry is link_monitor381 - 
[15:32:22.157] [bmv2] [T] [thread 45731] [80.0] [cxt 0] Action link_monitor381
[15:32:22.157] [bmv2] [T] [thread 45731] [80.0] [cxt 0] link_monitor.p4(381) Primitive (bit<32>)standard_metadata.egress_port
[15:32:22.157] [bmv2] [T] [thread 45731] [80.0] [cxt 0] link_monitor.p4(381) Primitive byte_cnt_reg.write((bit<32>)standard_metadata.egress_port, new_byte_cnt)
[15:32:22.157] [bmv2] [T] [thread 45731] [80.0] [cxt 0] Wrote register 'MyEgress.byte_cnt_reg' at index 0 with value 2450
[15:32:22.157] [bmv2] [T] [thread 45731] [80.0] [cxt 0] link_monitor.p4(383) Condition "hdr.probe.isValid()" (node_16) is false
[15:32:22.157] [bmv2] [D] [thread 45731] [80.0] [cxt 0] Pipeline 'egress': end
[15:32:22.157] [bmv2] [D] [thread 45731] [80.0] [cxt 0] Deparser 'deparser': start
[15:32:22.157] [bmv2] [T] [thread 45731] [80.0] [cxt 0] Skipping checksum 'cksum' update because condition not met
[15:32:22.157] [bmv2] [D] [thread 45731] [80.0] [cxt 0] Deparsing header 'ethernet'
[15:32:22.157] [bmv2] [D] [thread 45731] [80.0] [cxt 0] Deparser 'deparser': end
[15:32:22.158] [bmv2] [D] [thread 45735] [80.0] [cxt 0] Transmitting packet of size 70 out of port 0
[15:32:38.534] [bmv2] [D] [thread 45730] [81.0] [cxt 0] Processing packet received on port 3
[15:32:38.534] [bmv2] [D] [thread 45730] [81.0] [cxt 0] Parser 'parser': start
[15:32:38.534] [bmv2] [D] [thread 45730] [81.0] [cxt 0] Parser 'parser' entering state 'start'
[15:32:38.534] [bmv2] [D] [thread 45730] [81.0] [cxt 0] Extracting header 'ethernet'
[15:32:38.534] [bmv2] [D] [thread 45730] [81.0] [cxt 0] Parser state 'start': key is 86dd
[15:32:38.534] [bmv2] [T] [thread 45730] [81.0] [cxt 0] Bytes parsed: 14
[15:32:38.534] [bmv2] [D] [thread 45730] [81.0] [cxt 0] Parser 'parser': end
[15:32:38.534] [bmv2] [D] [thread 45730] [81.0] [cxt 0] Pipeline 'ingress': start
[15:32:38.534] [bmv2] [T] [thread 45730] [81.0] [cxt 0] link_monitor.p4(331) Condition "hdr.tcp.isValid()" (node_2) is false
[15:32:38.534] [bmv2] [T] [thread 45730] [81.0] [cxt 0] link_monitor.p4(335) Condition "hdr.ipv4.isValid()" (node_5) is false
[15:32:38.534] [bmv2] [T] [thread 45730] [81.0] [cxt 0] link_monitor.p4(338) Condition "hdr.probe.isValid()" (node_7) is false
[15:32:38.534] [bmv2] [D] [thread 45730] [81.0] [cxt 0] Pipeline 'ingress': end
[15:32:38.534] [bmv2] [D] [thread 45730] [81.0] [cxt 0] Egress port is 0
[15:32:38.548] [bmv2] [D] [thread 45731] [81.0] [cxt 0] Pipeline 'egress': start
[15:32:38.549] [bmv2] [T] [thread 45731] [81.0] [cxt 0] Applying table 'tbl_link_monitor377'
[15:32:38.549] [bmv2] [D] [thread 45731] [81.0] [cxt 0] Looking up key:

[15:32:38.549] [bmv2] [D] [thread 45731] [81.0] [cxt 0] Table 'tbl_link_monitor377': miss
[15:32:38.549] [bmv2] [D] [thread 45731] [81.0] [cxt 0] Action entry is link_monitor377 - 
[15:32:38.549] [bmv2] [T] [thread 45731] [81.0] [cxt 0] Action link_monitor377
[15:32:38.549] [bmv2] [T] [thread 45731] [81.0] [cxt 0] link_monitor.p4(377) Primitive (bit<32>)standard_metadata.egress_port
[15:32:38.549] [bmv2] [T] [thread 45731] [81.0] [cxt 0] link_monitor.p4(377) Primitive byte_cnt_reg.read(byte_cnt, (bit<32>)standard_metadata.egress_port)
[15:32:38.549] [bmv2] [T] [thread 45731] [81.0] [cxt 0] Read register 'MyEgress.byte_cnt_reg' at index 0 read value 2450
[15:32:38.549] [bmv2] [T] [thread 45731] [81.0] [cxt 0] link_monitor.p4(378) Primitive byte_cnt = byte_cnt + standard_metadata.packet_length
[15:32:38.549] [bmv2] [T] [thread 45731] [81.0] [cxt 0] link_monitor.p4(380) Condition "hdr.probe.isValid()" (node_12) is false
[15:32:38.549] [bmv2] [T] [thread 45731] [81.0] [cxt 0] Applying table 'tbl_link_monitor380_0'
[15:32:38.549] [bmv2] [D] [thread 45731] [81.0] [cxt 0] Looking up key:

[15:32:38.549] [bmv2] [D] [thread 45731] [81.0] [cxt 0] Table 'tbl_link_monitor380_0': miss
[15:32:38.549] [bmv2] [D] [thread 45731] [81.0] [cxt 0] Action entry is link_monitor380_0 - 
[15:32:38.549] [bmv2] [T] [thread 45731] [81.0] [cxt 0] Action link_monitor380_0
[15:32:38.549] [bmv2] [T] [thread 45731] [81.0] [cxt 0] link_monitor.p4(380) Primitive (hdr.probe.isValid()) ? 0 : byte_cnt
[15:32:38.549] [bmv2] [T] [thread 45731] [81.0] [cxt 0] Applying table 'tbl_link_monitor381'
[15:32:38.549] [bmv2] [D] [thread 45731] [81.0] [cxt 0] Looking up key:

[15:32:38.549] [bmv2] [D] [thread 45731] [81.0] [cxt 0] Table 'tbl_link_monitor381': miss
[15:32:38.549] [bmv2] [D] [thread 45731] [81.0] [cxt 0] Action entry is link_monitor381 - 
[15:32:38.549] [bmv2] [T] [thread 45731] [81.0] [cxt 0] Action link_monitor381
[15:32:38.549] [bmv2] [T] [thread 45731] [81.0] [cxt 0] link_monitor.p4(381) Primitive (bit<32>)standard_metadata.egress_port
[15:32:38.549] [bmv2] [T] [thread 45731] [81.0] [cxt 0] link_monitor.p4(381) Primitive byte_cnt_reg.write((bit<32>)standard_metadata.egress_port, new_byte_cnt)
[15:32:38.549] [bmv2] [T] [thread 45731] [81.0] [cxt 0] Wrote register 'MyEgress.byte_cnt_reg' at index 0 with value 2520
[15:32:38.549] [bmv2] [T] [thread 45731] [81.0] [cxt 0] link_monitor.p4(383) Condition "hdr.probe.isValid()" (node_16) is false
[15:32:38.549] [bmv2] [D] [thread 45731] [81.0] [cxt 0] Pipeline 'egress': end
[15:32:38.549] [bmv2] [D] [thread 45731] [81.0] [cxt 0] Deparser 'deparser': start
[15:32:38.549] [bmv2] [T] [thread 45731] [81.0] [cxt 0] Skipping checksum 'cksum' update because condition not met
[15:32:38.549] [bmv2] [D] [thread 45731] [81.0] [cxt 0] Deparsing header 'ethernet'
[15:32:38.549] [bmv2] [D] [thread 45731] [81.0] [cxt 0] Deparser 'deparser': end
[15:32:38.549] [bmv2] [D] [thread 45735] [81.0] [cxt 0] Transmitting packet of size 70 out of port 0
open: No such file or directory
open: No such file or directory
open: No such file or directory
open: No such file or directory
open: No such file or directory
open: No such file or directory
open: No such file or directory
open: No such file or directory
open: No such file or directory
open: No such file or directory
open: No such file or directory
open: No such file or directory
open: No such file or directory
open: No such file or directory
