Calling target program-options parser
[15:27:42.418] [bmv2] [D] [thread 45737] Set default default entry for table 'MyIngress.tcp_lb': MyIngress.drop - 
[15:27:42.419] [bmv2] [D] [thread 45737] Set default default entry for table 'MyIngress.tcp_lb_nhop': MyIngress.drop - 
[15:27:42.419] [bmv2] [D] [thread 45737] Set default default entry for table 'MyIngress.ipv4_lpm': MyIngress.drop - 
[15:27:42.419] [bmv2] [D] [thread 45737] Set default default entry for table 'tbl_link_monitor339': link_monitor339 - 
[15:27:42.420] [bmv2] [D] [thread 45737] Set default default entry for table 'tbl_link_monitor377': link_monitor377 - 
[15:27:42.420] [bmv2] [D] [thread 45737] Set default default entry for table 'tbl_link_monitor380': link_monitor380 - 
[15:27:42.420] [bmv2] [D] [thread 45737] Set default default entry for table 'tbl_link_monitor380_0': link_monitor380_0 - 
[15:27:42.420] [bmv2] [D] [thread 45737] Set default default entry for table 'tbl_link_monitor381': link_monitor381 - 
[15:27:42.420] [bmv2] [D] [thread 45737] Set default default entry for table 'tbl_link_monitor385': link_monitor385 - 
[15:27:42.420] [bmv2] [D] [thread 45737] Set default default entry for table 'tbl_link_monitor388': link_monitor388 - 
[15:27:42.420] [bmv2] [D] [thread 45737] Set default default entry for table 'tbl_link_monitor391': link_monitor391 - 
[15:27:42.420] [bmv2] [D] [thread 45737] Set default default entry for table 'MyEgress.swid': NoAction - 
[15:27:42.420] [bmv2] [D] [thread 45737] Set default default entry for table 'tbl_link_monitor396': link_monitor396 - 
Adding interface s2-eth1 as port 1
[15:27:42.421] [bmv2] [D] [thread 45737] Adding interface s2-eth1 as port 1
Adding interface s2-eth2 as port 2
[15:27:42.454] [bmv2] [D] [thread 45737] Adding interface s2-eth2 as port 2
Adding interface s2-eth3 as port 3
[15:27:42.481] [bmv2] [D] [thread 45737] Adding interface s2-eth3 as port 3
Adding interface s2-eth4 as port 4
[15:27:42.520] [bmv2] [D] [thread 45737] Adding interface s2-eth4 as port 4
Server listening on 0.0.0.0:50052
[15:27:42.553] [bmv2] [I] [thread 45737] Starting Thrift server on port 9091
[15:27:42.554] [bmv2] [I] [thread 45737] Thrift server was started
[15:27:42.557] [bmv2] [D] [thread 45747] [0.0] [cxt 0] Processing packet received on port 2
[15:27:42.557] [bmv2] [D] [thread 45747] [0.0] [cxt 0] Parser 'parser': start
[15:27:42.557] [bmv2] [D] [thread 45747] [0.0] [cxt 0] Parser 'parser' entering state 'start'
[15:27:42.557] [bmv2] [D] [thread 45747] [0.0] [cxt 0] Extracting header 'ethernet'
[15:27:42.557] [bmv2] [D] [thread 45747] [0.0] [cxt 0] Parser state 'start': key is 86dd
[15:27:42.557] [bmv2] [T] [thread 45747] [0.0] [cxt 0] Bytes parsed: 14
[15:27:42.557] [bmv2] [D] [thread 45747] [0.0] [cxt 0] Parser 'parser': end
[15:27:42.557] [bmv2] [D] [thread 45747] [0.0] [cxt 0] Pipeline 'ingress': start
[15:27:42.557] [bmv2] [T] [thread 45747] [0.0] [cxt 0] link_monitor.p4(331) Condition "hdr.tcp.isValid()" (node_2) is false
[15:27:42.557] [bmv2] [T] [thread 45747] [0.0] [cxt 0] link_monitor.p4(335) Condition "hdr.ipv4.isValid()" (node_5) is false
[15:27:42.557] [bmv2] [T] [thread 45747] [0.0] [cxt 0] link_monitor.p4(338) Condition "hdr.probe.isValid()" (node_7) is false
[15:27:42.557] [bmv2] [D] [thread 45747] [0.0] [cxt 0] Pipeline 'ingress': end
[15:27:42.557] [bmv2] [D] [thread 45747] [0.0] [cxt 0] Egress port is 0
[15:27:42.557] [bmv2] [D] [thread 45748] [0.0] [cxt 0] Pipeline 'egress': start
[15:27:42.558] [bmv2] [T] [thread 45748] [0.0] [cxt 0] Applying table 'tbl_link_monitor377'
[15:27:42.558] [bmv2] [D] [thread 45748] [0.0] [cxt 0] Looking up key:

[15:27:42.559] [bmv2] [D] [thread 45748] [0.0] [cxt 0] Table 'tbl_link_monitor377': miss
[15:27:42.559] [bmv2] [D] [thread 45748] [0.0] [cxt 0] Action entry is link_monitor377 - 
[15:27:42.560] [bmv2] [T] [thread 45748] [0.0] [cxt 0] Action link_monitor377
[15:27:42.560] [bmv2] [T] [thread 45748] [0.0] [cxt 0] link_monitor.p4(377) Primitive (bit<32>)standard_metadata.egress_port
[15:27:42.561] [bmv2] [T] [thread 45748] [0.0] [cxt 0] link_monitor.p4(377) Primitive byte_cnt_reg.read(byte_cnt, (bit<32>)standard_metadata.egress_port)
[15:27:42.561] [bmv2] [T] [thread 45748] [0.0] [cxt 0] Read register 'MyEgress.byte_cnt_reg' at index 0 read value 0
[15:27:42.561] [bmv2] [T] [thread 45748] [0.0] [cxt 0] link_monitor.p4(378) Primitive byte_cnt = byte_cnt + standard_metadata.packet_length
[15:27:42.562] [bmv2] [T] [thread 45748] [0.0] [cxt 0] link_monitor.p4(380) Condition "hdr.probe.isValid()" (node_12) is false
[15:27:42.562] [bmv2] [T] [thread 45748] [0.0] [cxt 0] Applying table 'tbl_link_monitor380_0'
[15:27:42.562] [bmv2] [D] [thread 45748] [0.0] [cxt 0] Looking up key:

[15:27:42.563] [bmv2] [D] [thread 45748] [0.0] [cxt 0] Table 'tbl_link_monitor380_0': miss
[15:27:42.563] [bmv2] [D] [thread 45748] [0.0] [cxt 0] Action entry is link_monitor380_0 - 
[15:27:42.563] [bmv2] [T] [thread 45748] [0.0] [cxt 0] Action link_monitor380_0
[15:27:42.563] [bmv2] [T] [thread 45748] [0.0] [cxt 0] link_monitor.p4(380) Primitive (hdr.probe.isValid()) ? 0 : byte_cnt
[15:27:42.563] [bmv2] [T] [thread 45748] [0.0] [cxt 0] Applying table 'tbl_link_monitor381'
[15:27:42.563] [bmv2] [D] [thread 45748] [0.0] [cxt 0] Looking up key:

[15:27:42.563] [bmv2] [D] [thread 45748] [0.0] [cxt 0] Table 'tbl_link_monitor381': miss
[15:27:42.563] [bmv2] [D] [thread 45748] [0.0] [cxt 0] Action entry is link_monitor381 - 
[15:27:42.563] [bmv2] [T] [thread 45748] [0.0] [cxt 0] Action link_monitor381
[15:27:42.563] [bmv2] [T] [thread 45748] [0.0] [cxt 0] link_monitor.p4(381) Primitive (bit<32>)standard_metadata.egress_port
[15:27:42.563] [bmv2] [T] [thread 45748] [0.0] [cxt 0] link_monitor.p4(381) Primitive byte_cnt_reg.write((bit<32>)standard_metadata.egress_port, new_byte_cnt)
[15:27:42.563] [bmv2] [T] [thread 45748] [0.0] [cxt 0] Wrote register 'MyEgress.byte_cnt_reg' at index 0 with value 90
[15:27:42.563] [bmv2] [T] [thread 45748] [0.0] [cxt 0] link_monitor.p4(383) Condition "hdr.probe.isValid()" (node_16) is false
[15:27:42.564] [bmv2] [D] [thread 45748] [0.0] [cxt 0] Pipeline 'egress': end
[15:27:42.564] [bmv2] [D] [thread 45748] [0.0] [cxt 0] Deparser 'deparser': start
[15:27:42.564] [bmv2] [T] [thread 45748] [0.0] [cxt 0] Skipping checksum 'cksum' update because condition not met
[15:27:42.564] [bmv2] [D] [thread 45748] [0.0] [cxt 0] Deparsing header 'ethernet'
[15:27:42.564] [bmv2] [D] [thread 45748] [0.0] [cxt 0] Deparser 'deparser': end
[15:27:42.564] [bmv2] [D] [thread 45752] [0.0] [cxt 0] Transmitting packet of size 90 out of port 0
[15:27:42.596] [bmv2] [D] [thread 45747] [1.0] [cxt 0] Processing packet received on port 3
[15:27:42.596] [bmv2] [D] [thread 45747] [1.0] [cxt 0] Parser 'parser': start
[15:27:42.596] [bmv2] [D] [thread 45747] [1.0] [cxt 0] Parser 'parser' entering state 'start'
[15:27:42.596] [bmv2] [D] [thread 45747] [1.0] [cxt 0] Extracting header 'ethernet'
[15:27:42.596] [bmv2] [D] [thread 45747] [1.0] [cxt 0] Parser state 'start': key is 86dd
[15:27:42.596] [bmv2] [T] [thread 45747] [1.0] [cxt 0] Bytes parsed: 14
[15:27:42.596] [bmv2] [D] [thread 45747] [1.0] [cxt 0] Parser 'parser': end
[15:27:42.596] [bmv2] [D] [thread 45747] [1.0] [cxt 0] Pipeline 'ingress': start
[15:27:42.596] [bmv2] [T] [thread 45747] [1.0] [cxt 0] link_monitor.p4(331) Condition "hdr.tcp.isValid()" (node_2) is false
[15:27:42.597] [bmv2] [T] [thread 45747] [1.0] [cxt 0] link_monitor.p4(335) Condition "hdr.ipv4.isValid()" (node_5) is false
[15:27:42.597] [bmv2] [T] [thread 45747] [1.0] [cxt 0] link_monitor.p4(338) Condition "hdr.probe.isValid()" (node_7) is false
[15:27:42.597] [bmv2] [D] [thread 45747] [1.0] [cxt 0] Pipeline 'ingress': end
[15:27:42.597] [bmv2] [D] [thread 45747] [1.0] [cxt 0] Egress port is 0
[15:27:42.597] [bmv2] [D] [thread 45748] [1.0] [cxt 0] Pipeline 'egress': start
[15:27:42.597] [bmv2] [T] [thread 45748] [1.0] [cxt 0] Applying table 'tbl_link_monitor377'
[15:27:42.597] [bmv2] [D] [thread 45748] [1.0] [cxt 0] Looking up key:

[15:27:42.597] [bmv2] [D] [thread 45748] [1.0] [cxt 0] Table 'tbl_link_monitor377': miss
[15:27:42.597] [bmv2] [D] [thread 45748] [1.0] [cxt 0] Action entry is link_monitor377 - 
[15:27:42.597] [bmv2] [T] [thread 45748] [1.0] [cxt 0] Action link_monitor377
[15:27:42.597] [bmv2] [T] [thread 45748] [1.0] [cxt 0] link_monitor.p4(377) Primitive (bit<32>)standard_metadata.egress_port
[15:27:42.597] [bmv2] [T] [thread 45748] [1.0] [cxt 0] link_monitor.p4(377) Primitive byte_cnt_reg.read(byte_cnt, (bit<32>)standard_metadata.egress_port)
[15:27:42.597] [bmv2] [T] [thread 45748] [1.0] [cxt 0] Read register 'MyEgress.byte_cnt_reg' at index 0 read value 90
[15:27:42.597] [bmv2] [T] [thread 45748] [1.0] [cxt 0] link_monitor.p4(378) Primitive byte_cnt = byte_cnt + standard_metadata.packet_length
[15:27:42.597] [bmv2] [T] [thread 45748] [1.0] [cxt 0] link_monitor.p4(380) Condition "hdr.probe.isValid()" (node_12) is false
[15:27:42.597] [bmv2] [T] [thread 45748] [1.0] [cxt 0] Applying table 'tbl_link_monitor380_0'
[15:27:42.597] [bmv2] [D] [thread 45748] [1.0] [cxt 0] Looking up key:

[15:27:42.597] [bmv2] [D] [thread 45748] [1.0] [cxt 0] Table 'tbl_link_monitor380_0': miss
[15:27:42.597] [bmv2] [D] [thread 45748] [1.0] [cxt 0] Action entry is link_monitor380_0 - 
[15:27:42.597] [bmv2] [T] [thread 45748] [1.0] [cxt 0] Action link_monitor380_0
[15:27:42.597] [bmv2] [T] [thread 45748] [1.0] [cxt 0] link_monitor.p4(380) Primitive (hdr.probe.isValid()) ? 0 : byte_cnt
[15:27:42.597] [bmv2] [T] [thread 45748] [1.0] [cxt 0] Applying table 'tbl_link_monitor381'
[15:27:42.597] [bmv2] [D] [thread 45748] [1.0] [cxt 0] Looking up key:

[15:27:42.597] [bmv2] [D] [thread 45748] [1.0] [cxt 0] Table 'tbl_link_monitor381': miss
[15:27:42.597] [bmv2] [D] [thread 45748] [1.0] [cxt 0] Action entry is link_monitor381 - 
[15:27:42.597] [bmv2] [T] [thread 45748] [1.0] [cxt 0] Action link_monitor381
[15:27:42.597] [bmv2] [T] [thread 45748] [1.0] [cxt 0] link_monitor.p4(381) Primitive (bit<32>)standard_metadata.egress_port
[15:27:42.597] [bmv2] [T] [thread 45748] [1.0] [cxt 0] link_monitor.p4(381) Primitive byte_cnt_reg.write((bit<32>)standard_metadata.egress_port, new_byte_cnt)
[15:27:42.597] [bmv2] [T] [thread 45748] [1.0] [cxt 0] Wrote register 'MyEgress.byte_cnt_reg' at index 0 with value 180
[15:27:42.597] [bmv2] [T] [thread 45748] [1.0] [cxt 0] link_monitor.p4(383) Condition "hdr.probe.isValid()" (node_16) is false
[15:27:42.597] [bmv2] [D] [thread 45748] [1.0] [cxt 0] Pipeline 'egress': end
[15:27:42.597] [bmv2] [D] [thread 45748] [1.0] [cxt 0] Deparser 'deparser': start
[15:27:42.597] [bmv2] [T] [thread 45748] [1.0] [cxt 0] Skipping checksum 'cksum' update because condition not met
[15:27:42.597] [bmv2] [D] [thread 45748] [1.0] [cxt 0] Deparsing header 'ethernet'
[15:27:42.597] [bmv2] [D] [thread 45748] [1.0] [cxt 0] Deparser 'deparser': end
[15:27:42.597] [bmv2] [D] [thread 45752] [1.0] [cxt 0] Transmitting packet of size 90 out of port 0
[15:27:42.822] [bmv2] [D] [thread 45747] [2.0] [cxt 0] Processing packet received on port 4
[15:27:42.822] [bmv2] [D] [thread 45747] [2.0] [cxt 0] Parser 'parser': start
[15:27:42.822] [bmv2] [D] [thread 45747] [2.0] [cxt 0] Parser 'parser' entering state 'start'
[15:27:42.822] [bmv2] [D] [thread 45747] [2.0] [cxt 0] Extracting header 'ethernet'
[15:27:42.822] [bmv2] [D] [thread 45747] [2.0] [cxt 0] Parser state 'start': key is 86dd
[15:27:42.822] [bmv2] [T] [thread 45747] [2.0] [cxt 0] Bytes parsed: 14
[15:27:42.823] [bmv2] [D] [thread 45747] [2.0] [cxt 0] Parser 'parser': end
[15:27:42.823] [bmv2] [D] [thread 45747] [2.0] [cxt 0] Pipeline 'ingress': start
[15:27:42.823] [bmv2] [T] [thread 45747] [2.0] [cxt 0] link_monitor.p4(331) Condition "hdr.tcp.isValid()" (node_2) is false
[15:27:42.823] [bmv2] [T] [thread 45747] [2.0] [cxt 0] link_monitor.p4(335) Condition "hdr.ipv4.isValid()" (node_5) is false
[15:27:42.823] [bmv2] [T] [thread 45747] [2.0] [cxt 0] link_monitor.p4(338) Condition "hdr.probe.isValid()" (node_7) is false
[15:27:42.823] [bmv2] [D] [thread 45747] [2.0] [cxt 0] Pipeline 'ingress': end
[15:27:42.823] [bmv2] [D] [thread 45747] [2.0] [cxt 0] Egress port is 0
[15:27:42.823] [bmv2] [D] [thread 45747] [3.0] [cxt 0] Processing packet received on port 4
[15:27:42.823] [bmv2] [D] [thread 45747] [3.0] [cxt 0] Parser 'parser': start
[15:27:42.823] [bmv2] [D] [thread 45747] [3.0] [cxt 0] Parser 'parser' entering state 'start'
[15:27:42.823] [bmv2] [D] [thread 45747] [3.0] [cxt 0] Extracting header 'ethernet'
[15:27:42.823] [bmv2] [D] [thread 45747] [3.0] [cxt 0] Parser state 'start': key is 86dd
[15:27:42.823] [bmv2] [T] [thread 45747] [3.0] [cxt 0] Bytes parsed: 14
[15:27:42.823] [bmv2] [D] [thread 45747] [3.0] [cxt 0] Parser 'parser': end
[15:27:42.823] [bmv2] [D] [thread 45747] [3.0] [cxt 0] Pipeline 'ingress': start
[15:27:42.823] [bmv2] [T] [thread 45747] [3.0] [cxt 0] link_monitor.p4(331) Condition "hdr.tcp.isValid()" (node_2) is false
[15:27:42.823] [bmv2] [T] [thread 45747] [3.0] [cxt 0] link_monitor.p4(335) Condition "hdr.ipv4.isValid()" (node_5) is false
[15:27:42.823] [bmv2] [T] [thread 45747] [3.0] [cxt 0] link_monitor.p4(338) Condition "hdr.probe.isValid()" (node_7) is false
[15:27:42.823] [bmv2] [D] [thread 45747] [3.0] [cxt 0] Pipeline 'ingress': end
[15:27:42.823] [bmv2] [D] [thread 45747] [3.0] [cxt 0] Egress port is 0
[15:27:42.830] [bmv2] [D] [thread 45748] [2.0] [cxt 0] Pipeline 'egress': start
[15:27:42.830] [bmv2] [T] [thread 45748] [2.0] [cxt 0] Applying table 'tbl_link_monitor377'
[15:27:42.830] [bmv2] [D] [thread 45748] [2.0] [cxt 0] Looking up key:

[15:27:42.830] [bmv2] [D] [thread 45748] [2.0] [cxt 0] Table 'tbl_link_monitor377': miss
[15:27:42.830] [bmv2] [D] [thread 45748] [2.0] [cxt 0] Action entry is link_monitor377 - 
[15:27:42.830] [bmv2] [T] [thread 45748] [2.0] [cxt 0] Action link_monitor377
[15:27:42.830] [bmv2] [T] [thread 45748] [2.0] [cxt 0] link_monitor.p4(377) Primitive (bit<32>)standard_metadata.egress_port
[15:27:42.830] [bmv2] [T] [thread 45748] [2.0] [cxt 0] link_monitor.p4(377) Primitive byte_cnt_reg.read(byte_cnt, (bit<32>)standard_metadata.egress_port)
[15:27:42.830] [bmv2] [T] [thread 45748] [2.0] [cxt 0] Read register 'MyEgress.byte_cnt_reg' at index 0 read value 180
[15:27:42.830] [bmv2] [T] [thread 45748] [2.0] [cxt 0] link_monitor.p4(378) Primitive byte_cnt = byte_cnt + standard_metadata.packet_length
[15:27:42.830] [bmv2] [T] [thread 45748] [2.0] [cxt 0] link_monitor.p4(380) Condition "hdr.probe.isValid()" (node_12) is false
[15:27:42.830] [bmv2] [T] [thread 45748] [2.0] [cxt 0] Applying table 'tbl_link_monitor380_0'
[15:27:42.830] [bmv2] [D] [thread 45748] [2.0] [cxt 0] Looking up key:

[15:27:42.830] [bmv2] [D] [thread 45748] [2.0] [cxt 0] Table 'tbl_link_monitor380_0': miss
[15:27:42.830] [bmv2] [D] [thread 45748] [2.0] [cxt 0] Action entry is link_monitor380_0 - 
[15:27:42.830] [bmv2] [T] [thread 45748] [2.0] [cxt 0] Action link_monitor380_0
[15:27:42.830] [bmv2] [T] [thread 45748] [2.0] [cxt 0] link_monitor.p4(380) Primitive (hdr.probe.isValid()) ? 0 : byte_cnt
[15:27:42.830] [bmv2] [T] [thread 45748] [2.0] [cxt 0] Applying table 'tbl_link_monitor381'
[15:27:42.830] [bmv2] [D] [thread 45748] [2.0] [cxt 0] Looking up key:

[15:27:42.830] [bmv2] [D] [thread 45748] [2.0] [cxt 0] Table 'tbl_link_monitor381': miss
[15:27:42.830] [bmv2] [D] [thread 45748] [2.0] [cxt 0] Action entry is link_monitor381 - 
[15:27:42.830] [bmv2] [T] [thread 45748] [2.0] [cxt 0] Action link_monitor381
[15:27:42.830] [bmv2] [T] [thread 45748] [2.0] [cxt 0] link_monitor.p4(381) Primitive (bit<32>)standard_metadata.egress_port
[15:27:42.830] [bmv2] [T] [thread 45748] [2.0] [cxt 0] link_monitor.p4(381) Primitive byte_cnt_reg.write((bit<32>)standard_metadata.egress_port, new_byte_cnt)
[15:27:42.830] [bmv2] [T] [thread 45748] [2.0] [cxt 0] Wrote register 'MyEgress.byte_cnt_reg' at index 0 with value 270
[15:27:42.830] [bmv2] [T] [thread 45748] [2.0] [cxt 0] link_monitor.p4(383) Condition "hdr.probe.isValid()" (node_16) is false
[15:27:42.830] [bmv2] [D] [thread 45748] [2.0] [cxt 0] Pipeline 'egress': end
[15:27:42.830] [bmv2] [D] [thread 45748] [2.0] [cxt 0] Deparser 'deparser': start
[15:27:42.830] [bmv2] [T] [thread 45748] [2.0] [cxt 0] Skipping checksum 'cksum' update because condition not met
[15:27:42.830] [bmv2] [D] [thread 45748] [2.0] [cxt 0] Deparsing header 'ethernet'
[15:27:42.830] [bmv2] [D] [thread 45748] [2.0] [cxt 0] Deparser 'deparser': end
[15:27:42.830] [bmv2] [D] [thread 45748] [3.0] [cxt 0] Pipeline 'egress': start
[15:27:42.830] [bmv2] [T] [thread 45748] [3.0] [cxt 0] Applying table 'tbl_link_monitor377'
[15:27:42.830] [bmv2] [D] [thread 45748] [3.0] [cxt 0] Looking up key:

[15:27:42.830] [bmv2] [D] [thread 45748] [3.0] [cxt 0] Table 'tbl_link_monitor377': miss
[15:27:42.830] [bmv2] [D] [thread 45748] [3.0] [cxt 0] Action entry is link_monitor377 - 
[15:27:42.830] [bmv2] [T] [thread 45748] [3.0] [cxt 0] Action link_monitor377
[15:27:42.830] [bmv2] [T] [thread 45748] [3.0] [cxt 0] link_monitor.p4(377) Primitive (bit<32>)standard_metadata.egress_port
[15:27:42.830] [bmv2] [T] [thread 45748] [3.0] [cxt 0] link_monitor.p4(377) Primitive byte_cnt_reg.read(byte_cnt, (bit<32>)standard_metadata.egress_port)
[15:27:42.830] [bmv2] [D] [thread 45752] [2.0] [cxt 0] Transmitting packet of size 90 out of port 0
[15:27:42.830] [bmv2] [T] [thread 45748] [3.0] [cxt 0] Read register 'MyEgress.byte_cnt_reg' at index 0 read value 270
[15:27:42.830] [bmv2] [T] [thread 45748] [3.0] [cxt 0] link_monitor.p4(378) Primitive byte_cnt = byte_cnt + standard_metadata.packet_length
[15:27:42.830] [bmv2] [T] [thread 45748] [3.0] [cxt 0] link_monitor.p4(380) Condition "hdr.probe.isValid()" (node_12) is false
[15:27:42.830] [bmv2] [T] [thread 45748] [3.0] [cxt 0] Applying table 'tbl_link_monitor380_0'
[15:27:42.830] [bmv2] [D] [thread 45748] [3.0] [cxt 0] Looking up key:

[15:27:42.830] [bmv2] [D] [thread 45748] [3.0] [cxt 0] Table 'tbl_link_monitor380_0': miss
[15:27:42.831] [bmv2] [D] [thread 45748] [3.0] [cxt 0] Action entry is link_monitor380_0 - 
[15:27:42.831] [bmv2] [T] [thread 45748] [3.0] [cxt 0] Action link_monitor380_0
[15:27:42.831] [bmv2] [T] [thread 45748] [3.0] [cxt 0] link_monitor.p4(380) Primitive (hdr.probe.isValid()) ? 0 : byte_cnt
[15:27:42.831] [bmv2] [T] [thread 45748] [3.0] [cxt 0] Applying table 'tbl_link_monitor381'
[15:27:42.831] [bmv2] [D] [thread 45748] [3.0] [cxt 0] Looking up key:

[15:27:42.831] [bmv2] [D] [thread 45748] [3.0] [cxt 0] Table 'tbl_link_monitor381': miss
[15:27:42.831] [bmv2] [D] [thread 45748] [3.0] [cxt 0] Action entry is link_monitor381 - 
[15:27:42.831] [bmv2] [T] [thread 45748] [3.0] [cxt 0] Action link_monitor381
[15:27:42.831] [bmv2] [T] [thread 45748] [3.0] [cxt 0] link_monitor.p4(381) Primitive (bit<32>)standard_metadata.egress_port
[15:27:42.831] [bmv2] [T] [thread 45748] [3.0] [cxt 0] link_monitor.p4(381) Primitive byte_cnt_reg.write((bit<32>)standard_metadata.egress_port, new_byte_cnt)
[15:27:42.831] [bmv2] [T] [thread 45748] [3.0] [cxt 0] Wrote register 'MyEgress.byte_cnt_reg' at index 0 with value 340
[15:27:42.831] [bmv2] [T] [thread 45748] [3.0] [cxt 0] link_monitor.p4(383) Condition "hdr.probe.isValid()" (node_16) is false
[15:27:42.831] [bmv2] [D] [thread 45748] [3.0] [cxt 0] Pipeline 'egress': end
[15:27:42.831] [bmv2] [D] [thread 45748] [3.0] [cxt 0] Deparser 'deparser': start
[15:27:42.831] [bmv2] [T] [thread 45748] [3.0] [cxt 0] Skipping checksum 'cksum' update because condition not met
[15:27:42.831] [bmv2] [D] [thread 45748] [3.0] [cxt 0] Deparsing header 'ethernet'
[15:27:42.831] [bmv2] [D] [thread 45748] [3.0] [cxt 0] Deparser 'deparser': end
[15:27:42.831] [bmv2] [D] [thread 45752] [3.0] [cxt 0] Transmitting packet of size 70 out of port 0
[15:27:43.108] [bmv2] [D] [thread 45747] [4.0] [cxt 0] Processing packet received on port 4
[15:27:43.108] [bmv2] [D] [thread 45747] [4.0] [cxt 0] Parser 'parser': start
[15:27:43.108] [bmv2] [D] [thread 45747] [4.0] [cxt 0] Parser 'parser' entering state 'start'
[15:27:43.108] [bmv2] [D] [thread 45747] [4.0] [cxt 0] Extracting header 'ethernet'
[15:27:43.108] [bmv2] [D] [thread 45747] [4.0] [cxt 0] Parser state 'start': key is 86dd
[15:27:43.108] [bmv2] [T] [thread 45747] [4.0] [cxt 0] Bytes parsed: 14
[15:27:43.108] [bmv2] [D] [thread 45747] [4.0] [cxt 0] Parser 'parser': end
[15:27:43.108] [bmv2] [D] [thread 45747] [4.0] [cxt 0] Pipeline 'ingress': start
[15:27:43.109] [bmv2] [T] [thread 45747] [4.0] [cxt 0] link_monitor.p4(331) Condition "hdr.tcp.isValid()" (node_2) is false
[15:27:43.109] [bmv2] [T] [thread 45747] [4.0] [cxt 0] link_monitor.p4(335) Condition "hdr.ipv4.isValid()" (node_5) is false
[15:27:43.109] [bmv2] [T] [thread 45747] [4.0] [cxt 0] link_monitor.p4(338) Condition "hdr.probe.isValid()" (node_7) is false
[15:27:43.109] [bmv2] [D] [thread 45747] [4.0] [cxt 0] Pipeline 'ingress': end
[15:27:43.109] [bmv2] [D] [thread 45747] [4.0] [cxt 0] Egress port is 0
[15:27:43.109] [bmv2] [D] [thread 45748] [4.0] [cxt 0] Pipeline 'egress': start
[15:27:43.109] [bmv2] [T] [thread 45748] [4.0] [cxt 0] Applying table 'tbl_link_monitor377'
[15:27:43.109] [bmv2] [D] [thread 45748] [4.0] [cxt 0] Looking up key:

[15:27:43.109] [bmv2] [D] [thread 45748] [4.0] [cxt 0] Table 'tbl_link_monitor377': miss
[15:27:43.109] [bmv2] [D] [thread 45748] [4.0] [cxt 0] Action entry is link_monitor377 - 
[15:27:43.109] [bmv2] [T] [thread 45748] [4.0] [cxt 0] Action link_monitor377
[15:27:43.109] [bmv2] [T] [thread 45748] [4.0] [cxt 0] link_monitor.p4(377) Primitive (bit<32>)standard_metadata.egress_port
[15:27:43.109] [bmv2] [T] [thread 45748] [4.0] [cxt 0] link_monitor.p4(377) Primitive byte_cnt_reg.read(byte_cnt, (bit<32>)standard_metadata.egress_port)
[15:27:43.109] [bmv2] [T] [thread 45748] [4.0] [cxt 0] Read register 'MyEgress.byte_cnt_reg' at index 0 read value 340
[15:27:43.109] [bmv2] [T] [thread 45748] [4.0] [cxt 0] link_monitor.p4(378) Primitive byte_cnt = byte_cnt + standard_metadata.packet_length
[15:27:43.109] [bmv2] [T] [thread 45748] [4.0] [cxt 0] link_monitor.p4(380) Condition "hdr.probe.isValid()" (node_12) is false
[15:27:43.109] [bmv2] [T] [thread 45748] [4.0] [cxt 0] Applying table 'tbl_link_monitor380_0'
[15:27:43.109] [bmv2] [D] [thread 45748] [4.0] [cxt 0] Looking up key:

[15:27:43.109] [bmv2] [D] [thread 45748] [4.0] [cxt 0] Table 'tbl_link_monitor380_0': miss
[15:27:43.109] [bmv2] [D] [thread 45748] [4.0] [cxt 0] Action entry is link_monitor380_0 - 
[15:27:43.109] [bmv2] [T] [thread 45748] [4.0] [cxt 0] Action link_monitor380_0
[15:27:43.109] [bmv2] [T] [thread 45748] [4.0] [cxt 0] link_monitor.p4(380) Primitive (hdr.probe.isValid()) ? 0 : byte_cnt
[15:27:43.109] [bmv2] [T] [thread 45748] [4.0] [cxt 0] Applying table 'tbl_link_monitor381'
[15:27:43.109] [bmv2] [D] [thread 45748] [4.0] [cxt 0] Looking up key:

[15:27:43.110] [bmv2] [D] [thread 45748] [4.0] [cxt 0] Table 'tbl_link_monitor381': miss
[15:27:43.110] [bmv2] [D] [thread 45748] [4.0] [cxt 0] Action entry is link_monitor381 - 
[15:27:43.110] [bmv2] [T] [thread 45748] [4.0] [cxt 0] Action link_monitor381
[15:27:43.110] [bmv2] [T] [thread 45748] [4.0] [cxt 0] link_monitor.p4(381) Primitive (bit<32>)standard_metadata.egress_port
[15:27:43.110] [bmv2] [T] [thread 45748] [4.0] [cxt 0] link_monitor.p4(381) Primitive byte_cnt_reg.write((bit<32>)standard_metadata.egress_port, new_byte_cnt)
[15:27:43.110] [bmv2] [T] [thread 45748] [4.0] [cxt 0] Wrote register 'MyEgress.byte_cnt_reg' at index 0 with value 430
[15:27:43.110] [bmv2] [T] [thread 45748] [4.0] [cxt 0] link_monitor.p4(383) Condition "hdr.probe.isValid()" (node_16) is false
[15:27:43.110] [bmv2] [D] [thread 45748] [4.0] [cxt 0] Pipeline 'egress': end
[15:27:43.110] [bmv2] [D] [thread 45748] [4.0] [cxt 0] Deparser 'deparser': start
[15:27:43.110] [bmv2] [T] [thread 45748] [4.0] [cxt 0] Skipping checksum 'cksum' update because condition not met
[15:27:43.110] [bmv2] [D] [thread 45748] [4.0] [cxt 0] Deparsing header 'ethernet'
[15:27:43.110] [bmv2] [D] [thread 45748] [4.0] [cxt 0] Deparser 'deparser': end
[15:27:43.110] [bmv2] [D] [thread 45752] [4.0] [cxt 0] Transmitting packet of size 90 out of port 0
[15:27:43.204] [bmv2] [D] [thread 45747] [5.0] [cxt 0] Processing packet received on port 1
[15:27:43.204] [bmv2] [D] [thread 45747] [5.0] [cxt 0] Parser 'parser': start
[15:27:43.204] [bmv2] [D] [thread 45747] [5.0] [cxt 0] Parser 'parser' entering state 'start'
[15:27:43.204] [bmv2] [D] [thread 45747] [5.0] [cxt 0] Extracting header 'ethernet'
[15:27:43.204] [bmv2] [D] [thread 45747] [5.0] [cxt 0] Parser state 'start': key is 86dd
[15:27:43.204] [bmv2] [T] [thread 45747] [5.0] [cxt 0] Bytes parsed: 14
[15:27:43.204] [bmv2] [D] [thread 45747] [5.0] [cxt 0] Parser 'parser': end
[15:27:43.204] [bmv2] [D] [thread 45747] [5.0] [cxt 0] Pipeline 'ingress': start
[15:27:43.204] [bmv2] [T] [thread 45747] [5.0] [cxt 0] link_monitor.p4(331) Condition "hdr.tcp.isValid()" (node_2) is false
[15:27:43.204] [bmv2] [T] [thread 45747] [5.0] [cxt 0] link_monitor.p4(335) Condition "hdr.ipv4.isValid()" (node_5) is false
[15:27:43.204] [bmv2] [T] [thread 45747] [5.0] [cxt 0] link_monitor.p4(338) Condition "hdr.probe.isValid()" (node_7) is false
[15:27:43.204] [bmv2] [D] [thread 45747] [5.0] [cxt 0] Pipeline 'ingress': end
[15:27:43.204] [bmv2] [D] [thread 45747] [5.0] [cxt 0] Egress port is 0
[15:27:43.204] [bmv2] [D] [thread 45747] [6.0] [cxt 0] Processing packet received on port 1
[15:27:43.204] [bmv2] [D] [thread 45747] [6.0] [cxt 0] Parser 'parser': start
[15:27:43.204] [bmv2] [D] [thread 45747] [6.0] [cxt 0] Parser 'parser' entering state 'start'
[15:27:43.204] [bmv2] [D] [thread 45747] [6.0] [cxt 0] Extracting header 'ethernet'
[15:27:43.204] [bmv2] [D] [thread 45747] [6.0] [cxt 0] Parser state 'start': key is 86dd
[15:27:43.204] [bmv2] [T] [thread 45747] [6.0] [cxt 0] Bytes parsed: 14
[15:27:43.204] [bmv2] [D] [thread 45747] [6.0] [cxt 0] Parser 'parser': end
[15:27:43.204] [bmv2] [D] [thread 45747] [6.0] [cxt 0] Pipeline 'ingress': start
[15:27:43.204] [bmv2] [T] [thread 45747] [6.0] [cxt 0] link_monitor.p4(331) Condition "hdr.tcp.isValid()" (node_2) is false
[15:27:43.204] [bmv2] [T] [thread 45747] [6.0] [cxt 0] link_monitor.p4(335) Condition "hdr.ipv4.isValid()" (node_5) is false
[15:27:43.204] [bmv2] [T] [thread 45747] [6.0] [cxt 0] link_monitor.p4(338) Condition "hdr.probe.isValid()" (node_7) is false
[15:27:43.204] [bmv2] [D] [thread 45747] [6.0] [cxt 0] Pipeline 'ingress': end
[15:27:43.204] [bmv2] [D] [thread 45747] [6.0] [cxt 0] Egress port is 0
[15:27:43.209] [bmv2] [D] [thread 45748] [5.0] [cxt 0] Pipeline 'egress': start
[15:27:43.209] [bmv2] [T] [thread 45748] [5.0] [cxt 0] Applying table 'tbl_link_monitor377'
[15:27:43.209] [bmv2] [D] [thread 45748] [5.0] [cxt 0] Looking up key:

[15:27:43.209] [bmv2] [D] [thread 45748] [5.0] [cxt 0] Table 'tbl_link_monitor377': miss
[15:27:43.209] [bmv2] [D] [thread 45748] [5.0] [cxt 0] Action entry is link_monitor377 - 
[15:27:43.209] [bmv2] [T] [thread 45748] [5.0] [cxt 0] Action link_monitor377
[15:27:43.209] [bmv2] [T] [thread 45748] [5.0] [cxt 0] link_monitor.p4(377) Primitive (bit<32>)standard_metadata.egress_port
[15:27:43.209] [bmv2] [T] [thread 45748] [5.0] [cxt 0] link_monitor.p4(377) Primitive byte_cnt_reg.read(byte_cnt, (bit<32>)standard_metadata.egress_port)
[15:27:43.209] [bmv2] [T] [thread 45748] [5.0] [cxt 0] Read register 'MyEgress.byte_cnt_reg' at index 0 read value 430
[15:27:43.209] [bmv2] [T] [thread 45748] [5.0] [cxt 0] link_monitor.p4(378) Primitive byte_cnt = byte_cnt + standard_metadata.packet_length
[15:27:43.209] [bmv2] [T] [thread 45748] [5.0] [cxt 0] link_monitor.p4(380) Condition "hdr.probe.isValid()" (node_12) is false
[15:27:43.209] [bmv2] [T] [thread 45748] [5.0] [cxt 0] Applying table 'tbl_link_monitor380_0'
[15:27:43.209] [bmv2] [D] [thread 45748] [5.0] [cxt 0] Looking up key:

[15:27:43.209] [bmv2] [D] [thread 45748] [5.0] [cxt 0] Table 'tbl_link_monitor380_0': miss
[15:27:43.209] [bmv2] [D] [thread 45748] [5.0] [cxt 0] Action entry is link_monitor380_0 - 
[15:27:43.209] [bmv2] [T] [thread 45748] [5.0] [cxt 0] Action link_monitor380_0
[15:27:43.209] [bmv2] [T] [thread 45748] [5.0] [cxt 0] link_monitor.p4(380) Primitive (hdr.probe.isValid()) ? 0 : byte_cnt
[15:27:43.209] [bmv2] [T] [thread 45748] [5.0] [cxt 0] Applying table 'tbl_link_monitor381'
[15:27:43.209] [bmv2] [D] [thread 45748] [5.0] [cxt 0] Looking up key:

[15:27:43.209] [bmv2] [D] [thread 45748] [5.0] [cxt 0] Table 'tbl_link_monitor381': miss
[15:27:43.209] [bmv2] [D] [thread 45748] [5.0] [cxt 0] Action entry is link_monitor381 - 
[15:27:43.209] [bmv2] [T] [thread 45748] [5.0] [cxt 0] Action link_monitor381
[15:27:43.209] [bmv2] [T] [thread 45748] [5.0] [cxt 0] link_monitor.p4(381) Primitive (bit<32>)standard_metadata.egress_port
[15:27:43.209] [bmv2] [T] [thread 45748] [5.0] [cxt 0] link_monitor.p4(381) Primitive byte_cnt_reg.write((bit<32>)standard_metadata.egress_port, new_byte_cnt)
[15:27:43.209] [bmv2] [T] [thread 45748] [5.0] [cxt 0] Wrote register 'MyEgress.byte_cnt_reg' at index 0 with value 520
[15:27:43.209] [bmv2] [T] [thread 45748] [5.0] [cxt 0] link_monitor.p4(383) Condition "hdr.probe.isValid()" (node_16) is false
[15:27:43.209] [bmv2] [D] [thread 45748] [5.0] [cxt 0] Pipeline 'egress': end
[15:27:43.209] [bmv2] [D] [thread 45748] [5.0] [cxt 0] Deparser 'deparser': start
[15:27:43.209] [bmv2] [T] [thread 45748] [5.0] [cxt 0] Skipping checksum 'cksum' update because condition not met
[15:27:43.209] [bmv2] [D] [thread 45748] [5.0] [cxt 0] Deparsing header 'ethernet'
[15:27:43.209] [bmv2] [D] [thread 45748] [5.0] [cxt 0] Deparser 'deparser': end
[15:27:43.209] [bmv2] [D] [thread 45748] [6.0] [cxt 0] Pipeline 'egress': start
[15:27:43.209] [bmv2] [T] [thread 45748] [6.0] [cxt 0] Applying table 'tbl_link_monitor377'
[15:27:43.209] [bmv2] [D] [thread 45748] [6.0] [cxt 0] Looking up key:

[15:27:43.209] [bmv2] [D] [thread 45748] [6.0] [cxt 0] Table 'tbl_link_monitor377': miss
[15:27:43.209] [bmv2] [D] [thread 45748] [6.0] [cxt 0] Action entry is link_monitor377 - 
[15:27:43.209] [bmv2] [T] [thread 45748] [6.0] [cxt 0] Action link_monitor377
[15:27:43.209] [bmv2] [T] [thread 45748] [6.0] [cxt 0] link_monitor.p4(377) Primitive (bit<32>)standard_metadata.egress_port
[15:27:43.209] [bmv2] [T] [thread 45748] [6.0] [cxt 0] link_monitor.p4(377) Primitive byte_cnt_reg.read(byte_cnt, (bit<32>)standard_metadata.egress_port)
[15:27:43.209] [bmv2] [T] [thread 45748] [6.0] [cxt 0] Read register 'MyEgress.byte_cnt_reg' at index 0 read value 520
[15:27:43.209] [bmv2] [T] [thread 45748] [6.0] [cxt 0] link_monitor.p4(378) Primitive byte_cnt = byte_cnt + standard_metadata.packet_length
[15:27:43.209] [bmv2] [T] [thread 45748] [6.0] [cxt 0] link_monitor.p4(380) Condition "hdr.probe.isValid()" (node_12) is false
[15:27:43.209] [bmv2] [T] [thread 45748] [6.0] [cxt 0] Applying table 'tbl_link_monitor380_0'
[15:27:43.209] [bmv2] [D] [thread 45748] [6.0] [cxt 0] Looking up key:

[15:27:43.209] [bmv2] [D] [thread 45748] [6.0] [cxt 0] Table 'tbl_link_monitor380_0': miss
[15:27:43.209] [bmv2] [D] [thread 45748] [6.0] [cxt 0] Action entry is link_monitor380_0 - 
[15:27:43.209] [bmv2] [T] [thread 45748] [6.0] [cxt 0] Action link_monitor380_0
[15:27:43.209] [bmv2] [T] [thread 45748] [6.0] [cxt 0] link_monitor.p4(380) Primitive (hdr.probe.isValid()) ? 0 : byte_cnt
[15:27:43.209] [bmv2] [T] [thread 45748] [6.0] [cxt 0] Applying table 'tbl_link_monitor381'
[15:27:43.209] [bmv2] [D] [thread 45748] [6.0] [cxt 0] Looking up key:

[15:27:43.209] [bmv2] [D] [thread 45748] [6.0] [cxt 0] Table 'tbl_link_monitor381': miss
[15:27:43.209] [bmv2] [D] [thread 45748] [6.0] [cxt 0] Action entry is link_monitor381 - 
[15:27:43.209] [bmv2] [T] [thread 45748] [6.0] [cxt 0] Action link_monitor381
[15:27:43.209] [bmv2] [T] [thread 45748] [6.0] [cxt 0] link_monitor.p4(381) Primitive (bit<32>)standard_metadata.egress_port
[15:27:43.209] [bmv2] [T] [thread 45748] [6.0] [cxt 0] link_monitor.p4(381) Primitive byte_cnt_reg.write((bit<32>)standard_metadata.egress_port, new_byte_cnt)
[15:27:43.209] [bmv2] [T] [thread 45748] [6.0] [cxt 0] Wrote register 'MyEgress.byte_cnt_reg' at index 0 with value 590
[15:27:43.209] [bmv2] [T] [thread 45748] [6.0] [cxt 0] link_monitor.p4(383) Condition "hdr.probe.isValid()" (node_16) is false
[15:27:43.209] [bmv2] [D] [thread 45748] [6.0] [cxt 0] Pipeline 'egress': end
[15:27:43.209] [bmv2] [D] [thread 45748] [6.0] [cxt 0] Deparser 'deparser': start
[15:27:43.209] [bmv2] [D] [thread 45752] [5.0] [cxt 0] Transmitting packet of size 90 out of port 0
[15:27:43.209] [bmv2] [T] [thread 45748] [6.0] [cxt 0] Skipping checksum 'cksum' update because condition not met
[15:27:43.209] [bmv2] [D] [thread 45748] [6.0] [cxt 0] Deparsing header 'ethernet'
[15:27:43.210] [bmv2] [D] [thread 45748] [6.0] [cxt 0] Deparser 'deparser': end
[15:27:43.210] [bmv2] [D] [thread 45752] [6.0] [cxt 0] Transmitting packet of size 70 out of port 0
[15:27:43.240] [bmv2] [D] [thread 45747] [7.0] [cxt 0] Processing packet received on port 4
[15:27:43.240] [bmv2] [D] [thread 45747] [7.0] [cxt 0] Parser 'parser': start
[15:27:43.240] [bmv2] [D] [thread 45747] [7.0] [cxt 0] Parser 'parser' entering state 'start'
[15:27:43.240] [bmv2] [D] [thread 45747] [7.0] [cxt 0] Extracting header 'ethernet'
[15:27:43.240] [bmv2] [D] [thread 45747] [7.0] [cxt 0] Parser state 'start': key is 86dd
[15:27:43.240] [bmv2] [T] [thread 45747] [7.0] [cxt 0] Bytes parsed: 14
[15:27:43.240] [bmv2] [D] [thread 45747] [7.0] [cxt 0] Parser 'parser': end
[15:27:43.240] [bmv2] [D] [thread 45747] [7.0] [cxt 0] Pipeline 'ingress': start
[15:27:43.240] [bmv2] [T] [thread 45747] [7.0] [cxt 0] link_monitor.p4(331) Condition "hdr.tcp.isValid()" (node_2) is false
[15:27:43.240] [bmv2] [T] [thread 45747] [7.0] [cxt 0] link_monitor.p4(335) Condition "hdr.ipv4.isValid()" (node_5) is false
[15:27:43.240] [bmv2] [T] [thread 45747] [7.0] [cxt 0] link_monitor.p4(338) Condition "hdr.probe.isValid()" (node_7) is false
[15:27:43.240] [bmv2] [D] [thread 45747] [7.0] [cxt 0] Pipeline 'ingress': end
[15:27:43.240] [bmv2] [D] [thread 45747] [7.0] [cxt 0] Egress port is 0
[15:27:43.240] [bmv2] [D] [thread 45747] [8.0] [cxt 0] Processing packet received on port 4
[15:27:43.240] [bmv2] [D] [thread 45747] [8.0] [cxt 0] Parser 'parser': start
[15:27:43.240] [bmv2] [D] [thread 45747] [8.0] [cxt 0] Parser 'parser' entering state 'start'
[15:27:43.240] [bmv2] [D] [thread 45747] [8.0] [cxt 0] Extracting header 'ethernet'
[15:27:43.240] [bmv2] [D] [thread 45747] [8.0] [cxt 0] Parser state 'start': key is 86dd
[15:27:43.240] [bmv2] [T] [thread 45747] [8.0] [cxt 0] Bytes parsed: 14
[15:27:43.240] [bmv2] [D] [thread 45747] [8.0] [cxt 0] Parser 'parser': end
[15:27:43.240] [bmv2] [D] [thread 45747] [8.0] [cxt 0] Pipeline 'ingress': start
[15:27:43.240] [bmv2] [T] [thread 45747] [8.0] [cxt 0] link_monitor.p4(331) Condition "hdr.tcp.isValid()" (node_2) is false
[15:27:43.240] [bmv2] [T] [thread 45747] [8.0] [cxt 0] link_monitor.p4(335) Condition "hdr.ipv4.isValid()" (node_5) is false
[15:27:43.240] [bmv2] [T] [thread 45747] [8.0] [cxt 0] link_monitor.p4(338) Condition "hdr.probe.isValid()" (node_7) is false
[15:27:43.240] [bmv2] [D] [thread 45747] [8.0] [cxt 0] Pipeline 'ingress': end
[15:27:43.240] [bmv2] [D] [thread 45747] [8.0] [cxt 0] Egress port is 0
[15:27:43.244] [bmv2] [D] [thread 45748] [7.0] [cxt 0] Pipeline 'egress': start
[15:27:43.244] [bmv2] [T] [thread 45748] [7.0] [cxt 0] Applying table 'tbl_link_monitor377'
[15:27:43.244] [bmv2] [D] [thread 45748] [7.0] [cxt 0] Looking up key:

[15:27:43.244] [bmv2] [D] [thread 45748] [7.0] [cxt 0] Table 'tbl_link_monitor377': miss
[15:27:43.244] [bmv2] [D] [thread 45748] [7.0] [cxt 0] Action entry is link_monitor377 - 
[15:27:43.244] [bmv2] [T] [thread 45748] [7.0] [cxt 0] Action link_monitor377
[15:27:43.244] [bmv2] [T] [thread 45748] [7.0] [cxt 0] link_monitor.p4(377) Primitive (bit<32>)standard_metadata.egress_port
[15:27:43.244] [bmv2] [T] [thread 45748] [7.0] [cxt 0] link_monitor.p4(377) Primitive byte_cnt_reg.read(byte_cnt, (bit<32>)standard_metadata.egress_port)
[15:27:43.244] [bmv2] [T] [thread 45748] [7.0] [cxt 0] Read register 'MyEgress.byte_cnt_reg' at index 0 read value 590
[15:27:43.244] [bmv2] [T] [thread 45748] [7.0] [cxt 0] link_monitor.p4(378) Primitive byte_cnt = byte_cnt + standard_metadata.packet_length
[15:27:43.244] [bmv2] [T] [thread 45748] [7.0] [cxt 0] link_monitor.p4(380) Condition "hdr.probe.isValid()" (node_12) is false
[15:27:43.244] [bmv2] [T] [thread 45748] [7.0] [cxt 0] Applying table 'tbl_link_monitor380_0'
[15:27:43.244] [bmv2] [D] [thread 45748] [7.0] [cxt 0] Looking up key:

[15:27:43.244] [bmv2] [D] [thread 45748] [7.0] [cxt 0] Table 'tbl_link_monitor380_0': miss
[15:27:43.244] [bmv2] [D] [thread 45748] [7.0] [cxt 0] Action entry is link_monitor380_0 - 
[15:27:43.244] [bmv2] [T] [thread 45748] [7.0] [cxt 0] Action link_monitor380_0
[15:27:43.244] [bmv2] [T] [thread 45748] [7.0] [cxt 0] link_monitor.p4(380) Primitive (hdr.probe.isValid()) ? 0 : byte_cnt
[15:27:43.244] [bmv2] [T] [thread 45748] [7.0] [cxt 0] Applying table 'tbl_link_monitor381'
[15:27:43.244] [bmv2] [D] [thread 45748] [7.0] [cxt 0] Looking up key:

[15:27:43.244] [bmv2] [D] [thread 45748] [7.0] [cxt 0] Table 'tbl_link_monitor381': miss
[15:27:43.244] [bmv2] [D] [thread 45748] [7.0] [cxt 0] Action entry is link_monitor381 - 
[15:27:43.244] [bmv2] [T] [thread 45748] [7.0] [cxt 0] Action link_monitor381
[15:27:43.244] [bmv2] [T] [thread 45748] [7.0] [cxt 0] link_monitor.p4(381) Primitive (bit<32>)standard_metadata.egress_port
[15:27:43.244] [bmv2] [T] [thread 45748] [7.0] [cxt 0] link_monitor.p4(381) Primitive byte_cnt_reg.write((bit<32>)standard_metadata.egress_port, new_byte_cnt)
[15:27:43.244] [bmv2] [T] [thread 45748] [7.0] [cxt 0] Wrote register 'MyEgress.byte_cnt_reg' at index 0 with value 680
[15:27:43.244] [bmv2] [T] [thread 45748] [7.0] [cxt 0] link_monitor.p4(383) Condition "hdr.probe.isValid()" (node_16) is false
[15:27:43.244] [bmv2] [D] [thread 45748] [7.0] [cxt 0] Pipeline 'egress': end
[15:27:43.244] [bmv2] [D] [thread 45748] [7.0] [cxt 0] Deparser 'deparser': start
[15:27:43.244] [bmv2] [T] [thread 45748] [7.0] [cxt 0] Skipping checksum 'cksum' update because condition not met
[15:27:43.244] [bmv2] [D] [thread 45748] [7.0] [cxt 0] Deparsing header 'ethernet'
[15:27:43.245] [bmv2] [D] [thread 45748] [7.0] [cxt 0] Deparser 'deparser': end
[15:27:43.245] [bmv2] [D] [thread 45748] [8.0] [cxt 0] Pipeline 'egress': start
[15:27:43.245] [bmv2] [T] [thread 45748] [8.0] [cxt 0] Applying table 'tbl_link_monitor377'
[15:27:43.245] [bmv2] [D] [thread 45748] [8.0] [cxt 0] Looking up key:

[15:27:43.245] [bmv2] [D] [thread 45748] [8.0] [cxt 0] Table 'tbl_link_monitor377': miss
[15:27:43.245] [bmv2] [D] [thread 45748] [8.0] [cxt 0] Action entry is link_monitor377 - 
[15:27:43.245] [bmv2] [T] [thread 45748] [8.0] [cxt 0] Action link_monitor377
[15:27:43.245] [bmv2] [T] [thread 45748] [8.0] [cxt 0] link_monitor.p4(377) Primitive (bit<32>)standard_metadata.egress_port
[15:27:43.245] [bmv2] [T] [thread 45748] [8.0] [cxt 0] link_monitor.p4(377) Primitive byte_cnt_reg.read(byte_cnt, (bit<32>)standard_metadata.egress_port)
[15:27:43.245] [bmv2] [T] [thread 45748] [8.0] [cxt 0] Read register 'MyEgress.byte_cnt_reg' at index 0 read value 680
[15:27:43.245] [bmv2] [T] [thread 45748] [8.0] [cxt 0] link_monitor.p4(378) Primitive byte_cnt = byte_cnt + standard_metadata.packet_length
[15:27:43.245] [bmv2] [T] [thread 45748] [8.0] [cxt 0] link_monitor.p4(380) Condition "hdr.probe.isValid()" (node_12) is false
[15:27:43.245] [bmv2] [T] [thread 45748] [8.0] [cxt 0] Applying table 'tbl_link_monitor380_0'
[15:27:43.245] [bmv2] [D] [thread 45748] [8.0] [cxt 0] Looking up key:

[15:27:43.245] [bmv2] [D] [thread 45748] [8.0] [cxt 0] Table 'tbl_link_monitor380_0': miss
[15:27:43.245] [bmv2] [D] [thread 45748] [8.0] [cxt 0] Action entry is link_monitor380_0 - 
[15:27:43.245] [bmv2] [T] [thread 45748] [8.0] [cxt 0] Action link_monitor380_0
[15:27:43.245] [bmv2] [T] [thread 45748] [8.0] [cxt 0] link_monitor.p4(380) Primitive (hdr.probe.isValid()) ? 0 : byte_cnt
[15:27:43.245] [bmv2] [T] [thread 45748] [8.0] [cxt 0] Applying table 'tbl_link_monitor381'
[15:27:43.245] [bmv2] [D] [thread 45748] [8.0] [cxt 0] Looking up key:

[15:27:43.245] [bmv2] [D] [thread 45748] [8.0] [cxt 0] Table 'tbl_link_monitor381': miss
[15:27:43.245] [bmv2] [D] [thread 45748] [8.0] [cxt 0] Action entry is link_monitor381 - 
[15:27:43.245] [bmv2] [T] [thread 45748] [8.0] [cxt 0] Action link_monitor381
[15:27:43.245] [bmv2] [T] [thread 45748] [8.0] [cxt 0] link_monitor.p4(381) Primitive (bit<32>)standard_metadata.egress_port
[15:27:43.245] [bmv2] [T] [thread 45748] [8.0] [cxt 0] link_monitor.p4(381) Primitive byte_cnt_reg.write((bit<32>)standard_metadata.egress_port, new_byte_cnt)
[15:27:43.245] [bmv2] [T] [thread 45748] [8.0] [cxt 0] Wrote register 'MyEgress.byte_cnt_reg' at index 0 with value 750
[15:27:43.245] [bmv2] [T] [thread 45748] [8.0] [cxt 0] link_monitor.p4(383) Condition "hdr.probe.isValid()" (node_16) is false
[15:27:43.245] [bmv2] [D] [thread 45748] [8.0] [cxt 0] Pipeline 'egress': end
[15:27:43.245] [bmv2] [D] [thread 45748] [8.0] [cxt 0] Deparser 'deparser': start
[15:27:43.245] [bmv2] [T] [thread 45748] [8.0] [cxt 0] Skipping checksum 'cksum' update because condition not met
[15:27:43.245] [bmv2] [D] [thread 45748] [8.0] [cxt 0] Deparsing header 'ethernet'
[15:27:43.245] [bmv2] [D] [thread 45748] [8.0] [cxt 0] Deparser 'deparser': end
[15:27:43.245] [bmv2] [D] [thread 45752] [7.0] [cxt 0] Transmitting packet of size 90 out of port 0
[15:27:43.245] [bmv2] [D] [thread 45752] [8.0] [cxt 0] Transmitting packet of size 70 out of port 0
[15:27:43.332] [bmv2] [D] [thread 45747] [9.0] [cxt 0] Processing packet received on port 3
[15:27:43.332] [bmv2] [D] [thread 45747] [9.0] [cxt 0] Parser 'parser': start
[15:27:43.332] [bmv2] [D] [thread 45747] [9.0] [cxt 0] Parser 'parser' entering state 'start'
[15:27:43.332] [bmv2] [D] [thread 45747] [9.0] [cxt 0] Extracting header 'ethernet'
[15:27:43.332] [bmv2] [D] [thread 45747] [9.0] [cxt 0] Parser state 'start': key is 86dd
[15:27:43.332] [bmv2] [T] [thread 45747] [9.0] [cxt 0] Bytes parsed: 14
[15:27:43.332] [bmv2] [D] [thread 45747] [9.0] [cxt 0] Parser 'parser': end
[15:27:43.332] [bmv2] [D] [thread 45747] [9.0] [cxt 0] Pipeline 'ingress': start
[15:27:43.332] [bmv2] [T] [thread 45747] [9.0] [cxt 0] link_monitor.p4(331) Condition "hdr.tcp.isValid()" (node_2) is false
[15:27:43.332] [bmv2] [T] [thread 45747] [9.0] [cxt 0] link_monitor.p4(335) Condition "hdr.ipv4.isValid()" (node_5) is false
[15:27:43.332] [bmv2] [T] [thread 45747] [9.0] [cxt 0] link_monitor.p4(338) Condition "hdr.probe.isValid()" (node_7) is false
[15:27:43.332] [bmv2] [D] [thread 45747] [9.0] [cxt 0] Pipeline 'ingress': end
[15:27:43.332] [bmv2] [D] [thread 45747] [9.0] [cxt 0] Egress port is 0
[15:27:43.332] [bmv2] [D] [thread 45747] [10.0] [cxt 0] Processing packet received on port 3
[15:27:43.332] [bmv2] [D] [thread 45747] [10.0] [cxt 0] Parser 'parser': start
[15:27:43.332] [bmv2] [D] [thread 45747] [10.0] [cxt 0] Parser 'parser' entering state 'start'
[15:27:43.332] [bmv2] [D] [thread 45747] [10.0] [cxt 0] Extracting header 'ethernet'
[15:27:43.332] [bmv2] [D] [thread 45747] [10.0] [cxt 0] Parser state 'start': key is 86dd
[15:27:43.332] [bmv2] [T] [thread 45747] [10.0] [cxt 0] Bytes parsed: 14
[15:27:43.332] [bmv2] [D] [thread 45747] [10.0] [cxt 0] Parser 'parser': end
[15:27:43.332] [bmv2] [D] [thread 45747] [10.0] [cxt 0] Pipeline 'ingress': start
[15:27:43.332] [bmv2] [T] [thread 45747] [10.0] [cxt 0] link_monitor.p4(331) Condition "hdr.tcp.isValid()" (node_2) is false
[15:27:43.332] [bmv2] [T] [thread 45747] [10.0] [cxt 0] link_monitor.p4(335) Condition "hdr.ipv4.isValid()" (node_5) is false
[15:27:43.332] [bmv2] [T] [thread 45747] [10.0] [cxt 0] link_monitor.p4(338) Condition "hdr.probe.isValid()" (node_7) is false
[15:27:43.332] [bmv2] [D] [thread 45747] [10.0] [cxt 0] Pipeline 'ingress': end
[15:27:43.332] [bmv2] [D] [thread 45747] [10.0] [cxt 0] Egress port is 0
[15:27:43.335] [bmv2] [D] [thread 45748] [9.0] [cxt 0] Pipeline 'egress': start
[15:27:43.335] [bmv2] [T] [thread 45748] [9.0] [cxt 0] Applying table 'tbl_link_monitor377'
[15:27:43.335] [bmv2] [D] [thread 45748] [9.0] [cxt 0] Looking up key:

[15:27:43.335] [bmv2] [D] [thread 45748] [9.0] [cxt 0] Table 'tbl_link_monitor377': miss
[15:27:43.335] [bmv2] [D] [thread 45748] [9.0] [cxt 0] Action entry is link_monitor377 - 
[15:27:43.335] [bmv2] [T] [thread 45748] [9.0] [cxt 0] Action link_monitor377
[15:27:43.335] [bmv2] [T] [thread 45748] [9.0] [cxt 0] link_monitor.p4(377) Primitive (bit<32>)standard_metadata.egress_port
[15:27:43.336] [bmv2] [T] [thread 45748] [9.0] [cxt 0] link_monitor.p4(377) Primitive byte_cnt_reg.read(byte_cnt, (bit<32>)standard_metadata.egress_port)
[15:27:43.336] [bmv2] [T] [thread 45748] [9.0] [cxt 0] Read register 'MyEgress.byte_cnt_reg' at index 0 read value 750
[15:27:43.336] [bmv2] [T] [thread 45748] [9.0] [cxt 0] link_monitor.p4(378) Primitive byte_cnt = byte_cnt + standard_metadata.packet_length
[15:27:43.336] [bmv2] [T] [thread 45748] [9.0] [cxt 0] link_monitor.p4(380) Condition "hdr.probe.isValid()" (node_12) is false
[15:27:43.336] [bmv2] [T] [thread 45748] [9.0] [cxt 0] Applying table 'tbl_link_monitor380_0'
[15:27:43.336] [bmv2] [D] [thread 45748] [9.0] [cxt 0] Looking up key:

[15:27:43.336] [bmv2] [D] [thread 45748] [9.0] [cxt 0] Table 'tbl_link_monitor380_0': miss
[15:27:43.336] [bmv2] [D] [thread 45748] [9.0] [cxt 0] Action entry is link_monitor380_0 - 
[15:27:43.336] [bmv2] [T] [thread 45748] [9.0] [cxt 0] Action link_monitor380_0
[15:27:43.336] [bmv2] [T] [thread 45748] [9.0] [cxt 0] link_monitor.p4(380) Primitive (hdr.probe.isValid()) ? 0 : byte_cnt
[15:27:43.336] [bmv2] [T] [thread 45748] [9.0] [cxt 0] Applying table 'tbl_link_monitor381'
[15:27:43.336] [bmv2] [D] [thread 45748] [9.0] [cxt 0] Looking up key:

[15:27:43.336] [bmv2] [D] [thread 45748] [9.0] [cxt 0] Table 'tbl_link_monitor381': miss
[15:27:43.336] [bmv2] [D] [thread 45748] [9.0] [cxt 0] Action entry is link_monitor381 - 
[15:27:43.336] [bmv2] [T] [thread 45748] [9.0] [cxt 0] Action link_monitor381
[15:27:43.336] [bmv2] [T] [thread 45748] [9.0] [cxt 0] link_monitor.p4(381) Primitive (bit<32>)standard_metadata.egress_port
[15:27:43.336] [bmv2] [T] [thread 45748] [9.0] [cxt 0] link_monitor.p4(381) Primitive byte_cnt_reg.write((bit<32>)standard_metadata.egress_port, new_byte_cnt)
[15:27:43.336] [bmv2] [T] [thread 45748] [9.0] [cxt 0] Wrote register 'MyEgress.byte_cnt_reg' at index 0 with value 840
[15:27:43.336] [bmv2] [T] [thread 45748] [9.0] [cxt 0] link_monitor.p4(383) Condition "hdr.probe.isValid()" (node_16) is false
[15:27:43.336] [bmv2] [D] [thread 45748] [9.0] [cxt 0] Pipeline 'egress': end
[15:27:43.336] [bmv2] [D] [thread 45748] [9.0] [cxt 0] Deparser 'deparser': start
[15:27:43.336] [bmv2] [T] [thread 45748] [9.0] [cxt 0] Skipping checksum 'cksum' update because condition not met
[15:27:43.336] [bmv2] [D] [thread 45748] [9.0] [cxt 0] Deparsing header 'ethernet'
[15:27:43.336] [bmv2] [D] [thread 45748] [9.0] [cxt 0] Deparser 'deparser': end
[15:27:43.336] [bmv2] [D] [thread 45748] [10.0] [cxt 0] Pipeline 'egress': start
[15:27:43.336] [bmv2] [T] [thread 45748] [10.0] [cxt 0] Applying table 'tbl_link_monitor377'
[15:27:43.336] [bmv2] [D] [thread 45748] [10.0] [cxt 0] Looking up key:

[15:27:43.336] [bmv2] [D] [thread 45748] [10.0] [cxt 0] Table 'tbl_link_monitor377': miss
[15:27:43.336] [bmv2] [D] [thread 45748] [10.0] [cxt 0] Action entry is link_monitor377 - 
[15:27:43.336] [bmv2] [T] [thread 45748] [10.0] [cxt 0] Action link_monitor377
[15:27:43.336] [bmv2] [T] [thread 45748] [10.0] [cxt 0] link_monitor.p4(377) Primitive (bit<32>)standard_metadata.egress_port
[15:27:43.336] [bmv2] [T] [thread 45748] [10.0] [cxt 0] link_monitor.p4(377) Primitive byte_cnt_reg.read(byte_cnt, (bit<32>)standard_metadata.egress_port)
[15:27:43.336] [bmv2] [T] [thread 45748] [10.0] [cxt 0] Read register 'MyEgress.byte_cnt_reg' at index 0 read value 840
[15:27:43.336] [bmv2] [T] [thread 45748] [10.0] [cxt 0] link_monitor.p4(378) Primitive byte_cnt = byte_cnt + standard_metadata.packet_length
[15:27:43.336] [bmv2] [T] [thread 45748] [10.0] [cxt 0] link_monitor.p4(380) Condition "hdr.probe.isValid()" (node_12) is false
[15:27:43.336] [bmv2] [T] [thread 45748] [10.0] [cxt 0] Applying table 'tbl_link_monitor380_0'
[15:27:43.336] [bmv2] [D] [thread 45748] [10.0] [cxt 0] Looking up key:

[15:27:43.336] [bmv2] [D] [thread 45748] [10.0] [cxt 0] Table 'tbl_link_monitor380_0': miss
[15:27:43.336] [bmv2] [D] [thread 45748] [10.0] [cxt 0] Action entry is link_monitor380_0 - 
[15:27:43.336] [bmv2] [T] [thread 45748] [10.0] [cxt 0] Action link_monitor380_0
[15:27:43.336] [bmv2] [T] [thread 45748] [10.0] [cxt 0] link_monitor.p4(380) Primitive (hdr.probe.isValid()) ? 0 : byte_cnt
[15:27:43.336] [bmv2] [T] [thread 45748] [10.0] [cxt 0] Applying table 'tbl_link_monitor381'
[15:27:43.336] [bmv2] [D] [thread 45748] [10.0] [cxt 0] Looking up key:

[15:27:43.336] [bmv2] [D] [thread 45748] [10.0] [cxt 0] Table 'tbl_link_monitor381': miss
[15:27:43.336] [bmv2] [D] [thread 45748] [10.0] [cxt 0] Action entry is link_monitor381 - 
[15:27:43.336] [bmv2] [T] [thread 45748] [10.0] [cxt 0] Action link_monitor381
[15:27:43.336] [bmv2] [T] [thread 45748] [10.0] [cxt 0] link_monitor.p4(381) Primitive (bit<32>)standard_metadata.egress_port
[15:27:43.336] [bmv2] [T] [thread 45748] [10.0] [cxt 0] link_monitor.p4(381) Primitive byte_cnt_reg.write((bit<32>)standard_metadata.egress_port, new_byte_cnt)
[15:27:43.336] [bmv2] [T] [thread 45748] [10.0] [cxt 0] Wrote register 'MyEgress.byte_cnt_reg' at index 0 with value 910
[15:27:43.336] [bmv2] [T] [thread 45748] [10.0] [cxt 0] link_monitor.p4(383) Condition "hdr.probe.isValid()" (node_16) is false
[15:27:43.336] [bmv2] [D] [thread 45748] [10.0] [cxt 0] Pipeline 'egress': end
[15:27:43.336] [bmv2] [D] [thread 45748] [10.0] [cxt 0] Deparser 'deparser': start
[15:27:43.336] [bmv2] [T] [thread 45748] [10.0] [cxt 0] Skipping checksum 'cksum' update because condition not met
[15:27:43.336] [bmv2] [D] [thread 45748] [10.0] [cxt 0] Deparsing header 'ethernet'
[15:27:43.336] [bmv2] [D] [thread 45748] [10.0] [cxt 0] Deparser 'deparser': end
[15:27:43.336] [bmv2] [D] [thread 45752] [9.0] [cxt 0] Transmitting packet of size 90 out of port 0
[15:27:43.336] [bmv2] [D] [thread 45752] [10.0] [cxt 0] Transmitting packet of size 70 out of port 0
[15:27:43.372] [bmv2] [D] [thread 45747] [11.0] [cxt 0] Processing packet received on port 3
[15:27:43.372] [bmv2] [D] [thread 45747] [11.0] [cxt 0] Parser 'parser': start
[15:27:43.372] [bmv2] [D] [thread 45747] [11.0] [cxt 0] Parser 'parser' entering state 'start'
[15:27:43.372] [bmv2] [D] [thread 45747] [11.0] [cxt 0] Extracting header 'ethernet'
[15:27:43.372] [bmv2] [D] [thread 45747] [11.0] [cxt 0] Parser state 'start': key is 86dd
[15:27:43.372] [bmv2] [T] [thread 45747] [11.0] [cxt 0] Bytes parsed: 14
[15:27:43.372] [bmv2] [D] [thread 45747] [11.0] [cxt 0] Parser 'parser': end
[15:27:43.372] [bmv2] [D] [thread 45747] [11.0] [cxt 0] Pipeline 'ingress': start
[15:27:43.372] [bmv2] [T] [thread 45747] [11.0] [cxt 0] link_monitor.p4(331) Condition "hdr.tcp.isValid()" (node_2) is false
[15:27:43.372] [bmv2] [T] [thread 45747] [11.0] [cxt 0] link_monitor.p4(335) Condition "hdr.ipv4.isValid()" (node_5) is false
[15:27:43.372] [bmv2] [T] [thread 45747] [11.0] [cxt 0] link_monitor.p4(338) Condition "hdr.probe.isValid()" (node_7) is false
[15:27:43.372] [bmv2] [D] [thread 45747] [11.0] [cxt 0] Pipeline 'ingress': end
[15:27:43.372] [bmv2] [D] [thread 45747] [11.0] [cxt 0] Egress port is 0
[15:27:43.372] [bmv2] [D] [thread 45748] [11.0] [cxt 0] Pipeline 'egress': start
[15:27:43.372] [bmv2] [T] [thread 45748] [11.0] [cxt 0] Applying table 'tbl_link_monitor377'
[15:27:43.372] [bmv2] [D] [thread 45748] [11.0] [cxt 0] Looking up key:

[15:27:43.372] [bmv2] [D] [thread 45748] [11.0] [cxt 0] Table 'tbl_link_monitor377': miss
[15:27:43.372] [bmv2] [D] [thread 45748] [11.0] [cxt 0] Action entry is link_monitor377 - 
[15:27:43.372] [bmv2] [T] [thread 45748] [11.0] [cxt 0] Action link_monitor377
[15:27:43.372] [bmv2] [T] [thread 45748] [11.0] [cxt 0] link_monitor.p4(377) Primitive (bit<32>)standard_metadata.egress_port
[15:27:43.372] [bmv2] [T] [thread 45748] [11.0] [cxt 0] link_monitor.p4(377) Primitive byte_cnt_reg.read(byte_cnt, (bit<32>)standard_metadata.egress_port)
[15:27:43.372] [bmv2] [T] [thread 45748] [11.0] [cxt 0] Read register 'MyEgress.byte_cnt_reg' at index 0 read value 910
[15:27:43.372] [bmv2] [T] [thread 45748] [11.0] [cxt 0] link_monitor.p4(378) Primitive byte_cnt = byte_cnt + standard_metadata.packet_length
[15:27:43.372] [bmv2] [T] [thread 45748] [11.0] [cxt 0] link_monitor.p4(380) Condition "hdr.probe.isValid()" (node_12) is false
[15:27:43.372] [bmv2] [T] [thread 45748] [11.0] [cxt 0] Applying table 'tbl_link_monitor380_0'
[15:27:43.372] [bmv2] [D] [thread 45748] [11.0] [cxt 0] Looking up key:

[15:27:43.372] [bmv2] [D] [thread 45748] [11.0] [cxt 0] Table 'tbl_link_monitor380_0': miss
[15:27:43.372] [bmv2] [D] [thread 45748] [11.0] [cxt 0] Action entry is link_monitor380_0 - 
[15:27:43.372] [bmv2] [T] [thread 45748] [11.0] [cxt 0] Action link_monitor380_0
[15:27:43.372] [bmv2] [T] [thread 45748] [11.0] [cxt 0] link_monitor.p4(380) Primitive (hdr.probe.isValid()) ? 0 : byte_cnt
[15:27:43.372] [bmv2] [T] [thread 45748] [11.0] [cxt 0] Applying table 'tbl_link_monitor381'
[15:27:43.372] [bmv2] [D] [thread 45748] [11.0] [cxt 0] Looking up key:

[15:27:43.372] [bmv2] [D] [thread 45748] [11.0] [cxt 0] Table 'tbl_link_monitor381': miss
[15:27:43.372] [bmv2] [D] [thread 45748] [11.0] [cxt 0] Action entry is link_monitor381 - 
[15:27:43.372] [bmv2] [T] [thread 45748] [11.0] [cxt 0] Action link_monitor381
[15:27:43.372] [bmv2] [T] [thread 45748] [11.0] [cxt 0] link_monitor.p4(381) Primitive (bit<32>)standard_metadata.egress_port
[15:27:43.372] [bmv2] [T] [thread 45748] [11.0] [cxt 0] link_monitor.p4(381) Primitive byte_cnt_reg.write((bit<32>)standard_metadata.egress_port, new_byte_cnt)
[15:27:43.372] [bmv2] [T] [thread 45748] [11.0] [cxt 0] Wrote register 'MyEgress.byte_cnt_reg' at index 0 with value 1000
[15:27:43.372] [bmv2] [T] [thread 45748] [11.0] [cxt 0] link_monitor.p4(383) Condition "hdr.probe.isValid()" (node_16) is false
[15:27:43.372] [bmv2] [D] [thread 45748] [11.0] [cxt 0] Pipeline 'egress': end
[15:27:43.372] [bmv2] [D] [thread 45748] [11.0] [cxt 0] Deparser 'deparser': start
[15:27:43.372] [bmv2] [T] [thread 45748] [11.0] [cxt 0] Skipping checksum 'cksum' update because condition not met
[15:27:43.372] [bmv2] [D] [thread 45748] [11.0] [cxt 0] Deparsing header 'ethernet'
[15:27:43.372] [bmv2] [D] [thread 45748] [11.0] [cxt 0] Deparser 'deparser': end
[15:27:43.372] [bmv2] [D] [thread 45752] [11.0] [cxt 0] Transmitting packet of size 90 out of port 0
[15:27:43.396] [bmv2] [D] [thread 45747] [12.0] [cxt 0] Processing packet received on port 2
[15:27:43.396] [bmv2] [D] [thread 45747] [12.0] [cxt 0] Parser 'parser': start
[15:27:43.396] [bmv2] [D] [thread 45747] [12.0] [cxt 0] Parser 'parser' entering state 'start'
[15:27:43.396] [bmv2] [D] [thread 45747] [12.0] [cxt 0] Extracting header 'ethernet'
[15:27:43.396] [bmv2] [D] [thread 45747] [12.0] [cxt 0] Parser state 'start': key is 86dd
[15:27:43.396] [bmv2] [T] [thread 45747] [12.0] [cxt 0] Bytes parsed: 14
[15:27:43.396] [bmv2] [D] [thread 45747] [12.0] [cxt 0] Parser 'parser': end
[15:27:43.396] [bmv2] [D] [thread 45747] [12.0] [cxt 0] Pipeline 'ingress': start
[15:27:43.396] [bmv2] [T] [thread 45747] [12.0] [cxt 0] link_monitor.p4(331) Condition "hdr.tcp.isValid()" (node_2) is false
[15:27:43.396] [bmv2] [T] [thread 45747] [12.0] [cxt 0] link_monitor.p4(335) Condition "hdr.ipv4.isValid()" (node_5) is false
[15:27:43.396] [bmv2] [T] [thread 45747] [12.0] [cxt 0] link_monitor.p4(338) Condition "hdr.probe.isValid()" (node_7) is false
[15:27:43.396] [bmv2] [D] [thread 45747] [12.0] [cxt 0] Pipeline 'ingress': end
[15:27:43.396] [bmv2] [D] [thread 45747] [12.0] [cxt 0] Egress port is 0
[15:27:43.396] [bmv2] [D] [thread 45747] [13.0] [cxt 0] Processing packet received on port 2
[15:27:43.396] [bmv2] [D] [thread 45747] [13.0] [cxt 0] Parser 'parser': start
[15:27:43.396] [bmv2] [D] [thread 45747] [13.0] [cxt 0] Parser 'parser' entering state 'start'
[15:27:43.396] [bmv2] [D] [thread 45747] [13.0] [cxt 0] Extracting header 'ethernet'
[15:27:43.396] [bmv2] [D] [thread 45747] [13.0] [cxt 0] Parser state 'start': key is 86dd
[15:27:43.396] [bmv2] [T] [thread 45747] [13.0] [cxt 0] Bytes parsed: 14
[15:27:43.396] [bmv2] [D] [thread 45747] [13.0] [cxt 0] Parser 'parser': end
[15:27:43.396] [bmv2] [D] [thread 45747] [13.0] [cxt 0] Pipeline 'ingress': start
[15:27:43.396] [bmv2] [T] [thread 45747] [13.0] [cxt 0] link_monitor.p4(331) Condition "hdr.tcp.isValid()" (node_2) is false
[15:27:43.396] [bmv2] [T] [thread 45747] [13.0] [cxt 0] link_monitor.p4(335) Condition "hdr.ipv4.isValid()" (node_5) is false
[15:27:43.396] [bmv2] [T] [thread 45747] [13.0] [cxt 0] link_monitor.p4(338) Condition "hdr.probe.isValid()" (node_7) is false
[15:27:43.396] [bmv2] [D] [thread 45747] [13.0] [cxt 0] Pipeline 'ingress': end
[15:27:43.396] [bmv2] [D] [thread 45747] [13.0] [cxt 0] Egress port is 0
[15:27:43.398] [bmv2] [D] [thread 45748] [12.0] [cxt 0] Pipeline 'egress': start
[15:27:43.398] [bmv2] [T] [thread 45748] [12.0] [cxt 0] Applying table 'tbl_link_monitor377'
[15:27:43.398] [bmv2] [D] [thread 45748] [12.0] [cxt 0] Looking up key:

[15:27:43.398] [bmv2] [D] [thread 45748] [12.0] [cxt 0] Table 'tbl_link_monitor377': miss
[15:27:43.398] [bmv2] [D] [thread 45748] [12.0] [cxt 0] Action entry is link_monitor377 - 
[15:27:43.398] [bmv2] [T] [thread 45748] [12.0] [cxt 0] Action link_monitor377
[15:27:43.398] [bmv2] [T] [thread 45748] [12.0] [cxt 0] link_monitor.p4(377) Primitive (bit<32>)standard_metadata.egress_port
[15:27:43.398] [bmv2] [T] [thread 45748] [12.0] [cxt 0] link_monitor.p4(377) Primitive byte_cnt_reg.read(byte_cnt, (bit<32>)standard_metadata.egress_port)
[15:27:43.398] [bmv2] [T] [thread 45748] [12.0] [cxt 0] Read register 'MyEgress.byte_cnt_reg' at index 0 read value 1000
[15:27:43.398] [bmv2] [T] [thread 45748] [12.0] [cxt 0] link_monitor.p4(378) Primitive byte_cnt = byte_cnt + standard_metadata.packet_length
[15:27:43.398] [bmv2] [T] [thread 45748] [12.0] [cxt 0] link_monitor.p4(380) Condition "hdr.probe.isValid()" (node_12) is false
[15:27:43.398] [bmv2] [T] [thread 45748] [12.0] [cxt 0] Applying table 'tbl_link_monitor380_0'
[15:27:43.398] [bmv2] [D] [thread 45748] [12.0] [cxt 0] Looking up key:

[15:27:43.398] [bmv2] [D] [thread 45748] [12.0] [cxt 0] Table 'tbl_link_monitor380_0': miss
[15:27:43.398] [bmv2] [D] [thread 45748] [12.0] [cxt 0] Action entry is link_monitor380_0 - 
[15:27:43.398] [bmv2] [T] [thread 45748] [12.0] [cxt 0] Action link_monitor380_0
[15:27:43.398] [bmv2] [T] [thread 45748] [12.0] [cxt 0] link_monitor.p4(380) Primitive (hdr.probe.isValid()) ? 0 : byte_cnt
[15:27:43.398] [bmv2] [T] [thread 45748] [12.0] [cxt 0] Applying table 'tbl_link_monitor381'
[15:27:43.398] [bmv2] [D] [thread 45748] [12.0] [cxt 0] Looking up key:

[15:27:43.398] [bmv2] [D] [thread 45748] [12.0] [cxt 0] Table 'tbl_link_monitor381': miss
[15:27:43.398] [bmv2] [D] [thread 45748] [12.0] [cxt 0] Action entry is link_monitor381 - 
[15:27:43.398] [bmv2] [T] [thread 45748] [12.0] [cxt 0] Action link_monitor381
[15:27:43.398] [bmv2] [T] [thread 45748] [12.0] [cxt 0] link_monitor.p4(381) Primitive (bit<32>)standard_metadata.egress_port
[15:27:43.398] [bmv2] [T] [thread 45748] [12.0] [cxt 0] link_monitor.p4(381) Primitive byte_cnt_reg.write((bit<32>)standard_metadata.egress_port, new_byte_cnt)
[15:27:43.398] [bmv2] [T] [thread 45748] [12.0] [cxt 0] Wrote register 'MyEgress.byte_cnt_reg' at index 0 with value 1090
[15:27:43.398] [bmv2] [T] [thread 45748] [12.0] [cxt 0] link_monitor.p4(383) Condition "hdr.probe.isValid()" (node_16) is false
[15:27:43.398] [bmv2] [D] [thread 45748] [12.0] [cxt 0] Pipeline 'egress': end
[15:27:43.398] [bmv2] [D] [thread 45748] [12.0] [cxt 0] Deparser 'deparser': start
[15:27:43.398] [bmv2] [T] [thread 45748] [12.0] [cxt 0] Skipping checksum 'cksum' update because condition not met
[15:27:43.398] [bmv2] [D] [thread 45748] [12.0] [cxt 0] Deparsing header 'ethernet'
[15:27:43.398] [bmv2] [D] [thread 45748] [12.0] [cxt 0] Deparser 'deparser': end
[15:27:43.398] [bmv2] [D] [thread 45748] [13.0] [cxt 0] Pipeline 'egress': start
[15:27:43.398] [bmv2] [T] [thread 45748] [13.0] [cxt 0] Applying table 'tbl_link_monitor377'
[15:27:43.398] [bmv2] [D] [thread 45748] [13.0] [cxt 0] Looking up key:

[15:27:43.398] [bmv2] [D] [thread 45748] [13.0] [cxt 0] Table 'tbl_link_monitor377': miss
[15:27:43.398] [bmv2] [D] [thread 45748] [13.0] [cxt 0] Action entry is link_monitor377 - 
[15:27:43.398] [bmv2] [T] [thread 45748] [13.0] [cxt 0] Action link_monitor377
[15:27:43.398] [bmv2] [T] [thread 45748] [13.0] [cxt 0] link_monitor.p4(377) Primitive (bit<32>)standard_metadata.egress_port
[15:27:43.398] [bmv2] [T] [thread 45748] [13.0] [cxt 0] link_monitor.p4(377) Primitive byte_cnt_reg.read(byte_cnt, (bit<32>)standard_metadata.egress_port)
[15:27:43.398] [bmv2] [T] [thread 45748] [13.0] [cxt 0] Read register 'MyEgress.byte_cnt_reg' at index 0 read value 1090
[15:27:43.398] [bmv2] [T] [thread 45748] [13.0] [cxt 0] link_monitor.p4(378) Primitive byte_cnt = byte_cnt + standard_metadata.packet_length
[15:27:43.398] [bmv2] [T] [thread 45748] [13.0] [cxt 0] link_monitor.p4(380) Condition "hdr.probe.isValid()" (node_12) is false
[15:27:43.398] [bmv2] [T] [thread 45748] [13.0] [cxt 0] Applying table 'tbl_link_monitor380_0'
[15:27:43.398] [bmv2] [D] [thread 45748] [13.0] [cxt 0] Looking up key:

[15:27:43.398] [bmv2] [D] [thread 45748] [13.0] [cxt 0] Table 'tbl_link_monitor380_0': miss
[15:27:43.398] [bmv2] [D] [thread 45748] [13.0] [cxt 0] Action entry is link_monitor380_0 - 
[15:27:43.398] [bmv2] [T] [thread 45748] [13.0] [cxt 0] Action link_monitor380_0
[15:27:43.398] [bmv2] [T] [thread 45748] [13.0] [cxt 0] link_monitor.p4(380) Primitive (hdr.probe.isValid()) ? 0 : byte_cnt
[15:27:43.398] [bmv2] [T] [thread 45748] [13.0] [cxt 0] Applying table 'tbl_link_monitor381'
[15:27:43.398] [bmv2] [D] [thread 45748] [13.0] [cxt 0] Looking up key:

[15:27:43.398] [bmv2] [D] [thread 45748] [13.0] [cxt 0] Table 'tbl_link_monitor381': miss
[15:27:43.398] [bmv2] [D] [thread 45748] [13.0] [cxt 0] Action entry is link_monitor381 - 
[15:27:43.398] [bmv2] [T] [thread 45748] [13.0] [cxt 0] Action link_monitor381
[15:27:43.398] [bmv2] [T] [thread 45748] [13.0] [cxt 0] link_monitor.p4(381) Primitive (bit<32>)standard_metadata.egress_port
[15:27:43.398] [bmv2] [T] [thread 45748] [13.0] [cxt 0] link_monitor.p4(381) Primitive byte_cnt_reg.write((bit<32>)standard_metadata.egress_port, new_byte_cnt)
[15:27:43.398] [bmv2] [T] [thread 45748] [13.0] [cxt 0] Wrote register 'MyEgress.byte_cnt_reg' at index 0 with value 1160
[15:27:43.398] [bmv2] [T] [thread 45748] [13.0] [cxt 0] link_monitor.p4(383) Condition "hdr.probe.isValid()" (node_16) is false
[15:27:43.398] [bmv2] [D] [thread 45748] [13.0] [cxt 0] Pipeline 'egress': end
[15:27:43.398] [bmv2] [D] [thread 45748] [13.0] [cxt 0] Deparser 'deparser': start
[15:27:43.398] [bmv2] [T] [thread 45748] [13.0] [cxt 0] Skipping checksum 'cksum' update because condition not met
[15:27:43.399] [bmv2] [D] [thread 45748] [13.0] [cxt 0] Deparsing header 'ethernet'
[15:27:43.399] [bmv2] [D] [thread 45748] [13.0] [cxt 0] Deparser 'deparser': end
[15:27:43.399] [bmv2] [D] [thread 45752] [12.0] [cxt 0] Transmitting packet of size 90 out of port 0
[15:27:43.399] [bmv2] [D] [thread 45752] [13.0] [cxt 0] Transmitting packet of size 70 out of port 0
[15:27:43.428] [bmv2] [D] [thread 45747] [14.0] [cxt 0] Processing packet received on port 3
[15:27:43.428] [bmv2] [D] [thread 45747] [14.0] [cxt 0] Parser 'parser': start
[15:27:43.428] [bmv2] [D] [thread 45747] [14.0] [cxt 0] Parser 'parser' entering state 'start'
[15:27:43.428] [bmv2] [D] [thread 45747] [14.0] [cxt 0] Extracting header 'ethernet'
[15:27:43.428] [bmv2] [D] [thread 45747] [14.0] [cxt 0] Parser state 'start': key is 86dd
[15:27:43.428] [bmv2] [T] [thread 45747] [14.0] [cxt 0] Bytes parsed: 14
[15:27:43.428] [bmv2] [D] [thread 45747] [14.0] [cxt 0] Parser 'parser': end
[15:27:43.428] [bmv2] [D] [thread 45747] [14.0] [cxt 0] Pipeline 'ingress': start
[15:27:43.428] [bmv2] [T] [thread 45747] [14.0] [cxt 0] link_monitor.p4(331) Condition "hdr.tcp.isValid()" (node_2) is false
[15:27:43.428] [bmv2] [T] [thread 45747] [14.0] [cxt 0] link_monitor.p4(335) Condition "hdr.ipv4.isValid()" (node_5) is false
[15:27:43.428] [bmv2] [T] [thread 45747] [14.0] [cxt 0] link_monitor.p4(338) Condition "hdr.probe.isValid()" (node_7) is false
[15:27:43.428] [bmv2] [D] [thread 45747] [14.0] [cxt 0] Pipeline 'ingress': end
[15:27:43.428] [bmv2] [D] [thread 45747] [14.0] [cxt 0] Egress port is 0
[15:27:43.428] [bmv2] [D] [thread 45747] [15.0] [cxt 0] Processing packet received on port 3
[15:27:43.428] [bmv2] [D] [thread 45747] [15.0] [cxt 0] Parser 'parser': start
[15:27:43.428] [bmv2] [D] [thread 45747] [15.0] [cxt 0] Parser 'parser' entering state 'start'
[15:27:43.428] [bmv2] [D] [thread 45747] [15.0] [cxt 0] Extracting header 'ethernet'
[15:27:43.428] [bmv2] [D] [thread 45747] [15.0] [cxt 0] Parser state 'start': key is 86dd
[15:27:43.428] [bmv2] [T] [thread 45747] [15.0] [cxt 0] Bytes parsed: 14
[15:27:43.428] [bmv2] [D] [thread 45747] [15.0] [cxt 0] Parser 'parser': end
[15:27:43.428] [bmv2] [D] [thread 45747] [15.0] [cxt 0] Pipeline 'ingress': start
[15:27:43.428] [bmv2] [T] [thread 45747] [15.0] [cxt 0] link_monitor.p4(331) Condition "hdr.tcp.isValid()" (node_2) is false
[15:27:43.428] [bmv2] [T] [thread 45747] [15.0] [cxt 0] link_monitor.p4(335) Condition "hdr.ipv4.isValid()" (node_5) is false
[15:27:43.428] [bmv2] [T] [thread 45747] [15.0] [cxt 0] link_monitor.p4(338) Condition "hdr.probe.isValid()" (node_7) is false
[15:27:43.428] [bmv2] [D] [thread 45747] [15.0] [cxt 0] Pipeline 'ingress': end
[15:27:43.428] [bmv2] [D] [thread 45747] [15.0] [cxt 0] Egress port is 0
[15:27:43.432] [bmv2] [D] [thread 45748] [14.0] [cxt 0] Pipeline 'egress': start
[15:27:43.432] [bmv2] [T] [thread 45748] [14.0] [cxt 0] Applying table 'tbl_link_monitor377'
[15:27:43.432] [bmv2] [D] [thread 45748] [14.0] [cxt 0] Looking up key:

[15:27:43.432] [bmv2] [D] [thread 45748] [14.0] [cxt 0] Table 'tbl_link_monitor377': miss
[15:27:43.432] [bmv2] [D] [thread 45748] [14.0] [cxt 0] Action entry is link_monitor377 - 
[15:27:43.432] [bmv2] [T] [thread 45748] [14.0] [cxt 0] Action link_monitor377
[15:27:43.432] [bmv2] [T] [thread 45748] [14.0] [cxt 0] link_monitor.p4(377) Primitive (bit<32>)standard_metadata.egress_port
[15:27:43.432] [bmv2] [T] [thread 45748] [14.0] [cxt 0] link_monitor.p4(377) Primitive byte_cnt_reg.read(byte_cnt, (bit<32>)standard_metadata.egress_port)
[15:27:43.432] [bmv2] [T] [thread 45748] [14.0] [cxt 0] Read register 'MyEgress.byte_cnt_reg' at index 0 read value 1160
[15:27:43.432] [bmv2] [T] [thread 45748] [14.0] [cxt 0] link_monitor.p4(378) Primitive byte_cnt = byte_cnt + standard_metadata.packet_length
[15:27:43.432] [bmv2] [T] [thread 45748] [14.0] [cxt 0] link_monitor.p4(380) Condition "hdr.probe.isValid()" (node_12) is false
[15:27:43.432] [bmv2] [T] [thread 45748] [14.0] [cxt 0] Applying table 'tbl_link_monitor380_0'
[15:27:43.432] [bmv2] [D] [thread 45748] [14.0] [cxt 0] Looking up key:

[15:27:43.432] [bmv2] [D] [thread 45748] [14.0] [cxt 0] Table 'tbl_link_monitor380_0': miss
[15:27:43.432] [bmv2] [D] [thread 45748] [14.0] [cxt 0] Action entry is link_monitor380_0 - 
[15:27:43.432] [bmv2] [T] [thread 45748] [14.0] [cxt 0] Action link_monitor380_0
[15:27:43.432] [bmv2] [T] [thread 45748] [14.0] [cxt 0] link_monitor.p4(380) Primitive (hdr.probe.isValid()) ? 0 : byte_cnt
[15:27:43.432] [bmv2] [T] [thread 45748] [14.0] [cxt 0] Applying table 'tbl_link_monitor381'
[15:27:43.432] [bmv2] [D] [thread 45748] [14.0] [cxt 0] Looking up key:

[15:27:43.432] [bmv2] [D] [thread 45748] [14.0] [cxt 0] Table 'tbl_link_monitor381': miss
[15:27:43.432] [bmv2] [D] [thread 45748] [14.0] [cxt 0] Action entry is link_monitor381 - 
[15:27:43.432] [bmv2] [T] [thread 45748] [14.0] [cxt 0] Action link_monitor381
[15:27:43.432] [bmv2] [T] [thread 45748] [14.0] [cxt 0] link_monitor.p4(381) Primitive (bit<32>)standard_metadata.egress_port
[15:27:43.432] [bmv2] [T] [thread 45748] [14.0] [cxt 0] link_monitor.p4(381) Primitive byte_cnt_reg.write((bit<32>)standard_metadata.egress_port, new_byte_cnt)
[15:27:43.432] [bmv2] [T] [thread 45748] [14.0] [cxt 0] Wrote register 'MyEgress.byte_cnt_reg' at index 0 with value 1250
[15:27:43.432] [bmv2] [T] [thread 45748] [14.0] [cxt 0] link_monitor.p4(383) Condition "hdr.probe.isValid()" (node_16) is false
[15:27:43.432] [bmv2] [D] [thread 45748] [14.0] [cxt 0] Pipeline 'egress': end
[15:27:43.432] [bmv2] [D] [thread 45748] [14.0] [cxt 0] Deparser 'deparser': start
[15:27:43.432] [bmv2] [T] [thread 45748] [14.0] [cxt 0] Skipping checksum 'cksum' update because condition not met
[15:27:43.432] [bmv2] [D] [thread 45748] [14.0] [cxt 0] Deparsing header 'ethernet'
[15:27:43.432] [bmv2] [D] [thread 45748] [14.0] [cxt 0] Deparser 'deparser': end
[15:27:43.432] [bmv2] [D] [thread 45748] [15.0] [cxt 0] Pipeline 'egress': start
[15:27:43.432] [bmv2] [T] [thread 45748] [15.0] [cxt 0] Applying table 'tbl_link_monitor377'
[15:27:43.432] [bmv2] [D] [thread 45748] [15.0] [cxt 0] Looking up key:

[15:27:43.432] [bmv2] [D] [thread 45748] [15.0] [cxt 0] Table 'tbl_link_monitor377': miss
[15:27:43.432] [bmv2] [D] [thread 45748] [15.0] [cxt 0] Action entry is link_monitor377 - 
[15:27:43.432] [bmv2] [T] [thread 45748] [15.0] [cxt 0] Action link_monitor377
[15:27:43.432] [bmv2] [T] [thread 45748] [15.0] [cxt 0] link_monitor.p4(377) Primitive (bit<32>)standard_metadata.egress_port
[15:27:43.432] [bmv2] [T] [thread 45748] [15.0] [cxt 0] link_monitor.p4(377) Primitive byte_cnt_reg.read(byte_cnt, (bit<32>)standard_metadata.egress_port)
[15:27:43.432] [bmv2] [T] [thread 45748] [15.0] [cxt 0] Read register 'MyEgress.byte_cnt_reg' at index 0 read value 1250
[15:27:43.432] [bmv2] [T] [thread 45748] [15.0] [cxt 0] link_monitor.p4(378) Primitive byte_cnt = byte_cnt + standard_metadata.packet_length
[15:27:43.432] [bmv2] [T] [thread 45748] [15.0] [cxt 0] link_monitor.p4(380) Condition "hdr.probe.isValid()" (node_12) is false
[15:27:43.432] [bmv2] [T] [thread 45748] [15.0] [cxt 0] Applying table 'tbl_link_monitor380_0'
[15:27:43.432] [bmv2] [D] [thread 45748] [15.0] [cxt 0] Looking up key:

[15:27:43.432] [bmv2] [D] [thread 45748] [15.0] [cxt 0] Table 'tbl_link_monitor380_0': miss
[15:27:43.432] [bmv2] [D] [thread 45748] [15.0] [cxt 0] Action entry is link_monitor380_0 - 
[15:27:43.432] [bmv2] [T] [thread 45748] [15.0] [cxt 0] Action link_monitor380_0
[15:27:43.432] [bmv2] [T] [thread 45748] [15.0] [cxt 0] link_monitor.p4(380) Primitive (hdr.probe.isValid()) ? 0 : byte_cnt
[15:27:43.432] [bmv2] [T] [thread 45748] [15.0] [cxt 0] Applying table 'tbl_link_monitor381'
[15:27:43.432] [bmv2] [D] [thread 45752] [14.0] [cxt 0] Transmitting packet of size 90 out of port 0
[15:27:43.432] [bmv2] [D] [thread 45748] [15.0] [cxt 0] Looking up key:

[15:27:43.432] [bmv2] [D] [thread 45748] [15.0] [cxt 0] Table 'tbl_link_monitor381': miss
[15:27:43.432] [bmv2] [D] [thread 45748] [15.0] [cxt 0] Action entry is link_monitor381 - 
[15:27:43.432] [bmv2] [T] [thread 45748] [15.0] [cxt 0] Action link_monitor381
[15:27:43.432] [bmv2] [T] [thread 45748] [15.0] [cxt 0] link_monitor.p4(381) Primitive (bit<32>)standard_metadata.egress_port
[15:27:43.432] [bmv2] [T] [thread 45748] [15.0] [cxt 0] link_monitor.p4(381) Primitive byte_cnt_reg.write((bit<32>)standard_metadata.egress_port, new_byte_cnt)
[15:27:43.432] [bmv2] [T] [thread 45748] [15.0] [cxt 0] Wrote register 'MyEgress.byte_cnt_reg' at index 0 with value 1320
[15:27:43.432] [bmv2] [T] [thread 45748] [15.0] [cxt 0] link_monitor.p4(383) Condition "hdr.probe.isValid()" (node_16) is false
[15:27:43.432] [bmv2] [D] [thread 45748] [15.0] [cxt 0] Pipeline 'egress': end
[15:27:43.432] [bmv2] [D] [thread 45748] [15.0] [cxt 0] Deparser 'deparser': start
[15:27:43.432] [bmv2] [T] [thread 45748] [15.0] [cxt 0] Skipping checksum 'cksum' update because condition not met
[15:27:43.432] [bmv2] [D] [thread 45748] [15.0] [cxt 0] Deparsing header 'ethernet'
[15:27:43.432] [bmv2] [D] [thread 45748] [15.0] [cxt 0] Deparser 'deparser': end
[15:27:43.433] [bmv2] [D] [thread 45752] [15.0] [cxt 0] Transmitting packet of size 70 out of port 0
[15:27:43.750] [bmv2] [D] [thread 45747] [16.0] [cxt 0] Processing packet received on port 2
[15:27:43.750] [bmv2] [D] [thread 45747] [16.0] [cxt 0] Parser 'parser': start
[15:27:43.750] [bmv2] [D] [thread 45747] [16.0] [cxt 0] Parser 'parser' entering state 'start'
[15:27:43.750] [bmv2] [D] [thread 45747] [16.0] [cxt 0] Extracting header 'ethernet'
[15:27:43.750] [bmv2] [D] [thread 45747] [16.0] [cxt 0] Parser state 'start': key is 86dd
[15:27:43.750] [bmv2] [T] [thread 45747] [16.0] [cxt 0] Bytes parsed: 14
[15:27:43.750] [bmv2] [D] [thread 45747] [16.0] [cxt 0] Parser 'parser': end
[15:27:43.750] [bmv2] [D] [thread 45747] [16.0] [cxt 0] Pipeline 'ingress': start
[15:27:43.750] [bmv2] [T] [thread 45747] [16.0] [cxt 0] link_monitor.p4(331) Condition "hdr.tcp.isValid()" (node_2) is false
[15:27:43.750] [bmv2] [T] [thread 45747] [16.0] [cxt 0] link_monitor.p4(335) Condition "hdr.ipv4.isValid()" (node_5) is false
[15:27:43.750] [bmv2] [T] [thread 45747] [16.0] [cxt 0] link_monitor.p4(338) Condition "hdr.probe.isValid()" (node_7) is false
[15:27:43.750] [bmv2] [D] [thread 45747] [16.0] [cxt 0] Pipeline 'ingress': end
[15:27:43.750] [bmv2] [D] [thread 45747] [16.0] [cxt 0] Egress port is 0
[15:27:43.750] [bmv2] [D] [thread 45748] [16.0] [cxt 0] Pipeline 'egress': start
[15:27:43.750] [bmv2] [T] [thread 45748] [16.0] [cxt 0] Applying table 'tbl_link_monitor377'
[15:27:43.750] [bmv2] [D] [thread 45748] [16.0] [cxt 0] Looking up key:

[15:27:43.750] [bmv2] [D] [thread 45748] [16.0] [cxt 0] Table 'tbl_link_monitor377': miss
[15:27:43.750] [bmv2] [D] [thread 45748] [16.0] [cxt 0] Action entry is link_monitor377 - 
[15:27:43.750] [bmv2] [T] [thread 45748] [16.0] [cxt 0] Action link_monitor377
[15:27:43.750] [bmv2] [T] [thread 45748] [16.0] [cxt 0] link_monitor.p4(377) Primitive (bit<32>)standard_metadata.egress_port
[15:27:43.750] [bmv2] [T] [thread 45748] [16.0] [cxt 0] link_monitor.p4(377) Primitive byte_cnt_reg.read(byte_cnt, (bit<32>)standard_metadata.egress_port)
[15:27:43.750] [bmv2] [T] [thread 45748] [16.0] [cxt 0] Read register 'MyEgress.byte_cnt_reg' at index 0 read value 1320
[15:27:43.750] [bmv2] [T] [thread 45748] [16.0] [cxt 0] link_monitor.p4(378) Primitive byte_cnt = byte_cnt + standard_metadata.packet_length
[15:27:43.750] [bmv2] [T] [thread 45748] [16.0] [cxt 0] link_monitor.p4(380) Condition "hdr.probe.isValid()" (node_12) is false
[15:27:43.750] [bmv2] [T] [thread 45748] [16.0] [cxt 0] Applying table 'tbl_link_monitor380_0'
[15:27:43.750] [bmv2] [D] [thread 45748] [16.0] [cxt 0] Looking up key:

[15:27:43.750] [bmv2] [D] [thread 45748] [16.0] [cxt 0] Table 'tbl_link_monitor380_0': miss
[15:27:43.750] [bmv2] [D] [thread 45748] [16.0] [cxt 0] Action entry is link_monitor380_0 - 
[15:27:43.750] [bmv2] [T] [thread 45748] [16.0] [cxt 0] Action link_monitor380_0
[15:27:43.751] [bmv2] [T] [thread 45748] [16.0] [cxt 0] link_monitor.p4(380) Primitive (hdr.probe.isValid()) ? 0 : byte_cnt
[15:27:43.751] [bmv2] [T] [thread 45748] [16.0] [cxt 0] Applying table 'tbl_link_monitor381'
[15:27:43.751] [bmv2] [D] [thread 45748] [16.0] [cxt 0] Looking up key:

[15:27:43.751] [bmv2] [D] [thread 45748] [16.0] [cxt 0] Table 'tbl_link_monitor381': miss
[15:27:43.751] [bmv2] [D] [thread 45748] [16.0] [cxt 0] Action entry is link_monitor381 - 
[15:27:43.751] [bmv2] [T] [thread 45748] [16.0] [cxt 0] Action link_monitor381
[15:27:43.751] [bmv2] [T] [thread 45748] [16.0] [cxt 0] link_monitor.p4(381) Primitive (bit<32>)standard_metadata.egress_port
[15:27:43.751] [bmv2] [T] [thread 45748] [16.0] [cxt 0] link_monitor.p4(381) Primitive byte_cnt_reg.write((bit<32>)standard_metadata.egress_port, new_byte_cnt)
[15:27:43.751] [bmv2] [T] [thread 45748] [16.0] [cxt 0] Wrote register 'MyEgress.byte_cnt_reg' at index 0 with value 1410
[15:27:43.751] [bmv2] [T] [thread 45748] [16.0] [cxt 0] link_monitor.p4(383) Condition "hdr.probe.isValid()" (node_16) is false
[15:27:43.751] [bmv2] [D] [thread 45748] [16.0] [cxt 0] Pipeline 'egress': end
[15:27:43.751] [bmv2] [D] [thread 45748] [16.0] [cxt 0] Deparser 'deparser': start
[15:27:43.751] [bmv2] [T] [thread 45748] [16.0] [cxt 0] Skipping checksum 'cksum' update because condition not met
[15:27:43.751] [bmv2] [D] [thread 45748] [16.0] [cxt 0] Deparsing header 'ethernet'
[15:27:43.751] [bmv2] [D] [thread 45748] [16.0] [cxt 0] Deparser 'deparser': end
[15:27:43.751] [bmv2] [D] [thread 45752] [16.0] [cxt 0] Transmitting packet of size 90 out of port 0
[15:27:43.912] [bmv2] [D] [thread 45747] [17.0] [cxt 0] Processing packet received on port 1
[15:27:43.912] [bmv2] [D] [thread 45747] [17.0] [cxt 0] Parser 'parser': start
[15:27:43.912] [bmv2] [D] [thread 45747] [17.0] [cxt 0] Parser 'parser' entering state 'start'
[15:27:43.912] [bmv2] [D] [thread 45747] [17.0] [cxt 0] Extracting header 'ethernet'
[15:27:43.912] [bmv2] [D] [thread 45747] [17.0] [cxt 0] Parser state 'start': key is 86dd
[15:27:43.912] [bmv2] [T] [thread 45747] [17.0] [cxt 0] Bytes parsed: 14
[15:27:43.912] [bmv2] [D] [thread 45747] [17.0] [cxt 0] Parser 'parser': end
[15:27:43.912] [bmv2] [D] [thread 45747] [17.0] [cxt 0] Pipeline 'ingress': start
[15:27:43.912] [bmv2] [T] [thread 45747] [17.0] [cxt 0] link_monitor.p4(331) Condition "hdr.tcp.isValid()" (node_2) is false
[15:27:43.912] [bmv2] [T] [thread 45747] [17.0] [cxt 0] link_monitor.p4(335) Condition "hdr.ipv4.isValid()" (node_5) is false
[15:27:43.912] [bmv2] [T] [thread 45747] [17.0] [cxt 0] link_monitor.p4(338) Condition "hdr.probe.isValid()" (node_7) is false
[15:27:43.912] [bmv2] [D] [thread 45747] [17.0] [cxt 0] Pipeline 'ingress': end
[15:27:43.912] [bmv2] [D] [thread 45747] [17.0] [cxt 0] Egress port is 0
[15:27:43.913] [bmv2] [D] [thread 45748] [17.0] [cxt 0] Pipeline 'egress': start
[15:27:43.913] [bmv2] [T] [thread 45748] [17.0] [cxt 0] Applying table 'tbl_link_monitor377'
[15:27:43.913] [bmv2] [D] [thread 45748] [17.0] [cxt 0] Looking up key:

[15:27:43.913] [bmv2] [D] [thread 45748] [17.0] [cxt 0] Table 'tbl_link_monitor377': miss
[15:27:43.913] [bmv2] [D] [thread 45748] [17.0] [cxt 0] Action entry is link_monitor377 - 
[15:27:43.913] [bmv2] [T] [thread 45748] [17.0] [cxt 0] Action link_monitor377
[15:27:43.913] [bmv2] [T] [thread 45748] [17.0] [cxt 0] link_monitor.p4(377) Primitive (bit<32>)standard_metadata.egress_port
[15:27:43.913] [bmv2] [T] [thread 45748] [17.0] [cxt 0] link_monitor.p4(377) Primitive byte_cnt_reg.read(byte_cnt, (bit<32>)standard_metadata.egress_port)
[15:27:43.913] [bmv2] [T] [thread 45748] [17.0] [cxt 0] Read register 'MyEgress.byte_cnt_reg' at index 0 read value 1410
[15:27:43.913] [bmv2] [T] [thread 45748] [17.0] [cxt 0] link_monitor.p4(378) Primitive byte_cnt = byte_cnt + standard_metadata.packet_length
[15:27:43.913] [bmv2] [T] [thread 45748] [17.0] [cxt 0] link_monitor.p4(380) Condition "hdr.probe.isValid()" (node_12) is false
[15:27:43.913] [bmv2] [T] [thread 45748] [17.0] [cxt 0] Applying table 'tbl_link_monitor380_0'
[15:27:43.913] [bmv2] [D] [thread 45748] [17.0] [cxt 0] Looking up key:

[15:27:43.913] [bmv2] [D] [thread 45748] [17.0] [cxt 0] Table 'tbl_link_monitor380_0': miss
[15:27:43.913] [bmv2] [D] [thread 45748] [17.0] [cxt 0] Action entry is link_monitor380_0 - 
[15:27:43.913] [bmv2] [T] [thread 45748] [17.0] [cxt 0] Action link_monitor380_0
[15:27:43.913] [bmv2] [T] [thread 45748] [17.0] [cxt 0] link_monitor.p4(380) Primitive (hdr.probe.isValid()) ? 0 : byte_cnt
[15:27:43.913] [bmv2] [T] [thread 45748] [17.0] [cxt 0] Applying table 'tbl_link_monitor381'
[15:27:43.913] [bmv2] [D] [thread 45748] [17.0] [cxt 0] Looking up key:

[15:27:43.913] [bmv2] [D] [thread 45748] [17.0] [cxt 0] Table 'tbl_link_monitor381': miss
[15:27:43.913] [bmv2] [D] [thread 45748] [17.0] [cxt 0] Action entry is link_monitor381 - 
[15:27:43.913] [bmv2] [T] [thread 45748] [17.0] [cxt 0] Action link_monitor381
[15:27:43.913] [bmv2] [T] [thread 45748] [17.0] [cxt 0] link_monitor.p4(381) Primitive (bit<32>)standard_metadata.egress_port
[15:27:43.913] [bmv2] [T] [thread 45748] [17.0] [cxt 0] link_monitor.p4(381) Primitive byte_cnt_reg.write((bit<32>)standard_metadata.egress_port, new_byte_cnt)
[15:27:43.913] [bmv2] [T] [thread 45748] [17.0] [cxt 0] Wrote register 'MyEgress.byte_cnt_reg' at index 0 with value 1500
[15:27:43.913] [bmv2] [T] [thread 45748] [17.0] [cxt 0] link_monitor.p4(383) Condition "hdr.probe.isValid()" (node_16) is false
[15:27:43.913] [bmv2] [D] [thread 45748] [17.0] [cxt 0] Pipeline 'egress': end
[15:27:43.913] [bmv2] [D] [thread 45748] [17.0] [cxt 0] Deparser 'deparser': start
[15:27:43.913] [bmv2] [T] [thread 45748] [17.0] [cxt 0] Skipping checksum 'cksum' update because condition not met
[15:27:43.913] [bmv2] [D] [thread 45748] [17.0] [cxt 0] Deparsing header 'ethernet'
[15:27:43.913] [bmv2] [D] [thread 45748] [17.0] [cxt 0] Deparser 'deparser': end
[15:27:43.913] [bmv2] [D] [thread 45752] [17.0] [cxt 0] Transmitting packet of size 90 out of port 0
[15:27:44.004] [bmv2] [D] [thread 45747] [18.0] [cxt 0] Processing packet received on port 4
[15:27:44.004] [bmv2] [D] [thread 45747] [18.0] [cxt 0] Parser 'parser': start
[15:27:44.005] [bmv2] [D] [thread 45747] [18.0] [cxt 0] Parser 'parser' entering state 'start'
[15:27:44.005] [bmv2] [D] [thread 45747] [18.0] [cxt 0] Extracting header 'ethernet'
[15:27:44.005] [bmv2] [D] [thread 45747] [18.0] [cxt 0] Parser state 'start': key is 86dd
[15:27:44.005] [bmv2] [T] [thread 45747] [18.0] [cxt 0] Bytes parsed: 14
[15:27:44.005] [bmv2] [D] [thread 45747] [18.0] [cxt 0] Parser 'parser': end
[15:27:44.005] [bmv2] [D] [thread 45747] [18.0] [cxt 0] Pipeline 'ingress': start
[15:27:44.005] [bmv2] [T] [thread 45747] [18.0] [cxt 0] link_monitor.p4(331) Condition "hdr.tcp.isValid()" (node_2) is false
[15:27:44.005] [bmv2] [T] [thread 45747] [18.0] [cxt 0] link_monitor.p4(335) Condition "hdr.ipv4.isValid()" (node_5) is false
[15:27:44.005] [bmv2] [T] [thread 45747] [18.0] [cxt 0] link_monitor.p4(338) Condition "hdr.probe.isValid()" (node_7) is false
[15:27:44.005] [bmv2] [D] [thread 45747] [18.0] [cxt 0] Pipeline 'ingress': end
[15:27:44.005] [bmv2] [D] [thread 45747] [18.0] [cxt 0] Egress port is 0
[15:27:44.005] [bmv2] [D] [thread 45748] [18.0] [cxt 0] Pipeline 'egress': start
[15:27:44.005] [bmv2] [T] [thread 45748] [18.0] [cxt 0] Applying table 'tbl_link_monitor377'
[15:27:44.005] [bmv2] [D] [thread 45748] [18.0] [cxt 0] Looking up key:

[15:27:44.005] [bmv2] [D] [thread 45748] [18.0] [cxt 0] Table 'tbl_link_monitor377': miss
[15:27:44.005] [bmv2] [D] [thread 45748] [18.0] [cxt 0] Action entry is link_monitor377 - 
[15:27:44.005] [bmv2] [T] [thread 45748] [18.0] [cxt 0] Action link_monitor377
[15:27:44.005] [bmv2] [T] [thread 45748] [18.0] [cxt 0] link_monitor.p4(377) Primitive (bit<32>)standard_metadata.egress_port
[15:27:44.005] [bmv2] [T] [thread 45748] [18.0] [cxt 0] link_monitor.p4(377) Primitive byte_cnt_reg.read(byte_cnt, (bit<32>)standard_metadata.egress_port)
[15:27:44.005] [bmv2] [T] [thread 45748] [18.0] [cxt 0] Read register 'MyEgress.byte_cnt_reg' at index 0 read value 1500
[15:27:44.005] [bmv2] [T] [thread 45748] [18.0] [cxt 0] link_monitor.p4(378) Primitive byte_cnt = byte_cnt + standard_metadata.packet_length
[15:27:44.005] [bmv2] [T] [thread 45748] [18.0] [cxt 0] link_monitor.p4(380) Condition "hdr.probe.isValid()" (node_12) is false
[15:27:44.005] [bmv2] [T] [thread 45748] [18.0] [cxt 0] Applying table 'tbl_link_monitor380_0'
[15:27:44.005] [bmv2] [D] [thread 45748] [18.0] [cxt 0] Looking up key:

[15:27:44.005] [bmv2] [D] [thread 45748] [18.0] [cxt 0] Table 'tbl_link_monitor380_0': miss
[15:27:44.005] [bmv2] [D] [thread 45748] [18.0] [cxt 0] Action entry is link_monitor380_0 - 
[15:27:44.005] [bmv2] [T] [thread 45748] [18.0] [cxt 0] Action link_monitor380_0
[15:27:44.005] [bmv2] [T] [thread 45748] [18.0] [cxt 0] link_monitor.p4(380) Primitive (hdr.probe.isValid()) ? 0 : byte_cnt
[15:27:44.005] [bmv2] [T] [thread 45748] [18.0] [cxt 0] Applying table 'tbl_link_monitor381'
[15:27:44.005] [bmv2] [D] [thread 45748] [18.0] [cxt 0] Looking up key:

[15:27:44.005] [bmv2] [D] [thread 45748] [18.0] [cxt 0] Table 'tbl_link_monitor381': miss
[15:27:44.005] [bmv2] [D] [thread 45748] [18.0] [cxt 0] Action entry is link_monitor381 - 
[15:27:44.005] [bmv2] [T] [thread 45748] [18.0] [cxt 0] Action link_monitor381
[15:27:44.005] [bmv2] [T] [thread 45748] [18.0] [cxt 0] link_monitor.p4(381) Primitive (bit<32>)standard_metadata.egress_port
[15:27:44.005] [bmv2] [T] [thread 45748] [18.0] [cxt 0] link_monitor.p4(381) Primitive byte_cnt_reg.write((bit<32>)standard_metadata.egress_port, new_byte_cnt)
[15:27:44.005] [bmv2] [T] [thread 45748] [18.0] [cxt 0] Wrote register 'MyEgress.byte_cnt_reg' at index 0 with value 1590
[15:27:44.005] [bmv2] [T] [thread 45748] [18.0] [cxt 0] link_monitor.p4(383) Condition "hdr.probe.isValid()" (node_16) is false
[15:27:44.005] [bmv2] [D] [thread 45748] [18.0] [cxt 0] Pipeline 'egress': end
[15:27:44.005] [bmv2] [D] [thread 45748] [18.0] [cxt 0] Deparser 'deparser': start
[15:27:44.005] [bmv2] [T] [thread 45748] [18.0] [cxt 0] Skipping checksum 'cksum' update because condition not met
[15:27:44.005] [bmv2] [D] [thread 45748] [18.0] [cxt 0] Deparsing header 'ethernet'
[15:27:44.005] [bmv2] [D] [thread 45748] [18.0] [cxt 0] Deparser 'deparser': end
[15:27:44.005] [bmv2] [D] [thread 45752] [18.0] [cxt 0] Transmitting packet of size 90 out of port 0
[15:27:44.105] [bmv2] [D] [thread 45747] [19.0] [cxt 0] Processing packet received on port 3
[15:27:44.105] [bmv2] [D] [thread 45747] [19.0] [cxt 0] Parser 'parser': start
[15:27:44.106] [bmv2] [D] [thread 45747] [19.0] [cxt 0] Parser 'parser' entering state 'start'
[15:27:44.106] [bmv2] [D] [thread 45747] [19.0] [cxt 0] Extracting header 'ethernet'
[15:27:44.106] [bmv2] [D] [thread 45747] [19.0] [cxt 0] Parser state 'start': key is 86dd
[15:27:44.106] [bmv2] [T] [thread 45747] [19.0] [cxt 0] Bytes parsed: 14
[15:27:44.106] [bmv2] [D] [thread 45747] [19.0] [cxt 0] Parser 'parser': end
[15:27:44.106] [bmv2] [D] [thread 45747] [19.0] [cxt 0] Pipeline 'ingress': start
[15:27:44.106] [bmv2] [T] [thread 45747] [19.0] [cxt 0] link_monitor.p4(331) Condition "hdr.tcp.isValid()" (node_2) is false
[15:27:44.106] [bmv2] [T] [thread 45747] [19.0] [cxt 0] link_monitor.p4(335) Condition "hdr.ipv4.isValid()" (node_5) is false
[15:27:44.106] [bmv2] [T] [thread 45747] [19.0] [cxt 0] link_monitor.p4(338) Condition "hdr.probe.isValid()" (node_7) is false
[15:27:44.106] [bmv2] [D] [thread 45747] [19.0] [cxt 0] Pipeline 'ingress': end
[15:27:44.106] [bmv2] [D] [thread 45747] [19.0] [cxt 0] Egress port is 0
[15:27:44.106] [bmv2] [D] [thread 45748] [19.0] [cxt 0] Pipeline 'egress': start
[15:27:44.106] [bmv2] [T] [thread 45748] [19.0] [cxt 0] Applying table 'tbl_link_monitor377'
[15:27:44.106] [bmv2] [D] [thread 45748] [19.0] [cxt 0] Looking up key:

[15:27:44.106] [bmv2] [D] [thread 45748] [19.0] [cxt 0] Table 'tbl_link_monitor377': miss
[15:27:44.106] [bmv2] [D] [thread 45748] [19.0] [cxt 0] Action entry is link_monitor377 - 
[15:27:44.106] [bmv2] [T] [thread 45748] [19.0] [cxt 0] Action link_monitor377
[15:27:44.106] [bmv2] [T] [thread 45748] [19.0] [cxt 0] link_monitor.p4(377) Primitive (bit<32>)standard_metadata.egress_port
[15:27:44.106] [bmv2] [T] [thread 45748] [19.0] [cxt 0] link_monitor.p4(377) Primitive byte_cnt_reg.read(byte_cnt, (bit<32>)standard_metadata.egress_port)
[15:27:44.106] [bmv2] [T] [thread 45748] [19.0] [cxt 0] Read register 'MyEgress.byte_cnt_reg' at index 0 read value 1590
[15:27:44.106] [bmv2] [T] [thread 45748] [19.0] [cxt 0] link_monitor.p4(378) Primitive byte_cnt = byte_cnt + standard_metadata.packet_length
[15:27:44.106] [bmv2] [T] [thread 45748] [19.0] [cxt 0] link_monitor.p4(380) Condition "hdr.probe.isValid()" (node_12) is false
[15:27:44.106] [bmv2] [T] [thread 45748] [19.0] [cxt 0] Applying table 'tbl_link_monitor380_0'
[15:27:44.106] [bmv2] [D] [thread 45748] [19.0] [cxt 0] Looking up key:

[15:27:44.106] [bmv2] [D] [thread 45748] [19.0] [cxt 0] Table 'tbl_link_monitor380_0': miss
[15:27:44.106] [bmv2] [D] [thread 45748] [19.0] [cxt 0] Action entry is link_monitor380_0 - 
[15:27:44.106] [bmv2] [T] [thread 45748] [19.0] [cxt 0] Action link_monitor380_0
[15:27:44.106] [bmv2] [T] [thread 45748] [19.0] [cxt 0] link_monitor.p4(380) Primitive (hdr.probe.isValid()) ? 0 : byte_cnt
[15:27:44.106] [bmv2] [T] [thread 45748] [19.0] [cxt 0] Applying table 'tbl_link_monitor381'
[15:27:44.106] [bmv2] [D] [thread 45748] [19.0] [cxt 0] Looking up key:

[15:27:44.106] [bmv2] [D] [thread 45748] [19.0] [cxt 0] Table 'tbl_link_monitor381': miss
[15:27:44.106] [bmv2] [D] [thread 45748] [19.0] [cxt 0] Action entry is link_monitor381 - 
[15:27:44.106] [bmv2] [T] [thread 45748] [19.0] [cxt 0] Action link_monitor381
[15:27:44.106] [bmv2] [T] [thread 45748] [19.0] [cxt 0] link_monitor.p4(381) Primitive (bit<32>)standard_metadata.egress_port
[15:27:44.106] [bmv2] [T] [thread 45748] [19.0] [cxt 0] link_monitor.p4(381) Primitive byte_cnt_reg.write((bit<32>)standard_metadata.egress_port, new_byte_cnt)
[15:27:44.106] [bmv2] [T] [thread 45748] [19.0] [cxt 0] Wrote register 'MyEgress.byte_cnt_reg' at index 0 with value 1680
[15:27:44.106] [bmv2] [T] [thread 45748] [19.0] [cxt 0] link_monitor.p4(383) Condition "hdr.probe.isValid()" (node_16) is false
[15:27:44.106] [bmv2] [D] [thread 45748] [19.0] [cxt 0] Pipeline 'egress': end
[15:27:44.106] [bmv2] [D] [thread 45748] [19.0] [cxt 0] Deparser 'deparser': start
[15:27:44.106] [bmv2] [T] [thread 45748] [19.0] [cxt 0] Skipping checksum 'cksum' update because condition not met
[15:27:44.106] [bmv2] [D] [thread 45748] [19.0] [cxt 0] Deparsing header 'ethernet'
[15:27:44.106] [bmv2] [D] [thread 45748] [19.0] [cxt 0] Deparser 'deparser': end
[15:27:44.107] [bmv2] [D] [thread 45752] [19.0] [cxt 0] Transmitting packet of size 90 out of port 0
[15:27:45.235] [bmv2] [W] [thread 45809] [P4Runtime] p4::tmp::P4DeviceConfig is deprecated
[15:27:45.241] [bmv2] [D] [thread 45809] Set default default entry for table 'MyIngress.tcp_lb': MyIngress.drop - 
[15:27:45.241] [bmv2] [D] [thread 45809] Set default default entry for table 'MyIngress.tcp_lb_nhop': MyIngress.drop - 
[15:27:45.241] [bmv2] [D] [thread 45809] Set default default entry for table 'MyIngress.ipv4_lpm': MyIngress.drop - 
[15:27:45.241] [bmv2] [D] [thread 45809] Set default default entry for table 'tbl_link_monitor339': link_monitor339 - 
[15:27:45.241] [bmv2] [D] [thread 45809] Set default default entry for table 'tbl_link_monitor377': link_monitor377 - 
[15:27:45.241] [bmv2] [D] [thread 45809] Set default default entry for table 'tbl_link_monitor380': link_monitor380 - 
[15:27:45.241] [bmv2] [D] [thread 45809] Set default default entry for table 'tbl_link_monitor380_0': link_monitor380_0 - 
[15:27:45.241] [bmv2] [D] [thread 45809] Set default default entry for table 'tbl_link_monitor381': link_monitor381 - 
[15:27:45.241] [bmv2] [D] [thread 45809] Set default default entry for table 'tbl_link_monitor385': link_monitor385 - 
[15:27:45.241] [bmv2] [D] [thread 45809] Set default default entry for table 'tbl_link_monitor388': link_monitor388 - 
[15:27:45.241] [bmv2] [D] [thread 45809] Set default default entry for table 'tbl_link_monitor391': link_monitor391 - 
[15:27:45.241] [bmv2] [D] [thread 45809] Set default default entry for table 'MyEgress.swid': NoAction - 
[15:27:45.241] [bmv2] [D] [thread 45809] Set default default entry for table 'tbl_link_monitor396': link_monitor396 - 
[15:27:45.251] [bmv2] [D] [thread 45809] simple_switch target has been notified of a config swap
[15:27:45.254] [bmv2] [D] [thread 45810] Set default entry for table 'MyEgress.swid': MyEgress.set_swid - 2,
[15:27:45.255] [bmv2] [D] [thread 45810] Set default entry for table 'MyIngress.ipv4_lpm': MyIngress.drop - 
[15:27:45.255] [bmv2] [D] [thread 45810] Set default entry for table 'MyIngress.tcp_lb': MyIngress.drop - 
[15:27:45.256] [bmv2] [D] [thread 45815] Set default entry for table 'MyIngress.tcp_lb_nhop': MyIngress.drop - 
[15:27:45.257] [bmv2] [D] [thread 45810] Entry 0 added to table 'MyIngress.ipv4_lpm'
[15:27:45.257] [bmv2] [D] [thread 45810] Dumping entry 0
Match key:
* hdr.ipv4.dstAddr    : LPM       0a000101/32
Action entry: MyIngress.ipv4_forward - 80000000300,4,

[15:27:45.259] [bmv2] [D] [thread 45815] Entry 1 added to table 'MyIngress.ipv4_lpm'
[15:27:45.259] [bmv2] [D] [thread 45815] Dumping entry 1
Match key:
* hdr.ipv4.dstAddr    : LPM       0a000202/32
Action entry: MyIngress.ipv4_forward - 80000000400,3,

[15:27:45.260] [bmv2] [D] [thread 45810] Entry 2 added to table 'MyIngress.ipv4_lpm'
[15:27:45.260] [bmv2] [D] [thread 45810] Dumping entry 2
Match key:
* hdr.ipv4.dstAddr    : LPM       0a000303/32
Action entry: MyIngress.ipv4_forward - 80000000333,1,

[15:27:45.260] [bmv2] [D] [thread 45815] Entry 3 added to table 'MyIngress.ipv4_lpm'
[15:27:45.261] [bmv2] [D] [thread 45815] Dumping entry 3
Match key:
* hdr.ipv4.dstAddr    : LPM       0a000404/32
Action entry: MyIngress.ipv4_forward - 80000000444,2,

[15:27:45.263] [bmv2] [D] [thread 45810] Entry 0 added to table 'MyIngress.tcp_lb'
[15:27:45.263] [bmv2] [D] [thread 45810] Dumping entry 0
Match key:
* hdr.ipv4.dstAddr    : LPM       0a000101/32
Action entry: MyIngress.tcp_lb_action - 3,4,

[15:27:45.268] [bmv2] [D] [thread 45810] Entry 1 added to table 'MyIngress.tcp_lb'
[15:27:45.268] [bmv2] [D] [thread 45810] Dumping entry 1
Match key:
* hdr.ipv4.dstAddr    : LPM       0a000202/32
Action entry: MyIngress.tcp_lb_action - 3,4,

[15:27:45.269] [bmv2] [D] [thread 45810] Entry 2 added to table 'MyIngress.tcp_lb'
[15:27:45.269] [bmv2] [D] [thread 45810] Dumping entry 2
Match key:
* hdr.ipv4.dstAddr    : LPM       0a000303/32
Action entry: MyIngress.tcp_lb_action - 1,1,

[15:27:45.271] [bmv2] [D] [thread 45810] Entry 3 added to table 'MyIngress.tcp_lb'
[15:27:45.271] [bmv2] [D] [thread 45810] Dumping entry 3
Match key:
* hdr.ipv4.dstAddr    : LPM       0a000404/32
Action entry: MyIngress.tcp_lb_action - 2,2,

[15:27:45.274] [bmv2] [D] [thread 45815] Entry 0 added to table 'MyIngress.tcp_lb_nhop'
[15:27:45.274] [bmv2] [D] [thread 45815] Dumping entry 0
Match key:
* meta.lb_port        : EXACT     0001
Action entry: MyIngress.tcp_lb_nhop_action - 80000000333,

[15:27:45.274] [bmv2] [D] [thread 45810] Entry 1 added to table 'MyIngress.tcp_lb_nhop'
[15:27:45.274] [bmv2] [D] [thread 45810] Dumping entry 1
Match key:
* meta.lb_port        : EXACT     0002
Action entry: MyIngress.tcp_lb_nhop_action - 80000000444,

[15:27:45.275] [bmv2] [D] [thread 45815] Entry 2 added to table 'MyIngress.tcp_lb_nhop'
[15:27:45.275] [bmv2] [D] [thread 45815] Dumping entry 2
Match key:
* meta.lb_port        : EXACT     0003
Action entry: MyIngress.tcp_lb_nhop_action - 80000000400,

[15:27:45.276] [bmv2] [D] [thread 45810] Entry 3 added to table 'MyIngress.tcp_lb_nhop'
[15:27:45.276] [bmv2] [D] [thread 45810] Dumping entry 3
Match key:
* meta.lb_port        : EXACT     0004
Action entry: MyIngress.tcp_lb_nhop_action - 80000000300,

[15:27:46.949] [bmv2] [D] [thread 45747] [20.0] [cxt 0] Processing packet received on port 1
[15:27:46.949] [bmv2] [D] [thread 45747] [20.0] [cxt 0] Parser 'parser': start
[15:27:46.949] [bmv2] [D] [thread 45747] [20.0] [cxt 0] Parser 'parser' entering state 'start'
[15:27:46.949] [bmv2] [D] [thread 45747] [20.0] [cxt 0] Extracting header 'ethernet'
[15:27:46.949] [bmv2] [D] [thread 45747] [20.0] [cxt 0] Parser state 'start': key is 86dd
[15:27:46.949] [bmv2] [T] [thread 45747] [20.0] [cxt 0] Bytes parsed: 14
[15:27:46.949] [bmv2] [D] [thread 45747] [20.0] [cxt 0] Parser 'parser': end
[15:27:46.949] [bmv2] [D] [thread 45747] [20.0] [cxt 0] Pipeline 'ingress': start
[15:27:46.949] [bmv2] [T] [thread 45747] [20.0] [cxt 0] link_monitor.p4(331) Condition "hdr.tcp.isValid()" (node_2) is false
[15:27:46.949] [bmv2] [T] [thread 45747] [20.0] [cxt 0] link_monitor.p4(335) Condition "hdr.ipv4.isValid()" (node_5) is false
[15:27:46.949] [bmv2] [T] [thread 45747] [20.0] [cxt 0] link_monitor.p4(338) Condition "hdr.probe.isValid()" (node_7) is false
[15:27:46.949] [bmv2] [D] [thread 45747] [20.0] [cxt 0] Pipeline 'ingress': end
[15:27:46.949] [bmv2] [D] [thread 45747] [20.0] [cxt 0] Egress port is 0
[15:27:46.949] [bmv2] [D] [thread 45747] [21.0] [cxt 0] Processing packet received on port 4
[15:27:46.949] [bmv2] [D] [thread 45747] [21.0] [cxt 0] Parser 'parser': start
[15:27:46.949] [bmv2] [D] [thread 45747] [21.0] [cxt 0] Parser 'parser' entering state 'start'
[15:27:46.949] [bmv2] [D] [thread 45747] [21.0] [cxt 0] Extracting header 'ethernet'
[15:27:46.949] [bmv2] [D] [thread 45747] [21.0] [cxt 0] Parser state 'start': key is 86dd
[15:27:46.949] [bmv2] [T] [thread 45747] [21.0] [cxt 0] Bytes parsed: 14
[15:27:46.949] [bmv2] [D] [thread 45747] [21.0] [cxt 0] Parser 'parser': end
[15:27:46.949] [bmv2] [D] [thread 45747] [21.0] [cxt 0] Pipeline 'ingress': start
[15:27:46.949] [bmv2] [T] [thread 45747] [21.0] [cxt 0] link_monitor.p4(331) Condition "hdr.tcp.isValid()" (node_2) is false
[15:27:46.949] [bmv2] [T] [thread 45747] [21.0] [cxt 0] link_monitor.p4(335) Condition "hdr.ipv4.isValid()" (node_5) is false
[15:27:46.949] [bmv2] [T] [thread 45747] [21.0] [cxt 0] link_monitor.p4(338) Condition "hdr.probe.isValid()" (node_7) is false
[15:27:46.949] [bmv2] [D] [thread 45747] [21.0] [cxt 0] Pipeline 'ingress': end
[15:27:46.949] [bmv2] [D] [thread 45747] [21.0] [cxt 0] Egress port is 0
[15:27:46.950] [bmv2] [D] [thread 45748] [20.0] [cxt 0] Pipeline 'egress': start
[15:27:46.950] [bmv2] [T] [thread 45748] [20.0] [cxt 0] Applying table 'tbl_link_monitor377'
[15:27:46.950] [bmv2] [D] [thread 45748] [20.0] [cxt 0] Looking up key:

[15:27:46.950] [bmv2] [D] [thread 45748] [20.0] [cxt 0] Table 'tbl_link_monitor377': miss
[15:27:46.950] [bmv2] [D] [thread 45748] [20.0] [cxt 0] Action entry is link_monitor377 - 
[15:27:46.950] [bmv2] [T] [thread 45748] [20.0] [cxt 0] Action link_monitor377
[15:27:46.950] [bmv2] [T] [thread 45748] [20.0] [cxt 0] link_monitor.p4(377) Primitive (bit<32>)standard_metadata.egress_port
[15:27:46.950] [bmv2] [T] [thread 45748] [20.0] [cxt 0] link_monitor.p4(377) Primitive byte_cnt_reg.read(byte_cnt, (bit<32>)standard_metadata.egress_port)
[15:27:46.950] [bmv2] [T] [thread 45748] [20.0] [cxt 0] Read register 'MyEgress.byte_cnt_reg' at index 0 read value 0
[15:27:46.950] [bmv2] [T] [thread 45748] [20.0] [cxt 0] link_monitor.p4(378) Primitive byte_cnt = byte_cnt + standard_metadata.packet_length
[15:27:46.950] [bmv2] [T] [thread 45748] [20.0] [cxt 0] link_monitor.p4(380) Condition "hdr.probe.isValid()" (node_12) is false
[15:27:46.950] [bmv2] [T] [thread 45748] [20.0] [cxt 0] Applying table 'tbl_link_monitor380_0'
[15:27:46.950] [bmv2] [D] [thread 45748] [20.0] [cxt 0] Looking up key:

[15:27:46.950] [bmv2] [D] [thread 45748] [20.0] [cxt 0] Table 'tbl_link_monitor380_0': miss
[15:27:46.950] [bmv2] [D] [thread 45748] [20.0] [cxt 0] Action entry is link_monitor380_0 - 
[15:27:46.950] [bmv2] [T] [thread 45748] [20.0] [cxt 0] Action link_monitor380_0
[15:27:46.950] [bmv2] [T] [thread 45748] [20.0] [cxt 0] link_monitor.p4(380) Primitive (hdr.probe.isValid()) ? 0 : byte_cnt
[15:27:46.950] [bmv2] [T] [thread 45748] [20.0] [cxt 0] Applying table 'tbl_link_monitor381'
[15:27:46.950] [bmv2] [D] [thread 45748] [20.0] [cxt 0] Looking up key:

[15:27:46.950] [bmv2] [D] [thread 45748] [20.0] [cxt 0] Table 'tbl_link_monitor381': miss
[15:27:46.950] [bmv2] [D] [thread 45748] [20.0] [cxt 0] Action entry is link_monitor381 - 
[15:27:46.950] [bmv2] [T] [thread 45748] [20.0] [cxt 0] Action link_monitor381
[15:27:46.950] [bmv2] [T] [thread 45748] [20.0] [cxt 0] link_monitor.p4(381) Primitive (bit<32>)standard_metadata.egress_port
[15:27:46.950] [bmv2] [T] [thread 45748] [20.0] [cxt 0] link_monitor.p4(381) Primitive byte_cnt_reg.write((bit<32>)standard_metadata.egress_port, new_byte_cnt)
[15:27:46.950] [bmv2] [T] [thread 45748] [20.0] [cxt 0] Wrote register 'MyEgress.byte_cnt_reg' at index 0 with value 70
[15:27:46.950] [bmv2] [T] [thread 45748] [20.0] [cxt 0] link_monitor.p4(383) Condition "hdr.probe.isValid()" (node_16) is false
[15:27:46.950] [bmv2] [D] [thread 45748] [20.0] [cxt 0] Pipeline 'egress': end
[15:27:46.950] [bmv2] [D] [thread 45748] [20.0] [cxt 0] Deparser 'deparser': start
[15:27:46.950] [bmv2] [T] [thread 45748] [20.0] [cxt 0] Skipping checksum 'cksum' update because condition not met
[15:27:46.950] [bmv2] [D] [thread 45748] [20.0] [cxt 0] Deparsing header 'ethernet'
[15:27:46.950] [bmv2] [D] [thread 45748] [20.0] [cxt 0] Deparser 'deparser': end
[15:27:46.950] [bmv2] [D] [thread 45748] [21.0] [cxt 0] Pipeline 'egress': start
[15:27:46.950] [bmv2] [T] [thread 45748] [21.0] [cxt 0] Applying table 'tbl_link_monitor377'
[15:27:46.950] [bmv2] [D] [thread 45748] [21.0] [cxt 0] Looking up key:

[15:27:46.950] [bmv2] [D] [thread 45748] [21.0] [cxt 0] Table 'tbl_link_monitor377': miss
[15:27:46.950] [bmv2] [D] [thread 45748] [21.0] [cxt 0] Action entry is link_monitor377 - 
[15:27:46.950] [bmv2] [T] [thread 45748] [21.0] [cxt 0] Action link_monitor377
[15:27:46.950] [bmv2] [T] [thread 45748] [21.0] [cxt 0] link_monitor.p4(377) Primitive (bit<32>)standard_metadata.egress_port
[15:27:46.950] [bmv2] [T] [thread 45748] [21.0] [cxt 0] link_monitor.p4(377) Primitive byte_cnt_reg.read(byte_cnt, (bit<32>)standard_metadata.egress_port)
[15:27:46.950] [bmv2] [T] [thread 45748] [21.0] [cxt 0] Read register 'MyEgress.byte_cnt_reg' at index 0 read value 70
[15:27:46.950] [bmv2] [T] [thread 45748] [21.0] [cxt 0] link_monitor.p4(378) Primitive byte_cnt = byte_cnt + standard_metadata.packet_length
[15:27:46.950] [bmv2] [T] [thread 45748] [21.0] [cxt 0] link_monitor.p4(380) Condition "hdr.probe.isValid()" (node_12) is false
[15:27:46.950] [bmv2] [T] [thread 45748] [21.0] [cxt 0] Applying table 'tbl_link_monitor380_0'
[15:27:46.950] [bmv2] [D] [thread 45748] [21.0] [cxt 0] Looking up key:

[15:27:46.950] [bmv2] [D] [thread 45748] [21.0] [cxt 0] Table 'tbl_link_monitor380_0': miss
[15:27:46.950] [bmv2] [D] [thread 45748] [21.0] [cxt 0] Action entry is link_monitor380_0 - 
[15:27:46.950] [bmv2] [T] [thread 45748] [21.0] [cxt 0] Action link_monitor380_0
[15:27:46.950] [bmv2] [T] [thread 45748] [21.0] [cxt 0] link_monitor.p4(380) Primitive (hdr.probe.isValid()) ? 0 : byte_cnt
[15:27:46.950] [bmv2] [T] [thread 45748] [21.0] [cxt 0] Applying table 'tbl_link_monitor381'
[15:27:46.950] [bmv2] [D] [thread 45748] [21.0] [cxt 0] Looking up key:

[15:27:46.950] [bmv2] [D] [thread 45748] [21.0] [cxt 0] Table 'tbl_link_monitor381': miss
[15:27:46.950] [bmv2] [D] [thread 45748] [21.0] [cxt 0] Action entry is link_monitor381 - 
[15:27:46.950] [bmv2] [T] [thread 45748] [21.0] [cxt 0] Action link_monitor381
[15:27:46.950] [bmv2] [T] [thread 45748] [21.0] [cxt 0] link_monitor.p4(381) Primitive (bit<32>)standard_metadata.egress_port
[15:27:46.950] [bmv2] [T] [thread 45748] [21.0] [cxt 0] link_monitor.p4(381) Primitive byte_cnt_reg.write((bit<32>)standard_metadata.egress_port, new_byte_cnt)
[15:27:46.950] [bmv2] [T] [thread 45748] [21.0] [cxt 0] Wrote register 'MyEgress.byte_cnt_reg' at index 0 with value 140
[15:27:46.950] [bmv2] [T] [thread 45748] [21.0] [cxt 0] link_monitor.p4(383) Condition "hdr.probe.isValid()" (node_16) is false
[15:27:46.950] [bmv2] [D] [thread 45748] [21.0] [cxt 0] Pipeline 'egress': end
[15:27:46.950] [bmv2] [D] [thread 45748] [21.0] [cxt 0] Deparser 'deparser': start
[15:27:46.950] [bmv2] [T] [thread 45748] [21.0] [cxt 0] Skipping checksum 'cksum' update because condition not met
[15:27:46.950] [bmv2] [D] [thread 45748] [21.0] [cxt 0] Deparsing header 'ethernet'
[15:27:46.950] [bmv2] [D] [thread 45748] [21.0] [cxt 0] Deparser 'deparser': end
[15:27:46.950] [bmv2] [D] [thread 45752] [20.0] [cxt 0] Transmitting packet of size 70 out of port 0
[15:27:46.950] [bmv2] [D] [thread 45752] [21.0] [cxt 0] Transmitting packet of size 70 out of port 0
[15:27:47.206] [bmv2] [D] [thread 45747] [22.0] [cxt 0] Processing packet received on port 2
[15:27:47.206] [bmv2] [D] [thread 45747] [22.0] [cxt 0] Parser 'parser': start
[15:27:47.206] [bmv2] [D] [thread 45747] [22.0] [cxt 0] Parser 'parser' entering state 'start'
[15:27:47.206] [bmv2] [D] [thread 45747] [22.0] [cxt 0] Extracting header 'ethernet'
[15:27:47.207] [bmv2] [D] [thread 45747] [22.0] [cxt 0] Parser state 'start': key is 86dd
[15:27:47.207] [bmv2] [T] [thread 45747] [22.0] [cxt 0] Bytes parsed: 14
[15:27:47.207] [bmv2] [D] [thread 45747] [22.0] [cxt 0] Parser 'parser': end
[15:27:47.207] [bmv2] [D] [thread 45747] [22.0] [cxt 0] Pipeline 'ingress': start
[15:27:47.207] [bmv2] [T] [thread 45747] [22.0] [cxt 0] link_monitor.p4(331) Condition "hdr.tcp.isValid()" (node_2) is false
[15:27:47.207] [bmv2] [T] [thread 45747] [22.0] [cxt 0] link_monitor.p4(335) Condition "hdr.ipv4.isValid()" (node_5) is false
[15:27:47.207] [bmv2] [T] [thread 45747] [22.0] [cxt 0] link_monitor.p4(338) Condition "hdr.probe.isValid()" (node_7) is false
[15:27:47.207] [bmv2] [D] [thread 45747] [22.0] [cxt 0] Pipeline 'ingress': end
[15:27:47.207] [bmv2] [D] [thread 45747] [22.0] [cxt 0] Egress port is 0
[15:27:47.207] [bmv2] [D] [thread 45748] [22.0] [cxt 0] Pipeline 'egress': start
[15:27:47.207] [bmv2] [T] [thread 45748] [22.0] [cxt 0] Applying table 'tbl_link_monitor377'
[15:27:47.207] [bmv2] [D] [thread 45748] [22.0] [cxt 0] Looking up key:

[15:27:47.207] [bmv2] [D] [thread 45748] [22.0] [cxt 0] Table 'tbl_link_monitor377': miss
[15:27:47.207] [bmv2] [D] [thread 45748] [22.0] [cxt 0] Action entry is link_monitor377 - 
[15:27:47.207] [bmv2] [T] [thread 45748] [22.0] [cxt 0] Action link_monitor377
[15:27:47.207] [bmv2] [T] [thread 45748] [22.0] [cxt 0] link_monitor.p4(377) Primitive (bit<32>)standard_metadata.egress_port
[15:27:47.207] [bmv2] [T] [thread 45748] [22.0] [cxt 0] link_monitor.p4(377) Primitive byte_cnt_reg.read(byte_cnt, (bit<32>)standard_metadata.egress_port)
[15:27:47.207] [bmv2] [T] [thread 45748] [22.0] [cxt 0] Read register 'MyEgress.byte_cnt_reg' at index 0 read value 140
[15:27:47.207] [bmv2] [T] [thread 45748] [22.0] [cxt 0] link_monitor.p4(378) Primitive byte_cnt = byte_cnt + standard_metadata.packet_length
[15:27:47.207] [bmv2] [T] [thread 45748] [22.0] [cxt 0] link_monitor.p4(380) Condition "hdr.probe.isValid()" (node_12) is false
[15:27:47.207] [bmv2] [T] [thread 45748] [22.0] [cxt 0] Applying table 'tbl_link_monitor380_0'
[15:27:47.207] [bmv2] [D] [thread 45748] [22.0] [cxt 0] Looking up key:

[15:27:47.207] [bmv2] [D] [thread 45748] [22.0] [cxt 0] Table 'tbl_link_monitor380_0': miss
[15:27:47.207] [bmv2] [D] [thread 45748] [22.0] [cxt 0] Action entry is link_monitor380_0 - 
[15:27:47.207] [bmv2] [T] [thread 45748] [22.0] [cxt 0] Action link_monitor380_0
[15:27:47.207] [bmv2] [T] [thread 45748] [22.0] [cxt 0] link_monitor.p4(380) Primitive (hdr.probe.isValid()) ? 0 : byte_cnt
[15:27:47.207] [bmv2] [T] [thread 45748] [22.0] [cxt 0] Applying table 'tbl_link_monitor381'
[15:27:47.207] [bmv2] [D] [thread 45748] [22.0] [cxt 0] Looking up key:

[15:27:47.207] [bmv2] [D] [thread 45748] [22.0] [cxt 0] Table 'tbl_link_monitor381': miss
[15:27:47.207] [bmv2] [D] [thread 45748] [22.0] [cxt 0] Action entry is link_monitor381 - 
[15:27:47.207] [bmv2] [T] [thread 45748] [22.0] [cxt 0] Action link_monitor381
[15:27:47.207] [bmv2] [T] [thread 45748] [22.0] [cxt 0] link_monitor.p4(381) Primitive (bit<32>)standard_metadata.egress_port
[15:27:47.207] [bmv2] [T] [thread 45748] [22.0] [cxt 0] link_monitor.p4(381) Primitive byte_cnt_reg.write((bit<32>)standard_metadata.egress_port, new_byte_cnt)
[15:27:47.207] [bmv2] [T] [thread 45748] [22.0] [cxt 0] Wrote register 'MyEgress.byte_cnt_reg' at index 0 with value 210
[15:27:47.207] [bmv2] [T] [thread 45748] [22.0] [cxt 0] link_monitor.p4(383) Condition "hdr.probe.isValid()" (node_16) is false
[15:27:47.207] [bmv2] [D] [thread 45748] [22.0] [cxt 0] Pipeline 'egress': end
[15:27:47.207] [bmv2] [D] [thread 45748] [22.0] [cxt 0] Deparser 'deparser': start
[15:27:47.207] [bmv2] [T] [thread 45748] [22.0] [cxt 0] Skipping checksum 'cksum' update because condition not met
[15:27:47.207] [bmv2] [D] [thread 45748] [22.0] [cxt 0] Deparsing header 'ethernet'
[15:27:47.207] [bmv2] [D] [thread 45748] [22.0] [cxt 0] Deparser 'deparser': end
[15:27:47.207] [bmv2] [D] [thread 45752] [22.0] [cxt 0] Transmitting packet of size 70 out of port 0
[15:27:47.462] [bmv2] [D] [thread 45747] [23.0] [cxt 0] Processing packet received on port 3
[15:27:47.462] [bmv2] [D] [thread 45747] [23.0] [cxt 0] Parser 'parser': start
[15:27:47.462] [bmv2] [D] [thread 45747] [23.0] [cxt 0] Parser 'parser' entering state 'start'
[15:27:47.462] [bmv2] [D] [thread 45747] [23.0] [cxt 0] Extracting header 'ethernet'
[15:27:47.462] [bmv2] [D] [thread 45747] [23.0] [cxt 0] Parser state 'start': key is 86dd
[15:27:47.462] [bmv2] [T] [thread 45747] [23.0] [cxt 0] Bytes parsed: 14
[15:27:47.462] [bmv2] [D] [thread 45747] [23.0] [cxt 0] Parser 'parser': end
[15:27:47.462] [bmv2] [D] [thread 45747] [23.0] [cxt 0] Pipeline 'ingress': start
[15:27:47.462] [bmv2] [T] [thread 45747] [23.0] [cxt 0] link_monitor.p4(331) Condition "hdr.tcp.isValid()" (node_2) is false
[15:27:47.462] [bmv2] [T] [thread 45747] [23.0] [cxt 0] link_monitor.p4(335) Condition "hdr.ipv4.isValid()" (node_5) is false
[15:27:47.462] [bmv2] [T] [thread 45747] [23.0] [cxt 0] link_monitor.p4(338) Condition "hdr.probe.isValid()" (node_7) is false
[15:27:47.462] [bmv2] [D] [thread 45747] [23.0] [cxt 0] Pipeline 'ingress': end
[15:27:47.462] [bmv2] [D] [thread 45747] [23.0] [cxt 0] Egress port is 0
[15:27:47.462] [bmv2] [D] [thread 45747] [24.0] [cxt 0] Processing packet received on port 4
[15:27:47.462] [bmv2] [D] [thread 45747] [24.0] [cxt 0] Parser 'parser': start
[15:27:47.462] [bmv2] [D] [thread 45747] [24.0] [cxt 0] Parser 'parser' entering state 'start'
[15:27:47.462] [bmv2] [D] [thread 45747] [24.0] [cxt 0] Extracting header 'ethernet'
[15:27:47.462] [bmv2] [D] [thread 45747] [24.0] [cxt 0] Parser state 'start': key is 86dd
[15:27:47.462] [bmv2] [T] [thread 45747] [24.0] [cxt 0] Bytes parsed: 14
[15:27:47.462] [bmv2] [D] [thread 45747] [24.0] [cxt 0] Parser 'parser': end
[15:27:47.462] [bmv2] [D] [thread 45747] [24.0] [cxt 0] Pipeline 'ingress': start
[15:27:47.462] [bmv2] [T] [thread 45747] [24.0] [cxt 0] link_monitor.p4(331) Condition "hdr.tcp.isValid()" (node_2) is false
[15:27:47.462] [bmv2] [T] [thread 45747] [24.0] [cxt 0] link_monitor.p4(335) Condition "hdr.ipv4.isValid()" (node_5) is false
[15:27:47.462] [bmv2] [T] [thread 45747] [24.0] [cxt 0] link_monitor.p4(338) Condition "hdr.probe.isValid()" (node_7) is false
[15:27:47.462] [bmv2] [D] [thread 45747] [24.0] [cxt 0] Pipeline 'ingress': end
[15:27:47.462] [bmv2] [D] [thread 45747] [24.0] [cxt 0] Egress port is 0
[15:27:47.462] [bmv2] [D] [thread 45748] [23.0] [cxt 0] Pipeline 'egress': start
[15:27:47.462] [bmv2] [T] [thread 45748] [23.0] [cxt 0] Applying table 'tbl_link_monitor377'
[15:27:47.462] [bmv2] [D] [thread 45748] [23.0] [cxt 0] Looking up key:

[15:27:47.462] [bmv2] [D] [thread 45748] [23.0] [cxt 0] Table 'tbl_link_monitor377': miss
[15:27:47.462] [bmv2] [D] [thread 45748] [23.0] [cxt 0] Action entry is link_monitor377 - 
[15:27:47.462] [bmv2] [T] [thread 45748] [23.0] [cxt 0] Action link_monitor377
[15:27:47.462] [bmv2] [T] [thread 45748] [23.0] [cxt 0] link_monitor.p4(377) Primitive (bit<32>)standard_metadata.egress_port
[15:27:47.462] [bmv2] [T] [thread 45748] [23.0] [cxt 0] link_monitor.p4(377) Primitive byte_cnt_reg.read(byte_cnt, (bit<32>)standard_metadata.egress_port)
[15:27:47.462] [bmv2] [T] [thread 45748] [23.0] [cxt 0] Read register 'MyEgress.byte_cnt_reg' at index 0 read value 210
[15:27:47.462] [bmv2] [T] [thread 45748] [23.0] [cxt 0] link_monitor.p4(378) Primitive byte_cnt = byte_cnt + standard_metadata.packet_length
[15:27:47.462] [bmv2] [T] [thread 45748] [23.0] [cxt 0] link_monitor.p4(380) Condition "hdr.probe.isValid()" (node_12) is false
[15:27:47.462] [bmv2] [T] [thread 45748] [23.0] [cxt 0] Applying table 'tbl_link_monitor380_0'
[15:27:47.462] [bmv2] [D] [thread 45748] [23.0] [cxt 0] Looking up key:

[15:27:47.462] [bmv2] [D] [thread 45748] [23.0] [cxt 0] Table 'tbl_link_monitor380_0': miss
[15:27:47.462] [bmv2] [D] [thread 45748] [23.0] [cxt 0] Action entry is link_monitor380_0 - 
[15:27:47.462] [bmv2] [T] [thread 45748] [23.0] [cxt 0] Action link_monitor380_0
[15:27:47.462] [bmv2] [T] [thread 45748] [23.0] [cxt 0] link_monitor.p4(380) Primitive (hdr.probe.isValid()) ? 0 : byte_cnt
[15:27:47.462] [bmv2] [T] [thread 45748] [23.0] [cxt 0] Applying table 'tbl_link_monitor381'
[15:27:47.462] [bmv2] [D] [thread 45748] [23.0] [cxt 0] Looking up key:

[15:27:47.462] [bmv2] [D] [thread 45748] [23.0] [cxt 0] Table 'tbl_link_monitor381': miss
[15:27:47.462] [bmv2] [D] [thread 45748] [23.0] [cxt 0] Action entry is link_monitor381 - 
[15:27:47.462] [bmv2] [T] [thread 45748] [23.0] [cxt 0] Action link_monitor381
[15:27:47.462] [bmv2] [T] [thread 45748] [23.0] [cxt 0] link_monitor.p4(381) Primitive (bit<32>)standard_metadata.egress_port
[15:27:47.462] [bmv2] [T] [thread 45748] [23.0] [cxt 0] link_monitor.p4(381) Primitive byte_cnt_reg.write((bit<32>)standard_metadata.egress_port, new_byte_cnt)
[15:27:47.462] [bmv2] [T] [thread 45748] [23.0] [cxt 0] Wrote register 'MyEgress.byte_cnt_reg' at index 0 with value 280
[15:27:47.462] [bmv2] [T] [thread 45748] [23.0] [cxt 0] link_monitor.p4(383) Condition "hdr.probe.isValid()" (node_16) is false
[15:27:47.462] [bmv2] [D] [thread 45748] [23.0] [cxt 0] Pipeline 'egress': end
[15:27:47.462] [bmv2] [D] [thread 45748] [23.0] [cxt 0] Deparser 'deparser': start
[15:27:47.462] [bmv2] [T] [thread 45748] [23.0] [cxt 0] Skipping checksum 'cksum' update because condition not met
[15:27:47.462] [bmv2] [D] [thread 45748] [23.0] [cxt 0] Deparsing header 'ethernet'
[15:27:47.462] [bmv2] [D] [thread 45748] [23.0] [cxt 0] Deparser 'deparser': end
[15:27:47.462] [bmv2] [D] [thread 45748] [24.0] [cxt 0] Pipeline 'egress': start
[15:27:47.462] [bmv2] [T] [thread 45748] [24.0] [cxt 0] Applying table 'tbl_link_monitor377'
[15:27:47.462] [bmv2] [D] [thread 45748] [24.0] [cxt 0] Looking up key:

[15:27:47.462] [bmv2] [D] [thread 45748] [24.0] [cxt 0] Table 'tbl_link_monitor377': miss
[15:27:47.462] [bmv2] [D] [thread 45748] [24.0] [cxt 0] Action entry is link_monitor377 - 
[15:27:47.462] [bmv2] [T] [thread 45748] [24.0] [cxt 0] Action link_monitor377
[15:27:47.462] [bmv2] [T] [thread 45748] [24.0] [cxt 0] link_monitor.p4(377) Primitive (bit<32>)standard_metadata.egress_port
[15:27:47.462] [bmv2] [T] [thread 45748] [24.0] [cxt 0] link_monitor.p4(377) Primitive byte_cnt_reg.read(byte_cnt, (bit<32>)standard_metadata.egress_port)
[15:27:47.462] [bmv2] [T] [thread 45748] [24.0] [cxt 0] Read register 'MyEgress.byte_cnt_reg' at index 0 read value 280
[15:27:47.462] [bmv2] [T] [thread 45748] [24.0] [cxt 0] link_monitor.p4(378) Primitive byte_cnt = byte_cnt + standard_metadata.packet_length
[15:27:47.462] [bmv2] [T] [thread 45748] [24.0] [cxt 0] link_monitor.p4(380) Condition "hdr.probe.isValid()" (node_12) is false
[15:27:47.462] [bmv2] [T] [thread 45748] [24.0] [cxt 0] Applying table 'tbl_link_monitor380_0'
[15:27:47.462] [bmv2] [D] [thread 45748] [24.0] [cxt 0] Looking up key:

[15:27:47.462] [bmv2] [D] [thread 45748] [24.0] [cxt 0] Table 'tbl_link_monitor380_0': miss
[15:27:47.462] [bmv2] [D] [thread 45748] [24.0] [cxt 0] Action entry is link_monitor380_0 - 
[15:27:47.462] [bmv2] [T] [thread 45748] [24.0] [cxt 0] Action link_monitor380_0
[15:27:47.462] [bmv2] [T] [thread 45748] [24.0] [cxt 0] link_monitor.p4(380) Primitive (hdr.probe.isValid()) ? 0 : byte_cnt
[15:27:47.462] [bmv2] [T] [thread 45748] [24.0] [cxt 0] Applying table 'tbl_link_monitor381'
[15:27:47.462] [bmv2] [D] [thread 45748] [24.0] [cxt 0] Looking up key:

[15:27:47.462] [bmv2] [D] [thread 45748] [24.0] [cxt 0] Table 'tbl_link_monitor381': miss
[15:27:47.462] [bmv2] [D] [thread 45748] [24.0] [cxt 0] Action entry is link_monitor381 - 
[15:27:47.462] [bmv2] [T] [thread 45748] [24.0] [cxt 0] Action link_monitor381
[15:27:47.462] [bmv2] [T] [thread 45748] [24.0] [cxt 0] link_monitor.p4(381) Primitive (bit<32>)standard_metadata.egress_port
[15:27:47.462] [bmv2] [T] [thread 45748] [24.0] [cxt 0] link_monitor.p4(381) Primitive byte_cnt_reg.write((bit<32>)standard_metadata.egress_port, new_byte_cnt)
[15:27:47.463] [bmv2] [T] [thread 45748] [24.0] [cxt 0] Wrote register 'MyEgress.byte_cnt_reg' at index 0 with value 350
[15:27:47.463] [bmv2] [T] [thread 45748] [24.0] [cxt 0] link_monitor.p4(383) Condition "hdr.probe.isValid()" (node_16) is false
[15:27:47.463] [bmv2] [D] [thread 45748] [24.0] [cxt 0] Pipeline 'egress': end
[15:27:47.463] [bmv2] [D] [thread 45748] [24.0] [cxt 0] Deparser 'deparser': start
[15:27:47.463] [bmv2] [T] [thread 45748] [24.0] [cxt 0] Skipping checksum 'cksum' update because condition not met
[15:27:47.463] [bmv2] [D] [thread 45748] [24.0] [cxt 0] Deparsing header 'ethernet'
[15:27:47.463] [bmv2] [D] [thread 45748] [24.0] [cxt 0] Deparser 'deparser': end
[15:27:47.463] [bmv2] [D] [thread 45752] [23.0] [cxt 0] Transmitting packet of size 70 out of port 0
[15:27:47.463] [bmv2] [D] [thread 45752] [24.0] [cxt 0] Transmitting packet of size 70 out of port 0
[15:27:47.743] [bmv2] [D] [thread 45747] [25.0] [cxt 0] Processing packet received on port 3
[15:27:47.743] [bmv2] [D] [thread 45747] [25.0] [cxt 0] Parser 'parser': start
[15:27:47.743] [bmv2] [D] [thread 45747] [25.0] [cxt 0] Parser 'parser' entering state 'start'
[15:27:47.743] [bmv2] [D] [thread 45747] [25.0] [cxt 0] Extracting header 'ethernet'
[15:27:47.743] [bmv2] [D] [thread 45747] [25.0] [cxt 0] Parser state 'start': key is 86dd
[15:27:47.743] [bmv2] [T] [thread 45747] [25.0] [cxt 0] Bytes parsed: 14
[15:27:47.743] [bmv2] [D] [thread 45747] [25.0] [cxt 0] Parser 'parser': end
[15:27:47.743] [bmv2] [D] [thread 45747] [25.0] [cxt 0] Pipeline 'ingress': start
[15:27:47.743] [bmv2] [T] [thread 45747] [25.0] [cxt 0] link_monitor.p4(331) Condition "hdr.tcp.isValid()" (node_2) is false
[15:27:47.743] [bmv2] [T] [thread 45747] [25.0] [cxt 0] link_monitor.p4(335) Condition "hdr.ipv4.isValid()" (node_5) is false
[15:27:47.743] [bmv2] [T] [thread 45747] [25.0] [cxt 0] link_monitor.p4(338) Condition "hdr.probe.isValid()" (node_7) is false
[15:27:47.743] [bmv2] [D] [thread 45747] [25.0] [cxt 0] Pipeline 'ingress': end
[15:27:47.743] [bmv2] [D] [thread 45747] [25.0] [cxt 0] Egress port is 0
[15:27:47.744] [bmv2] [D] [thread 45748] [25.0] [cxt 0] Pipeline 'egress': start
[15:27:47.744] [bmv2] [T] [thread 45748] [25.0] [cxt 0] Applying table 'tbl_link_monitor377'
[15:27:47.744] [bmv2] [D] [thread 45748] [25.0] [cxt 0] Looking up key:

[15:27:47.744] [bmv2] [D] [thread 45748] [25.0] [cxt 0] Table 'tbl_link_monitor377': miss
[15:27:47.744] [bmv2] [D] [thread 45748] [25.0] [cxt 0] Action entry is link_monitor377 - 
[15:27:47.744] [bmv2] [T] [thread 45748] [25.0] [cxt 0] Action link_monitor377
[15:27:47.744] [bmv2] [T] [thread 45748] [25.0] [cxt 0] link_monitor.p4(377) Primitive (bit<32>)standard_metadata.egress_port
[15:27:47.744] [bmv2] [T] [thread 45748] [25.0] [cxt 0] link_monitor.p4(377) Primitive byte_cnt_reg.read(byte_cnt, (bit<32>)standard_metadata.egress_port)
[15:27:47.744] [bmv2] [T] [thread 45748] [25.0] [cxt 0] Read register 'MyEgress.byte_cnt_reg' at index 0 read value 350
[15:27:47.744] [bmv2] [T] [thread 45748] [25.0] [cxt 0] link_monitor.p4(378) Primitive byte_cnt = byte_cnt + standard_metadata.packet_length
[15:27:47.744] [bmv2] [T] [thread 45748] [25.0] [cxt 0] link_monitor.p4(380) Condition "hdr.probe.isValid()" (node_12) is false
[15:27:47.744] [bmv2] [T] [thread 45748] [25.0] [cxt 0] Applying table 'tbl_link_monitor380_0'
[15:27:47.744] [bmv2] [D] [thread 45748] [25.0] [cxt 0] Looking up key:

[15:27:47.744] [bmv2] [D] [thread 45748] [25.0] [cxt 0] Table 'tbl_link_monitor380_0': miss
[15:27:47.744] [bmv2] [D] [thread 45748] [25.0] [cxt 0] Action entry is link_monitor380_0 - 
[15:27:47.744] [bmv2] [T] [thread 45748] [25.0] [cxt 0] Action link_monitor380_0
[15:27:47.744] [bmv2] [T] [thread 45748] [25.0] [cxt 0] link_monitor.p4(380) Primitive (hdr.probe.isValid()) ? 0 : byte_cnt
[15:27:47.744] [bmv2] [T] [thread 45748] [25.0] [cxt 0] Applying table 'tbl_link_monitor381'
[15:27:47.744] [bmv2] [D] [thread 45748] [25.0] [cxt 0] Looking up key:

[15:27:47.744] [bmv2] [D] [thread 45748] [25.0] [cxt 0] Table 'tbl_link_monitor381': miss
[15:27:47.744] [bmv2] [D] [thread 45748] [25.0] [cxt 0] Action entry is link_monitor381 - 
[15:27:47.744] [bmv2] [T] [thread 45748] [25.0] [cxt 0] Action link_monitor381
[15:27:47.744] [bmv2] [T] [thread 45748] [25.0] [cxt 0] link_monitor.p4(381) Primitive (bit<32>)standard_metadata.egress_port
[15:27:47.744] [bmv2] [T] [thread 45748] [25.0] [cxt 0] link_monitor.p4(381) Primitive byte_cnt_reg.write((bit<32>)standard_metadata.egress_port, new_byte_cnt)
[15:27:47.744] [bmv2] [T] [thread 45748] [25.0] [cxt 0] Wrote register 'MyEgress.byte_cnt_reg' at index 0 with value 420
[15:27:47.744] [bmv2] [T] [thread 45748] [25.0] [cxt 0] link_monitor.p4(383) Condition "hdr.probe.isValid()" (node_16) is false
[15:27:47.744] [bmv2] [D] [thread 45748] [25.0] [cxt 0] Pipeline 'egress': end
[15:27:47.744] [bmv2] [D] [thread 45748] [25.0] [cxt 0] Deparser 'deparser': start
[15:27:47.744] [bmv2] [T] [thread 45748] [25.0] [cxt 0] Skipping checksum 'cksum' update because condition not met
[15:27:47.744] [bmv2] [D] [thread 45748] [25.0] [cxt 0] Deparsing header 'ethernet'
[15:27:47.744] [bmv2] [D] [thread 45748] [25.0] [cxt 0] Deparser 'deparser': end
[15:27:47.744] [bmv2] [D] [thread 45752] [25.0] [cxt 0] Transmitting packet of size 70 out of port 0
[15:27:54.376] [bmv2] [D] [thread 45747] [26.0] [cxt 0] Processing packet received on port 2
[15:27:54.376] [bmv2] [D] [thread 45747] [26.0] [cxt 0] Parser 'parser': start
[15:27:54.376] [bmv2] [D] [thread 45747] [26.0] [cxt 0] Parser 'parser' entering state 'start'
[15:27:54.376] [bmv2] [D] [thread 45747] [26.0] [cxt 0] Extracting header 'ethernet'
[15:27:54.376] [bmv2] [D] [thread 45747] [26.0] [cxt 0] Parser state 'start': key is 86dd
[15:27:54.376] [bmv2] [T] [thread 45747] [26.0] [cxt 0] Bytes parsed: 14
[15:27:54.376] [bmv2] [D] [thread 45747] [26.0] [cxt 0] Parser 'parser': end
[15:27:54.376] [bmv2] [D] [thread 45747] [26.0] [cxt 0] Pipeline 'ingress': start
[15:27:54.376] [bmv2] [T] [thread 45747] [26.0] [cxt 0] link_monitor.p4(331) Condition "hdr.tcp.isValid()" (node_2) is false
[15:27:54.376] [bmv2] [T] [thread 45747] [26.0] [cxt 0] link_monitor.p4(335) Condition "hdr.ipv4.isValid()" (node_5) is false
[15:27:54.376] [bmv2] [T] [thread 45747] [26.0] [cxt 0] link_monitor.p4(338) Condition "hdr.probe.isValid()" (node_7) is false
[15:27:54.376] [bmv2] [D] [thread 45747] [26.0] [cxt 0] Pipeline 'ingress': end
[15:27:54.376] [bmv2] [D] [thread 45747] [26.0] [cxt 0] Egress port is 0
[15:27:54.376] [bmv2] [D] [thread 45748] [26.0] [cxt 0] Pipeline 'egress': start
[15:27:54.376] [bmv2] [T] [thread 45748] [26.0] [cxt 0] Applying table 'tbl_link_monitor377'
[15:27:54.376] [bmv2] [D] [thread 45748] [26.0] [cxt 0] Looking up key:

[15:27:54.376] [bmv2] [D] [thread 45748] [26.0] [cxt 0] Table 'tbl_link_monitor377': miss
[15:27:54.376] [bmv2] [D] [thread 45748] [26.0] [cxt 0] Action entry is link_monitor377 - 
[15:27:54.376] [bmv2] [T] [thread 45748] [26.0] [cxt 0] Action link_monitor377
[15:27:54.376] [bmv2] [T] [thread 45748] [26.0] [cxt 0] link_monitor.p4(377) Primitive (bit<32>)standard_metadata.egress_port
[15:27:54.376] [bmv2] [T] [thread 45748] [26.0] [cxt 0] link_monitor.p4(377) Primitive byte_cnt_reg.read(byte_cnt, (bit<32>)standard_metadata.egress_port)
[15:27:54.376] [bmv2] [T] [thread 45748] [26.0] [cxt 0] Read register 'MyEgress.byte_cnt_reg' at index 0 read value 420
[15:27:54.376] [bmv2] [T] [thread 45748] [26.0] [cxt 0] link_monitor.p4(378) Primitive byte_cnt = byte_cnt + standard_metadata.packet_length
[15:27:54.376] [bmv2] [T] [thread 45748] [26.0] [cxt 0] link_monitor.p4(380) Condition "hdr.probe.isValid()" (node_12) is false
[15:27:54.376] [bmv2] [T] [thread 45748] [26.0] [cxt 0] Applying table 'tbl_link_monitor380_0'
[15:27:54.376] [bmv2] [D] [thread 45748] [26.0] [cxt 0] Looking up key:

[15:27:54.376] [bmv2] [D] [thread 45748] [26.0] [cxt 0] Table 'tbl_link_monitor380_0': miss
[15:27:54.376] [bmv2] [D] [thread 45748] [26.0] [cxt 0] Action entry is link_monitor380_0 - 
[15:27:54.376] [bmv2] [T] [thread 45748] [26.0] [cxt 0] Action link_monitor380_0
[15:27:54.376] [bmv2] [T] [thread 45748] [26.0] [cxt 0] link_monitor.p4(380) Primitive (hdr.probe.isValid()) ? 0 : byte_cnt
[15:27:54.376] [bmv2] [T] [thread 45748] [26.0] [cxt 0] Applying table 'tbl_link_monitor381'
[15:27:54.376] [bmv2] [D] [thread 45748] [26.0] [cxt 0] Looking up key:

[15:27:54.376] [bmv2] [D] [thread 45748] [26.0] [cxt 0] Table 'tbl_link_monitor381': miss
[15:27:54.376] [bmv2] [D] [thread 45748] [26.0] [cxt 0] Action entry is link_monitor381 - 
[15:27:54.377] [bmv2] [T] [thread 45748] [26.0] [cxt 0] Action link_monitor381
[15:27:54.377] [bmv2] [T] [thread 45748] [26.0] [cxt 0] link_monitor.p4(381) Primitive (bit<32>)standard_metadata.egress_port
[15:27:54.377] [bmv2] [T] [thread 45748] [26.0] [cxt 0] link_monitor.p4(381) Primitive byte_cnt_reg.write((bit<32>)standard_metadata.egress_port, new_byte_cnt)
[15:27:54.377] [bmv2] [T] [thread 45748] [26.0] [cxt 0] Wrote register 'MyEgress.byte_cnt_reg' at index 0 with value 490
[15:27:54.377] [bmv2] [T] [thread 45748] [26.0] [cxt 0] link_monitor.p4(383) Condition "hdr.probe.isValid()" (node_16) is false
[15:27:54.377] [bmv2] [D] [thread 45748] [26.0] [cxt 0] Pipeline 'egress': end
[15:27:54.377] [bmv2] [D] [thread 45748] [26.0] [cxt 0] Deparser 'deparser': start
[15:27:54.377] [bmv2] [T] [thread 45748] [26.0] [cxt 0] Skipping checksum 'cksum' update because condition not met
[15:27:54.377] [bmv2] [D] [thread 45748] [26.0] [cxt 0] Deparsing header 'ethernet'
[15:27:54.377] [bmv2] [D] [thread 45748] [26.0] [cxt 0] Deparser 'deparser': end
[15:27:54.377] [bmv2] [D] [thread 45752] [26.0] [cxt 0] Transmitting packet of size 70 out of port 0
[15:27:54.628] [bmv2] [D] [thread 45747] [27.0] [cxt 0] Processing packet received on port 1
[15:27:54.628] [bmv2] [D] [thread 45747] [27.0] [cxt 0] Parser 'parser': start
[15:27:54.628] [bmv2] [D] [thread 45747] [27.0] [cxt 0] Parser 'parser' entering state 'start'
[15:27:54.628] [bmv2] [D] [thread 45747] [27.0] [cxt 0] Extracting header 'ethernet'
[15:27:54.628] [bmv2] [D] [thread 45747] [27.0] [cxt 0] Parser state 'start': key is 86dd
[15:27:54.628] [bmv2] [T] [thread 45747] [27.0] [cxt 0] Bytes parsed: 14
[15:27:54.628] [bmv2] [D] [thread 45747] [27.0] [cxt 0] Parser 'parser': end
[15:27:54.628] [bmv2] [D] [thread 45747] [27.0] [cxt 0] Pipeline 'ingress': start
[15:27:54.628] [bmv2] [T] [thread 45747] [27.0] [cxt 0] link_monitor.p4(331) Condition "hdr.tcp.isValid()" (node_2) is false
[15:27:54.628] [bmv2] [T] [thread 45747] [27.0] [cxt 0] link_monitor.p4(335) Condition "hdr.ipv4.isValid()" (node_5) is false
[15:27:54.628] [bmv2] [T] [thread 45747] [27.0] [cxt 0] link_monitor.p4(338) Condition "hdr.probe.isValid()" (node_7) is false
[15:27:54.628] [bmv2] [D] [thread 45747] [27.0] [cxt 0] Pipeline 'ingress': end
[15:27:54.628] [bmv2] [D] [thread 45747] [27.0] [cxt 0] Egress port is 0
[15:27:54.628] [bmv2] [D] [thread 45748] [27.0] [cxt 0] Pipeline 'egress': start
[15:27:54.628] [bmv2] [T] [thread 45748] [27.0] [cxt 0] Applying table 'tbl_link_monitor377'
[15:27:54.628] [bmv2] [D] [thread 45748] [27.0] [cxt 0] Looking up key:

[15:27:54.628] [bmv2] [D] [thread 45748] [27.0] [cxt 0] Table 'tbl_link_monitor377': miss
[15:27:54.628] [bmv2] [D] [thread 45748] [27.0] [cxt 0] Action entry is link_monitor377 - 
[15:27:54.628] [bmv2] [T] [thread 45748] [27.0] [cxt 0] Action link_monitor377
[15:27:54.628] [bmv2] [T] [thread 45748] [27.0] [cxt 0] link_monitor.p4(377) Primitive (bit<32>)standard_metadata.egress_port
[15:27:54.628] [bmv2] [T] [thread 45748] [27.0] [cxt 0] link_monitor.p4(377) Primitive byte_cnt_reg.read(byte_cnt, (bit<32>)standard_metadata.egress_port)
[15:27:54.628] [bmv2] [T] [thread 45748] [27.0] [cxt 0] Read register 'MyEgress.byte_cnt_reg' at index 0 read value 490
[15:27:54.628] [bmv2] [T] [thread 45748] [27.0] [cxt 0] link_monitor.p4(378) Primitive byte_cnt = byte_cnt + standard_metadata.packet_length
[15:27:54.628] [bmv2] [T] [thread 45748] [27.0] [cxt 0] link_monitor.p4(380) Condition "hdr.probe.isValid()" (node_12) is false
[15:27:54.628] [bmv2] [T] [thread 45748] [27.0] [cxt 0] Applying table 'tbl_link_monitor380_0'
[15:27:54.629] [bmv2] [D] [thread 45748] [27.0] [cxt 0] Looking up key:

[15:27:54.629] [bmv2] [D] [thread 45748] [27.0] [cxt 0] Table 'tbl_link_monitor380_0': miss
[15:27:54.629] [bmv2] [D] [thread 45748] [27.0] [cxt 0] Action entry is link_monitor380_0 - 
[15:27:54.629] [bmv2] [T] [thread 45748] [27.0] [cxt 0] Action link_monitor380_0
[15:27:54.629] [bmv2] [T] [thread 45748] [27.0] [cxt 0] link_monitor.p4(380) Primitive (hdr.probe.isValid()) ? 0 : byte_cnt
[15:27:54.629] [bmv2] [T] [thread 45748] [27.0] [cxt 0] Applying table 'tbl_link_monitor381'
[15:27:54.629] [bmv2] [D] [thread 45748] [27.0] [cxt 0] Looking up key:

[15:27:54.629] [bmv2] [D] [thread 45748] [27.0] [cxt 0] Table 'tbl_link_monitor381': miss
[15:27:54.629] [bmv2] [D] [thread 45748] [27.0] [cxt 0] Action entry is link_monitor381 - 
[15:27:54.629] [bmv2] [T] [thread 45748] [27.0] [cxt 0] Action link_monitor381
[15:27:54.629] [bmv2] [T] [thread 45748] [27.0] [cxt 0] link_monitor.p4(381) Primitive (bit<32>)standard_metadata.egress_port
[15:27:54.629] [bmv2] [T] [thread 45748] [27.0] [cxt 0] link_monitor.p4(381) Primitive byte_cnt_reg.write((bit<32>)standard_metadata.egress_port, new_byte_cnt)
[15:27:54.629] [bmv2] [T] [thread 45748] [27.0] [cxt 0] Wrote register 'MyEgress.byte_cnt_reg' at index 0 with value 560
[15:27:54.629] [bmv2] [T] [thread 45748] [27.0] [cxt 0] link_monitor.p4(383) Condition "hdr.probe.isValid()" (node_16) is false
[15:27:54.629] [bmv2] [D] [thread 45748] [27.0] [cxt 0] Pipeline 'egress': end
[15:27:54.629] [bmv2] [D] [thread 45748] [27.0] [cxt 0] Deparser 'deparser': start
[15:27:54.629] [bmv2] [T] [thread 45748] [27.0] [cxt 0] Skipping checksum 'cksum' update because condition not met
[15:27:54.629] [bmv2] [D] [thread 45748] [27.0] [cxt 0] Deparsing header 'ethernet'
[15:27:54.629] [bmv2] [D] [thread 45748] [27.0] [cxt 0] Deparser 'deparser': end
[15:27:54.629] [bmv2] [D] [thread 45752] [27.0] [cxt 0] Transmitting packet of size 70 out of port 0
[15:27:55.397] [bmv2] [D] [thread 45747] [28.0] [cxt 0] Processing packet received on port 3
[15:27:55.397] [bmv2] [D] [thread 45747] [28.0] [cxt 0] Parser 'parser': start
[15:27:55.397] [bmv2] [D] [thread 45747] [28.0] [cxt 0] Parser 'parser' entering state 'start'
[15:27:55.397] [bmv2] [D] [thread 45747] [28.0] [cxt 0] Extracting header 'ethernet'
[15:27:55.397] [bmv2] [D] [thread 45747] [28.0] [cxt 0] Parser state 'start': key is 86dd
[15:27:55.397] [bmv2] [T] [thread 45747] [28.0] [cxt 0] Bytes parsed: 14
[15:27:55.397] [bmv2] [D] [thread 45747] [28.0] [cxt 0] Parser 'parser': end
[15:27:55.397] [bmv2] [D] [thread 45747] [28.0] [cxt 0] Pipeline 'ingress': start
[15:27:55.397] [bmv2] [T] [thread 45747] [28.0] [cxt 0] link_monitor.p4(331) Condition "hdr.tcp.isValid()" (node_2) is false
[15:27:55.397] [bmv2] [T] [thread 45747] [28.0] [cxt 0] link_monitor.p4(335) Condition "hdr.ipv4.isValid()" (node_5) is false
[15:27:55.397] [bmv2] [T] [thread 45747] [28.0] [cxt 0] link_monitor.p4(338) Condition "hdr.probe.isValid()" (node_7) is false
[15:27:55.397] [bmv2] [D] [thread 45747] [28.0] [cxt 0] Pipeline 'ingress': end
[15:27:55.397] [bmv2] [D] [thread 45747] [28.0] [cxt 0] Egress port is 0
[15:27:55.398] [bmv2] [D] [thread 45747] [29.0] [cxt 0] Processing packet received on port 4
[15:27:55.398] [bmv2] [D] [thread 45747] [29.0] [cxt 0] Parser 'parser': start
[15:27:55.398] [bmv2] [D] [thread 45747] [29.0] [cxt 0] Parser 'parser' entering state 'start'
[15:27:55.398] [bmv2] [D] [thread 45747] [29.0] [cxt 0] Extracting header 'ethernet'
[15:27:55.398] [bmv2] [D] [thread 45747] [29.0] [cxt 0] Parser state 'start': key is 86dd
[15:27:55.398] [bmv2] [T] [thread 45747] [29.0] [cxt 0] Bytes parsed: 14
[15:27:55.398] [bmv2] [D] [thread 45747] [29.0] [cxt 0] Parser 'parser': end
[15:27:55.398] [bmv2] [D] [thread 45747] [29.0] [cxt 0] Pipeline 'ingress': start
[15:27:55.398] [bmv2] [T] [thread 45747] [29.0] [cxt 0] link_monitor.p4(331) Condition "hdr.tcp.isValid()" (node_2) is false
[15:27:55.398] [bmv2] [T] [thread 45747] [29.0] [cxt 0] link_monitor.p4(335) Condition "hdr.ipv4.isValid()" (node_5) is false
[15:27:55.398] [bmv2] [T] [thread 45747] [29.0] [cxt 0] link_monitor.p4(338) Condition "hdr.probe.isValid()" (node_7) is false
[15:27:55.398] [bmv2] [D] [thread 45747] [29.0] [cxt 0] Pipeline 'ingress': end
[15:27:55.398] [bmv2] [D] [thread 45747] [29.0] [cxt 0] Egress port is 0
[15:27:55.398] [bmv2] [D] [thread 45747] [30.0] [cxt 0] Processing packet received on port 4
[15:27:55.398] [bmv2] [D] [thread 45747] [30.0] [cxt 0] Parser 'parser': start
[15:27:55.398] [bmv2] [D] [thread 45747] [30.0] [cxt 0] Parser 'parser' entering state 'start'
[15:27:55.398] [bmv2] [D] [thread 45747] [30.0] [cxt 0] Extracting header 'ethernet'
[15:27:55.398] [bmv2] [D] [thread 45747] [30.0] [cxt 0] Parser state 'start': key is 86dd
[15:27:55.398] [bmv2] [T] [thread 45747] [30.0] [cxt 0] Bytes parsed: 14
[15:27:55.398] [bmv2] [D] [thread 45747] [30.0] [cxt 0] Parser 'parser': end
[15:27:55.398] [bmv2] [D] [thread 45747] [30.0] [cxt 0] Pipeline 'ingress': start
[15:27:55.398] [bmv2] [T] [thread 45747] [30.0] [cxt 0] link_monitor.p4(331) Condition "hdr.tcp.isValid()" (node_2) is false
[15:27:55.398] [bmv2] [T] [thread 45747] [30.0] [cxt 0] link_monitor.p4(335) Condition "hdr.ipv4.isValid()" (node_5) is false
[15:27:55.398] [bmv2] [T] [thread 45747] [30.0] [cxt 0] link_monitor.p4(338) Condition "hdr.probe.isValid()" (node_7) is false
[15:27:55.398] [bmv2] [D] [thread 45747] [30.0] [cxt 0] Pipeline 'ingress': end
[15:27:55.398] [bmv2] [D] [thread 45747] [30.0] [cxt 0] Egress port is 0
[15:27:55.398] [bmv2] [D] [thread 45748] [28.0] [cxt 0] Pipeline 'egress': start
[15:27:55.398] [bmv2] [T] [thread 45748] [28.0] [cxt 0] Applying table 'tbl_link_monitor377'
[15:27:55.398] [bmv2] [D] [thread 45748] [28.0] [cxt 0] Looking up key:

[15:27:55.398] [bmv2] [D] [thread 45748] [28.0] [cxt 0] Table 'tbl_link_monitor377': miss
[15:27:55.398] [bmv2] [D] [thread 45748] [28.0] [cxt 0] Action entry is link_monitor377 - 
[15:27:55.398] [bmv2] [T] [thread 45748] [28.0] [cxt 0] Action link_monitor377
[15:27:55.398] [bmv2] [T] [thread 45748] [28.0] [cxt 0] link_monitor.p4(377) Primitive (bit<32>)standard_metadata.egress_port
[15:27:55.398] [bmv2] [T] [thread 45748] [28.0] [cxt 0] link_monitor.p4(377) Primitive byte_cnt_reg.read(byte_cnt, (bit<32>)standard_metadata.egress_port)
[15:27:55.398] [bmv2] [T] [thread 45748] [28.0] [cxt 0] Read register 'MyEgress.byte_cnt_reg' at index 0 read value 560
[15:27:55.398] [bmv2] [T] [thread 45748] [28.0] [cxt 0] link_monitor.p4(378) Primitive byte_cnt = byte_cnt + standard_metadata.packet_length
[15:27:55.398] [bmv2] [T] [thread 45748] [28.0] [cxt 0] link_monitor.p4(380) Condition "hdr.probe.isValid()" (node_12) is false
[15:27:55.398] [bmv2] [T] [thread 45748] [28.0] [cxt 0] Applying table 'tbl_link_monitor380_0'
[15:27:55.399] [bmv2] [D] [thread 45748] [28.0] [cxt 0] Looking up key:

[15:27:55.399] [bmv2] [D] [thread 45748] [28.0] [cxt 0] Table 'tbl_link_monitor380_0': miss
[15:27:55.399] [bmv2] [D] [thread 45748] [28.0] [cxt 0] Action entry is link_monitor380_0 - 
[15:27:55.399] [bmv2] [T] [thread 45748] [28.0] [cxt 0] Action link_monitor380_0
[15:27:55.399] [bmv2] [T] [thread 45748] [28.0] [cxt 0] link_monitor.p4(380) Primitive (hdr.probe.isValid()) ? 0 : byte_cnt
[15:27:55.399] [bmv2] [T] [thread 45748] [28.0] [cxt 0] Applying table 'tbl_link_monitor381'
[15:27:55.399] [bmv2] [D] [thread 45748] [28.0] [cxt 0] Looking up key:

[15:27:55.399] [bmv2] [D] [thread 45748] [28.0] [cxt 0] Table 'tbl_link_monitor381': miss
[15:27:55.399] [bmv2] [D] [thread 45748] [28.0] [cxt 0] Action entry is link_monitor381 - 
[15:27:55.399] [bmv2] [T] [thread 45748] [28.0] [cxt 0] Action link_monitor381
[15:27:55.399] [bmv2] [T] [thread 45748] [28.0] [cxt 0] link_monitor.p4(381) Primitive (bit<32>)standard_metadata.egress_port
[15:27:55.399] [bmv2] [T] [thread 45748] [28.0] [cxt 0] link_monitor.p4(381) Primitive byte_cnt_reg.write((bit<32>)standard_metadata.egress_port, new_byte_cnt)
[15:27:55.399] [bmv2] [T] [thread 45748] [28.0] [cxt 0] Wrote register 'MyEgress.byte_cnt_reg' at index 0 with value 630
[15:27:55.399] [bmv2] [T] [thread 45748] [28.0] [cxt 0] link_monitor.p4(383) Condition "hdr.probe.isValid()" (node_16) is false
[15:27:55.399] [bmv2] [D] [thread 45748] [28.0] [cxt 0] Pipeline 'egress': end
[15:27:55.399] [bmv2] [D] [thread 45748] [28.0] [cxt 0] Deparser 'deparser': start
[15:27:55.399] [bmv2] [T] [thread 45748] [28.0] [cxt 0] Skipping checksum 'cksum' update because condition not met
[15:27:55.399] [bmv2] [D] [thread 45748] [28.0] [cxt 0] Deparsing header 'ethernet'
[15:27:55.399] [bmv2] [D] [thread 45748] [28.0] [cxt 0] Deparser 'deparser': end
[15:27:55.399] [bmv2] [D] [thread 45748] [29.0] [cxt 0] Pipeline 'egress': start
[15:27:55.399] [bmv2] [T] [thread 45748] [29.0] [cxt 0] Applying table 'tbl_link_monitor377'
[15:27:55.399] [bmv2] [D] [thread 45748] [29.0] [cxt 0] Looking up key:

[15:27:55.399] [bmv2] [D] [thread 45748] [29.0] [cxt 0] Table 'tbl_link_monitor377': miss
[15:27:55.399] [bmv2] [D] [thread 45748] [29.0] [cxt 0] Action entry is link_monitor377 - 
[15:27:55.399] [bmv2] [T] [thread 45748] [29.0] [cxt 0] Action link_monitor377
[15:27:55.399] [bmv2] [T] [thread 45748] [29.0] [cxt 0] link_monitor.p4(377) Primitive (bit<32>)standard_metadata.egress_port
[15:27:55.399] [bmv2] [T] [thread 45748] [29.0] [cxt 0] link_monitor.p4(377) Primitive byte_cnt_reg.read(byte_cnt, (bit<32>)standard_metadata.egress_port)
[15:27:55.399] [bmv2] [T] [thread 45748] [29.0] [cxt 0] Read register 'MyEgress.byte_cnt_reg' at index 0 read value 630
[15:27:55.399] [bmv2] [T] [thread 45748] [29.0] [cxt 0] link_monitor.p4(378) Primitive byte_cnt = byte_cnt + standard_metadata.packet_length
[15:27:55.399] [bmv2] [T] [thread 45748] [29.0] [cxt 0] link_monitor.p4(380) Condition "hdr.probe.isValid()" (node_12) is false
[15:27:55.399] [bmv2] [T] [thread 45748] [29.0] [cxt 0] Applying table 'tbl_link_monitor380_0'
[15:27:55.399] [bmv2] [D] [thread 45748] [29.0] [cxt 0] Looking up key:

[15:27:55.399] [bmv2] [D] [thread 45748] [29.0] [cxt 0] Table 'tbl_link_monitor380_0': miss
[15:27:55.399] [bmv2] [D] [thread 45748] [29.0] [cxt 0] Action entry is link_monitor380_0 - 
[15:27:55.399] [bmv2] [T] [thread 45748] [29.0] [cxt 0] Action link_monitor380_0
[15:27:55.399] [bmv2] [T] [thread 45748] [29.0] [cxt 0] link_monitor.p4(380) Primitive (hdr.probe.isValid()) ? 0 : byte_cnt
[15:27:55.399] [bmv2] [T] [thread 45748] [29.0] [cxt 0] Applying table 'tbl_link_monitor381'
[15:27:55.399] [bmv2] [D] [thread 45748] [29.0] [cxt 0] Looking up key:

[15:27:55.399] [bmv2] [D] [thread 45748] [29.0] [cxt 0] Table 'tbl_link_monitor381': miss
[15:27:55.399] [bmv2] [D] [thread 45748] [29.0] [cxt 0] Action entry is link_monitor381 - 
[15:27:55.399] [bmv2] [T] [thread 45748] [29.0] [cxt 0] Action link_monitor381
[15:27:55.399] [bmv2] [T] [thread 45748] [29.0] [cxt 0] link_monitor.p4(381) Primitive (bit<32>)standard_metadata.egress_port
[15:27:55.399] [bmv2] [T] [thread 45748] [29.0] [cxt 0] link_monitor.p4(381) Primitive byte_cnt_reg.write((bit<32>)standard_metadata.egress_port, new_byte_cnt)
[15:27:55.400] [bmv2] [T] [thread 45748] [29.0] [cxt 0] Wrote register 'MyEgress.byte_cnt_reg' at index 0 with value 700
[15:27:55.400] [bmv2] [T] [thread 45748] [29.0] [cxt 0] link_monitor.p4(383) Condition "hdr.probe.isValid()" (node_16) is false
[15:27:55.400] [bmv2] [D] [thread 45748] [29.0] [cxt 0] Pipeline 'egress': end
[15:27:55.400] [bmv2] [D] [thread 45748] [29.0] [cxt 0] Deparser 'deparser': start
[15:27:55.400] [bmv2] [T] [thread 45748] [29.0] [cxt 0] Skipping checksum 'cksum' update because condition not met
[15:27:55.400] [bmv2] [D] [thread 45748] [29.0] [cxt 0] Deparsing header 'ethernet'
[15:27:55.400] [bmv2] [D] [thread 45748] [29.0] [cxt 0] Deparser 'deparser': end
[15:27:55.400] [bmv2] [D] [thread 45748] [30.0] [cxt 0] Pipeline 'egress': start
[15:27:55.400] [bmv2] [T] [thread 45748] [30.0] [cxt 0] Applying table 'tbl_link_monitor377'
[15:27:55.400] [bmv2] [D] [thread 45748] [30.0] [cxt 0] Looking up key:

[15:27:55.400] [bmv2] [D] [thread 45748] [30.0] [cxt 0] Table 'tbl_link_monitor377': miss
[15:27:55.400] [bmv2] [D] [thread 45748] [30.0] [cxt 0] Action entry is link_monitor377 - 
[15:27:55.400] [bmv2] [T] [thread 45748] [30.0] [cxt 0] Action link_monitor377
[15:27:55.400] [bmv2] [T] [thread 45748] [30.0] [cxt 0] link_monitor.p4(377) Primitive (bit<32>)standard_metadata.egress_port
[15:27:55.400] [bmv2] [T] [thread 45748] [30.0] [cxt 0] link_monitor.p4(377) Primitive byte_cnt_reg.read(byte_cnt, (bit<32>)standard_metadata.egress_port)
[15:27:55.400] [bmv2] [T] [thread 45748] [30.0] [cxt 0] Read register 'MyEgress.byte_cnt_reg' at index 0 read value 700
[15:27:55.400] [bmv2] [T] [thread 45748] [30.0] [cxt 0] link_monitor.p4(378) Primitive byte_cnt = byte_cnt + standard_metadata.packet_length
[15:27:55.400] [bmv2] [T] [thread 45748] [30.0] [cxt 0] link_monitor.p4(380) Condition "hdr.probe.isValid()" (node_12) is false
[15:27:55.400] [bmv2] [T] [thread 45748] [30.0] [cxt 0] Applying table 'tbl_link_monitor380_0'
[15:27:55.400] [bmv2] [D] [thread 45748] [30.0] [cxt 0] Looking up key:

[15:27:55.400] [bmv2] [D] [thread 45748] [30.0] [cxt 0] Table 'tbl_link_monitor380_0': miss
[15:27:55.400] [bmv2] [D] [thread 45748] [30.0] [cxt 0] Action entry is link_monitor380_0 - 
[15:27:55.400] [bmv2] [T] [thread 45748] [30.0] [cxt 0] Action link_monitor380_0
[15:27:55.400] [bmv2] [T] [thread 45748] [30.0] [cxt 0] link_monitor.p4(380) Primitive (hdr.probe.isValid()) ? 0 : byte_cnt
[15:27:55.400] [bmv2] [T] [thread 45748] [30.0] [cxt 0] Applying table 'tbl_link_monitor381'
[15:27:55.400] [bmv2] [D] [thread 45748] [30.0] [cxt 0] Looking up key:

[15:27:55.400] [bmv2] [D] [thread 45748] [30.0] [cxt 0] Table 'tbl_link_monitor381': miss
[15:27:55.400] [bmv2] [D] [thread 45748] [30.0] [cxt 0] Action entry is link_monitor381 - 
[15:27:55.400] [bmv2] [T] [thread 45748] [30.0] [cxt 0] Action link_monitor381
[15:27:55.400] [bmv2] [T] [thread 45748] [30.0] [cxt 0] link_monitor.p4(381) Primitive (bit<32>)standard_metadata.egress_port
[15:27:55.400] [bmv2] [T] [thread 45748] [30.0] [cxt 0] link_monitor.p4(381) Primitive byte_cnt_reg.write((bit<32>)standard_metadata.egress_port, new_byte_cnt)
[15:27:55.400] [bmv2] [T] [thread 45748] [30.0] [cxt 0] Wrote register 'MyEgress.byte_cnt_reg' at index 0 with value 770
[15:27:55.400] [bmv2] [T] [thread 45748] [30.0] [cxt 0] link_monitor.p4(383) Condition "hdr.probe.isValid()" (node_16) is false
[15:27:55.400] [bmv2] [D] [thread 45748] [30.0] [cxt 0] Pipeline 'egress': end
[15:27:55.400] [bmv2] [D] [thread 45748] [30.0] [cxt 0] Deparser 'deparser': start
[15:27:55.400] [bmv2] [T] [thread 45748] [30.0] [cxt 0] Skipping checksum 'cksum' update because condition not met
[15:27:55.400] [bmv2] [D] [thread 45748] [30.0] [cxt 0] Deparsing header 'ethernet'
[15:27:55.400] [bmv2] [D] [thread 45748] [30.0] [cxt 0] Deparser 'deparser': end
[15:27:55.402] [bmv2] [D] [thread 45752] [28.0] [cxt 0] Transmitting packet of size 70 out of port 0
[15:27:55.402] [bmv2] [D] [thread 45752] [29.0] [cxt 0] Transmitting packet of size 70 out of port 0
[15:27:55.402] [bmv2] [D] [thread 45752] [30.0] [cxt 0] Transmitting packet of size 70 out of port 0
[15:27:56.164] [bmv2] [D] [thread 45747] [31.0] [cxt 0] Processing packet received on port 3
[15:27:56.164] [bmv2] [D] [thread 45747] [31.0] [cxt 0] Parser 'parser': start
[15:27:56.164] [bmv2] [D] [thread 45747] [31.0] [cxt 0] Parser 'parser' entering state 'start'
[15:27:56.164] [bmv2] [D] [thread 45747] [31.0] [cxt 0] Extracting header 'ethernet'
[15:27:56.164] [bmv2] [D] [thread 45747] [31.0] [cxt 0] Parser state 'start': key is 86dd
[15:27:56.164] [bmv2] [T] [thread 45747] [31.0] [cxt 0] Bytes parsed: 14
[15:27:56.164] [bmv2] [D] [thread 45747] [31.0] [cxt 0] Parser 'parser': end
[15:27:56.164] [bmv2] [D] [thread 45747] [31.0] [cxt 0] Pipeline 'ingress': start
[15:27:56.164] [bmv2] [T] [thread 45747] [31.0] [cxt 0] link_monitor.p4(331) Condition "hdr.tcp.isValid()" (node_2) is false
[15:27:56.164] [bmv2] [T] [thread 45747] [31.0] [cxt 0] link_monitor.p4(335) Condition "hdr.ipv4.isValid()" (node_5) is false
[15:27:56.164] [bmv2] [T] [thread 45747] [31.0] [cxt 0] link_monitor.p4(338) Condition "hdr.probe.isValid()" (node_7) is false
[15:27:56.164] [bmv2] [D] [thread 45747] [31.0] [cxt 0] Pipeline 'ingress': end
[15:27:56.164] [bmv2] [D] [thread 45747] [31.0] [cxt 0] Egress port is 0
[15:27:56.165] [bmv2] [D] [thread 45748] [31.0] [cxt 0] Pipeline 'egress': start
[15:27:56.165] [bmv2] [T] [thread 45748] [31.0] [cxt 0] Applying table 'tbl_link_monitor377'
[15:27:56.165] [bmv2] [D] [thread 45748] [31.0] [cxt 0] Looking up key:

[15:27:56.165] [bmv2] [D] [thread 45748] [31.0] [cxt 0] Table 'tbl_link_monitor377': miss
[15:27:56.165] [bmv2] [D] [thread 45748] [31.0] [cxt 0] Action entry is link_monitor377 - 
[15:27:56.165] [bmv2] [T] [thread 45748] [31.0] [cxt 0] Action link_monitor377
[15:27:56.165] [bmv2] [T] [thread 45748] [31.0] [cxt 0] link_monitor.p4(377) Primitive (bit<32>)standard_metadata.egress_port
[15:27:56.165] [bmv2] [T] [thread 45748] [31.0] [cxt 0] link_monitor.p4(377) Primitive byte_cnt_reg.read(byte_cnt, (bit<32>)standard_metadata.egress_port)
[15:27:56.165] [bmv2] [T] [thread 45748] [31.0] [cxt 0] Read register 'MyEgress.byte_cnt_reg' at index 0 read value 770
[15:27:56.165] [bmv2] [T] [thread 45748] [31.0] [cxt 0] link_monitor.p4(378) Primitive byte_cnt = byte_cnt + standard_metadata.packet_length
[15:27:56.165] [bmv2] [T] [thread 45748] [31.0] [cxt 0] link_monitor.p4(380) Condition "hdr.probe.isValid()" (node_12) is false
[15:27:56.165] [bmv2] [T] [thread 45748] [31.0] [cxt 0] Applying table 'tbl_link_monitor380_0'
[15:27:56.165] [bmv2] [D] [thread 45748] [31.0] [cxt 0] Looking up key:

[15:27:56.165] [bmv2] [D] [thread 45748] [31.0] [cxt 0] Table 'tbl_link_monitor380_0': miss
[15:27:56.165] [bmv2] [D] [thread 45748] [31.0] [cxt 0] Action entry is link_monitor380_0 - 
[15:27:56.165] [bmv2] [T] [thread 45748] [31.0] [cxt 0] Action link_monitor380_0
[15:27:56.165] [bmv2] [T] [thread 45748] [31.0] [cxt 0] link_monitor.p4(380) Primitive (hdr.probe.isValid()) ? 0 : byte_cnt
[15:27:56.165] [bmv2] [T] [thread 45748] [31.0] [cxt 0] Applying table 'tbl_link_monitor381'
[15:27:56.165] [bmv2] [D] [thread 45748] [31.0] [cxt 0] Looking up key:

[15:27:56.165] [bmv2] [D] [thread 45748] [31.0] [cxt 0] Table 'tbl_link_monitor381': miss
[15:27:56.165] [bmv2] [D] [thread 45748] [31.0] [cxt 0] Action entry is link_monitor381 - 
[15:27:56.165] [bmv2] [T] [thread 45748] [31.0] [cxt 0] Action link_monitor381
[15:27:56.165] [bmv2] [T] [thread 45748] [31.0] [cxt 0] link_monitor.p4(381) Primitive (bit<32>)standard_metadata.egress_port
[15:27:56.165] [bmv2] [T] [thread 45748] [31.0] [cxt 0] link_monitor.p4(381) Primitive byte_cnt_reg.write((bit<32>)standard_metadata.egress_port, new_byte_cnt)
[15:27:56.165] [bmv2] [T] [thread 45748] [31.0] [cxt 0] Wrote register 'MyEgress.byte_cnt_reg' at index 0 with value 840
[15:27:56.165] [bmv2] [T] [thread 45748] [31.0] [cxt 0] link_monitor.p4(383) Condition "hdr.probe.isValid()" (node_16) is false
[15:27:56.165] [bmv2] [D] [thread 45748] [31.0] [cxt 0] Pipeline 'egress': end
[15:27:56.165] [bmv2] [D] [thread 45748] [31.0] [cxt 0] Deparser 'deparser': start
[15:27:56.165] [bmv2] [T] [thread 45748] [31.0] [cxt 0] Skipping checksum 'cksum' update because condition not met
[15:27:56.165] [bmv2] [D] [thread 45748] [31.0] [cxt 0] Deparsing header 'ethernet'
[15:27:56.165] [bmv2] [D] [thread 45748] [31.0] [cxt 0] Deparser 'deparser': end
[15:27:56.165] [bmv2] [D] [thread 45752] [31.0] [cxt 0] Transmitting packet of size 70 out of port 0
[15:28:08.456] [bmv2] [D] [thread 45747] [32.0] [cxt 0] Processing packet received on port 2
[15:28:08.456] [bmv2] [D] [thread 45747] [32.0] [cxt 0] Parser 'parser': start
[15:28:08.456] [bmv2] [D] [thread 45747] [32.0] [cxt 0] Parser 'parser' entering state 'start'
[15:28:08.456] [bmv2] [D] [thread 45747] [32.0] [cxt 0] Extracting header 'ethernet'
[15:28:08.456] [bmv2] [D] [thread 45747] [32.0] [cxt 0] Parser state 'start': key is 86dd
[15:28:08.456] [bmv2] [T] [thread 45747] [32.0] [cxt 0] Bytes parsed: 14
[15:28:08.456] [bmv2] [D] [thread 45747] [32.0] [cxt 0] Parser 'parser': end
[15:28:08.456] [bmv2] [D] [thread 45747] [32.0] [cxt 0] Pipeline 'ingress': start
[15:28:08.456] [bmv2] [T] [thread 45747] [32.0] [cxt 0] link_monitor.p4(331) Condition "hdr.tcp.isValid()" (node_2) is false
[15:28:08.456] [bmv2] [T] [thread 45747] [32.0] [cxt 0] link_monitor.p4(335) Condition "hdr.ipv4.isValid()" (node_5) is false
[15:28:08.456] [bmv2] [T] [thread 45747] [32.0] [cxt 0] link_monitor.p4(338) Condition "hdr.probe.isValid()" (node_7) is false
[15:28:08.456] [bmv2] [D] [thread 45747] [32.0] [cxt 0] Pipeline 'ingress': end
[15:28:08.456] [bmv2] [D] [thread 45747] [32.0] [cxt 0] Egress port is 0
[15:28:08.456] [bmv2] [D] [thread 45748] [32.0] [cxt 0] Pipeline 'egress': start
[15:28:08.456] [bmv2] [T] [thread 45748] [32.0] [cxt 0] Applying table 'tbl_link_monitor377'
[15:28:08.456] [bmv2] [D] [thread 45748] [32.0] [cxt 0] Looking up key:

[15:28:08.456] [bmv2] [D] [thread 45748] [32.0] [cxt 0] Table 'tbl_link_monitor377': miss
[15:28:08.456] [bmv2] [D] [thread 45748] [32.0] [cxt 0] Action entry is link_monitor377 - 
[15:28:08.456] [bmv2] [T] [thread 45748] [32.0] [cxt 0] Action link_monitor377
[15:28:08.456] [bmv2] [T] [thread 45748] [32.0] [cxt 0] link_monitor.p4(377) Primitive (bit<32>)standard_metadata.egress_port
[15:28:08.456] [bmv2] [T] [thread 45748] [32.0] [cxt 0] link_monitor.p4(377) Primitive byte_cnt_reg.read(byte_cnt, (bit<32>)standard_metadata.egress_port)
[15:28:08.456] [bmv2] [T] [thread 45748] [32.0] [cxt 0] Read register 'MyEgress.byte_cnt_reg' at index 0 read value 840
[15:28:08.456] [bmv2] [T] [thread 45748] [32.0] [cxt 0] link_monitor.p4(378) Primitive byte_cnt = byte_cnt + standard_metadata.packet_length
[15:28:08.456] [bmv2] [T] [thread 45748] [32.0] [cxt 0] link_monitor.p4(380) Condition "hdr.probe.isValid()" (node_12) is false
[15:28:08.456] [bmv2] [T] [thread 45748] [32.0] [cxt 0] Applying table 'tbl_link_monitor380_0'
[15:28:08.456] [bmv2] [D] [thread 45748] [32.0] [cxt 0] Looking up key:

[15:28:08.456] [bmv2] [D] [thread 45748] [32.0] [cxt 0] Table 'tbl_link_monitor380_0': miss
[15:28:08.457] [bmv2] [D] [thread 45748] [32.0] [cxt 0] Action entry is link_monitor380_0 - 
[15:28:08.457] [bmv2] [T] [thread 45748] [32.0] [cxt 0] Action link_monitor380_0
[15:28:08.457] [bmv2] [T] [thread 45748] [32.0] [cxt 0] link_monitor.p4(380) Primitive (hdr.probe.isValid()) ? 0 : byte_cnt
[15:28:08.457] [bmv2] [T] [thread 45748] [32.0] [cxt 0] Applying table 'tbl_link_monitor381'
[15:28:08.457] [bmv2] [D] [thread 45748] [32.0] [cxt 0] Looking up key:

[15:28:08.457] [bmv2] [D] [thread 45748] [32.0] [cxt 0] Table 'tbl_link_monitor381': miss
[15:28:08.457] [bmv2] [D] [thread 45748] [32.0] [cxt 0] Action entry is link_monitor381 - 
[15:28:08.457] [bmv2] [T] [thread 45748] [32.0] [cxt 0] Action link_monitor381
[15:28:08.457] [bmv2] [T] [thread 45748] [32.0] [cxt 0] link_monitor.p4(381) Primitive (bit<32>)standard_metadata.egress_port
[15:28:08.457] [bmv2] [T] [thread 45748] [32.0] [cxt 0] link_monitor.p4(381) Primitive byte_cnt_reg.write((bit<32>)standard_metadata.egress_port, new_byte_cnt)
[15:28:08.457] [bmv2] [T] [thread 45748] [32.0] [cxt 0] Wrote register 'MyEgress.byte_cnt_reg' at index 0 with value 910
[15:28:08.457] [bmv2] [T] [thread 45748] [32.0] [cxt 0] link_monitor.p4(383) Condition "hdr.probe.isValid()" (node_16) is false
[15:28:08.457] [bmv2] [D] [thread 45748] [32.0] [cxt 0] Pipeline 'egress': end
[15:28:08.457] [bmv2] [D] [thread 45748] [32.0] [cxt 0] Deparser 'deparser': start
[15:28:08.457] [bmv2] [T] [thread 45748] [32.0] [cxt 0] Skipping checksum 'cksum' update because condition not met
[15:28:08.457] [bmv2] [D] [thread 45748] [32.0] [cxt 0] Deparsing header 'ethernet'
[15:28:08.457] [bmv2] [D] [thread 45748] [32.0] [cxt 0] Deparser 'deparser': end
[15:28:08.457] [bmv2] [D] [thread 45752] [32.0] [cxt 0] Transmitting packet of size 70 out of port 0
[15:28:09.228] [bmv2] [D] [thread 45747] [33.0] [cxt 0] Processing packet received on port 1
[15:28:09.228] [bmv2] [D] [thread 45747] [33.0] [cxt 0] Parser 'parser': start
[15:28:09.228] [bmv2] [D] [thread 45747] [33.0] [cxt 0] Parser 'parser' entering state 'start'
[15:28:09.228] [bmv2] [D] [thread 45747] [33.0] [cxt 0] Extracting header 'ethernet'
[15:28:09.228] [bmv2] [D] [thread 45747] [33.0] [cxt 0] Parser state 'start': key is 86dd
[15:28:09.228] [bmv2] [T] [thread 45747] [33.0] [cxt 0] Bytes parsed: 14
[15:28:09.228] [bmv2] [D] [thread 45747] [33.0] [cxt 0] Parser 'parser': end
[15:28:09.228] [bmv2] [D] [thread 45747] [33.0] [cxt 0] Pipeline 'ingress': start
[15:28:09.228] [bmv2] [T] [thread 45747] [33.0] [cxt 0] link_monitor.p4(331) Condition "hdr.tcp.isValid()" (node_2) is false
[15:28:09.228] [bmv2] [T] [thread 45747] [33.0] [cxt 0] link_monitor.p4(335) Condition "hdr.ipv4.isValid()" (node_5) is false
[15:28:09.228] [bmv2] [T] [thread 45747] [33.0] [cxt 0] link_monitor.p4(338) Condition "hdr.probe.isValid()" (node_7) is false
[15:28:09.228] [bmv2] [D] [thread 45747] [33.0] [cxt 0] Pipeline 'ingress': end
[15:28:09.228] [bmv2] [D] [thread 45747] [33.0] [cxt 0] Egress port is 0
[15:28:09.228] [bmv2] [D] [thread 45748] [33.0] [cxt 0] Pipeline 'egress': start
[15:28:09.228] [bmv2] [T] [thread 45748] [33.0] [cxt 0] Applying table 'tbl_link_monitor377'
[15:28:09.228] [bmv2] [D] [thread 45748] [33.0] [cxt 0] Looking up key:

[15:28:09.228] [bmv2] [D] [thread 45748] [33.0] [cxt 0] Table 'tbl_link_monitor377': miss
[15:28:09.228] [bmv2] [D] [thread 45748] [33.0] [cxt 0] Action entry is link_monitor377 - 
[15:28:09.228] [bmv2] [T] [thread 45748] [33.0] [cxt 0] Action link_monitor377
[15:28:09.228] [bmv2] [T] [thread 45748] [33.0] [cxt 0] link_monitor.p4(377) Primitive (bit<32>)standard_metadata.egress_port
[15:28:09.228] [bmv2] [T] [thread 45748] [33.0] [cxt 0] link_monitor.p4(377) Primitive byte_cnt_reg.read(byte_cnt, (bit<32>)standard_metadata.egress_port)
[15:28:09.228] [bmv2] [T] [thread 45748] [33.0] [cxt 0] Read register 'MyEgress.byte_cnt_reg' at index 0 read value 910
[15:28:09.228] [bmv2] [T] [thread 45748] [33.0] [cxt 0] link_monitor.p4(378) Primitive byte_cnt = byte_cnt + standard_metadata.packet_length
[15:28:09.228] [bmv2] [T] [thread 45748] [33.0] [cxt 0] link_monitor.p4(380) Condition "hdr.probe.isValid()" (node_12) is false
[15:28:09.228] [bmv2] [T] [thread 45748] [33.0] [cxt 0] Applying table 'tbl_link_monitor380_0'
[15:28:09.228] [bmv2] [D] [thread 45748] [33.0] [cxt 0] Looking up key:

[15:28:09.229] [bmv2] [D] [thread 45748] [33.0] [cxt 0] Table 'tbl_link_monitor380_0': miss
[15:28:09.229] [bmv2] [D] [thread 45748] [33.0] [cxt 0] Action entry is link_monitor380_0 - 
[15:28:09.229] [bmv2] [T] [thread 45748] [33.0] [cxt 0] Action link_monitor380_0
[15:28:09.229] [bmv2] [T] [thread 45748] [33.0] [cxt 0] link_monitor.p4(380) Primitive (hdr.probe.isValid()) ? 0 : byte_cnt
[15:28:09.229] [bmv2] [T] [thread 45748] [33.0] [cxt 0] Applying table 'tbl_link_monitor381'
[15:28:09.229] [bmv2] [D] [thread 45748] [33.0] [cxt 0] Looking up key:

[15:28:09.229] [bmv2] [D] [thread 45748] [33.0] [cxt 0] Table 'tbl_link_monitor381': miss
[15:28:09.229] [bmv2] [D] [thread 45748] [33.0] [cxt 0] Action entry is link_monitor381 - 
[15:28:09.229] [bmv2] [T] [thread 45748] [33.0] [cxt 0] Action link_monitor381
[15:28:09.229] [bmv2] [T] [thread 45748] [33.0] [cxt 0] link_monitor.p4(381) Primitive (bit<32>)standard_metadata.egress_port
[15:28:09.229] [bmv2] [T] [thread 45748] [33.0] [cxt 0] link_monitor.p4(381) Primitive byte_cnt_reg.write((bit<32>)standard_metadata.egress_port, new_byte_cnt)
[15:28:09.229] [bmv2] [T] [thread 45748] [33.0] [cxt 0] Wrote register 'MyEgress.byte_cnt_reg' at index 0 with value 980
[15:28:09.229] [bmv2] [T] [thread 45748] [33.0] [cxt 0] link_monitor.p4(383) Condition "hdr.probe.isValid()" (node_16) is false
[15:28:09.229] [bmv2] [D] [thread 45748] [33.0] [cxt 0] Pipeline 'egress': end
[15:28:09.229] [bmv2] [D] [thread 45748] [33.0] [cxt 0] Deparser 'deparser': start
[15:28:09.229] [bmv2] [T] [thread 45748] [33.0] [cxt 0] Skipping checksum 'cksum' update because condition not met
[15:28:09.229] [bmv2] [D] [thread 45748] [33.0] [cxt 0] Deparsing header 'ethernet'
[15:28:09.229] [bmv2] [D] [thread 45748] [33.0] [cxt 0] Deparser 'deparser': end
[15:28:09.229] [bmv2] [D] [thread 45752] [33.0] [cxt 0] Transmitting packet of size 70 out of port 0
[15:28:10.501] [bmv2] [D] [thread 45747] [34.0] [cxt 0] Processing packet received on port 3
[15:28:10.501] [bmv2] [D] [thread 45747] [34.0] [cxt 0] Parser 'parser': start
[15:28:10.501] [bmv2] [D] [thread 45747] [34.0] [cxt 0] Parser 'parser' entering state 'start'
[15:28:10.501] [bmv2] [D] [thread 45747] [34.0] [cxt 0] Extracting header 'ethernet'
[15:28:10.501] [bmv2] [D] [thread 45747] [34.0] [cxt 0] Parser state 'start': key is 86dd
[15:28:10.501] [bmv2] [T] [thread 45747] [34.0] [cxt 0] Bytes parsed: 14
[15:28:10.501] [bmv2] [D] [thread 45747] [34.0] [cxt 0] Parser 'parser': end
[15:28:10.501] [bmv2] [D] [thread 45747] [34.0] [cxt 0] Pipeline 'ingress': start
[15:28:10.501] [bmv2] [T] [thread 45747] [34.0] [cxt 0] link_monitor.p4(331) Condition "hdr.tcp.isValid()" (node_2) is false
[15:28:10.501] [bmv2] [T] [thread 45747] [34.0] [cxt 0] link_monitor.p4(335) Condition "hdr.ipv4.isValid()" (node_5) is false
[15:28:10.501] [bmv2] [T] [thread 45747] [34.0] [cxt 0] link_monitor.p4(338) Condition "hdr.probe.isValid()" (node_7) is false
[15:28:10.501] [bmv2] [D] [thread 45747] [34.0] [cxt 0] Pipeline 'ingress': end
[15:28:10.501] [bmv2] [D] [thread 45747] [34.0] [cxt 0] Egress port is 0
[15:28:10.502] [bmv2] [D] [thread 45748] [34.0] [cxt 0] Pipeline 'egress': start
[15:28:10.502] [bmv2] [T] [thread 45748] [34.0] [cxt 0] Applying table 'tbl_link_monitor377'
[15:28:10.502] [bmv2] [D] [thread 45748] [34.0] [cxt 0] Looking up key:

[15:28:10.502] [bmv2] [D] [thread 45748] [34.0] [cxt 0] Table 'tbl_link_monitor377': miss
[15:28:10.502] [bmv2] [D] [thread 45748] [34.0] [cxt 0] Action entry is link_monitor377 - 
[15:28:10.502] [bmv2] [T] [thread 45748] [34.0] [cxt 0] Action link_monitor377
[15:28:10.502] [bmv2] [T] [thread 45748] [34.0] [cxt 0] link_monitor.p4(377) Primitive (bit<32>)standard_metadata.egress_port
[15:28:10.502] [bmv2] [T] [thread 45748] [34.0] [cxt 0] link_monitor.p4(377) Primitive byte_cnt_reg.read(byte_cnt, (bit<32>)standard_metadata.egress_port)
[15:28:10.502] [bmv2] [T] [thread 45748] [34.0] [cxt 0] Read register 'MyEgress.byte_cnt_reg' at index 0 read value 980
[15:28:10.502] [bmv2] [T] [thread 45748] [34.0] [cxt 0] link_monitor.p4(378) Primitive byte_cnt = byte_cnt + standard_metadata.packet_length
[15:28:10.502] [bmv2] [T] [thread 45748] [34.0] [cxt 0] link_monitor.p4(380) Condition "hdr.probe.isValid()" (node_12) is false
[15:28:10.502] [bmv2] [T] [thread 45748] [34.0] [cxt 0] Applying table 'tbl_link_monitor380_0'
[15:28:10.502] [bmv2] [D] [thread 45748] [34.0] [cxt 0] Looking up key:

[15:28:10.502] [bmv2] [D] [thread 45748] [34.0] [cxt 0] Table 'tbl_link_monitor380_0': miss
[15:28:10.502] [bmv2] [D] [thread 45748] [34.0] [cxt 0] Action entry is link_monitor380_0 - 
[15:28:10.502] [bmv2] [T] [thread 45748] [34.0] [cxt 0] Action link_monitor380_0
[15:28:10.502] [bmv2] [T] [thread 45748] [34.0] [cxt 0] link_monitor.p4(380) Primitive (hdr.probe.isValid()) ? 0 : byte_cnt
[15:28:10.502] [bmv2] [T] [thread 45748] [34.0] [cxt 0] Applying table 'tbl_link_monitor381'
[15:28:10.502] [bmv2] [D] [thread 45748] [34.0] [cxt 0] Looking up key:

[15:28:10.502] [bmv2] [D] [thread 45748] [34.0] [cxt 0] Table 'tbl_link_monitor381': miss
[15:28:10.502] [bmv2] [D] [thread 45748] [34.0] [cxt 0] Action entry is link_monitor381 - 
[15:28:10.502] [bmv2] [T] [thread 45748] [34.0] [cxt 0] Action link_monitor381
[15:28:10.502] [bmv2] [T] [thread 45748] [34.0] [cxt 0] link_monitor.p4(381) Primitive (bit<32>)standard_metadata.egress_port
[15:28:10.502] [bmv2] [T] [thread 45748] [34.0] [cxt 0] link_monitor.p4(381) Primitive byte_cnt_reg.write((bit<32>)standard_metadata.egress_port, new_byte_cnt)
[15:28:10.502] [bmv2] [T] [thread 45748] [34.0] [cxt 0] Wrote register 'MyEgress.byte_cnt_reg' at index 0 with value 1050
[15:28:10.502] [bmv2] [T] [thread 45748] [34.0] [cxt 0] link_monitor.p4(383) Condition "hdr.probe.isValid()" (node_16) is false
[15:28:10.502] [bmv2] [D] [thread 45748] [34.0] [cxt 0] Pipeline 'egress': end
[15:28:10.502] [bmv2] [D] [thread 45748] [34.0] [cxt 0] Deparser 'deparser': start
[15:28:10.502] [bmv2] [T] [thread 45748] [34.0] [cxt 0] Skipping checksum 'cksum' update because condition not met
[15:28:10.502] [bmv2] [D] [thread 45748] [34.0] [cxt 0] Deparsing header 'ethernet'
[15:28:10.502] [bmv2] [D] [thread 45748] [34.0] [cxt 0] Deparser 'deparser': end
[15:28:10.503] [bmv2] [D] [thread 45752] [34.0] [cxt 0] Transmitting packet of size 70 out of port 0
[15:28:12.297] [bmv2] [D] [thread 45747] [35.0] [cxt 0] Processing packet received on port 4
[15:28:12.297] [bmv2] [D] [thread 45747] [35.0] [cxt 0] Parser 'parser': start
[15:28:12.297] [bmv2] [D] [thread 45747] [35.0] [cxt 0] Parser 'parser' entering state 'start'
[15:28:12.297] [bmv2] [D] [thread 45747] [35.0] [cxt 0] Extracting header 'ethernet'
[15:28:12.297] [bmv2] [D] [thread 45747] [35.0] [cxt 0] Parser state 'start': key is 86dd
[15:28:12.297] [bmv2] [T] [thread 45747] [35.0] [cxt 0] Bytes parsed: 14
[15:28:12.297] [bmv2] [D] [thread 45747] [35.0] [cxt 0] Parser 'parser': end
[15:28:12.297] [bmv2] [D] [thread 45747] [35.0] [cxt 0] Pipeline 'ingress': start
[15:28:12.297] [bmv2] [T] [thread 45747] [35.0] [cxt 0] link_monitor.p4(331) Condition "hdr.tcp.isValid()" (node_2) is false
[15:28:12.297] [bmv2] [T] [thread 45747] [35.0] [cxt 0] link_monitor.p4(335) Condition "hdr.ipv4.isValid()" (node_5) is false
[15:28:12.297] [bmv2] [T] [thread 45747] [35.0] [cxt 0] link_monitor.p4(338) Condition "hdr.probe.isValid()" (node_7) is false
[15:28:12.297] [bmv2] [D] [thread 45747] [35.0] [cxt 0] Pipeline 'ingress': end
[15:28:12.297] [bmv2] [D] [thread 45747] [35.0] [cxt 0] Egress port is 0
[15:28:12.297] [bmv2] [D] [thread 45748] [35.0] [cxt 0] Pipeline 'egress': start
[15:28:12.297] [bmv2] [T] [thread 45748] [35.0] [cxt 0] Applying table 'tbl_link_monitor377'
[15:28:12.297] [bmv2] [D] [thread 45748] [35.0] [cxt 0] Looking up key:

[15:28:12.298] [bmv2] [D] [thread 45748] [35.0] [cxt 0] Table 'tbl_link_monitor377': miss
[15:28:12.298] [bmv2] [D] [thread 45748] [35.0] [cxt 0] Action entry is link_monitor377 - 
[15:28:12.298] [bmv2] [T] [thread 45748] [35.0] [cxt 0] Action link_monitor377
[15:28:12.298] [bmv2] [T] [thread 45748] [35.0] [cxt 0] link_monitor.p4(377) Primitive (bit<32>)standard_metadata.egress_port
[15:28:12.298] [bmv2] [T] [thread 45748] [35.0] [cxt 0] link_monitor.p4(377) Primitive byte_cnt_reg.read(byte_cnt, (bit<32>)standard_metadata.egress_port)
[15:28:12.298] [bmv2] [T] [thread 45748] [35.0] [cxt 0] Read register 'MyEgress.byte_cnt_reg' at index 0 read value 1050
[15:28:12.298] [bmv2] [T] [thread 45748] [35.0] [cxt 0] link_monitor.p4(378) Primitive byte_cnt = byte_cnt + standard_metadata.packet_length
[15:28:12.298] [bmv2] [T] [thread 45748] [35.0] [cxt 0] link_monitor.p4(380) Condition "hdr.probe.isValid()" (node_12) is false
[15:28:12.298] [bmv2] [T] [thread 45748] [35.0] [cxt 0] Applying table 'tbl_link_monitor380_0'
[15:28:12.298] [bmv2] [D] [thread 45748] [35.0] [cxt 0] Looking up key:

[15:28:12.298] [bmv2] [D] [thread 45748] [35.0] [cxt 0] Table 'tbl_link_monitor380_0': miss
[15:28:12.298] [bmv2] [D] [thread 45748] [35.0] [cxt 0] Action entry is link_monitor380_0 - 
[15:28:12.298] [bmv2] [T] [thread 45748] [35.0] [cxt 0] Action link_monitor380_0
[15:28:12.298] [bmv2] [T] [thread 45748] [35.0] [cxt 0] link_monitor.p4(380) Primitive (hdr.probe.isValid()) ? 0 : byte_cnt
[15:28:12.298] [bmv2] [T] [thread 45748] [35.0] [cxt 0] Applying table 'tbl_link_monitor381'
[15:28:12.298] [bmv2] [D] [thread 45748] [35.0] [cxt 0] Looking up key:

[15:28:12.298] [bmv2] [D] [thread 45748] [35.0] [cxt 0] Table 'tbl_link_monitor381': miss
[15:28:12.298] [bmv2] [D] [thread 45748] [35.0] [cxt 0] Action entry is link_monitor381 - 
[15:28:12.298] [bmv2] [T] [thread 45748] [35.0] [cxt 0] Action link_monitor381
[15:28:12.298] [bmv2] [T] [thread 45748] [35.0] [cxt 0] link_monitor.p4(381) Primitive (bit<32>)standard_metadata.egress_port
[15:28:12.298] [bmv2] [T] [thread 45748] [35.0] [cxt 0] link_monitor.p4(381) Primitive byte_cnt_reg.write((bit<32>)standard_metadata.egress_port, new_byte_cnt)
[15:28:12.298] [bmv2] [T] [thread 45748] [35.0] [cxt 0] Wrote register 'MyEgress.byte_cnt_reg' at index 0 with value 1120
[15:28:12.298] [bmv2] [T] [thread 45748] [35.0] [cxt 0] link_monitor.p4(383) Condition "hdr.probe.isValid()" (node_16) is false
[15:28:12.298] [bmv2] [D] [thread 45748] [35.0] [cxt 0] Pipeline 'egress': end
[15:28:12.298] [bmv2] [D] [thread 45748] [35.0] [cxt 0] Deparser 'deparser': start
[15:28:12.298] [bmv2] [T] [thread 45748] [35.0] [cxt 0] Skipping checksum 'cksum' update because condition not met
[15:28:12.298] [bmv2] [D] [thread 45748] [35.0] [cxt 0] Deparsing header 'ethernet'
[15:28:12.298] [bmv2] [D] [thread 45748] [35.0] [cxt 0] Deparser 'deparser': end
[15:28:12.298] [bmv2] [D] [thread 45752] [35.0] [cxt 0] Transmitting packet of size 70 out of port 0
[15:28:14.342] [bmv2] [D] [thread 45747] [36.0] [cxt 0] Processing packet received on port 3
[15:28:14.342] [bmv2] [D] [thread 45747] [36.0] [cxt 0] Parser 'parser': start
[15:28:14.343] [bmv2] [D] [thread 45747] [36.0] [cxt 0] Parser 'parser' entering state 'start'
[15:28:14.343] [bmv2] [D] [thread 45747] [36.0] [cxt 0] Extracting header 'ethernet'
[15:28:14.343] [bmv2] [D] [thread 45747] [36.0] [cxt 0] Parser state 'start': key is 86dd
[15:28:14.343] [bmv2] [T] [thread 45747] [36.0] [cxt 0] Bytes parsed: 14
[15:28:14.343] [bmv2] [D] [thread 45747] [36.0] [cxt 0] Parser 'parser': end
[15:28:14.343] [bmv2] [D] [thread 45747] [36.0] [cxt 0] Pipeline 'ingress': start
[15:28:14.343] [bmv2] [T] [thread 45747] [36.0] [cxt 0] link_monitor.p4(331) Condition "hdr.tcp.isValid()" (node_2) is false
[15:28:14.343] [bmv2] [T] [thread 45747] [36.0] [cxt 0] link_monitor.p4(335) Condition "hdr.ipv4.isValid()" (node_5) is false
[15:28:14.343] [bmv2] [T] [thread 45747] [36.0] [cxt 0] link_monitor.p4(338) Condition "hdr.probe.isValid()" (node_7) is false
[15:28:14.343] [bmv2] [D] [thread 45747] [36.0] [cxt 0] Pipeline 'ingress': end
[15:28:14.343] [bmv2] [D] [thread 45747] [36.0] [cxt 0] Egress port is 0
[15:28:14.343] [bmv2] [D] [thread 45747] [37.0] [cxt 0] Processing packet received on port 4
[15:28:14.343] [bmv2] [D] [thread 45747] [37.0] [cxt 0] Parser 'parser': start
[15:28:14.343] [bmv2] [D] [thread 45747] [37.0] [cxt 0] Parser 'parser' entering state 'start'
[15:28:14.343] [bmv2] [D] [thread 45747] [37.0] [cxt 0] Extracting header 'ethernet'
[15:28:14.343] [bmv2] [D] [thread 45747] [37.0] [cxt 0] Parser state 'start': key is 86dd
[15:28:14.343] [bmv2] [T] [thread 45747] [37.0] [cxt 0] Bytes parsed: 14
[15:28:14.343] [bmv2] [D] [thread 45747] [37.0] [cxt 0] Parser 'parser': end
[15:28:14.343] [bmv2] [D] [thread 45747] [37.0] [cxt 0] Pipeline 'ingress': start
[15:28:14.343] [bmv2] [T] [thread 45747] [37.0] [cxt 0] link_monitor.p4(331) Condition "hdr.tcp.isValid()" (node_2) is false
[15:28:14.343] [bmv2] [T] [thread 45747] [37.0] [cxt 0] link_monitor.p4(335) Condition "hdr.ipv4.isValid()" (node_5) is false
[15:28:14.343] [bmv2] [T] [thread 45747] [37.0] [cxt 0] link_monitor.p4(338) Condition "hdr.probe.isValid()" (node_7) is false
[15:28:14.343] [bmv2] [D] [thread 45747] [37.0] [cxt 0] Pipeline 'ingress': end
[15:28:14.343] [bmv2] [D] [thread 45747] [37.0] [cxt 0] Egress port is 0
[15:28:14.345] [bmv2] [D] [thread 45748] [36.0] [cxt 0] Pipeline 'egress': start
[15:28:14.345] [bmv2] [T] [thread 45748] [36.0] [cxt 0] Applying table 'tbl_link_monitor377'
[15:28:14.345] [bmv2] [D] [thread 45748] [36.0] [cxt 0] Looking up key:

[15:28:14.345] [bmv2] [D] [thread 45748] [36.0] [cxt 0] Table 'tbl_link_monitor377': miss
[15:28:14.346] [bmv2] [D] [thread 45748] [36.0] [cxt 0] Action entry is link_monitor377 - 
[15:28:14.346] [bmv2] [T] [thread 45748] [36.0] [cxt 0] Action link_monitor377
[15:28:14.346] [bmv2] [T] [thread 45748] [36.0] [cxt 0] link_monitor.p4(377) Primitive (bit<32>)standard_metadata.egress_port
[15:28:14.346] [bmv2] [T] [thread 45748] [36.0] [cxt 0] link_monitor.p4(377) Primitive byte_cnt_reg.read(byte_cnt, (bit<32>)standard_metadata.egress_port)
[15:28:14.346] [bmv2] [T] [thread 45748] [36.0] [cxt 0] Read register 'MyEgress.byte_cnt_reg' at index 0 read value 1120
[15:28:14.346] [bmv2] [T] [thread 45748] [36.0] [cxt 0] link_monitor.p4(378) Primitive byte_cnt = byte_cnt + standard_metadata.packet_length
[15:28:14.346] [bmv2] [T] [thread 45748] [36.0] [cxt 0] link_monitor.p4(380) Condition "hdr.probe.isValid()" (node_12) is false
[15:28:14.346] [bmv2] [T] [thread 45748] [36.0] [cxt 0] Applying table 'tbl_link_monitor380_0'
[15:28:14.346] [bmv2] [D] [thread 45748] [36.0] [cxt 0] Looking up key:

[15:28:14.346] [bmv2] [D] [thread 45748] [36.0] [cxt 0] Table 'tbl_link_monitor380_0': miss
[15:28:14.346] [bmv2] [D] [thread 45748] [36.0] [cxt 0] Action entry is link_monitor380_0 - 
[15:28:14.346] [bmv2] [T] [thread 45748] [36.0] [cxt 0] Action link_monitor380_0
[15:28:14.346] [bmv2] [T] [thread 45748] [36.0] [cxt 0] link_monitor.p4(380) Primitive (hdr.probe.isValid()) ? 0 : byte_cnt
[15:28:14.346] [bmv2] [T] [thread 45748] [36.0] [cxt 0] Applying table 'tbl_link_monitor381'
[15:28:14.346] [bmv2] [D] [thread 45748] [36.0] [cxt 0] Looking up key:

[15:28:14.346] [bmv2] [D] [thread 45748] [36.0] [cxt 0] Table 'tbl_link_monitor381': miss
[15:28:14.346] [bmv2] [D] [thread 45748] [36.0] [cxt 0] Action entry is link_monitor381 - 
[15:28:14.346] [bmv2] [T] [thread 45748] [36.0] [cxt 0] Action link_monitor381
[15:28:14.346] [bmv2] [T] [thread 45748] [36.0] [cxt 0] link_monitor.p4(381) Primitive (bit<32>)standard_metadata.egress_port
[15:28:14.346] [bmv2] [T] [thread 45748] [36.0] [cxt 0] link_monitor.p4(381) Primitive byte_cnt_reg.write((bit<32>)standard_metadata.egress_port, new_byte_cnt)
[15:28:14.346] [bmv2] [T] [thread 45748] [36.0] [cxt 0] Wrote register 'MyEgress.byte_cnt_reg' at index 0 with value 1190
[15:28:14.346] [bmv2] [T] [thread 45748] [36.0] [cxt 0] link_monitor.p4(383) Condition "hdr.probe.isValid()" (node_16) is false
[15:28:14.346] [bmv2] [D] [thread 45748] [36.0] [cxt 0] Pipeline 'egress': end
[15:28:14.346] [bmv2] [D] [thread 45748] [36.0] [cxt 0] Deparser 'deparser': start
[15:28:14.346] [bmv2] [T] [thread 45748] [36.0] [cxt 0] Skipping checksum 'cksum' update because condition not met
[15:28:14.346] [bmv2] [D] [thread 45748] [36.0] [cxt 0] Deparsing header 'ethernet'
[15:28:14.346] [bmv2] [D] [thread 45748] [36.0] [cxt 0] Deparser 'deparser': end
[15:28:14.346] [bmv2] [D] [thread 45748] [37.0] [cxt 0] Pipeline 'egress': start
[15:28:14.346] [bmv2] [T] [thread 45748] [37.0] [cxt 0] Applying table 'tbl_link_monitor377'
[15:28:14.346] [bmv2] [D] [thread 45748] [37.0] [cxt 0] Looking up key:

[15:28:14.346] [bmv2] [D] [thread 45748] [37.0] [cxt 0] Table 'tbl_link_monitor377': miss
[15:28:14.346] [bmv2] [D] [thread 45748] [37.0] [cxt 0] Action entry is link_monitor377 - 
[15:28:14.346] [bmv2] [T] [thread 45748] [37.0] [cxt 0] Action link_monitor377
[15:28:14.346] [bmv2] [T] [thread 45748] [37.0] [cxt 0] link_monitor.p4(377) Primitive (bit<32>)standard_metadata.egress_port
[15:28:14.346] [bmv2] [T] [thread 45748] [37.0] [cxt 0] link_monitor.p4(377) Primitive byte_cnt_reg.read(byte_cnt, (bit<32>)standard_metadata.egress_port)
[15:28:14.346] [bmv2] [T] [thread 45748] [37.0] [cxt 0] Read register 'MyEgress.byte_cnt_reg' at index 0 read value 1190
[15:28:14.347] [bmv2] [T] [thread 45748] [37.0] [cxt 0] link_monitor.p4(378) Primitive byte_cnt = byte_cnt + standard_metadata.packet_length
[15:28:14.347] [bmv2] [T] [thread 45748] [37.0] [cxt 0] link_monitor.p4(380) Condition "hdr.probe.isValid()" (node_12) is false
[15:28:14.347] [bmv2] [T] [thread 45748] [37.0] [cxt 0] Applying table 'tbl_link_monitor380_0'
[15:28:14.347] [bmv2] [D] [thread 45748] [37.0] [cxt 0] Looking up key:

[15:28:14.347] [bmv2] [D] [thread 45748] [37.0] [cxt 0] Table 'tbl_link_monitor380_0': miss
[15:28:14.347] [bmv2] [D] [thread 45748] [37.0] [cxt 0] Action entry is link_monitor380_0 - 
[15:28:14.347] [bmv2] [T] [thread 45748] [37.0] [cxt 0] Action link_monitor380_0
[15:28:14.347] [bmv2] [T] [thread 45748] [37.0] [cxt 0] link_monitor.p4(380) Primitive (hdr.probe.isValid()) ? 0 : byte_cnt
[15:28:14.347] [bmv2] [T] [thread 45748] [37.0] [cxt 0] Applying table 'tbl_link_monitor381'
[15:28:14.347] [bmv2] [D] [thread 45748] [37.0] [cxt 0] Looking up key:

[15:28:14.347] [bmv2] [D] [thread 45748] [37.0] [cxt 0] Table 'tbl_link_monitor381': miss
[15:28:14.347] [bmv2] [D] [thread 45748] [37.0] [cxt 0] Action entry is link_monitor381 - 
[15:28:14.347] [bmv2] [T] [thread 45748] [37.0] [cxt 0] Action link_monitor381
[15:28:14.347] [bmv2] [T] [thread 45748] [37.0] [cxt 0] link_monitor.p4(381) Primitive (bit<32>)standard_metadata.egress_port
[15:28:14.347] [bmv2] [T] [thread 45748] [37.0] [cxt 0] link_monitor.p4(381) Primitive byte_cnt_reg.write((bit<32>)standard_metadata.egress_port, new_byte_cnt)
[15:28:14.347] [bmv2] [T] [thread 45748] [37.0] [cxt 0] Wrote register 'MyEgress.byte_cnt_reg' at index 0 with value 1260
[15:28:14.347] [bmv2] [T] [thread 45748] [37.0] [cxt 0] link_monitor.p4(383) Condition "hdr.probe.isValid()" (node_16) is false
[15:28:14.347] [bmv2] [D] [thread 45748] [37.0] [cxt 0] Pipeline 'egress': end
[15:28:14.347] [bmv2] [D] [thread 45748] [37.0] [cxt 0] Deparser 'deparser': start
[15:28:14.347] [bmv2] [T] [thread 45748] [37.0] [cxt 0] Skipping checksum 'cksum' update because condition not met
[15:28:14.347] [bmv2] [D] [thread 45748] [37.0] [cxt 0] Deparsing header 'ethernet'
[15:28:14.347] [bmv2] [D] [thread 45748] [37.0] [cxt 0] Deparser 'deparser': end
[15:28:14.349] [bmv2] [D] [thread 45752] [36.0] [cxt 0] Transmitting packet of size 70 out of port 0
[15:28:14.349] [bmv2] [D] [thread 45752] [37.0] [cxt 0] Transmitting packet of size 70 out of port 0
[15:28:36.872] [bmv2] [D] [thread 45747] [38.0] [cxt 0] Processing packet received on port 2
[15:28:36.872] [bmv2] [D] [thread 45747] [38.0] [cxt 0] Parser 'parser': start
[15:28:36.872] [bmv2] [D] [thread 45747] [38.0] [cxt 0] Parser 'parser' entering state 'start'
[15:28:36.872] [bmv2] [D] [thread 45747] [38.0] [cxt 0] Extracting header 'ethernet'
[15:28:36.872] [bmv2] [D] [thread 45747] [38.0] [cxt 0] Parser state 'start': key is 86dd
[15:28:36.872] [bmv2] [T] [thread 45747] [38.0] [cxt 0] Bytes parsed: 14
[15:28:36.872] [bmv2] [D] [thread 45747] [38.0] [cxt 0] Parser 'parser': end
[15:28:36.872] [bmv2] [D] [thread 45747] [38.0] [cxt 0] Pipeline 'ingress': start
[15:28:36.872] [bmv2] [T] [thread 45747] [38.0] [cxt 0] link_monitor.p4(331) Condition "hdr.tcp.isValid()" (node_2) is false
[15:28:36.872] [bmv2] [T] [thread 45747] [38.0] [cxt 0] link_monitor.p4(335) Condition "hdr.ipv4.isValid()" (node_5) is false
[15:28:36.872] [bmv2] [T] [thread 45747] [38.0] [cxt 0] link_monitor.p4(338) Condition "hdr.probe.isValid()" (node_7) is false
[15:28:36.872] [bmv2] [D] [thread 45747] [38.0] [cxt 0] Pipeline 'ingress': end
[15:28:36.872] [bmv2] [D] [thread 45747] [38.0] [cxt 0] Egress port is 0
[15:28:36.872] [bmv2] [D] [thread 45748] [38.0] [cxt 0] Pipeline 'egress': start
[15:28:36.872] [bmv2] [T] [thread 45748] [38.0] [cxt 0] Applying table 'tbl_link_monitor377'
[15:28:36.872] [bmv2] [D] [thread 45748] [38.0] [cxt 0] Looking up key:

[15:28:36.872] [bmv2] [D] [thread 45748] [38.0] [cxt 0] Table 'tbl_link_monitor377': miss
[15:28:36.872] [bmv2] [D] [thread 45748] [38.0] [cxt 0] Action entry is link_monitor377 - 
[15:28:36.872] [bmv2] [T] [thread 45748] [38.0] [cxt 0] Action link_monitor377
[15:28:36.872] [bmv2] [T] [thread 45748] [38.0] [cxt 0] link_monitor.p4(377) Primitive (bit<32>)standard_metadata.egress_port
[15:28:36.872] [bmv2] [T] [thread 45748] [38.0] [cxt 0] link_monitor.p4(377) Primitive byte_cnt_reg.read(byte_cnt, (bit<32>)standard_metadata.egress_port)
[15:28:36.872] [bmv2] [T] [thread 45748] [38.0] [cxt 0] Read register 'MyEgress.byte_cnt_reg' at index 0 read value 1260
[15:28:36.872] [bmv2] [T] [thread 45748] [38.0] [cxt 0] link_monitor.p4(378) Primitive byte_cnt = byte_cnt + standard_metadata.packet_length
[15:28:36.872] [bmv2] [T] [thread 45748] [38.0] [cxt 0] link_monitor.p4(380) Condition "hdr.probe.isValid()" (node_12) is false
[15:28:36.873] [bmv2] [T] [thread 45748] [38.0] [cxt 0] Applying table 'tbl_link_monitor380_0'
[15:28:36.873] [bmv2] [D] [thread 45748] [38.0] [cxt 0] Looking up key:

[15:28:36.873] [bmv2] [D] [thread 45748] [38.0] [cxt 0] Table 'tbl_link_monitor380_0': miss
[15:28:36.873] [bmv2] [D] [thread 45748] [38.0] [cxt 0] Action entry is link_monitor380_0 - 
[15:28:36.873] [bmv2] [T] [thread 45748] [38.0] [cxt 0] Action link_monitor380_0
[15:28:36.873] [bmv2] [T] [thread 45748] [38.0] [cxt 0] link_monitor.p4(380) Primitive (hdr.probe.isValid()) ? 0 : byte_cnt
[15:28:36.873] [bmv2] [T] [thread 45748] [38.0] [cxt 0] Applying table 'tbl_link_monitor381'
[15:28:36.873] [bmv2] [D] [thread 45748] [38.0] [cxt 0] Looking up key:

[15:28:36.873] [bmv2] [D] [thread 45748] [38.0] [cxt 0] Table 'tbl_link_monitor381': miss
[15:28:36.873] [bmv2] [D] [thread 45748] [38.0] [cxt 0] Action entry is link_monitor381 - 
[15:28:36.873] [bmv2] [T] [thread 45748] [38.0] [cxt 0] Action link_monitor381
[15:28:36.873] [bmv2] [T] [thread 45748] [38.0] [cxt 0] link_monitor.p4(381) Primitive (bit<32>)standard_metadata.egress_port
[15:28:36.873] [bmv2] [T] [thread 45748] [38.0] [cxt 0] link_monitor.p4(381) Primitive byte_cnt_reg.write((bit<32>)standard_metadata.egress_port, new_byte_cnt)
[15:28:36.873] [bmv2] [T] [thread 45748] [38.0] [cxt 0] Wrote register 'MyEgress.byte_cnt_reg' at index 0 with value 1330
[15:28:36.873] [bmv2] [T] [thread 45748] [38.0] [cxt 0] link_monitor.p4(383) Condition "hdr.probe.isValid()" (node_16) is false
[15:28:36.873] [bmv2] [D] [thread 45748] [38.0] [cxt 0] Pipeline 'egress': end
[15:28:36.873] [bmv2] [D] [thread 45748] [38.0] [cxt 0] Deparser 'deparser': start
[15:28:36.873] [bmv2] [T] [thread 45748] [38.0] [cxt 0] Skipping checksum 'cksum' update because condition not met
[15:28:36.873] [bmv2] [D] [thread 45748] [38.0] [cxt 0] Deparsing header 'ethernet'
[15:28:36.873] [bmv2] [D] [thread 45748] [38.0] [cxt 0] Deparser 'deparser': end
[15:28:36.873] [bmv2] [D] [thread 45752] [38.0] [cxt 0] Transmitting packet of size 70 out of port 0
[15:28:40.966] [bmv2] [D] [thread 45747] [39.0] [cxt 0] Processing packet received on port 1
[15:28:40.966] [bmv2] [D] [thread 45747] [39.0] [cxt 0] Parser 'parser': start
[15:28:40.966] [bmv2] [D] [thread 45747] [39.0] [cxt 0] Parser 'parser' entering state 'start'
[15:28:40.966] [bmv2] [D] [thread 45747] [39.0] [cxt 0] Extracting header 'ethernet'
[15:28:40.966] [bmv2] [D] [thread 45747] [39.0] [cxt 0] Parser state 'start': key is 86dd
[15:28:40.966] [bmv2] [T] [thread 45747] [39.0] [cxt 0] Bytes parsed: 14
[15:28:40.966] [bmv2] [D] [thread 45747] [39.0] [cxt 0] Parser 'parser': end
[15:28:40.966] [bmv2] [D] [thread 45747] [39.0] [cxt 0] Pipeline 'ingress': start
[15:28:40.966] [bmv2] [T] [thread 45747] [39.0] [cxt 0] link_monitor.p4(331) Condition "hdr.tcp.isValid()" (node_2) is false
[15:28:40.966] [bmv2] [T] [thread 45747] [39.0] [cxt 0] link_monitor.p4(335) Condition "hdr.ipv4.isValid()" (node_5) is false
[15:28:40.966] [bmv2] [T] [thread 45747] [39.0] [cxt 0] link_monitor.p4(338) Condition "hdr.probe.isValid()" (node_7) is false
[15:28:40.966] [bmv2] [D] [thread 45747] [39.0] [cxt 0] Pipeline 'ingress': end
[15:28:40.966] [bmv2] [D] [thread 45747] [39.0] [cxt 0] Egress port is 0
[15:28:40.966] [bmv2] [D] [thread 45747] [40.0] [cxt 0] Processing packet received on port 3
[15:28:40.967] [bmv2] [D] [thread 45747] [40.0] [cxt 0] Parser 'parser': start
[15:28:40.967] [bmv2] [D] [thread 45747] [40.0] [cxt 0] Parser 'parser' entering state 'start'
[15:28:40.967] [bmv2] [D] [thread 45747] [40.0] [cxt 0] Extracting header 'ethernet'
[15:28:40.967] [bmv2] [D] [thread 45747] [40.0] [cxt 0] Parser state 'start': key is 86dd
[15:28:40.967] [bmv2] [T] [thread 45747] [40.0] [cxt 0] Bytes parsed: 14
[15:28:40.967] [bmv2] [D] [thread 45747] [40.0] [cxt 0] Parser 'parser': end
[15:28:40.967] [bmv2] [D] [thread 45747] [40.0] [cxt 0] Pipeline 'ingress': start
[15:28:40.967] [bmv2] [T] [thread 45747] [40.0] [cxt 0] link_monitor.p4(331) Condition "hdr.tcp.isValid()" (node_2) is false
[15:28:40.967] [bmv2] [D] [thread 45748] [39.0] [cxt 0] Pipeline 'egress': start
[15:28:40.967] [bmv2] [T] [thread 45748] [39.0] [cxt 0] Applying table 'tbl_link_monitor377'
[15:28:40.967] [bmv2] [D] [thread 45748] [39.0] [cxt 0] Looking up key:

[15:28:40.967] [bmv2] [D] [thread 45748] [39.0] [cxt 0] Table 'tbl_link_monitor377': miss
[15:28:40.967] [bmv2] [D] [thread 45748] [39.0] [cxt 0] Action entry is link_monitor377 - 
[15:28:40.967] [bmv2] [T] [thread 45748] [39.0] [cxt 0] Action link_monitor377
[15:28:40.967] [bmv2] [T] [thread 45748] [39.0] [cxt 0] link_monitor.p4(377) Primitive (bit<32>)standard_metadata.egress_port
[15:28:40.967] [bmv2] [T] [thread 45748] [39.0] [cxt 0] link_monitor.p4(377) Primitive byte_cnt_reg.read(byte_cnt, (bit<32>)standard_metadata.egress_port)
[15:28:40.967] [bmv2] [T] [thread 45748] [39.0] [cxt 0] Read register 'MyEgress.byte_cnt_reg' at index 0 read value 1330
[15:28:40.967] [bmv2] [T] [thread 45748] [39.0] [cxt 0] link_monitor.p4(378) Primitive byte_cnt = byte_cnt + standard_metadata.packet_length
[15:28:40.967] [bmv2] [T] [thread 45748] [39.0] [cxt 0] link_monitor.p4(380) Condition "hdr.probe.isValid()" (node_12) is false
[15:28:40.967] [bmv2] [T] [thread 45748] [39.0] [cxt 0] Applying table 'tbl_link_monitor380_0'
[15:28:40.967] [bmv2] [D] [thread 45748] [39.0] [cxt 0] Looking up key:

[15:28:40.967] [bmv2] [D] [thread 45748] [39.0] [cxt 0] Table 'tbl_link_monitor380_0': miss
[15:28:40.967] [bmv2] [D] [thread 45748] [39.0] [cxt 0] Action entry is link_monitor380_0 - 
[15:28:40.967] [bmv2] [T] [thread 45748] [39.0] [cxt 0] Action link_monitor380_0
[15:28:40.967] [bmv2] [T] [thread 45748] [39.0] [cxt 0] link_monitor.p4(380) Primitive (hdr.probe.isValid()) ? 0 : byte_cnt
[15:28:40.967] [bmv2] [T] [thread 45748] [39.0] [cxt 0] Applying table 'tbl_link_monitor381'
[15:28:40.967] [bmv2] [D] [thread 45748] [39.0] [cxt 0] Looking up key:

[15:28:40.967] [bmv2] [D] [thread 45748] [39.0] [cxt 0] Table 'tbl_link_monitor381': miss
[15:28:40.967] [bmv2] [D] [thread 45748] [39.0] [cxt 0] Action entry is link_monitor381 - 
[15:28:40.967] [bmv2] [T] [thread 45748] [39.0] [cxt 0] Action link_monitor381
[15:28:40.967] [bmv2] [T] [thread 45748] [39.0] [cxt 0] link_monitor.p4(381) Primitive (bit<32>)standard_metadata.egress_port
[15:28:40.967] [bmv2] [T] [thread 45748] [39.0] [cxt 0] link_monitor.p4(381) Primitive byte_cnt_reg.write((bit<32>)standard_metadata.egress_port, new_byte_cnt)
[15:28:40.967] [bmv2] [T] [thread 45748] [39.0] [cxt 0] Wrote register 'MyEgress.byte_cnt_reg' at index 0 with value 1400
[15:28:40.967] [bmv2] [T] [thread 45748] [39.0] [cxt 0] link_monitor.p4(383) Condition "hdr.probe.isValid()" (node_16) is false
[15:28:40.967] [bmv2] [D] [thread 45748] [39.0] [cxt 0] Pipeline 'egress': end
[15:28:40.967] [bmv2] [D] [thread 45748] [39.0] [cxt 0] Deparser 'deparser': start
[15:28:40.967] [bmv2] [T] [thread 45748] [39.0] [cxt 0] Skipping checksum 'cksum' update because condition not met
[15:28:40.967] [bmv2] [D] [thread 45748] [39.0] [cxt 0] Deparsing header 'ethernet'
[15:28:40.967] [bmv2] [D] [thread 45748] [39.0] [cxt 0] Deparser 'deparser': end
[15:28:40.968] [bmv2] [D] [thread 45752] [39.0] [cxt 0] Transmitting packet of size 70 out of port 0
[15:28:40.967] [bmv2] [T] [thread 45747] [40.0] [cxt 0] link_monitor.p4(335) Condition "hdr.ipv4.isValid()" (node_5) is false
[15:28:40.968] [bmv2] [T] [thread 45747] [40.0] [cxt 0] link_monitor.p4(338) Condition "hdr.probe.isValid()" (node_7) is false
[15:28:40.968] [bmv2] [D] [thread 45747] [40.0] [cxt 0] Pipeline 'ingress': end
[15:28:40.968] [bmv2] [D] [thread 45747] [40.0] [cxt 0] Egress port is 0
[15:28:40.969] [bmv2] [D] [thread 45748] [40.0] [cxt 0] Pipeline 'egress': start
[15:28:40.969] [bmv2] [T] [thread 45748] [40.0] [cxt 0] Applying table 'tbl_link_monitor377'
[15:28:40.969] [bmv2] [D] [thread 45748] [40.0] [cxt 0] Looking up key:

[15:28:40.969] [bmv2] [D] [thread 45748] [40.0] [cxt 0] Table 'tbl_link_monitor377': miss
[15:28:40.969] [bmv2] [D] [thread 45748] [40.0] [cxt 0] Action entry is link_monitor377 - 
[15:28:40.969] [bmv2] [T] [thread 45748] [40.0] [cxt 0] Action link_monitor377
[15:28:40.969] [bmv2] [T] [thread 45748] [40.0] [cxt 0] link_monitor.p4(377) Primitive (bit<32>)standard_metadata.egress_port
[15:28:40.969] [bmv2] [T] [thread 45748] [40.0] [cxt 0] link_monitor.p4(377) Primitive byte_cnt_reg.read(byte_cnt, (bit<32>)standard_metadata.egress_port)
[15:28:40.969] [bmv2] [T] [thread 45748] [40.0] [cxt 0] Read register 'MyEgress.byte_cnt_reg' at index 0 read value 1400
[15:28:40.969] [bmv2] [T] [thread 45748] [40.0] [cxt 0] link_monitor.p4(378) Primitive byte_cnt = byte_cnt + standard_metadata.packet_length
[15:28:40.969] [bmv2] [T] [thread 45748] [40.0] [cxt 0] link_monitor.p4(380) Condition "hdr.probe.isValid()" (node_12) is false
[15:28:40.969] [bmv2] [T] [thread 45748] [40.0] [cxt 0] Applying table 'tbl_link_monitor380_0'
[15:28:40.969] [bmv2] [D] [thread 45748] [40.0] [cxt 0] Looking up key:

[15:28:40.969] [bmv2] [D] [thread 45748] [40.0] [cxt 0] Table 'tbl_link_monitor380_0': miss
[15:28:40.969] [bmv2] [D] [thread 45748] [40.0] [cxt 0] Action entry is link_monitor380_0 - 
[15:28:40.969] [bmv2] [T] [thread 45748] [40.0] [cxt 0] Action link_monitor380_0
[15:28:40.969] [bmv2] [T] [thread 45748] [40.0] [cxt 0] link_monitor.p4(380) Primitive (hdr.probe.isValid()) ? 0 : byte_cnt
[15:28:40.969] [bmv2] [T] [thread 45748] [40.0] [cxt 0] Applying table 'tbl_link_monitor381'
[15:28:40.969] [bmv2] [D] [thread 45748] [40.0] [cxt 0] Looking up key:

[15:28:40.969] [bmv2] [D] [thread 45748] [40.0] [cxt 0] Table 'tbl_link_monitor381': miss
[15:28:40.969] [bmv2] [D] [thread 45748] [40.0] [cxt 0] Action entry is link_monitor381 - 
[15:28:40.969] [bmv2] [T] [thread 45748] [40.0] [cxt 0] Action link_monitor381
[15:28:40.969] [bmv2] [T] [thread 45748] [40.0] [cxt 0] link_monitor.p4(381) Primitive (bit<32>)standard_metadata.egress_port
[15:28:40.969] [bmv2] [T] [thread 45748] [40.0] [cxt 0] link_monitor.p4(381) Primitive byte_cnt_reg.write((bit<32>)standard_metadata.egress_port, new_byte_cnt)
[15:28:40.969] [bmv2] [T] [thread 45748] [40.0] [cxt 0] Wrote register 'MyEgress.byte_cnt_reg' at index 0 with value 1470
[15:28:40.969] [bmv2] [T] [thread 45748] [40.0] [cxt 0] link_monitor.p4(383) Condition "hdr.probe.isValid()" (node_16) is false
[15:28:40.969] [bmv2] [D] [thread 45748] [40.0] [cxt 0] Pipeline 'egress': end
[15:28:40.969] [bmv2] [D] [thread 45748] [40.0] [cxt 0] Deparser 'deparser': start
[15:28:40.969] [bmv2] [T] [thread 45748] [40.0] [cxt 0] Skipping checksum 'cksum' update because condition not met
[15:28:40.969] [bmv2] [D] [thread 45748] [40.0] [cxt 0] Deparsing header 'ethernet'
[15:28:40.969] [bmv2] [D] [thread 45748] [40.0] [cxt 0] Deparser 'deparser': end
[15:28:40.969] [bmv2] [D] [thread 45752] [40.0] [cxt 0] Transmitting packet of size 70 out of port 0
[15:28:47.109] [bmv2] [D] [thread 45747] [41.0] [cxt 0] Processing packet received on port 4
[15:28:47.109] [bmv2] [D] [thread 45747] [41.0] [cxt 0] Parser 'parser': start
[15:28:47.109] [bmv2] [D] [thread 45747] [41.0] [cxt 0] Parser 'parser' entering state 'start'
[15:28:47.109] [bmv2] [D] [thread 45747] [41.0] [cxt 0] Extracting header 'ethernet'
[15:28:47.109] [bmv2] [D] [thread 45747] [41.0] [cxt 0] Parser state 'start': key is 86dd
[15:28:47.109] [bmv2] [T] [thread 45747] [41.0] [cxt 0] Bytes parsed: 14
[15:28:47.109] [bmv2] [D] [thread 45747] [41.0] [cxt 0] Parser 'parser': end
[15:28:47.109] [bmv2] [D] [thread 45747] [41.0] [cxt 0] Pipeline 'ingress': start
[15:28:47.109] [bmv2] [T] [thread 45747] [41.0] [cxt 0] link_monitor.p4(331) Condition "hdr.tcp.isValid()" (node_2) is false
[15:28:47.109] [bmv2] [T] [thread 45747] [41.0] [cxt 0] link_monitor.p4(335) Condition "hdr.ipv4.isValid()" (node_5) is false
[15:28:47.109] [bmv2] [T] [thread 45747] [41.0] [cxt 0] link_monitor.p4(338) Condition "hdr.probe.isValid()" (node_7) is false
[15:28:47.109] [bmv2] [D] [thread 45747] [41.0] [cxt 0] Pipeline 'ingress': end
[15:28:47.109] [bmv2] [D] [thread 45747] [41.0] [cxt 0] Egress port is 0
[15:28:47.109] [bmv2] [D] [thread 45748] [41.0] [cxt 0] Pipeline 'egress': start
[15:28:47.109] [bmv2] [T] [thread 45748] [41.0] [cxt 0] Applying table 'tbl_link_monitor377'
[15:28:47.109] [bmv2] [D] [thread 45748] [41.0] [cxt 0] Looking up key:

[15:28:47.109] [bmv2] [D] [thread 45748] [41.0] [cxt 0] Table 'tbl_link_monitor377': miss
[15:28:47.109] [bmv2] [D] [thread 45748] [41.0] [cxt 0] Action entry is link_monitor377 - 
[15:28:47.109] [bmv2] [T] [thread 45748] [41.0] [cxt 0] Action link_monitor377
[15:28:47.109] [bmv2] [T] [thread 45748] [41.0] [cxt 0] link_monitor.p4(377) Primitive (bit<32>)standard_metadata.egress_port
[15:28:47.109] [bmv2] [T] [thread 45748] [41.0] [cxt 0] link_monitor.p4(377) Primitive byte_cnt_reg.read(byte_cnt, (bit<32>)standard_metadata.egress_port)
[15:28:47.109] [bmv2] [T] [thread 45748] [41.0] [cxt 0] Read register 'MyEgress.byte_cnt_reg' at index 0 read value 1470
[15:28:47.109] [bmv2] [T] [thread 45748] [41.0] [cxt 0] link_monitor.p4(378) Primitive byte_cnt = byte_cnt + standard_metadata.packet_length
[15:28:47.109] [bmv2] [T] [thread 45748] [41.0] [cxt 0] link_monitor.p4(380) Condition "hdr.probe.isValid()" (node_12) is false
[15:28:47.109] [bmv2] [T] [thread 45748] [41.0] [cxt 0] Applying table 'tbl_link_monitor380_0'
[15:28:47.109] [bmv2] [D] [thread 45748] [41.0] [cxt 0] Looking up key:

[15:28:47.109] [bmv2] [D] [thread 45748] [41.0] [cxt 0] Table 'tbl_link_monitor380_0': miss
[15:28:47.109] [bmv2] [D] [thread 45748] [41.0] [cxt 0] Action entry is link_monitor380_0 - 
[15:28:47.109] [bmv2] [T] [thread 45748] [41.0] [cxt 0] Action link_monitor380_0
[15:28:47.109] [bmv2] [T] [thread 45748] [41.0] [cxt 0] link_monitor.p4(380) Primitive (hdr.probe.isValid()) ? 0 : byte_cnt
[15:28:47.109] [bmv2] [T] [thread 45748] [41.0] [cxt 0] Applying table 'tbl_link_monitor381'
[15:28:47.109] [bmv2] [D] [thread 45748] [41.0] [cxt 0] Looking up key:

[15:28:47.110] [bmv2] [D] [thread 45748] [41.0] [cxt 0] Table 'tbl_link_monitor381': miss
[15:28:47.110] [bmv2] [D] [thread 45748] [41.0] [cxt 0] Action entry is link_monitor381 - 
[15:28:47.110] [bmv2] [T] [thread 45748] [41.0] [cxt 0] Action link_monitor381
[15:28:47.110] [bmv2] [T] [thread 45748] [41.0] [cxt 0] link_monitor.p4(381) Primitive (bit<32>)standard_metadata.egress_port
[15:28:47.110] [bmv2] [T] [thread 45748] [41.0] [cxt 0] link_monitor.p4(381) Primitive byte_cnt_reg.write((bit<32>)standard_metadata.egress_port, new_byte_cnt)
[15:28:47.110] [bmv2] [T] [thread 45748] [41.0] [cxt 0] Wrote register 'MyEgress.byte_cnt_reg' at index 0 with value 1540
[15:28:47.110] [bmv2] [T] [thread 45748] [41.0] [cxt 0] link_monitor.p4(383) Condition "hdr.probe.isValid()" (node_16) is false
[15:28:47.110] [bmv2] [D] [thread 45748] [41.0] [cxt 0] Pipeline 'egress': end
[15:28:47.110] [bmv2] [D] [thread 45748] [41.0] [cxt 0] Deparser 'deparser': start
[15:28:47.110] [bmv2] [T] [thread 45748] [41.0] [cxt 0] Skipping checksum 'cksum' update because condition not met
[15:28:47.110] [bmv2] [D] [thread 45748] [41.0] [cxt 0] Deparsing header 'ethernet'
[15:28:47.110] [bmv2] [D] [thread 45748] [41.0] [cxt 0] Deparser 'deparser': end
[15:28:47.110] [bmv2] [D] [thread 45752] [41.0] [cxt 0] Transmitting packet of size 70 out of port 0
[15:28:49.157] [bmv2] [D] [thread 45747] [42.0] [cxt 0] Processing packet received on port 3
[15:28:49.157] [bmv2] [D] [thread 45747] [42.0] [cxt 0] Parser 'parser': start
[15:28:49.157] [bmv2] [D] [thread 45747] [42.0] [cxt 0] Parser 'parser' entering state 'start'
[15:28:49.157] [bmv2] [D] [thread 45747] [42.0] [cxt 0] Extracting header 'ethernet'
[15:28:49.157] [bmv2] [D] [thread 45747] [42.0] [cxt 0] Parser state 'start': key is 86dd
[15:28:49.157] [bmv2] [T] [thread 45747] [42.0] [cxt 0] Bytes parsed: 14
[15:28:49.157] [bmv2] [D] [thread 45747] [42.0] [cxt 0] Parser 'parser': end
[15:28:49.157] [bmv2] [D] [thread 45747] [42.0] [cxt 0] Pipeline 'ingress': start
[15:28:49.157] [bmv2] [T] [thread 45747] [42.0] [cxt 0] link_monitor.p4(331) Condition "hdr.tcp.isValid()" (node_2) is false
[15:28:49.157] [bmv2] [T] [thread 45747] [42.0] [cxt 0] link_monitor.p4(335) Condition "hdr.ipv4.isValid()" (node_5) is false
[15:28:49.157] [bmv2] [T] [thread 45747] [42.0] [cxt 0] link_monitor.p4(338) Condition "hdr.probe.isValid()" (node_7) is false
[15:28:49.157] [bmv2] [D] [thread 45747] [42.0] [cxt 0] Pipeline 'ingress': end
[15:28:49.157] [bmv2] [D] [thread 45747] [42.0] [cxt 0] Egress port is 0
[15:28:49.157] [bmv2] [D] [thread 45747] [43.0] [cxt 0] Processing packet received on port 4
[15:28:49.157] [bmv2] [D] [thread 45747] [43.0] [cxt 0] Parser 'parser': start
[15:28:49.157] [bmv2] [D] [thread 45747] [43.0] [cxt 0] Parser 'parser' entering state 'start'
[15:28:49.157] [bmv2] [D] [thread 45747] [43.0] [cxt 0] Extracting header 'ethernet'
[15:28:49.157] [bmv2] [D] [thread 45747] [43.0] [cxt 0] Parser state 'start': key is 86dd
[15:28:49.157] [bmv2] [T] [thread 45747] [43.0] [cxt 0] Bytes parsed: 14
[15:28:49.157] [bmv2] [D] [thread 45747] [43.0] [cxt 0] Parser 'parser': end
[15:28:49.157] [bmv2] [D] [thread 45747] [43.0] [cxt 0] Pipeline 'ingress': start
[15:28:49.157] [bmv2] [T] [thread 45747] [43.0] [cxt 0] link_monitor.p4(331) Condition "hdr.tcp.isValid()" (node_2) is false
[15:28:49.157] [bmv2] [T] [thread 45747] [43.0] [cxt 0] link_monitor.p4(335) Condition "hdr.ipv4.isValid()" (node_5) is false
[15:28:49.157] [bmv2] [T] [thread 45747] [43.0] [cxt 0] link_monitor.p4(338) Condition "hdr.probe.isValid()" (node_7) is false
[15:28:49.157] [bmv2] [D] [thread 45747] [43.0] [cxt 0] Pipeline 'ingress': end
[15:28:49.158] [bmv2] [D] [thread 45747] [43.0] [cxt 0] Egress port is 0
[15:28:49.158] [bmv2] [D] [thread 45748] [42.0] [cxt 0] Pipeline 'egress': start
[15:28:49.158] [bmv2] [T] [thread 45748] [42.0] [cxt 0] Applying table 'tbl_link_monitor377'
[15:28:49.158] [bmv2] [D] [thread 45748] [42.0] [cxt 0] Looking up key:

[15:28:49.158] [bmv2] [D] [thread 45748] [42.0] [cxt 0] Table 'tbl_link_monitor377': miss
[15:28:49.158] [bmv2] [D] [thread 45748] [42.0] [cxt 0] Action entry is link_monitor377 - 
[15:28:49.158] [bmv2] [T] [thread 45748] [42.0] [cxt 0] Action link_monitor377
[15:28:49.158] [bmv2] [T] [thread 45748] [42.0] [cxt 0] link_monitor.p4(377) Primitive (bit<32>)standard_metadata.egress_port
[15:28:49.158] [bmv2] [T] [thread 45748] [42.0] [cxt 0] link_monitor.p4(377) Primitive byte_cnt_reg.read(byte_cnt, (bit<32>)standard_metadata.egress_port)
[15:28:49.158] [bmv2] [T] [thread 45748] [42.0] [cxt 0] Read register 'MyEgress.byte_cnt_reg' at index 0 read value 1540
[15:28:49.158] [bmv2] [T] [thread 45748] [42.0] [cxt 0] link_monitor.p4(378) Primitive byte_cnt = byte_cnt + standard_metadata.packet_length
[15:28:49.158] [bmv2] [T] [thread 45748] [42.0] [cxt 0] link_monitor.p4(380) Condition "hdr.probe.isValid()" (node_12) is false
[15:28:49.158] [bmv2] [T] [thread 45748] [42.0] [cxt 0] Applying table 'tbl_link_monitor380_0'
[15:28:49.158] [bmv2] [D] [thread 45748] [42.0] [cxt 0] Looking up key:

[15:28:49.158] [bmv2] [D] [thread 45748] [42.0] [cxt 0] Table 'tbl_link_monitor380_0': miss
[15:28:49.158] [bmv2] [D] [thread 45748] [42.0] [cxt 0] Action entry is link_monitor380_0 - 
[15:28:49.158] [bmv2] [T] [thread 45748] [42.0] [cxt 0] Action link_monitor380_0
[15:28:49.158] [bmv2] [T] [thread 45748] [42.0] [cxt 0] link_monitor.p4(380) Primitive (hdr.probe.isValid()) ? 0 : byte_cnt
[15:28:49.158] [bmv2] [T] [thread 45748] [42.0] [cxt 0] Applying table 'tbl_link_monitor381'
[15:28:49.158] [bmv2] [D] [thread 45748] [42.0] [cxt 0] Looking up key:

[15:28:49.158] [bmv2] [D] [thread 45748] [42.0] [cxt 0] Table 'tbl_link_monitor381': miss
[15:28:49.158] [bmv2] [D] [thread 45748] [42.0] [cxt 0] Action entry is link_monitor381 - 
[15:28:49.158] [bmv2] [T] [thread 45748] [42.0] [cxt 0] Action link_monitor381
[15:28:49.158] [bmv2] [T] [thread 45748] [42.0] [cxt 0] link_monitor.p4(381) Primitive (bit<32>)standard_metadata.egress_port
[15:28:49.158] [bmv2] [T] [thread 45748] [42.0] [cxt 0] link_monitor.p4(381) Primitive byte_cnt_reg.write((bit<32>)standard_metadata.egress_port, new_byte_cnt)
[15:28:49.158] [bmv2] [T] [thread 45748] [42.0] [cxt 0] Wrote register 'MyEgress.byte_cnt_reg' at index 0 with value 1610
[15:28:49.158] [bmv2] [T] [thread 45748] [42.0] [cxt 0] link_monitor.p4(383) Condition "hdr.probe.isValid()" (node_16) is false
[15:28:49.158] [bmv2] [D] [thread 45748] [42.0] [cxt 0] Pipeline 'egress': end
[15:28:49.158] [bmv2] [D] [thread 45748] [42.0] [cxt 0] Deparser 'deparser': start
[15:28:49.158] [bmv2] [T] [thread 45748] [42.0] [cxt 0] Skipping checksum 'cksum' update because condition not met
[15:28:49.158] [bmv2] [D] [thread 45748] [42.0] [cxt 0] Deparsing header 'ethernet'
[15:28:49.158] [bmv2] [D] [thread 45748] [42.0] [cxt 0] Deparser 'deparser': end
[15:28:49.158] [bmv2] [D] [thread 45748] [43.0] [cxt 0] Pipeline 'egress': start
[15:28:49.158] [bmv2] [T] [thread 45748] [43.0] [cxt 0] Applying table 'tbl_link_monitor377'
[15:28:49.158] [bmv2] [D] [thread 45748] [43.0] [cxt 0] Looking up key:

[15:28:49.158] [bmv2] [D] [thread 45748] [43.0] [cxt 0] Table 'tbl_link_monitor377': miss
[15:28:49.158] [bmv2] [D] [thread 45748] [43.0] [cxt 0] Action entry is link_monitor377 - 
[15:28:49.158] [bmv2] [T] [thread 45748] [43.0] [cxt 0] Action link_monitor377
[15:28:49.158] [bmv2] [T] [thread 45748] [43.0] [cxt 0] link_monitor.p4(377) Primitive (bit<32>)standard_metadata.egress_port
[15:28:49.158] [bmv2] [T] [thread 45748] [43.0] [cxt 0] link_monitor.p4(377) Primitive byte_cnt_reg.read(byte_cnt, (bit<32>)standard_metadata.egress_port)
[15:28:49.158] [bmv2] [T] [thread 45748] [43.0] [cxt 0] Read register 'MyEgress.byte_cnt_reg' at index 0 read value 1610
[15:28:49.158] [bmv2] [T] [thread 45748] [43.0] [cxt 0] link_monitor.p4(378) Primitive byte_cnt = byte_cnt + standard_metadata.packet_length
[15:28:49.158] [bmv2] [T] [thread 45748] [43.0] [cxt 0] link_monitor.p4(380) Condition "hdr.probe.isValid()" (node_12) is false
[15:28:49.158] [bmv2] [T] [thread 45748] [43.0] [cxt 0] Applying table 'tbl_link_monitor380_0'
[15:28:49.158] [bmv2] [D] [thread 45748] [43.0] [cxt 0] Looking up key:

[15:28:49.158] [bmv2] [D] [thread 45748] [43.0] [cxt 0] Table 'tbl_link_monitor380_0': miss
[15:28:49.158] [bmv2] [D] [thread 45748] [43.0] [cxt 0] Action entry is link_monitor380_0 - 
[15:28:49.158] [bmv2] [T] [thread 45748] [43.0] [cxt 0] Action link_monitor380_0
[15:28:49.158] [bmv2] [T] [thread 45748] [43.0] [cxt 0] link_monitor.p4(380) Primitive (hdr.probe.isValid()) ? 0 : byte_cnt
[15:28:49.158] [bmv2] [T] [thread 45748] [43.0] [cxt 0] Applying table 'tbl_link_monitor381'
[15:28:49.158] [bmv2] [D] [thread 45748] [43.0] [cxt 0] Looking up key:

[15:28:49.158] [bmv2] [D] [thread 45748] [43.0] [cxt 0] Table 'tbl_link_monitor381': miss
[15:28:49.158] [bmv2] [D] [thread 45748] [43.0] [cxt 0] Action entry is link_monitor381 - 
[15:28:49.158] [bmv2] [T] [thread 45748] [43.0] [cxt 0] Action link_monitor381
[15:28:49.158] [bmv2] [T] [thread 45748] [43.0] [cxt 0] link_monitor.p4(381) Primitive (bit<32>)standard_metadata.egress_port
[15:28:49.158] [bmv2] [T] [thread 45748] [43.0] [cxt 0] link_monitor.p4(381) Primitive byte_cnt_reg.write((bit<32>)standard_metadata.egress_port, new_byte_cnt)
[15:28:49.158] [bmv2] [T] [thread 45748] [43.0] [cxt 0] Wrote register 'MyEgress.byte_cnt_reg' at index 0 with value 1680
[15:28:49.158] [bmv2] [T] [thread 45748] [43.0] [cxt 0] link_monitor.p4(383) Condition "hdr.probe.isValid()" (node_16) is false
[15:28:49.158] [bmv2] [D] [thread 45748] [43.0] [cxt 0] Pipeline 'egress': end
[15:28:49.158] [bmv2] [D] [thread 45748] [43.0] [cxt 0] Deparser 'deparser': start
[15:28:49.158] [bmv2] [T] [thread 45748] [43.0] [cxt 0] Skipping checksum 'cksum' update because condition not met
[15:28:49.158] [bmv2] [D] [thread 45748] [43.0] [cxt 0] Deparsing header 'ethernet'
[15:28:49.158] [bmv2] [D] [thread 45748] [43.0] [cxt 0] Deparser 'deparser': end
[15:28:49.158] [bmv2] [D] [thread 45752] [42.0] [cxt 0] Transmitting packet of size 70 out of port 0
[15:28:49.158] [bmv2] [D] [thread 45752] [43.0] [cxt 0] Transmitting packet of size 70 out of port 0
[15:29:04.834] [bmv2] [D] [thread 45747] [44.0] [cxt 0] Processing packet received on port 3
[15:29:04.834] [bmv2] [D] [thread 45747] [44.0] [cxt 0] Parser 'parser': start
[15:29:04.834] [bmv2] [D] [thread 45747] [44.0] [cxt 0] Parser 'parser' entering state 'start'
[15:29:04.834] [bmv2] [D] [thread 45747] [44.0] [cxt 0] Extracting header 'ethernet'
[15:29:04.834] [bmv2] [D] [thread 45747] [44.0] [cxt 0] Parser state 'start': key is 0800
[15:29:04.834] [bmv2] [T] [thread 45747] [44.0] [cxt 0] Bytes parsed: 14
[15:29:04.834] [bmv2] [D] [thread 45747] [44.0] [cxt 0] Parser 'parser' entering state 'parse_ipv4'
[15:29:04.834] [bmv2] [D] [thread 45747] [44.0] [cxt 0] Extracting header 'ipv4'
[15:29:04.834] [bmv2] [D] [thread 45747] [44.0] [cxt 0] Parser state 'parse_ipv4': key is 06
[15:29:04.834] [bmv2] [T] [thread 45747] [44.0] [cxt 0] Bytes parsed: 34
[15:29:04.834] [bmv2] [D] [thread 45747] [44.0] [cxt 0] Parser 'parser' entering state 'parse_tcp'
[15:29:04.834] [bmv2] [D] [thread 45747] [44.0] [cxt 0] Extracting header 'tcp'
[15:29:04.834] [bmv2] [E] [thread 45747] [44.0] [cxt 0] Exception while parsing: PacketTooShort
[15:29:04.834] [bmv2] [D] [thread 45747] [44.0] [cxt 0] Parser 'parser': end
[15:29:04.834] [bmv2] [D] [thread 45747] [44.0] [cxt 0] Pipeline 'ingress': start
[15:29:04.834] [bmv2] [T] [thread 45747] [44.0] [cxt 0] link_monitor.p4(331) Condition "hdr.tcp.isValid()" (node_2) is false
[15:29:04.834] [bmv2] [T] [thread 45747] [44.0] [cxt 0] link_monitor.p4(335) Condition "hdr.ipv4.isValid()" (node_5) is true
[15:29:04.834] [bmv2] [T] [thread 45747] [44.0] [cxt 0] Applying table 'MyIngress.ipv4_lpm'
[15:29:04.834] [bmv2] [D] [thread 45747] [44.0] [cxt 0] Looking up key:
* hdr.ipv4.dstAddr    : 0a000404

[15:29:04.834] [bmv2] [D] [thread 45747] [44.0] [cxt 0] Table 'MyIngress.ipv4_lpm': hit with handle 3
[15:29:04.834] [bmv2] [D] [thread 45747] [44.0] [cxt 0] Dumping entry 3
Match key:
* hdr.ipv4.dstAddr    : LPM       0a000404/32
Action entry: MyIngress.ipv4_forward - 80000000444,2,

[15:29:04.834] [bmv2] [D] [thread 45747] [44.0] [cxt 0] Action entry is MyIngress.ipv4_forward - 80000000444,2,
[15:29:04.834] [bmv2] [T] [thread 45747] [44.0] [cxt 0] Action MyIngress.ipv4_forward
[15:29:04.834] [bmv2] [T] [thread 45747] [44.0] [cxt 0] link_monitor.p4(195) Primitive standard_metadata.egress_spec = port
[15:29:04.834] [bmv2] [T] [thread 45747] [44.0] [cxt 0] link_monitor.p4(196) Primitive hdr.ethernet.srcAddr = hdr.ethernet.dstAddr
[15:29:04.834] [bmv2] [T] [thread 45747] [44.0] [cxt 0] link_monitor.p4(197) Primitive hdr.ethernet.dstAddr = dstAddr
[15:29:04.834] [bmv2] [T] [thread 45747] [44.0] [cxt 0] link_monitor.p4(198) Primitive hdr.ipv4.ttl = hdr.ipv4.ttl - 1
[15:29:04.834] [bmv2] [D] [thread 45747] [44.0] [cxt 0] Pipeline 'ingress': end
[15:29:04.834] [bmv2] [D] [thread 45747] [44.0] [cxt 0] Egress port is 2
[15:29:04.834] [bmv2] [D] [thread 45750] [44.0] [cxt 0] Pipeline 'egress': start
[15:29:04.834] [bmv2] [T] [thread 45750] [44.0] [cxt 0] Applying table 'tbl_link_monitor377'
[15:29:04.834] [bmv2] [D] [thread 45750] [44.0] [cxt 0] Looking up key:

[15:29:04.834] [bmv2] [D] [thread 45750] [44.0] [cxt 0] Table 'tbl_link_monitor377': miss
[15:29:04.834] [bmv2] [D] [thread 45750] [44.0] [cxt 0] Action entry is link_monitor377 - 
[15:29:04.834] [bmv2] [T] [thread 45750] [44.0] [cxt 0] Action link_monitor377
[15:29:04.834] [bmv2] [T] [thread 45750] [44.0] [cxt 0] link_monitor.p4(377) Primitive (bit<32>)standard_metadata.egress_port
[15:29:04.834] [bmv2] [T] [thread 45750] [44.0] [cxt 0] link_monitor.p4(377) Primitive byte_cnt_reg.read(byte_cnt, (bit<32>)standard_metadata.egress_port)
[15:29:04.834] [bmv2] [T] [thread 45750] [44.0] [cxt 0] Read register 'MyEgress.byte_cnt_reg' at index 2 read value 0
[15:29:04.834] [bmv2] [T] [thread 45750] [44.0] [cxt 0] link_monitor.p4(378) Primitive byte_cnt = byte_cnt + standard_metadata.packet_length
[15:29:04.834] [bmv2] [T] [thread 45750] [44.0] [cxt 0] link_monitor.p4(380) Condition "hdr.probe.isValid()" (node_12) is false
[15:29:04.834] [bmv2] [T] [thread 45750] [44.0] [cxt 0] Applying table 'tbl_link_monitor380_0'
[15:29:04.834] [bmv2] [D] [thread 45750] [44.0] [cxt 0] Looking up key:

[15:29:04.834] [bmv2] [D] [thread 45750] [44.0] [cxt 0] Table 'tbl_link_monitor380_0': miss
[15:29:04.834] [bmv2] [D] [thread 45750] [44.0] [cxt 0] Action entry is link_monitor380_0 - 
[15:29:04.834] [bmv2] [T] [thread 45750] [44.0] [cxt 0] Action link_monitor380_0
[15:29:04.834] [bmv2] [T] [thread 45750] [44.0] [cxt 0] link_monitor.p4(380) Primitive (hdr.probe.isValid()) ? 0 : byte_cnt
[15:29:04.834] [bmv2] [T] [thread 45750] [44.0] [cxt 0] Applying table 'tbl_link_monitor381'
[15:29:04.834] [bmv2] [D] [thread 45750] [44.0] [cxt 0] Looking up key:

[15:29:04.834] [bmv2] [D] [thread 45750] [44.0] [cxt 0] Table 'tbl_link_monitor381': miss
[15:29:04.834] [bmv2] [D] [thread 45750] [44.0] [cxt 0] Action entry is link_monitor381 - 
[15:29:04.834] [bmv2] [T] [thread 45750] [44.0] [cxt 0] Action link_monitor381
[15:29:04.834] [bmv2] [T] [thread 45750] [44.0] [cxt 0] link_monitor.p4(381) Primitive (bit<32>)standard_metadata.egress_port
[15:29:04.834] [bmv2] [T] [thread 45750] [44.0] [cxt 0] link_monitor.p4(381) Primitive byte_cnt_reg.write((bit<32>)standard_metadata.egress_port, new_byte_cnt)
[15:29:04.834] [bmv2] [T] [thread 45750] [44.0] [cxt 0] Wrote register 'MyEgress.byte_cnt_reg' at index 2 with value 37
[15:29:04.834] [bmv2] [T] [thread 45750] [44.0] [cxt 0] link_monitor.p4(383) Condition "hdr.probe.isValid()" (node_16) is false
[15:29:04.834] [bmv2] [D] [thread 45750] [44.0] [cxt 0] Pipeline 'egress': end
[15:29:04.834] [bmv2] [D] [thread 45750] [44.0] [cxt 0] Deparser 'deparser': start
[15:29:04.834] [bmv2] [D] [thread 45750] [44.0] [cxt 0] Updating checksum 'cksum'
[15:29:04.834] [bmv2] [D] [thread 45750] [44.0] [cxt 0] Deparsing header 'ethernet'
[15:29:04.834] [bmv2] [D] [thread 45750] [44.0] [cxt 0] Deparsing header 'ipv4'
[15:29:04.834] [bmv2] [D] [thread 45750] [44.0] [cxt 0] Deparser 'deparser': end
[15:29:04.834] [bmv2] [D] [thread 45752] [44.0] [cxt 0] Transmitting packet of size 37 out of port 2
[15:29:15.364] [bmv2] [D] [thread 45747] [45.0] [cxt 0] Processing packet received on port 3
[15:29:15.364] [bmv2] [D] [thread 45747] [45.0] [cxt 0] Parser 'parser': start
[15:29:15.364] [bmv2] [D] [thread 45747] [45.0] [cxt 0] Parser 'parser' entering state 'start'
[15:29:15.364] [bmv2] [D] [thread 45747] [45.0] [cxt 0] Extracting header 'ethernet'
[15:29:15.364] [bmv2] [D] [thread 45747] [45.0] [cxt 0] Parser state 'start': key is 0800
[15:29:15.364] [bmv2] [T] [thread 45747] [45.0] [cxt 0] Bytes parsed: 14
[15:29:15.364] [bmv2] [D] [thread 45747] [45.0] [cxt 0] Parser 'parser' entering state 'parse_ipv4'
[15:29:15.364] [bmv2] [D] [thread 45747] [45.0] [cxt 0] Extracting header 'ipv4'
[15:29:15.364] [bmv2] [D] [thread 45747] [45.0] [cxt 0] Parser state 'parse_ipv4': key is 06
[15:29:15.364] [bmv2] [T] [thread 45747] [45.0] [cxt 0] Bytes parsed: 34
[15:29:15.364] [bmv2] [D] [thread 45747] [45.0] [cxt 0] Parser 'parser' entering state 'parse_tcp'
[15:29:15.364] [bmv2] [D] [thread 45747] [45.0] [cxt 0] Extracting header 'tcp'
[15:29:15.364] [bmv2] [E] [thread 45747] [45.0] [cxt 0] Exception while parsing: PacketTooShort
[15:29:15.364] [bmv2] [D] [thread 45747] [45.0] [cxt 0] Parser 'parser': end
[15:29:15.364] [bmv2] [D] [thread 45747] [45.0] [cxt 0] Pipeline 'ingress': start
[15:29:15.364] [bmv2] [T] [thread 45747] [45.0] [cxt 0] link_monitor.p4(331) Condition "hdr.tcp.isValid()" (node_2) is false
[15:29:15.364] [bmv2] [T] [thread 45747] [45.0] [cxt 0] link_monitor.p4(335) Condition "hdr.ipv4.isValid()" (node_5) is true
[15:29:15.364] [bmv2] [T] [thread 45747] [45.0] [cxt 0] Applying table 'MyIngress.ipv4_lpm'
[15:29:15.365] [bmv2] [D] [thread 45747] [45.0] [cxt 0] Looking up key:
* hdr.ipv4.dstAddr    : 0a000404

[15:29:15.365] [bmv2] [D] [thread 45747] [45.0] [cxt 0] Table 'MyIngress.ipv4_lpm': hit with handle 3
[15:29:15.365] [bmv2] [D] [thread 45747] [45.0] [cxt 0] Dumping entry 3
Match key:
* hdr.ipv4.dstAddr    : LPM       0a000404/32
Action entry: MyIngress.ipv4_forward - 80000000444,2,

[15:29:15.365] [bmv2] [D] [thread 45747] [45.0] [cxt 0] Action entry is MyIngress.ipv4_forward - 80000000444,2,
[15:29:15.365] [bmv2] [T] [thread 45747] [45.0] [cxt 0] Action MyIngress.ipv4_forward
[15:29:15.365] [bmv2] [T] [thread 45747] [45.0] [cxt 0] link_monitor.p4(195) Primitive standard_metadata.egress_spec = port
[15:29:15.365] [bmv2] [T] [thread 45747] [45.0] [cxt 0] link_monitor.p4(196) Primitive hdr.ethernet.srcAddr = hdr.ethernet.dstAddr
[15:29:15.365] [bmv2] [T] [thread 45747] [45.0] [cxt 0] link_monitor.p4(197) Primitive hdr.ethernet.dstAddr = dstAddr
[15:29:15.365] [bmv2] [T] [thread 45747] [45.0] [cxt 0] link_monitor.p4(198) Primitive hdr.ipv4.ttl = hdr.ipv4.ttl - 1
[15:29:15.365] [bmv2] [D] [thread 45747] [45.0] [cxt 0] Pipeline 'ingress': end
[15:29:15.365] [bmv2] [D] [thread 45747] [45.0] [cxt 0] Egress port is 2
[15:29:15.365] [bmv2] [D] [thread 45750] [45.0] [cxt 0] Pipeline 'egress': start
[15:29:15.365] [bmv2] [T] [thread 45750] [45.0] [cxt 0] Applying table 'tbl_link_monitor377'
[15:29:15.365] [bmv2] [D] [thread 45750] [45.0] [cxt 0] Looking up key:

[15:29:15.365] [bmv2] [D] [thread 45750] [45.0] [cxt 0] Table 'tbl_link_monitor377': miss
[15:29:15.365] [bmv2] [D] [thread 45750] [45.0] [cxt 0] Action entry is link_monitor377 - 
[15:29:15.365] [bmv2] [T] [thread 45750] [45.0] [cxt 0] Action link_monitor377
[15:29:15.365] [bmv2] [T] [thread 45750] [45.0] [cxt 0] link_monitor.p4(377) Primitive (bit<32>)standard_metadata.egress_port
[15:29:15.365] [bmv2] [T] [thread 45750] [45.0] [cxt 0] link_monitor.p4(377) Primitive byte_cnt_reg.read(byte_cnt, (bit<32>)standard_metadata.egress_port)
[15:29:15.365] [bmv2] [T] [thread 45750] [45.0] [cxt 0] Read register 'MyEgress.byte_cnt_reg' at index 2 read value 37
[15:29:15.365] [bmv2] [T] [thread 45750] [45.0] [cxt 0] link_monitor.p4(378) Primitive byte_cnt = byte_cnt + standard_metadata.packet_length
[15:29:15.365] [bmv2] [T] [thread 45750] [45.0] [cxt 0] link_monitor.p4(380) Condition "hdr.probe.isValid()" (node_12) is false
[15:29:15.365] [bmv2] [T] [thread 45750] [45.0] [cxt 0] Applying table 'tbl_link_monitor380_0'
[15:29:15.365] [bmv2] [D] [thread 45750] [45.0] [cxt 0] Looking up key:

[15:29:15.365] [bmv2] [D] [thread 45750] [45.0] [cxt 0] Table 'tbl_link_monitor380_0': miss
[15:29:15.365] [bmv2] [D] [thread 45750] [45.0] [cxt 0] Action entry is link_monitor380_0 - 
[15:29:15.365] [bmv2] [T] [thread 45750] [45.0] [cxt 0] Action link_monitor380_0
[15:29:15.365] [bmv2] [T] [thread 45750] [45.0] [cxt 0] link_monitor.p4(380) Primitive (hdr.probe.isValid()) ? 0 : byte_cnt
[15:29:15.365] [bmv2] [T] [thread 45750] [45.0] [cxt 0] Applying table 'tbl_link_monitor381'
[15:29:15.365] [bmv2] [D] [thread 45750] [45.0] [cxt 0] Looking up key:

[15:29:15.365] [bmv2] [D] [thread 45750] [45.0] [cxt 0] Table 'tbl_link_monitor381': miss
[15:29:15.365] [bmv2] [D] [thread 45750] [45.0] [cxt 0] Action entry is link_monitor381 - 
[15:29:15.365] [bmv2] [T] [thread 45750] [45.0] [cxt 0] Action link_monitor381
[15:29:15.365] [bmv2] [T] [thread 45750] [45.0] [cxt 0] link_monitor.p4(381) Primitive (bit<32>)standard_metadata.egress_port
[15:29:15.365] [bmv2] [T] [thread 45750] [45.0] [cxt 0] link_monitor.p4(381) Primitive byte_cnt_reg.write((bit<32>)standard_metadata.egress_port, new_byte_cnt)
[15:29:15.365] [bmv2] [T] [thread 45750] [45.0] [cxt 0] Wrote register 'MyEgress.byte_cnt_reg' at index 2 with value 74
[15:29:15.365] [bmv2] [T] [thread 45750] [45.0] [cxt 0] link_monitor.p4(383) Condition "hdr.probe.isValid()" (node_16) is false
[15:29:15.365] [bmv2] [D] [thread 45750] [45.0] [cxt 0] Pipeline 'egress': end
[15:29:15.365] [bmv2] [D] [thread 45750] [45.0] [cxt 0] Deparser 'deparser': start
[15:29:15.365] [bmv2] [D] [thread 45750] [45.0] [cxt 0] Updating checksum 'cksum'
[15:29:15.365] [bmv2] [D] [thread 45750] [45.0] [cxt 0] Deparsing header 'ethernet'
[15:29:15.365] [bmv2] [D] [thread 45750] [45.0] [cxt 0] Deparsing header 'ipv4'
[15:29:15.365] [bmv2] [D] [thread 45750] [45.0] [cxt 0] Deparser 'deparser': end
[15:29:15.365] [bmv2] [D] [thread 45752] [45.0] [cxt 0] Transmitting packet of size 37 out of port 2
[15:29:15.768] [bmv2] [D] [thread 45747] [46.0] [cxt 0] Processing packet received on port 4
[15:29:15.768] [bmv2] [D] [thread 45747] [46.0] [cxt 0] Parser 'parser': start
[15:29:15.768] [bmv2] [D] [thread 45747] [46.0] [cxt 0] Parser 'parser' entering state 'start'
[15:29:15.768] [bmv2] [D] [thread 45747] [46.0] [cxt 0] Extracting header 'ethernet'
[15:29:15.768] [bmv2] [D] [thread 45747] [46.0] [cxt 0] Parser state 'start': key is 0800
[15:29:15.768] [bmv2] [T] [thread 45747] [46.0] [cxt 0] Bytes parsed: 14
[15:29:15.768] [bmv2] [D] [thread 45747] [46.0] [cxt 0] Parser 'parser' entering state 'parse_ipv4'
[15:29:15.768] [bmv2] [D] [thread 45747] [46.0] [cxt 0] Extracting header 'ipv4'
[15:29:15.768] [bmv2] [D] [thread 45747] [46.0] [cxt 0] Parser state 'parse_ipv4': key is 06
[15:29:15.768] [bmv2] [T] [thread 45747] [46.0] [cxt 0] Bytes parsed: 34
[15:29:15.768] [bmv2] [D] [thread 45747] [46.0] [cxt 0] Parser 'parser' entering state 'parse_tcp'
[15:29:15.768] [bmv2] [D] [thread 45747] [46.0] [cxt 0] Extracting header 'tcp'
[15:29:15.768] [bmv2] [E] [thread 45747] [46.0] [cxt 0] Exception while parsing: PacketTooShort
[15:29:15.768] [bmv2] [D] [thread 45747] [46.0] [cxt 0] Parser 'parser': end
[15:29:15.768] [bmv2] [D] [thread 45747] [46.0] [cxt 0] Pipeline 'ingress': start
[15:29:15.768] [bmv2] [T] [thread 45747] [46.0] [cxt 0] link_monitor.p4(331) Condition "hdr.tcp.isValid()" (node_2) is false
[15:29:15.768] [bmv2] [T] [thread 45747] [46.0] [cxt 0] link_monitor.p4(335) Condition "hdr.ipv4.isValid()" (node_5) is true
[15:29:15.768] [bmv2] [T] [thread 45747] [46.0] [cxt 0] Applying table 'MyIngress.ipv4_lpm'
[15:29:15.768] [bmv2] [D] [thread 45747] [46.0] [cxt 0] Looking up key:
* hdr.ipv4.dstAddr    : 0a000404

[15:29:15.769] [bmv2] [D] [thread 45747] [46.0] [cxt 0] Table 'MyIngress.ipv4_lpm': hit with handle 3
[15:29:15.769] [bmv2] [D] [thread 45747] [46.0] [cxt 0] Dumping entry 3
Match key:
* hdr.ipv4.dstAddr    : LPM       0a000404/32
Action entry: MyIngress.ipv4_forward - 80000000444,2,

[15:29:15.769] [bmv2] [D] [thread 45747] [46.0] [cxt 0] Action entry is MyIngress.ipv4_forward - 80000000444,2,
[15:29:15.769] [bmv2] [T] [thread 45747] [46.0] [cxt 0] Action MyIngress.ipv4_forward
[15:29:15.769] [bmv2] [T] [thread 45747] [46.0] [cxt 0] link_monitor.p4(195) Primitive standard_metadata.egress_spec = port
[15:29:15.769] [bmv2] [T] [thread 45747] [46.0] [cxt 0] link_monitor.p4(196) Primitive hdr.ethernet.srcAddr = hdr.ethernet.dstAddr
[15:29:15.769] [bmv2] [T] [thread 45747] [46.0] [cxt 0] link_monitor.p4(197) Primitive hdr.ethernet.dstAddr = dstAddr
[15:29:15.769] [bmv2] [T] [thread 45747] [46.0] [cxt 0] link_monitor.p4(198) Primitive hdr.ipv4.ttl = hdr.ipv4.ttl - 1
[15:29:15.769] [bmv2] [D] [thread 45747] [46.0] [cxt 0] Pipeline 'ingress': end
[15:29:15.769] [bmv2] [D] [thread 45747] [46.0] [cxt 0] Egress port is 2
[15:29:15.769] [bmv2] [D] [thread 45750] [46.0] [cxt 0] Pipeline 'egress': start
[15:29:15.769] [bmv2] [T] [thread 45750] [46.0] [cxt 0] Applying table 'tbl_link_monitor377'
[15:29:15.769] [bmv2] [D] [thread 45750] [46.0] [cxt 0] Looking up key:

[15:29:15.769] [bmv2] [D] [thread 45750] [46.0] [cxt 0] Table 'tbl_link_monitor377': miss
[15:29:15.769] [bmv2] [D] [thread 45750] [46.0] [cxt 0] Action entry is link_monitor377 - 
[15:29:15.769] [bmv2] [T] [thread 45750] [46.0] [cxt 0] Action link_monitor377
[15:29:15.769] [bmv2] [T] [thread 45750] [46.0] [cxt 0] link_monitor.p4(377) Primitive (bit<32>)standard_metadata.egress_port
[15:29:15.769] [bmv2] [T] [thread 45750] [46.0] [cxt 0] link_monitor.p4(377) Primitive byte_cnt_reg.read(byte_cnt, (bit<32>)standard_metadata.egress_port)
[15:29:15.769] [bmv2] [T] [thread 45750] [46.0] [cxt 0] Read register 'MyEgress.byte_cnt_reg' at index 2 read value 74
[15:29:15.769] [bmv2] [T] [thread 45750] [46.0] [cxt 0] link_monitor.p4(378) Primitive byte_cnt = byte_cnt + standard_metadata.packet_length
[15:29:15.769] [bmv2] [T] [thread 45750] [46.0] [cxt 0] link_monitor.p4(380) Condition "hdr.probe.isValid()" (node_12) is false
[15:29:15.769] [bmv2] [T] [thread 45750] [46.0] [cxt 0] Applying table 'tbl_link_monitor380_0'
[15:29:15.769] [bmv2] [D] [thread 45750] [46.0] [cxt 0] Looking up key:

[15:29:15.769] [bmv2] [D] [thread 45750] [46.0] [cxt 0] Table 'tbl_link_monitor380_0': miss
[15:29:15.769] [bmv2] [D] [thread 45750] [46.0] [cxt 0] Action entry is link_monitor380_0 - 
[15:29:15.769] [bmv2] [T] [thread 45750] [46.0] [cxt 0] Action link_monitor380_0
[15:29:15.769] [bmv2] [T] [thread 45750] [46.0] [cxt 0] link_monitor.p4(380) Primitive (hdr.probe.isValid()) ? 0 : byte_cnt
[15:29:15.769] [bmv2] [T] [thread 45750] [46.0] [cxt 0] Applying table 'tbl_link_monitor381'
[15:29:15.769] [bmv2] [D] [thread 45750] [46.0] [cxt 0] Looking up key:

[15:29:15.769] [bmv2] [D] [thread 45750] [46.0] [cxt 0] Table 'tbl_link_monitor381': miss
[15:29:15.769] [bmv2] [D] [thread 45750] [46.0] [cxt 0] Action entry is link_monitor381 - 
[15:29:15.769] [bmv2] [T] [thread 45750] [46.0] [cxt 0] Action link_monitor381
[15:29:15.769] [bmv2] [T] [thread 45750] [46.0] [cxt 0] link_monitor.p4(381) Primitive (bit<32>)standard_metadata.egress_port
[15:29:15.769] [bmv2] [T] [thread 45750] [46.0] [cxt 0] link_monitor.p4(381) Primitive byte_cnt_reg.write((bit<32>)standard_metadata.egress_port, new_byte_cnt)
[15:29:15.769] [bmv2] [T] [thread 45750] [46.0] [cxt 0] Wrote register 'MyEgress.byte_cnt_reg' at index 2 with value 111
[15:29:15.769] [bmv2] [T] [thread 45750] [46.0] [cxt 0] link_monitor.p4(383) Condition "hdr.probe.isValid()" (node_16) is false
[15:29:15.769] [bmv2] [D] [thread 45750] [46.0] [cxt 0] Pipeline 'egress': end
[15:29:15.769] [bmv2] [D] [thread 45750] [46.0] [cxt 0] Deparser 'deparser': start
[15:29:15.769] [bmv2] [D] [thread 45750] [46.0] [cxt 0] Updating checksum 'cksum'
[15:29:15.769] [bmv2] [D] [thread 45750] [46.0] [cxt 0] Deparsing header 'ethernet'
[15:29:15.769] [bmv2] [D] [thread 45750] [46.0] [cxt 0] Deparsing header 'ipv4'
[15:29:15.769] [bmv2] [D] [thread 45750] [46.0] [cxt 0] Deparser 'deparser': end
[15:29:15.769] [bmv2] [D] [thread 45752] [46.0] [cxt 0] Transmitting packet of size 37 out of port 2
[15:29:16.191] [bmv2] [D] [thread 45747] [47.0] [cxt 0] Processing packet received on port 4
[15:29:16.191] [bmv2] [D] [thread 45747] [47.0] [cxt 0] Parser 'parser': start
[15:29:16.191] [bmv2] [D] [thread 45747] [47.0] [cxt 0] Parser 'parser' entering state 'start'
[15:29:16.191] [bmv2] [D] [thread 45747] [47.0] [cxt 0] Extracting header 'ethernet'
[15:29:16.191] [bmv2] [D] [thread 45747] [47.0] [cxt 0] Parser state 'start': key is 0800
[15:29:16.191] [bmv2] [T] [thread 45747] [47.0] [cxt 0] Bytes parsed: 14
[15:29:16.191] [bmv2] [D] [thread 45747] [47.0] [cxt 0] Parser 'parser' entering state 'parse_ipv4'
[15:29:16.191] [bmv2] [D] [thread 45747] [47.0] [cxt 0] Extracting header 'ipv4'
[15:29:16.191] [bmv2] [D] [thread 45747] [47.0] [cxt 0] Parser state 'parse_ipv4': key is 06
[15:29:16.191] [bmv2] [T] [thread 45747] [47.0] [cxt 0] Bytes parsed: 34
[15:29:16.191] [bmv2] [D] [thread 45747] [47.0] [cxt 0] Parser 'parser' entering state 'parse_tcp'
[15:29:16.191] [bmv2] [D] [thread 45747] [47.0] [cxt 0] Extracting header 'tcp'
[15:29:16.191] [bmv2] [E] [thread 45747] [47.0] [cxt 0] Exception while parsing: PacketTooShort
[15:29:16.191] [bmv2] [D] [thread 45747] [47.0] [cxt 0] Parser 'parser': end
[15:29:16.191] [bmv2] [D] [thread 45747] [47.0] [cxt 0] Pipeline 'ingress': start
[15:29:16.191] [bmv2] [T] [thread 45747] [47.0] [cxt 0] link_monitor.p4(331) Condition "hdr.tcp.isValid()" (node_2) is false
[15:29:16.191] [bmv2] [T] [thread 45747] [47.0] [cxt 0] link_monitor.p4(335) Condition "hdr.ipv4.isValid()" (node_5) is true
[15:29:16.191] [bmv2] [T] [thread 45747] [47.0] [cxt 0] Applying table 'MyIngress.ipv4_lpm'
[15:29:16.191] [bmv2] [D] [thread 45747] [47.0] [cxt 0] Looking up key:
* hdr.ipv4.dstAddr    : 0a000404

[15:29:16.191] [bmv2] [D] [thread 45747] [47.0] [cxt 0] Table 'MyIngress.ipv4_lpm': hit with handle 3
[15:29:16.191] [bmv2] [D] [thread 45747] [47.0] [cxt 0] Dumping entry 3
Match key:
* hdr.ipv4.dstAddr    : LPM       0a000404/32
Action entry: MyIngress.ipv4_forward - 80000000444,2,

[15:29:16.191] [bmv2] [D] [thread 45747] [47.0] [cxt 0] Action entry is MyIngress.ipv4_forward - 80000000444,2,
[15:29:16.191] [bmv2] [T] [thread 45747] [47.0] [cxt 0] Action MyIngress.ipv4_forward
[15:29:16.191] [bmv2] [T] [thread 45747] [47.0] [cxt 0] link_monitor.p4(195) Primitive standard_metadata.egress_spec = port
[15:29:16.191] [bmv2] [T] [thread 45747] [47.0] [cxt 0] link_monitor.p4(196) Primitive hdr.ethernet.srcAddr = hdr.ethernet.dstAddr
[15:29:16.191] [bmv2] [T] [thread 45747] [47.0] [cxt 0] link_monitor.p4(197) Primitive hdr.ethernet.dstAddr = dstAddr
[15:29:16.191] [bmv2] [T] [thread 45747] [47.0] [cxt 0] link_monitor.p4(198) Primitive hdr.ipv4.ttl = hdr.ipv4.ttl - 1
[15:29:16.191] [bmv2] [D] [thread 45747] [47.0] [cxt 0] Pipeline 'ingress': end
[15:29:16.191] [bmv2] [D] [thread 45747] [47.0] [cxt 0] Egress port is 2
[15:29:16.191] [bmv2] [D] [thread 45750] [47.0] [cxt 0] Pipeline 'egress': start
[15:29:16.191] [bmv2] [T] [thread 45750] [47.0] [cxt 0] Applying table 'tbl_link_monitor377'
[15:29:16.191] [bmv2] [D] [thread 45750] [47.0] [cxt 0] Looking up key:

[15:29:16.191] [bmv2] [D] [thread 45750] [47.0] [cxt 0] Table 'tbl_link_monitor377': miss
[15:29:16.191] [bmv2] [D] [thread 45750] [47.0] [cxt 0] Action entry is link_monitor377 - 
[15:29:16.191] [bmv2] [T] [thread 45750] [47.0] [cxt 0] Action link_monitor377
[15:29:16.191] [bmv2] [T] [thread 45750] [47.0] [cxt 0] link_monitor.p4(377) Primitive (bit<32>)standard_metadata.egress_port
[15:29:16.191] [bmv2] [T] [thread 45750] [47.0] [cxt 0] link_monitor.p4(377) Primitive byte_cnt_reg.read(byte_cnt, (bit<32>)standard_metadata.egress_port)
[15:29:16.191] [bmv2] [T] [thread 45750] [47.0] [cxt 0] Read register 'MyEgress.byte_cnt_reg' at index 2 read value 111
[15:29:16.191] [bmv2] [T] [thread 45750] [47.0] [cxt 0] link_monitor.p4(378) Primitive byte_cnt = byte_cnt + standard_metadata.packet_length
[15:29:16.191] [bmv2] [T] [thread 45750] [47.0] [cxt 0] link_monitor.p4(380) Condition "hdr.probe.isValid()" (node_12) is false
[15:29:16.191] [bmv2] [T] [thread 45750] [47.0] [cxt 0] Applying table 'tbl_link_monitor380_0'
[15:29:16.191] [bmv2] [D] [thread 45750] [47.0] [cxt 0] Looking up key:

[15:29:16.191] [bmv2] [D] [thread 45750] [47.0] [cxt 0] Table 'tbl_link_monitor380_0': miss
[15:29:16.191] [bmv2] [D] [thread 45750] [47.0] [cxt 0] Action entry is link_monitor380_0 - 
[15:29:16.191] [bmv2] [T] [thread 45750] [47.0] [cxt 0] Action link_monitor380_0
[15:29:16.191] [bmv2] [T] [thread 45750] [47.0] [cxt 0] link_monitor.p4(380) Primitive (hdr.probe.isValid()) ? 0 : byte_cnt
[15:29:16.191] [bmv2] [T] [thread 45750] [47.0] [cxt 0] Applying table 'tbl_link_monitor381'
[15:29:16.191] [bmv2] [D] [thread 45750] [47.0] [cxt 0] Looking up key:

[15:29:16.191] [bmv2] [D] [thread 45750] [47.0] [cxt 0] Table 'tbl_link_monitor381': miss
[15:29:16.191] [bmv2] [D] [thread 45750] [47.0] [cxt 0] Action entry is link_monitor381 - 
[15:29:16.191] [bmv2] [T] [thread 45750] [47.0] [cxt 0] Action link_monitor381
[15:29:16.191] [bmv2] [T] [thread 45750] [47.0] [cxt 0] link_monitor.p4(381) Primitive (bit<32>)standard_metadata.egress_port
[15:29:16.191] [bmv2] [T] [thread 45750] [47.0] [cxt 0] link_monitor.p4(381) Primitive byte_cnt_reg.write((bit<32>)standard_metadata.egress_port, new_byte_cnt)
[15:29:16.191] [bmv2] [T] [thread 45750] [47.0] [cxt 0] Wrote register 'MyEgress.byte_cnt_reg' at index 2 with value 148
[15:29:16.191] [bmv2] [T] [thread 45750] [47.0] [cxt 0] link_monitor.p4(383) Condition "hdr.probe.isValid()" (node_16) is false
[15:29:16.191] [bmv2] [D] [thread 45750] [47.0] [cxt 0] Pipeline 'egress': end
[15:29:16.191] [bmv2] [D] [thread 45750] [47.0] [cxt 0] Deparser 'deparser': start
[15:29:16.191] [bmv2] [D] [thread 45750] [47.0] [cxt 0] Updating checksum 'cksum'
[15:29:16.191] [bmv2] [D] [thread 45750] [47.0] [cxt 0] Deparsing header 'ethernet'
[15:29:16.191] [bmv2] [D] [thread 45750] [47.0] [cxt 0] Deparsing header 'ipv4'
[15:29:16.191] [bmv2] [D] [thread 45750] [47.0] [cxt 0] Deparser 'deparser': end
[15:29:16.192] [bmv2] [D] [thread 45752] [47.0] [cxt 0] Transmitting packet of size 37 out of port 2
[15:29:16.611] [bmv2] [D] [thread 45747] [48.0] [cxt 0] Processing packet received on port 4
[15:29:16.611] [bmv2] [D] [thread 45747] [48.0] [cxt 0] Parser 'parser': start
[15:29:16.611] [bmv2] [D] [thread 45747] [48.0] [cxt 0] Parser 'parser' entering state 'start'
[15:29:16.611] [bmv2] [D] [thread 45747] [48.0] [cxt 0] Extracting header 'ethernet'
[15:29:16.611] [bmv2] [D] [thread 45747] [48.0] [cxt 0] Parser state 'start': key is 0800
[15:29:16.611] [bmv2] [T] [thread 45747] [48.0] [cxt 0] Bytes parsed: 14
[15:29:16.611] [bmv2] [D] [thread 45747] [48.0] [cxt 0] Parser 'parser' entering state 'parse_ipv4'
[15:29:16.611] [bmv2] [D] [thread 45747] [48.0] [cxt 0] Extracting header 'ipv4'
[15:29:16.611] [bmv2] [D] [thread 45747] [48.0] [cxt 0] Parser state 'parse_ipv4': key is 06
[15:29:16.612] [bmv2] [T] [thread 45747] [48.0] [cxt 0] Bytes parsed: 34
[15:29:16.612] [bmv2] [D] [thread 45747] [48.0] [cxt 0] Parser 'parser' entering state 'parse_tcp'
[15:29:16.612] [bmv2] [D] [thread 45747] [48.0] [cxt 0] Extracting header 'tcp'
[15:29:16.612] [bmv2] [E] [thread 45747] [48.0] [cxt 0] Exception while parsing: PacketTooShort
[15:29:16.612] [bmv2] [D] [thread 45747] [48.0] [cxt 0] Parser 'parser': end
[15:29:16.612] [bmv2] [D] [thread 45747] [48.0] [cxt 0] Pipeline 'ingress': start
[15:29:16.612] [bmv2] [T] [thread 45747] [48.0] [cxt 0] link_monitor.p4(331) Condition "hdr.tcp.isValid()" (node_2) is false
[15:29:16.612] [bmv2] [T] [thread 45747] [48.0] [cxt 0] link_monitor.p4(335) Condition "hdr.ipv4.isValid()" (node_5) is true
[15:29:16.612] [bmv2] [T] [thread 45747] [48.0] [cxt 0] Applying table 'MyIngress.ipv4_lpm'
[15:29:16.612] [bmv2] [D] [thread 45747] [48.0] [cxt 0] Looking up key:
* hdr.ipv4.dstAddr    : 0a000404

[15:29:16.612] [bmv2] [D] [thread 45747] [48.0] [cxt 0] Table 'MyIngress.ipv4_lpm': hit with handle 3
[15:29:16.612] [bmv2] [D] [thread 45747] [48.0] [cxt 0] Dumping entry 3
Match key:
* hdr.ipv4.dstAddr    : LPM       0a000404/32
Action entry: MyIngress.ipv4_forward - 80000000444,2,

[15:29:16.612] [bmv2] [D] [thread 45747] [48.0] [cxt 0] Action entry is MyIngress.ipv4_forward - 80000000444,2,
[15:29:16.612] [bmv2] [T] [thread 45747] [48.0] [cxt 0] Action MyIngress.ipv4_forward
[15:29:16.612] [bmv2] [T] [thread 45747] [48.0] [cxt 0] link_monitor.p4(195) Primitive standard_metadata.egress_spec = port
[15:29:16.612] [bmv2] [T] [thread 45747] [48.0] [cxt 0] link_monitor.p4(196) Primitive hdr.ethernet.srcAddr = hdr.ethernet.dstAddr
[15:29:16.612] [bmv2] [T] [thread 45747] [48.0] [cxt 0] link_monitor.p4(197) Primitive hdr.ethernet.dstAddr = dstAddr
[15:29:16.612] [bmv2] [T] [thread 45747] [48.0] [cxt 0] link_monitor.p4(198) Primitive hdr.ipv4.ttl = hdr.ipv4.ttl - 1
[15:29:16.612] [bmv2] [D] [thread 45747] [48.0] [cxt 0] Pipeline 'ingress': end
[15:29:16.612] [bmv2] [D] [thread 45747] [48.0] [cxt 0] Egress port is 2
[15:29:16.612] [bmv2] [D] [thread 45750] [48.0] [cxt 0] Pipeline 'egress': start
[15:29:16.612] [bmv2] [T] [thread 45750] [48.0] [cxt 0] Applying table 'tbl_link_monitor377'
[15:29:16.612] [bmv2] [D] [thread 45750] [48.0] [cxt 0] Looking up key:

[15:29:16.612] [bmv2] [D] [thread 45750] [48.0] [cxt 0] Table 'tbl_link_monitor377': miss
[15:29:16.612] [bmv2] [D] [thread 45750] [48.0] [cxt 0] Action entry is link_monitor377 - 
[15:29:16.612] [bmv2] [T] [thread 45750] [48.0] [cxt 0] Action link_monitor377
[15:29:16.612] [bmv2] [T] [thread 45750] [48.0] [cxt 0] link_monitor.p4(377) Primitive (bit<32>)standard_metadata.egress_port
[15:29:16.613] [bmv2] [T] [thread 45750] [48.0] [cxt 0] link_monitor.p4(377) Primitive byte_cnt_reg.read(byte_cnt, (bit<32>)standard_metadata.egress_port)
[15:29:16.613] [bmv2] [T] [thread 45750] [48.0] [cxt 0] Read register 'MyEgress.byte_cnt_reg' at index 2 read value 148
[15:29:16.613] [bmv2] [T] [thread 45750] [48.0] [cxt 0] link_monitor.p4(378) Primitive byte_cnt = byte_cnt + standard_metadata.packet_length
[15:29:16.613] [bmv2] [T] [thread 45750] [48.0] [cxt 0] link_monitor.p4(380) Condition "hdr.probe.isValid()" (node_12) is false
[15:29:16.613] [bmv2] [T] [thread 45750] [48.0] [cxt 0] Applying table 'tbl_link_monitor380_0'
[15:29:16.613] [bmv2] [D] [thread 45750] [48.0] [cxt 0] Looking up key:

[15:29:16.613] [bmv2] [D] [thread 45750] [48.0] [cxt 0] Table 'tbl_link_monitor380_0': miss
[15:29:16.613] [bmv2] [D] [thread 45750] [48.0] [cxt 0] Action entry is link_monitor380_0 - 
[15:29:16.613] [bmv2] [T] [thread 45750] [48.0] [cxt 0] Action link_monitor380_0
[15:29:16.613] [bmv2] [T] [thread 45750] [48.0] [cxt 0] link_monitor.p4(380) Primitive (hdr.probe.isValid()) ? 0 : byte_cnt
[15:29:16.613] [bmv2] [T] [thread 45750] [48.0] [cxt 0] Applying table 'tbl_link_monitor381'
[15:29:16.613] [bmv2] [D] [thread 45750] [48.0] [cxt 0] Looking up key:

[15:29:16.613] [bmv2] [D] [thread 45750] [48.0] [cxt 0] Table 'tbl_link_monitor381': miss
[15:29:16.613] [bmv2] [D] [thread 45750] [48.0] [cxt 0] Action entry is link_monitor381 - 
[15:29:16.613] [bmv2] [T] [thread 45750] [48.0] [cxt 0] Action link_monitor381
[15:29:16.613] [bmv2] [T] [thread 45750] [48.0] [cxt 0] link_monitor.p4(381) Primitive (bit<32>)standard_metadata.egress_port
[15:29:16.613] [bmv2] [T] [thread 45750] [48.0] [cxt 0] link_monitor.p4(381) Primitive byte_cnt_reg.write((bit<32>)standard_metadata.egress_port, new_byte_cnt)
[15:29:16.613] [bmv2] [T] [thread 45750] [48.0] [cxt 0] Wrote register 'MyEgress.byte_cnt_reg' at index 2 with value 185
[15:29:16.613] [bmv2] [T] [thread 45750] [48.0] [cxt 0] link_monitor.p4(383) Condition "hdr.probe.isValid()" (node_16) is false
[15:29:16.613] [bmv2] [D] [thread 45750] [48.0] [cxt 0] Pipeline 'egress': end
[15:29:16.613] [bmv2] [D] [thread 45750] [48.0] [cxt 0] Deparser 'deparser': start
[15:29:16.613] [bmv2] [D] [thread 45750] [48.0] [cxt 0] Updating checksum 'cksum'
[15:29:16.613] [bmv2] [D] [thread 45750] [48.0] [cxt 0] Deparsing header 'ethernet'
[15:29:16.613] [bmv2] [D] [thread 45750] [48.0] [cxt 0] Deparsing header 'ipv4'
[15:29:16.613] [bmv2] [D] [thread 45750] [48.0] [cxt 0] Deparser 'deparser': end
[15:29:16.613] [bmv2] [D] [thread 45752] [48.0] [cxt 0] Transmitting packet of size 37 out of port 2
[15:29:17.068] [bmv2] [D] [thread 45747] [49.0] [cxt 0] Processing packet received on port 4
[15:29:17.068] [bmv2] [D] [thread 45747] [49.0] [cxt 0] Parser 'parser': start
[15:29:17.068] [bmv2] [D] [thread 45747] [49.0] [cxt 0] Parser 'parser' entering state 'start'
[15:29:17.068] [bmv2] [D] [thread 45747] [49.0] [cxt 0] Extracting header 'ethernet'
[15:29:17.069] [bmv2] [D] [thread 45747] [49.0] [cxt 0] Parser state 'start': key is 0800
[15:29:17.069] [bmv2] [T] [thread 45747] [49.0] [cxt 0] Bytes parsed: 14
[15:29:17.069] [bmv2] [D] [thread 45747] [49.0] [cxt 0] Parser 'parser' entering state 'parse_ipv4'
[15:29:17.069] [bmv2] [D] [thread 45747] [49.0] [cxt 0] Extracting header 'ipv4'
[15:29:17.069] [bmv2] [D] [thread 45747] [49.0] [cxt 0] Parser state 'parse_ipv4': key is 06
[15:29:17.069] [bmv2] [T] [thread 45747] [49.0] [cxt 0] Bytes parsed: 34
[15:29:17.069] [bmv2] [D] [thread 45747] [49.0] [cxt 0] Parser 'parser' entering state 'parse_tcp'
[15:29:17.069] [bmv2] [D] [thread 45747] [49.0] [cxt 0] Extracting header 'tcp'
[15:29:17.069] [bmv2] [E] [thread 45747] [49.0] [cxt 0] Exception while parsing: PacketTooShort
[15:29:17.069] [bmv2] [D] [thread 45747] [49.0] [cxt 0] Parser 'parser': end
[15:29:17.069] [bmv2] [D] [thread 45747] [49.0] [cxt 0] Pipeline 'ingress': start
[15:29:17.069] [bmv2] [T] [thread 45747] [49.0] [cxt 0] link_monitor.p4(331) Condition "hdr.tcp.isValid()" (node_2) is false
[15:29:17.069] [bmv2] [T] [thread 45747] [49.0] [cxt 0] link_monitor.p4(335) Condition "hdr.ipv4.isValid()" (node_5) is true
[15:29:17.069] [bmv2] [T] [thread 45747] [49.0] [cxt 0] Applying table 'MyIngress.ipv4_lpm'
[15:29:17.069] [bmv2] [D] [thread 45747] [49.0] [cxt 0] Looking up key:
* hdr.ipv4.dstAddr    : 0a000404

[15:29:17.069] [bmv2] [D] [thread 45747] [49.0] [cxt 0] Table 'MyIngress.ipv4_lpm': hit with handle 3
[15:29:17.069] [bmv2] [D] [thread 45747] [49.0] [cxt 0] Dumping entry 3
Match key:
* hdr.ipv4.dstAddr    : LPM       0a000404/32
Action entry: MyIngress.ipv4_forward - 80000000444,2,

[15:29:17.069] [bmv2] [D] [thread 45747] [49.0] [cxt 0] Action entry is MyIngress.ipv4_forward - 80000000444,2,
[15:29:17.069] [bmv2] [T] [thread 45747] [49.0] [cxt 0] Action MyIngress.ipv4_forward
[15:29:17.069] [bmv2] [T] [thread 45747] [49.0] [cxt 0] link_monitor.p4(195) Primitive standard_metadata.egress_spec = port
[15:29:17.069] [bmv2] [T] [thread 45747] [49.0] [cxt 0] link_monitor.p4(196) Primitive hdr.ethernet.srcAddr = hdr.ethernet.dstAddr
[15:29:17.069] [bmv2] [T] [thread 45747] [49.0] [cxt 0] link_monitor.p4(197) Primitive hdr.ethernet.dstAddr = dstAddr
[15:29:17.069] [bmv2] [T] [thread 45747] [49.0] [cxt 0] link_monitor.p4(198) Primitive hdr.ipv4.ttl = hdr.ipv4.ttl - 1
[15:29:17.069] [bmv2] [D] [thread 45747] [49.0] [cxt 0] Pipeline 'ingress': end
[15:29:17.069] [bmv2] [D] [thread 45747] [49.0] [cxt 0] Egress port is 2
[15:29:17.069] [bmv2] [D] [thread 45750] [49.0] [cxt 0] Pipeline 'egress': start
[15:29:17.069] [bmv2] [T] [thread 45750] [49.0] [cxt 0] Applying table 'tbl_link_monitor377'
[15:29:17.069] [bmv2] [D] [thread 45750] [49.0] [cxt 0] Looking up key:

[15:29:17.069] [bmv2] [D] [thread 45750] [49.0] [cxt 0] Table 'tbl_link_monitor377': miss
[15:29:17.069] [bmv2] [D] [thread 45750] [49.0] [cxt 0] Action entry is link_monitor377 - 
[15:29:17.069] [bmv2] [T] [thread 45750] [49.0] [cxt 0] Action link_monitor377
[15:29:17.069] [bmv2] [T] [thread 45750] [49.0] [cxt 0] link_monitor.p4(377) Primitive (bit<32>)standard_metadata.egress_port
[15:29:17.069] [bmv2] [T] [thread 45750] [49.0] [cxt 0] link_monitor.p4(377) Primitive byte_cnt_reg.read(byte_cnt, (bit<32>)standard_metadata.egress_port)
[15:29:17.069] [bmv2] [T] [thread 45750] [49.0] [cxt 0] Read register 'MyEgress.byte_cnt_reg' at index 2 read value 185
[15:29:17.069] [bmv2] [T] [thread 45750] [49.0] [cxt 0] link_monitor.p4(378) Primitive byte_cnt = byte_cnt + standard_metadata.packet_length
[15:29:17.069] [bmv2] [T] [thread 45750] [49.0] [cxt 0] link_monitor.p4(380) Condition "hdr.probe.isValid()" (node_12) is false
[15:29:17.069] [bmv2] [T] [thread 45750] [49.0] [cxt 0] Applying table 'tbl_link_monitor380_0'
[15:29:17.069] [bmv2] [D] [thread 45750] [49.0] [cxt 0] Looking up key:

[15:29:17.069] [bmv2] [D] [thread 45750] [49.0] [cxt 0] Table 'tbl_link_monitor380_0': miss
[15:29:17.069] [bmv2] [D] [thread 45750] [49.0] [cxt 0] Action entry is link_monitor380_0 - 
[15:29:17.069] [bmv2] [T] [thread 45750] [49.0] [cxt 0] Action link_monitor380_0
[15:29:17.069] [bmv2] [T] [thread 45750] [49.0] [cxt 0] link_monitor.p4(380) Primitive (hdr.probe.isValid()) ? 0 : byte_cnt
[15:29:17.069] [bmv2] [T] [thread 45750] [49.0] [cxt 0] Applying table 'tbl_link_monitor381'
[15:29:17.069] [bmv2] [D] [thread 45750] [49.0] [cxt 0] Looking up key:

[15:29:17.069] [bmv2] [D] [thread 45750] [49.0] [cxt 0] Table 'tbl_link_monitor381': miss
[15:29:17.069] [bmv2] [D] [thread 45750] [49.0] [cxt 0] Action entry is link_monitor381 - 
[15:29:17.069] [bmv2] [T] [thread 45750] [49.0] [cxt 0] Action link_monitor381
[15:29:17.069] [bmv2] [T] [thread 45750] [49.0] [cxt 0] link_monitor.p4(381) Primitive (bit<32>)standard_metadata.egress_port
[15:29:17.069] [bmv2] [T] [thread 45750] [49.0] [cxt 0] link_monitor.p4(381) Primitive byte_cnt_reg.write((bit<32>)standard_metadata.egress_port, new_byte_cnt)
[15:29:17.069] [bmv2] [T] [thread 45750] [49.0] [cxt 0] Wrote register 'MyEgress.byte_cnt_reg' at index 2 with value 222
[15:29:17.069] [bmv2] [T] [thread 45750] [49.0] [cxt 0] link_monitor.p4(383) Condition "hdr.probe.isValid()" (node_16) is false
[15:29:17.069] [bmv2] [D] [thread 45750] [49.0] [cxt 0] Pipeline 'egress': end
[15:29:17.069] [bmv2] [D] [thread 45750] [49.0] [cxt 0] Deparser 'deparser': start
[15:29:17.069] [bmv2] [D] [thread 45750] [49.0] [cxt 0] Updating checksum 'cksum'
[15:29:17.069] [bmv2] [D] [thread 45750] [49.0] [cxt 0] Deparsing header 'ethernet'
[15:29:17.069] [bmv2] [D] [thread 45750] [49.0] [cxt 0] Deparsing header 'ipv4'
[15:29:17.069] [bmv2] [D] [thread 45750] [49.0] [cxt 0] Deparser 'deparser': end
[15:29:17.069] [bmv2] [D] [thread 45752] [49.0] [cxt 0] Transmitting packet of size 37 out of port 2
[15:29:17.538] [bmv2] [D] [thread 45747] [50.0] [cxt 0] Processing packet received on port 4
[15:29:17.538] [bmv2] [D] [thread 45747] [50.0] [cxt 0] Parser 'parser': start
[15:29:17.538] [bmv2] [D] [thread 45747] [50.0] [cxt 0] Parser 'parser' entering state 'start'
[15:29:17.538] [bmv2] [D] [thread 45747] [50.0] [cxt 0] Extracting header 'ethernet'
[15:29:17.538] [bmv2] [D] [thread 45747] [50.0] [cxt 0] Parser state 'start': key is 0800
[15:29:17.538] [bmv2] [T] [thread 45747] [50.0] [cxt 0] Bytes parsed: 14
[15:29:17.538] [bmv2] [D] [thread 45747] [50.0] [cxt 0] Parser 'parser' entering state 'parse_ipv4'
[15:29:17.538] [bmv2] [D] [thread 45747] [50.0] [cxt 0] Extracting header 'ipv4'
[15:29:17.538] [bmv2] [D] [thread 45747] [50.0] [cxt 0] Parser state 'parse_ipv4': key is 06
[15:29:17.538] [bmv2] [T] [thread 45747] [50.0] [cxt 0] Bytes parsed: 34
[15:29:17.538] [bmv2] [D] [thread 45747] [50.0] [cxt 0] Parser 'parser' entering state 'parse_tcp'
[15:29:17.538] [bmv2] [D] [thread 45747] [50.0] [cxt 0] Extracting header 'tcp'
[15:29:17.538] [bmv2] [E] [thread 45747] [50.0] [cxt 0] Exception while parsing: PacketTooShort
[15:29:17.538] [bmv2] [D] [thread 45747] [50.0] [cxt 0] Parser 'parser': end
[15:29:17.538] [bmv2] [D] [thread 45747] [50.0] [cxt 0] Pipeline 'ingress': start
[15:29:17.538] [bmv2] [T] [thread 45747] [50.0] [cxt 0] link_monitor.p4(331) Condition "hdr.tcp.isValid()" (node_2) is false
[15:29:17.538] [bmv2] [T] [thread 45747] [50.0] [cxt 0] link_monitor.p4(335) Condition "hdr.ipv4.isValid()" (node_5) is true
[15:29:17.538] [bmv2] [T] [thread 45747] [50.0] [cxt 0] Applying table 'MyIngress.ipv4_lpm'
[15:29:17.538] [bmv2] [D] [thread 45747] [50.0] [cxt 0] Looking up key:
* hdr.ipv4.dstAddr    : 0a000404

[15:29:17.538] [bmv2] [D] [thread 45747] [50.0] [cxt 0] Table 'MyIngress.ipv4_lpm': hit with handle 3
[15:29:17.538] [bmv2] [D] [thread 45747] [50.0] [cxt 0] Dumping entry 3
Match key:
* hdr.ipv4.dstAddr    : LPM       0a000404/32
Action entry: MyIngress.ipv4_forward - 80000000444,2,

[15:29:17.538] [bmv2] [D] [thread 45747] [50.0] [cxt 0] Action entry is MyIngress.ipv4_forward - 80000000444,2,
[15:29:17.538] [bmv2] [T] [thread 45747] [50.0] [cxt 0] Action MyIngress.ipv4_forward
[15:29:17.538] [bmv2] [T] [thread 45747] [50.0] [cxt 0] link_monitor.p4(195) Primitive standard_metadata.egress_spec = port
[15:29:17.538] [bmv2] [T] [thread 45747] [50.0] [cxt 0] link_monitor.p4(196) Primitive hdr.ethernet.srcAddr = hdr.ethernet.dstAddr
[15:29:17.538] [bmv2] [T] [thread 45747] [50.0] [cxt 0] link_monitor.p4(197) Primitive hdr.ethernet.dstAddr = dstAddr
[15:29:17.538] [bmv2] [T] [thread 45747] [50.0] [cxt 0] link_monitor.p4(198) Primitive hdr.ipv4.ttl = hdr.ipv4.ttl - 1
[15:29:17.538] [bmv2] [D] [thread 45747] [50.0] [cxt 0] Pipeline 'ingress': end
[15:29:17.538] [bmv2] [D] [thread 45747] [50.0] [cxt 0] Egress port is 2
[15:29:17.538] [bmv2] [D] [thread 45750] [50.0] [cxt 0] Pipeline 'egress': start
[15:29:17.538] [bmv2] [T] [thread 45750] [50.0] [cxt 0] Applying table 'tbl_link_monitor377'
[15:29:17.538] [bmv2] [D] [thread 45750] [50.0] [cxt 0] Looking up key:

[15:29:17.538] [bmv2] [D] [thread 45750] [50.0] [cxt 0] Table 'tbl_link_monitor377': miss
[15:29:17.538] [bmv2] [D] [thread 45750] [50.0] [cxt 0] Action entry is link_monitor377 - 
[15:29:17.538] [bmv2] [T] [thread 45750] [50.0] [cxt 0] Action link_monitor377
[15:29:17.538] [bmv2] [T] [thread 45750] [50.0] [cxt 0] link_monitor.p4(377) Primitive (bit<32>)standard_metadata.egress_port
[15:29:17.538] [bmv2] [T] [thread 45750] [50.0] [cxt 0] link_monitor.p4(377) Primitive byte_cnt_reg.read(byte_cnt, (bit<32>)standard_metadata.egress_port)
[15:29:17.538] [bmv2] [T] [thread 45750] [50.0] [cxt 0] Read register 'MyEgress.byte_cnt_reg' at index 2 read value 222
[15:29:17.538] [bmv2] [T] [thread 45750] [50.0] [cxt 0] link_monitor.p4(378) Primitive byte_cnt = byte_cnt + standard_metadata.packet_length
[15:29:17.538] [bmv2] [T] [thread 45750] [50.0] [cxt 0] link_monitor.p4(380) Condition "hdr.probe.isValid()" (node_12) is false
[15:29:17.538] [bmv2] [T] [thread 45750] [50.0] [cxt 0] Applying table 'tbl_link_monitor380_0'
[15:29:17.538] [bmv2] [D] [thread 45750] [50.0] [cxt 0] Looking up key:

[15:29:17.538] [bmv2] [D] [thread 45750] [50.0] [cxt 0] Table 'tbl_link_monitor380_0': miss
[15:29:17.538] [bmv2] [D] [thread 45750] [50.0] [cxt 0] Action entry is link_monitor380_0 - 
[15:29:17.538] [bmv2] [T] [thread 45750] [50.0] [cxt 0] Action link_monitor380_0
[15:29:17.538] [bmv2] [T] [thread 45750] [50.0] [cxt 0] link_monitor.p4(380) Primitive (hdr.probe.isValid()) ? 0 : byte_cnt
[15:29:17.538] [bmv2] [T] [thread 45750] [50.0] [cxt 0] Applying table 'tbl_link_monitor381'
[15:29:17.538] [bmv2] [D] [thread 45750] [50.0] [cxt 0] Looking up key:

[15:29:17.538] [bmv2] [D] [thread 45750] [50.0] [cxt 0] Table 'tbl_link_monitor381': miss
[15:29:17.538] [bmv2] [D] [thread 45750] [50.0] [cxt 0] Action entry is link_monitor381 - 
[15:29:17.538] [bmv2] [T] [thread 45750] [50.0] [cxt 0] Action link_monitor381
[15:29:17.538] [bmv2] [T] [thread 45750] [50.0] [cxt 0] link_monitor.p4(381) Primitive (bit<32>)standard_metadata.egress_port
[15:29:17.538] [bmv2] [T] [thread 45750] [50.0] [cxt 0] link_monitor.p4(381) Primitive byte_cnt_reg.write((bit<32>)standard_metadata.egress_port, new_byte_cnt)
[15:29:17.538] [bmv2] [T] [thread 45750] [50.0] [cxt 0] Wrote register 'MyEgress.byte_cnt_reg' at index 2 with value 259
[15:29:17.538] [bmv2] [T] [thread 45750] [50.0] [cxt 0] link_monitor.p4(383) Condition "hdr.probe.isValid()" (node_16) is false
[15:29:17.538] [bmv2] [D] [thread 45750] [50.0] [cxt 0] Pipeline 'egress': end
[15:29:17.538] [bmv2] [D] [thread 45750] [50.0] [cxt 0] Deparser 'deparser': start
[15:29:17.538] [bmv2] [D] [thread 45750] [50.0] [cxt 0] Updating checksum 'cksum'
[15:29:17.538] [bmv2] [D] [thread 45750] [50.0] [cxt 0] Deparsing header 'ethernet'
[15:29:17.538] [bmv2] [D] [thread 45750] [50.0] [cxt 0] Deparsing header 'ipv4'
[15:29:17.538] [bmv2] [D] [thread 45750] [50.0] [cxt 0] Deparser 'deparser': end
[15:29:17.538] [bmv2] [D] [thread 45752] [50.0] [cxt 0] Transmitting packet of size 37 out of port 2
[15:29:18.421] [bmv2] [D] [thread 45747] [51.0] [cxt 0] Processing packet received on port 4
[15:29:18.421] [bmv2] [D] [thread 45747] [51.0] [cxt 0] Parser 'parser': start
[15:29:18.421] [bmv2] [D] [thread 45747] [51.0] [cxt 0] Parser 'parser' entering state 'start'
[15:29:18.421] [bmv2] [D] [thread 45747] [51.0] [cxt 0] Extracting header 'ethernet'
[15:29:18.421] [bmv2] [D] [thread 45747] [51.0] [cxt 0] Parser state 'start': key is 0800
[15:29:18.421] [bmv2] [T] [thread 45747] [51.0] [cxt 0] Bytes parsed: 14
[15:29:18.421] [bmv2] [D] [thread 45747] [51.0] [cxt 0] Parser 'parser' entering state 'parse_ipv4'
[15:29:18.421] [bmv2] [D] [thread 45747] [51.0] [cxt 0] Extracting header 'ipv4'
[15:29:18.421] [bmv2] [D] [thread 45747] [51.0] [cxt 0] Parser state 'parse_ipv4': key is 06
[15:29:18.421] [bmv2] [T] [thread 45747] [51.0] [cxt 0] Bytes parsed: 34
[15:29:18.421] [bmv2] [D] [thread 45747] [51.0] [cxt 0] Parser 'parser' entering state 'parse_tcp'
[15:29:18.421] [bmv2] [D] [thread 45747] [51.0] [cxt 0] Extracting header 'tcp'
[15:29:18.421] [bmv2] [E] [thread 45747] [51.0] [cxt 0] Exception while parsing: PacketTooShort
[15:29:18.421] [bmv2] [D] [thread 45747] [51.0] [cxt 0] Parser 'parser': end
[15:29:18.421] [bmv2] [D] [thread 45747] [51.0] [cxt 0] Pipeline 'ingress': start
[15:29:18.421] [bmv2] [T] [thread 45747] [51.0] [cxt 0] link_monitor.p4(331) Condition "hdr.tcp.isValid()" (node_2) is false
[15:29:18.421] [bmv2] [T] [thread 45747] [51.0] [cxt 0] link_monitor.p4(335) Condition "hdr.ipv4.isValid()" (node_5) is true
[15:29:18.421] [bmv2] [T] [thread 45747] [51.0] [cxt 0] Applying table 'MyIngress.ipv4_lpm'
[15:29:18.421] [bmv2] [D] [thread 45747] [51.0] [cxt 0] Looking up key:
* hdr.ipv4.dstAddr    : 0a000404

[15:29:18.421] [bmv2] [D] [thread 45747] [51.0] [cxt 0] Table 'MyIngress.ipv4_lpm': hit with handle 3
[15:29:18.421] [bmv2] [D] [thread 45747] [51.0] [cxt 0] Dumping entry 3
Match key:
* hdr.ipv4.dstAddr    : LPM       0a000404/32
Action entry: MyIngress.ipv4_forward - 80000000444,2,

[15:29:18.421] [bmv2] [D] [thread 45747] [51.0] [cxt 0] Action entry is MyIngress.ipv4_forward - 80000000444,2,
[15:29:18.421] [bmv2] [T] [thread 45747] [51.0] [cxt 0] Action MyIngress.ipv4_forward
[15:29:18.421] [bmv2] [T] [thread 45747] [51.0] [cxt 0] link_monitor.p4(195) Primitive standard_metadata.egress_spec = port
[15:29:18.421] [bmv2] [T] [thread 45747] [51.0] [cxt 0] link_monitor.p4(196) Primitive hdr.ethernet.srcAddr = hdr.ethernet.dstAddr
[15:29:18.421] [bmv2] [T] [thread 45747] [51.0] [cxt 0] link_monitor.p4(197) Primitive hdr.ethernet.dstAddr = dstAddr
[15:29:18.421] [bmv2] [T] [thread 45747] [51.0] [cxt 0] link_monitor.p4(198) Primitive hdr.ipv4.ttl = hdr.ipv4.ttl - 1
[15:29:18.421] [bmv2] [D] [thread 45747] [51.0] [cxt 0] Pipeline 'ingress': end
[15:29:18.421] [bmv2] [D] [thread 45747] [51.0] [cxt 0] Egress port is 2
[15:29:18.421] [bmv2] [D] [thread 45750] [51.0] [cxt 0] Pipeline 'egress': start
[15:29:18.421] [bmv2] [T] [thread 45750] [51.0] [cxt 0] Applying table 'tbl_link_monitor377'
[15:29:18.421] [bmv2] [D] [thread 45750] [51.0] [cxt 0] Looking up key:

[15:29:18.421] [bmv2] [D] [thread 45750] [51.0] [cxt 0] Table 'tbl_link_monitor377': miss
[15:29:18.421] [bmv2] [D] [thread 45750] [51.0] [cxt 0] Action entry is link_monitor377 - 
[15:29:18.421] [bmv2] [T] [thread 45750] [51.0] [cxt 0] Action link_monitor377
[15:29:18.421] [bmv2] [T] [thread 45750] [51.0] [cxt 0] link_monitor.p4(377) Primitive (bit<32>)standard_metadata.egress_port
[15:29:18.421] [bmv2] [T] [thread 45750] [51.0] [cxt 0] link_monitor.p4(377) Primitive byte_cnt_reg.read(byte_cnt, (bit<32>)standard_metadata.egress_port)
[15:29:18.421] [bmv2] [T] [thread 45750] [51.0] [cxt 0] Read register 'MyEgress.byte_cnt_reg' at index 2 read value 259
[15:29:18.421] [bmv2] [T] [thread 45750] [51.0] [cxt 0] link_monitor.p4(378) Primitive byte_cnt = byte_cnt + standard_metadata.packet_length
[15:29:18.421] [bmv2] [T] [thread 45750] [51.0] [cxt 0] link_monitor.p4(380) Condition "hdr.probe.isValid()" (node_12) is false
[15:29:18.421] [bmv2] [T] [thread 45750] [51.0] [cxt 0] Applying table 'tbl_link_monitor380_0'
[15:29:18.421] [bmv2] [D] [thread 45750] [51.0] [cxt 0] Looking up key:

[15:29:18.421] [bmv2] [D] [thread 45750] [51.0] [cxt 0] Table 'tbl_link_monitor380_0': miss
[15:29:18.421] [bmv2] [D] [thread 45750] [51.0] [cxt 0] Action entry is link_monitor380_0 - 
[15:29:18.421] [bmv2] [T] [thread 45750] [51.0] [cxt 0] Action link_monitor380_0
[15:29:18.421] [bmv2] [T] [thread 45750] [51.0] [cxt 0] link_monitor.p4(380) Primitive (hdr.probe.isValid()) ? 0 : byte_cnt
[15:29:18.421] [bmv2] [T] [thread 45750] [51.0] [cxt 0] Applying table 'tbl_link_monitor381'
[15:29:18.421] [bmv2] [D] [thread 45750] [51.0] [cxt 0] Looking up key:

[15:29:18.421] [bmv2] [D] [thread 45750] [51.0] [cxt 0] Table 'tbl_link_monitor381': miss
[15:29:18.421] [bmv2] [D] [thread 45750] [51.0] [cxt 0] Action entry is link_monitor381 - 
[15:29:18.421] [bmv2] [T] [thread 45750] [51.0] [cxt 0] Action link_monitor381
[15:29:18.421] [bmv2] [T] [thread 45750] [51.0] [cxt 0] link_monitor.p4(381) Primitive (bit<32>)standard_metadata.egress_port
[15:29:18.421] [bmv2] [T] [thread 45750] [51.0] [cxt 0] link_monitor.p4(381) Primitive byte_cnt_reg.write((bit<32>)standard_metadata.egress_port, new_byte_cnt)
[15:29:18.421] [bmv2] [T] [thread 45750] [51.0] [cxt 0] Wrote register 'MyEgress.byte_cnt_reg' at index 2 with value 296
[15:29:18.421] [bmv2] [T] [thread 45750] [51.0] [cxt 0] link_monitor.p4(383) Condition "hdr.probe.isValid()" (node_16) is false
[15:29:18.421] [bmv2] [D] [thread 45750] [51.0] [cxt 0] Pipeline 'egress': end
[15:29:18.421] [bmv2] [D] [thread 45750] [51.0] [cxt 0] Deparser 'deparser': start
[15:29:18.421] [bmv2] [D] [thread 45750] [51.0] [cxt 0] Updating checksum 'cksum'
[15:29:18.421] [bmv2] [D] [thread 45750] [51.0] [cxt 0] Deparsing header 'ethernet'
[15:29:18.421] [bmv2] [D] [thread 45750] [51.0] [cxt 0] Deparsing header 'ipv4'
[15:29:18.421] [bmv2] [D] [thread 45750] [51.0] [cxt 0] Deparser 'deparser': end
[15:29:18.422] [bmv2] [D] [thread 45752] [51.0] [cxt 0] Transmitting packet of size 37 out of port 2
[15:29:19.083] [bmv2] [D] [thread 45747] [52.0] [cxt 0] Processing packet received on port 4
[15:29:19.083] [bmv2] [D] [thread 45747] [52.0] [cxt 0] Parser 'parser': start
[15:29:19.083] [bmv2] [D] [thread 45747] [52.0] [cxt 0] Parser 'parser' entering state 'start'
[15:29:19.083] [bmv2] [D] [thread 45747] [52.0] [cxt 0] Extracting header 'ethernet'
[15:29:19.083] [bmv2] [D] [thread 45747] [52.0] [cxt 0] Parser state 'start': key is 0800
[15:29:19.083] [bmv2] [T] [thread 45747] [52.0] [cxt 0] Bytes parsed: 14
[15:29:19.083] [bmv2] [D] [thread 45747] [52.0] [cxt 0] Parser 'parser' entering state 'parse_ipv4'
[15:29:19.083] [bmv2] [D] [thread 45747] [52.0] [cxt 0] Extracting header 'ipv4'
[15:29:19.083] [bmv2] [D] [thread 45747] [52.0] [cxt 0] Parser state 'parse_ipv4': key is 06
[15:29:19.083] [bmv2] [T] [thread 45747] [52.0] [cxt 0] Bytes parsed: 34
[15:29:19.083] [bmv2] [D] [thread 45747] [52.0] [cxt 0] Parser 'parser' entering state 'parse_tcp'
[15:29:19.083] [bmv2] [D] [thread 45747] [52.0] [cxt 0] Extracting header 'tcp'
[15:29:19.083] [bmv2] [E] [thread 45747] [52.0] [cxt 0] Exception while parsing: PacketTooShort
[15:29:19.083] [bmv2] [D] [thread 45747] [52.0] [cxt 0] Parser 'parser': end
[15:29:19.083] [bmv2] [D] [thread 45747] [52.0] [cxt 0] Pipeline 'ingress': start
[15:29:19.083] [bmv2] [T] [thread 45747] [52.0] [cxt 0] link_monitor.p4(331) Condition "hdr.tcp.isValid()" (node_2) is false
[15:29:19.083] [bmv2] [T] [thread 45747] [52.0] [cxt 0] link_monitor.p4(335) Condition "hdr.ipv4.isValid()" (node_5) is true
[15:29:19.083] [bmv2] [T] [thread 45747] [52.0] [cxt 0] Applying table 'MyIngress.ipv4_lpm'
[15:29:19.083] [bmv2] [D] [thread 45747] [52.0] [cxt 0] Looking up key:
* hdr.ipv4.dstAddr    : 0a000404

[15:29:19.083] [bmv2] [D] [thread 45747] [52.0] [cxt 0] Table 'MyIngress.ipv4_lpm': hit with handle 3
[15:29:19.083] [bmv2] [D] [thread 45747] [52.0] [cxt 0] Dumping entry 3
Match key:
* hdr.ipv4.dstAddr    : LPM       0a000404/32
Action entry: MyIngress.ipv4_forward - 80000000444,2,

[15:29:19.083] [bmv2] [D] [thread 45747] [52.0] [cxt 0] Action entry is MyIngress.ipv4_forward - 80000000444,2,
[15:29:19.083] [bmv2] [T] [thread 45747] [52.0] [cxt 0] Action MyIngress.ipv4_forward
[15:29:19.083] [bmv2] [T] [thread 45747] [52.0] [cxt 0] link_monitor.p4(195) Primitive standard_metadata.egress_spec = port
[15:29:19.083] [bmv2] [T] [thread 45747] [52.0] [cxt 0] link_monitor.p4(196) Primitive hdr.ethernet.srcAddr = hdr.ethernet.dstAddr
[15:29:19.083] [bmv2] [T] [thread 45747] [52.0] [cxt 0] link_monitor.p4(197) Primitive hdr.ethernet.dstAddr = dstAddr
[15:29:19.083] [bmv2] [T] [thread 45747] [52.0] [cxt 0] link_monitor.p4(198) Primitive hdr.ipv4.ttl = hdr.ipv4.ttl - 1
[15:29:19.083] [bmv2] [D] [thread 45747] [52.0] [cxt 0] Pipeline 'ingress': end
[15:29:19.083] [bmv2] [D] [thread 45747] [52.0] [cxt 0] Egress port is 2
[15:29:19.083] [bmv2] [D] [thread 45750] [52.0] [cxt 0] Pipeline 'egress': start
[15:29:19.083] [bmv2] [T] [thread 45750] [52.0] [cxt 0] Applying table 'tbl_link_monitor377'
[15:29:19.083] [bmv2] [D] [thread 45750] [52.0] [cxt 0] Looking up key:

[15:29:19.083] [bmv2] [D] [thread 45750] [52.0] [cxt 0] Table 'tbl_link_monitor377': miss
[15:29:19.083] [bmv2] [D] [thread 45750] [52.0] [cxt 0] Action entry is link_monitor377 - 
[15:29:19.083] [bmv2] [T] [thread 45750] [52.0] [cxt 0] Action link_monitor377
[15:29:19.083] [bmv2] [T] [thread 45750] [52.0] [cxt 0] link_monitor.p4(377) Primitive (bit<32>)standard_metadata.egress_port
[15:29:19.083] [bmv2] [T] [thread 45750] [52.0] [cxt 0] link_monitor.p4(377) Primitive byte_cnt_reg.read(byte_cnt, (bit<32>)standard_metadata.egress_port)
[15:29:19.083] [bmv2] [T] [thread 45750] [52.0] [cxt 0] Read register 'MyEgress.byte_cnt_reg' at index 2 read value 296
[15:29:19.083] [bmv2] [T] [thread 45750] [52.0] [cxt 0] link_monitor.p4(378) Primitive byte_cnt = byte_cnt + standard_metadata.packet_length
[15:29:19.083] [bmv2] [T] [thread 45750] [52.0] [cxt 0] link_monitor.p4(380) Condition "hdr.probe.isValid()" (node_12) is false
[15:29:19.083] [bmv2] [T] [thread 45750] [52.0] [cxt 0] Applying table 'tbl_link_monitor380_0'
[15:29:19.083] [bmv2] [D] [thread 45750] [52.0] [cxt 0] Looking up key:

[15:29:19.083] [bmv2] [D] [thread 45750] [52.0] [cxt 0] Table 'tbl_link_monitor380_0': miss
[15:29:19.083] [bmv2] [D] [thread 45750] [52.0] [cxt 0] Action entry is link_monitor380_0 - 
[15:29:19.083] [bmv2] [T] [thread 45750] [52.0] [cxt 0] Action link_monitor380_0
[15:29:19.083] [bmv2] [T] [thread 45750] [52.0] [cxt 0] link_monitor.p4(380) Primitive (hdr.probe.isValid()) ? 0 : byte_cnt
[15:29:19.083] [bmv2] [T] [thread 45750] [52.0] [cxt 0] Applying table 'tbl_link_monitor381'
[15:29:19.083] [bmv2] [D] [thread 45750] [52.0] [cxt 0] Looking up key:

[15:29:19.083] [bmv2] [D] [thread 45750] [52.0] [cxt 0] Table 'tbl_link_monitor381': miss
[15:29:19.083] [bmv2] [D] [thread 45750] [52.0] [cxt 0] Action entry is link_monitor381 - 
[15:29:19.083] [bmv2] [T] [thread 45750] [52.0] [cxt 0] Action link_monitor381
[15:29:19.083] [bmv2] [T] [thread 45750] [52.0] [cxt 0] link_monitor.p4(381) Primitive (bit<32>)standard_metadata.egress_port
[15:29:19.083] [bmv2] [T] [thread 45750] [52.0] [cxt 0] link_monitor.p4(381) Primitive byte_cnt_reg.write((bit<32>)standard_metadata.egress_port, new_byte_cnt)
[15:29:19.083] [bmv2] [T] [thread 45750] [52.0] [cxt 0] Wrote register 'MyEgress.byte_cnt_reg' at index 2 with value 333
[15:29:19.083] [bmv2] [T] [thread 45750] [52.0] [cxt 0] link_monitor.p4(383) Condition "hdr.probe.isValid()" (node_16) is false
[15:29:19.083] [bmv2] [D] [thread 45750] [52.0] [cxt 0] Pipeline 'egress': end
[15:29:19.083] [bmv2] [D] [thread 45750] [52.0] [cxt 0] Deparser 'deparser': start
[15:29:19.083] [bmv2] [D] [thread 45750] [52.0] [cxt 0] Updating checksum 'cksum'
[15:29:19.083] [bmv2] [D] [thread 45750] [52.0] [cxt 0] Deparsing header 'ethernet'
[15:29:19.083] [bmv2] [D] [thread 45750] [52.0] [cxt 0] Deparsing header 'ipv4'
[15:29:19.083] [bmv2] [D] [thread 45750] [52.0] [cxt 0] Deparser 'deparser': end
[15:29:19.084] [bmv2] [D] [thread 45752] [52.0] [cxt 0] Transmitting packet of size 37 out of port 2
[15:29:19.756] [bmv2] [D] [thread 45747] [53.0] [cxt 0] Processing packet received on port 4
[15:29:19.756] [bmv2] [D] [thread 45747] [53.0] [cxt 0] Parser 'parser': start
[15:29:19.756] [bmv2] [D] [thread 45747] [53.0] [cxt 0] Parser 'parser' entering state 'start'
[15:29:19.756] [bmv2] [D] [thread 45747] [53.0] [cxt 0] Extracting header 'ethernet'
[15:29:19.756] [bmv2] [D] [thread 45747] [53.0] [cxt 0] Parser state 'start': key is 0800
[15:29:19.756] [bmv2] [T] [thread 45747] [53.0] [cxt 0] Bytes parsed: 14
[15:29:19.756] [bmv2] [D] [thread 45747] [53.0] [cxt 0] Parser 'parser' entering state 'parse_ipv4'
[15:29:19.756] [bmv2] [D] [thread 45747] [53.0] [cxt 0] Extracting header 'ipv4'
[15:29:19.756] [bmv2] [D] [thread 45747] [53.0] [cxt 0] Parser state 'parse_ipv4': key is 06
[15:29:19.756] [bmv2] [T] [thread 45747] [53.0] [cxt 0] Bytes parsed: 34
[15:29:19.756] [bmv2] [D] [thread 45747] [53.0] [cxt 0] Parser 'parser' entering state 'parse_tcp'
[15:29:19.756] [bmv2] [D] [thread 45747] [53.0] [cxt 0] Extracting header 'tcp'
[15:29:19.756] [bmv2] [E] [thread 45747] [53.0] [cxt 0] Exception while parsing: PacketTooShort
[15:29:19.756] [bmv2] [D] [thread 45747] [53.0] [cxt 0] Parser 'parser': end
[15:29:19.756] [bmv2] [D] [thread 45747] [53.0] [cxt 0] Pipeline 'ingress': start
[15:29:19.756] [bmv2] [T] [thread 45747] [53.0] [cxt 0] link_monitor.p4(331) Condition "hdr.tcp.isValid()" (node_2) is false
[15:29:19.756] [bmv2] [T] [thread 45747] [53.0] [cxt 0] link_monitor.p4(335) Condition "hdr.ipv4.isValid()" (node_5) is true
[15:29:19.756] [bmv2] [T] [thread 45747] [53.0] [cxt 0] Applying table 'MyIngress.ipv4_lpm'
[15:29:19.756] [bmv2] [D] [thread 45747] [53.0] [cxt 0] Looking up key:
* hdr.ipv4.dstAddr    : 0a000404

[15:29:19.756] [bmv2] [D] [thread 45747] [53.0] [cxt 0] Table 'MyIngress.ipv4_lpm': hit with handle 3
[15:29:19.756] [bmv2] [D] [thread 45747] [53.0] [cxt 0] Dumping entry 3
Match key:
* hdr.ipv4.dstAddr    : LPM       0a000404/32
Action entry: MyIngress.ipv4_forward - 80000000444,2,

[15:29:19.756] [bmv2] [D] [thread 45747] [53.0] [cxt 0] Action entry is MyIngress.ipv4_forward - 80000000444,2,
[15:29:19.756] [bmv2] [T] [thread 45747] [53.0] [cxt 0] Action MyIngress.ipv4_forward
[15:29:19.756] [bmv2] [T] [thread 45747] [53.0] [cxt 0] link_monitor.p4(195) Primitive standard_metadata.egress_spec = port
[15:29:19.756] [bmv2] [T] [thread 45747] [53.0] [cxt 0] link_monitor.p4(196) Primitive hdr.ethernet.srcAddr = hdr.ethernet.dstAddr
[15:29:19.756] [bmv2] [T] [thread 45747] [53.0] [cxt 0] link_monitor.p4(197) Primitive hdr.ethernet.dstAddr = dstAddr
[15:29:19.756] [bmv2] [T] [thread 45747] [53.0] [cxt 0] link_monitor.p4(198) Primitive hdr.ipv4.ttl = hdr.ipv4.ttl - 1
[15:29:19.756] [bmv2] [D] [thread 45747] [53.0] [cxt 0] Pipeline 'ingress': end
[15:29:19.756] [bmv2] [D] [thread 45747] [53.0] [cxt 0] Egress port is 2
[15:29:19.756] [bmv2] [D] [thread 45750] [53.0] [cxt 0] Pipeline 'egress': start
[15:29:19.756] [bmv2] [T] [thread 45750] [53.0] [cxt 0] Applying table 'tbl_link_monitor377'
[15:29:19.756] [bmv2] [D] [thread 45750] [53.0] [cxt 0] Looking up key:

[15:29:19.756] [bmv2] [D] [thread 45750] [53.0] [cxt 0] Table 'tbl_link_monitor377': miss
[15:29:19.756] [bmv2] [D] [thread 45750] [53.0] [cxt 0] Action entry is link_monitor377 - 
[15:29:19.756] [bmv2] [T] [thread 45750] [53.0] [cxt 0] Action link_monitor377
[15:29:19.756] [bmv2] [T] [thread 45750] [53.0] [cxt 0] link_monitor.p4(377) Primitive (bit<32>)standard_metadata.egress_port
[15:29:19.756] [bmv2] [T] [thread 45750] [53.0] [cxt 0] link_monitor.p4(377) Primitive byte_cnt_reg.read(byte_cnt, (bit<32>)standard_metadata.egress_port)
[15:29:19.756] [bmv2] [T] [thread 45750] [53.0] [cxt 0] Read register 'MyEgress.byte_cnt_reg' at index 2 read value 333
[15:29:19.756] [bmv2] [T] [thread 45750] [53.0] [cxt 0] link_monitor.p4(378) Primitive byte_cnt = byte_cnt + standard_metadata.packet_length
[15:29:19.756] [bmv2] [T] [thread 45750] [53.0] [cxt 0] link_monitor.p4(380) Condition "hdr.probe.isValid()" (node_12) is false
[15:29:19.756] [bmv2] [T] [thread 45750] [53.0] [cxt 0] Applying table 'tbl_link_monitor380_0'
[15:29:19.756] [bmv2] [D] [thread 45750] [53.0] [cxt 0] Looking up key:

[15:29:19.756] [bmv2] [D] [thread 45750] [53.0] [cxt 0] Table 'tbl_link_monitor380_0': miss
[15:29:19.756] [bmv2] [D] [thread 45750] [53.0] [cxt 0] Action entry is link_monitor380_0 - 
[15:29:19.756] [bmv2] [T] [thread 45750] [53.0] [cxt 0] Action link_monitor380_0
[15:29:19.756] [bmv2] [T] [thread 45750] [53.0] [cxt 0] link_monitor.p4(380) Primitive (hdr.probe.isValid()) ? 0 : byte_cnt
[15:29:19.756] [bmv2] [T] [thread 45750] [53.0] [cxt 0] Applying table 'tbl_link_monitor381'
[15:29:19.756] [bmv2] [D] [thread 45750] [53.0] [cxt 0] Looking up key:

[15:29:19.756] [bmv2] [D] [thread 45750] [53.0] [cxt 0] Table 'tbl_link_monitor381': miss
[15:29:19.756] [bmv2] [D] [thread 45750] [53.0] [cxt 0] Action entry is link_monitor381 - 
[15:29:19.756] [bmv2] [T] [thread 45750] [53.0] [cxt 0] Action link_monitor381
[15:29:19.756] [bmv2] [T] [thread 45750] [53.0] [cxt 0] link_monitor.p4(381) Primitive (bit<32>)standard_metadata.egress_port
[15:29:19.756] [bmv2] [T] [thread 45750] [53.0] [cxt 0] link_monitor.p4(381) Primitive byte_cnt_reg.write((bit<32>)standard_metadata.egress_port, new_byte_cnt)
[15:29:19.756] [bmv2] [T] [thread 45750] [53.0] [cxt 0] Wrote register 'MyEgress.byte_cnt_reg' at index 2 with value 370
[15:29:19.756] [bmv2] [T] [thread 45750] [53.0] [cxt 0] link_monitor.p4(383) Condition "hdr.probe.isValid()" (node_16) is false
[15:29:19.756] [bmv2] [D] [thread 45750] [53.0] [cxt 0] Pipeline 'egress': end
[15:29:19.756] [bmv2] [D] [thread 45750] [53.0] [cxt 0] Deparser 'deparser': start
[15:29:19.756] [bmv2] [D] [thread 45750] [53.0] [cxt 0] Updating checksum 'cksum'
[15:29:19.756] [bmv2] [D] [thread 45750] [53.0] [cxt 0] Deparsing header 'ethernet'
[15:29:19.756] [bmv2] [D] [thread 45750] [53.0] [cxt 0] Deparsing header 'ipv4'
[15:29:19.756] [bmv2] [D] [thread 45750] [53.0] [cxt 0] Deparser 'deparser': end
[15:29:19.756] [bmv2] [D] [thread 45752] [53.0] [cxt 0] Transmitting packet of size 37 out of port 2
[15:29:20.484] [bmv2] [D] [thread 45747] [54.0] [cxt 0] Processing packet received on port 4
[15:29:20.484] [bmv2] [D] [thread 45747] [54.0] [cxt 0] Parser 'parser': start
[15:29:20.484] [bmv2] [D] [thread 45747] [54.0] [cxt 0] Parser 'parser' entering state 'start'
[15:29:20.484] [bmv2] [D] [thread 45747] [54.0] [cxt 0] Extracting header 'ethernet'
[15:29:20.484] [bmv2] [D] [thread 45747] [54.0] [cxt 0] Parser state 'start': key is 0800
[15:29:20.484] [bmv2] [T] [thread 45747] [54.0] [cxt 0] Bytes parsed: 14
[15:29:20.484] [bmv2] [D] [thread 45747] [54.0] [cxt 0] Parser 'parser' entering state 'parse_ipv4'
[15:29:20.484] [bmv2] [D] [thread 45747] [54.0] [cxt 0] Extracting header 'ipv4'
[15:29:20.484] [bmv2] [D] [thread 45747] [54.0] [cxt 0] Parser state 'parse_ipv4': key is 06
[15:29:20.484] [bmv2] [T] [thread 45747] [54.0] [cxt 0] Bytes parsed: 34
[15:29:20.484] [bmv2] [D] [thread 45747] [54.0] [cxt 0] Parser 'parser' entering state 'parse_tcp'
[15:29:20.484] [bmv2] [D] [thread 45747] [54.0] [cxt 0] Extracting header 'tcp'
[15:29:20.485] [bmv2] [E] [thread 45747] [54.0] [cxt 0] Exception while parsing: PacketTooShort
[15:29:20.485] [bmv2] [D] [thread 45747] [54.0] [cxt 0] Parser 'parser': end
[15:29:20.485] [bmv2] [D] [thread 45747] [54.0] [cxt 0] Pipeline 'ingress': start
[15:29:20.485] [bmv2] [T] [thread 45747] [54.0] [cxt 0] link_monitor.p4(331) Condition "hdr.tcp.isValid()" (node_2) is false
[15:29:20.485] [bmv2] [T] [thread 45747] [54.0] [cxt 0] link_monitor.p4(335) Condition "hdr.ipv4.isValid()" (node_5) is true
[15:29:20.485] [bmv2] [T] [thread 45747] [54.0] [cxt 0] Applying table 'MyIngress.ipv4_lpm'
[15:29:20.485] [bmv2] [D] [thread 45747] [54.0] [cxt 0] Looking up key:
* hdr.ipv4.dstAddr    : 0a000404

[15:29:20.485] [bmv2] [D] [thread 45747] [54.0] [cxt 0] Table 'MyIngress.ipv4_lpm': hit with handle 3
[15:29:20.485] [bmv2] [D] [thread 45747] [54.0] [cxt 0] Dumping entry 3
Match key:
* hdr.ipv4.dstAddr    : LPM       0a000404/32
Action entry: MyIngress.ipv4_forward - 80000000444,2,

[15:29:20.485] [bmv2] [D] [thread 45747] [54.0] [cxt 0] Action entry is MyIngress.ipv4_forward - 80000000444,2,
[15:29:20.485] [bmv2] [T] [thread 45747] [54.0] [cxt 0] Action MyIngress.ipv4_forward
[15:29:20.485] [bmv2] [T] [thread 45747] [54.0] [cxt 0] link_monitor.p4(195) Primitive standard_metadata.egress_spec = port
[15:29:20.485] [bmv2] [T] [thread 45747] [54.0] [cxt 0] link_monitor.p4(196) Primitive hdr.ethernet.srcAddr = hdr.ethernet.dstAddr
[15:29:20.485] [bmv2] [T] [thread 45747] [54.0] [cxt 0] link_monitor.p4(197) Primitive hdr.ethernet.dstAddr = dstAddr
[15:29:20.485] [bmv2] [T] [thread 45747] [54.0] [cxt 0] link_monitor.p4(198) Primitive hdr.ipv4.ttl = hdr.ipv4.ttl - 1
[15:29:20.485] [bmv2] [D] [thread 45747] [54.0] [cxt 0] Pipeline 'ingress': end
[15:29:20.485] [bmv2] [D] [thread 45747] [54.0] [cxt 0] Egress port is 2
[15:29:20.485] [bmv2] [D] [thread 45750] [54.0] [cxt 0] Pipeline 'egress': start
[15:29:20.485] [bmv2] [T] [thread 45750] [54.0] [cxt 0] Applying table 'tbl_link_monitor377'
[15:29:20.485] [bmv2] [D] [thread 45750] [54.0] [cxt 0] Looking up key:

[15:29:20.485] [bmv2] [D] [thread 45750] [54.0] [cxt 0] Table 'tbl_link_monitor377': miss
[15:29:20.485] [bmv2] [D] [thread 45750] [54.0] [cxt 0] Action entry is link_monitor377 - 
[15:29:20.485] [bmv2] [T] [thread 45750] [54.0] [cxt 0] Action link_monitor377
[15:29:20.485] [bmv2] [T] [thread 45750] [54.0] [cxt 0] link_monitor.p4(377) Primitive (bit<32>)standard_metadata.egress_port
[15:29:20.485] [bmv2] [T] [thread 45750] [54.0] [cxt 0] link_monitor.p4(377) Primitive byte_cnt_reg.read(byte_cnt, (bit<32>)standard_metadata.egress_port)
[15:29:20.485] [bmv2] [T] [thread 45750] [54.0] [cxt 0] Read register 'MyEgress.byte_cnt_reg' at index 2 read value 370
[15:29:20.485] [bmv2] [T] [thread 45750] [54.0] [cxt 0] link_monitor.p4(378) Primitive byte_cnt = byte_cnt + standard_metadata.packet_length
[15:29:20.485] [bmv2] [T] [thread 45750] [54.0] [cxt 0] link_monitor.p4(380) Condition "hdr.probe.isValid()" (node_12) is false
[15:29:20.485] [bmv2] [T] [thread 45750] [54.0] [cxt 0] Applying table 'tbl_link_monitor380_0'
[15:29:20.485] [bmv2] [D] [thread 45750] [54.0] [cxt 0] Looking up key:

[15:29:20.485] [bmv2] [D] [thread 45750] [54.0] [cxt 0] Table 'tbl_link_monitor380_0': miss
[15:29:20.485] [bmv2] [D] [thread 45750] [54.0] [cxt 0] Action entry is link_monitor380_0 - 
[15:29:20.485] [bmv2] [T] [thread 45750] [54.0] [cxt 0] Action link_monitor380_0
[15:29:20.485] [bmv2] [T] [thread 45750] [54.0] [cxt 0] link_monitor.p4(380) Primitive (hdr.probe.isValid()) ? 0 : byte_cnt
[15:29:20.485] [bmv2] [T] [thread 45750] [54.0] [cxt 0] Applying table 'tbl_link_monitor381'
[15:29:20.485] [bmv2] [D] [thread 45750] [54.0] [cxt 0] Looking up key:

[15:29:20.485] [bmv2] [D] [thread 45750] [54.0] [cxt 0] Table 'tbl_link_monitor381': miss
[15:29:20.485] [bmv2] [D] [thread 45750] [54.0] [cxt 0] Action entry is link_monitor381 - 
[15:29:20.485] [bmv2] [T] [thread 45750] [54.0] [cxt 0] Action link_monitor381
[15:29:20.485] [bmv2] [T] [thread 45750] [54.0] [cxt 0] link_monitor.p4(381) Primitive (bit<32>)standard_metadata.egress_port
[15:29:20.485] [bmv2] [T] [thread 45750] [54.0] [cxt 0] link_monitor.p4(381) Primitive byte_cnt_reg.write((bit<32>)standard_metadata.egress_port, new_byte_cnt)
[15:29:20.485] [bmv2] [T] [thread 45750] [54.0] [cxt 0] Wrote register 'MyEgress.byte_cnt_reg' at index 2 with value 407
[15:29:20.485] [bmv2] [T] [thread 45750] [54.0] [cxt 0] link_monitor.p4(383) Condition "hdr.probe.isValid()" (node_16) is false
[15:29:20.485] [bmv2] [D] [thread 45750] [54.0] [cxt 0] Pipeline 'egress': end
[15:29:20.485] [bmv2] [D] [thread 45750] [54.0] [cxt 0] Deparser 'deparser': start
[15:29:20.485] [bmv2] [D] [thread 45750] [54.0] [cxt 0] Updating checksum 'cksum'
[15:29:20.485] [bmv2] [D] [thread 45750] [54.0] [cxt 0] Deparsing header 'ethernet'
[15:29:20.485] [bmv2] [D] [thread 45750] [54.0] [cxt 0] Deparsing header 'ipv4'
[15:29:20.485] [bmv2] [D] [thread 45750] [54.0] [cxt 0] Deparser 'deparser': end
[15:29:20.485] [bmv2] [D] [thread 45752] [54.0] [cxt 0] Transmitting packet of size 37 out of port 2
[15:29:21.338] [bmv2] [D] [thread 45747] [55.0] [cxt 0] Processing packet received on port 4
[15:29:21.338] [bmv2] [D] [thread 45747] [55.0] [cxt 0] Parser 'parser': start
[15:29:21.338] [bmv2] [D] [thread 45747] [55.0] [cxt 0] Parser 'parser' entering state 'start'
[15:29:21.338] [bmv2] [D] [thread 45747] [55.0] [cxt 0] Extracting header 'ethernet'
[15:29:21.338] [bmv2] [D] [thread 45747] [55.0] [cxt 0] Parser state 'start': key is 0800
[15:29:21.338] [bmv2] [T] [thread 45747] [55.0] [cxt 0] Bytes parsed: 14
[15:29:21.338] [bmv2] [D] [thread 45747] [55.0] [cxt 0] Parser 'parser' entering state 'parse_ipv4'
[15:29:21.338] [bmv2] [D] [thread 45747] [55.0] [cxt 0] Extracting header 'ipv4'
[15:29:21.338] [bmv2] [D] [thread 45747] [55.0] [cxt 0] Parser state 'parse_ipv4': key is 06
[15:29:21.338] [bmv2] [T] [thread 45747] [55.0] [cxt 0] Bytes parsed: 34
[15:29:21.338] [bmv2] [D] [thread 45747] [55.0] [cxt 0] Parser 'parser' entering state 'parse_tcp'
[15:29:21.338] [bmv2] [D] [thread 45747] [55.0] [cxt 0] Extracting header 'tcp'
[15:29:21.338] [bmv2] [E] [thread 45747] [55.0] [cxt 0] Exception while parsing: PacketTooShort
[15:29:21.338] [bmv2] [D] [thread 45747] [55.0] [cxt 0] Parser 'parser': end
[15:29:21.338] [bmv2] [D] [thread 45747] [55.0] [cxt 0] Pipeline 'ingress': start
[15:29:21.338] [bmv2] [T] [thread 45747] [55.0] [cxt 0] link_monitor.p4(331) Condition "hdr.tcp.isValid()" (node_2) is false
[15:29:21.338] [bmv2] [T] [thread 45747] [55.0] [cxt 0] link_monitor.p4(335) Condition "hdr.ipv4.isValid()" (node_5) is true
[15:29:21.338] [bmv2] [T] [thread 45747] [55.0] [cxt 0] Applying table 'MyIngress.ipv4_lpm'
[15:29:21.338] [bmv2] [D] [thread 45747] [55.0] [cxt 0] Looking up key:
* hdr.ipv4.dstAddr    : 0a000404

[15:29:21.338] [bmv2] [D] [thread 45747] [55.0] [cxt 0] Table 'MyIngress.ipv4_lpm': hit with handle 3
[15:29:21.338] [bmv2] [D] [thread 45747] [55.0] [cxt 0] Dumping entry 3
Match key:
* hdr.ipv4.dstAddr    : LPM       0a000404/32
Action entry: MyIngress.ipv4_forward - 80000000444,2,

[15:29:21.338] [bmv2] [D] [thread 45747] [55.0] [cxt 0] Action entry is MyIngress.ipv4_forward - 80000000444,2,
[15:29:21.338] [bmv2] [T] [thread 45747] [55.0] [cxt 0] Action MyIngress.ipv4_forward
[15:29:21.338] [bmv2] [T] [thread 45747] [55.0] [cxt 0] link_monitor.p4(195) Primitive standard_metadata.egress_spec = port
[15:29:21.338] [bmv2] [T] [thread 45747] [55.0] [cxt 0] link_monitor.p4(196) Primitive hdr.ethernet.srcAddr = hdr.ethernet.dstAddr
[15:29:21.338] [bmv2] [T] [thread 45747] [55.0] [cxt 0] link_monitor.p4(197) Primitive hdr.ethernet.dstAddr = dstAddr
[15:29:21.338] [bmv2] [T] [thread 45747] [55.0] [cxt 0] link_monitor.p4(198) Primitive hdr.ipv4.ttl = hdr.ipv4.ttl - 1
[15:29:21.338] [bmv2] [D] [thread 45747] [55.0] [cxt 0] Pipeline 'ingress': end
[15:29:21.338] [bmv2] [D] [thread 45747] [55.0] [cxt 0] Egress port is 2
[15:29:21.338] [bmv2] [D] [thread 45750] [55.0] [cxt 0] Pipeline 'egress': start
[15:29:21.338] [bmv2] [T] [thread 45750] [55.0] [cxt 0] Applying table 'tbl_link_monitor377'
[15:29:21.338] [bmv2] [D] [thread 45750] [55.0] [cxt 0] Looking up key:

[15:29:21.338] [bmv2] [D] [thread 45750] [55.0] [cxt 0] Table 'tbl_link_monitor377': miss
[15:29:21.338] [bmv2] [D] [thread 45750] [55.0] [cxt 0] Action entry is link_monitor377 - 
[15:29:21.338] [bmv2] [T] [thread 45750] [55.0] [cxt 0] Action link_monitor377
[15:29:21.338] [bmv2] [T] [thread 45750] [55.0] [cxt 0] link_monitor.p4(377) Primitive (bit<32>)standard_metadata.egress_port
[15:29:21.338] [bmv2] [T] [thread 45750] [55.0] [cxt 0] link_monitor.p4(377) Primitive byte_cnt_reg.read(byte_cnt, (bit<32>)standard_metadata.egress_port)
[15:29:21.338] [bmv2] [T] [thread 45750] [55.0] [cxt 0] Read register 'MyEgress.byte_cnt_reg' at index 2 read value 407
[15:29:21.338] [bmv2] [T] [thread 45750] [55.0] [cxt 0] link_monitor.p4(378) Primitive byte_cnt = byte_cnt + standard_metadata.packet_length
[15:29:21.338] [bmv2] [T] [thread 45750] [55.0] [cxt 0] link_monitor.p4(380) Condition "hdr.probe.isValid()" (node_12) is false
[15:29:21.338] [bmv2] [T] [thread 45750] [55.0] [cxt 0] Applying table 'tbl_link_monitor380_0'
[15:29:21.338] [bmv2] [D] [thread 45750] [55.0] [cxt 0] Looking up key:

[15:29:21.338] [bmv2] [D] [thread 45750] [55.0] [cxt 0] Table 'tbl_link_monitor380_0': miss
[15:29:21.338] [bmv2] [D] [thread 45750] [55.0] [cxt 0] Action entry is link_monitor380_0 - 
[15:29:21.338] [bmv2] [T] [thread 45750] [55.0] [cxt 0] Action link_monitor380_0
[15:29:21.338] [bmv2] [T] [thread 45750] [55.0] [cxt 0] link_monitor.p4(380) Primitive (hdr.probe.isValid()) ? 0 : byte_cnt
[15:29:21.338] [bmv2] [T] [thread 45750] [55.0] [cxt 0] Applying table 'tbl_link_monitor381'
[15:29:21.338] [bmv2] [D] [thread 45750] [55.0] [cxt 0] Looking up key:

[15:29:21.338] [bmv2] [D] [thread 45750] [55.0] [cxt 0] Table 'tbl_link_monitor381': miss
[15:29:21.338] [bmv2] [D] [thread 45750] [55.0] [cxt 0] Action entry is link_monitor381 - 
[15:29:21.338] [bmv2] [T] [thread 45750] [55.0] [cxt 0] Action link_monitor381
[15:29:21.338] [bmv2] [T] [thread 45750] [55.0] [cxt 0] link_monitor.p4(381) Primitive (bit<32>)standard_metadata.egress_port
[15:29:21.338] [bmv2] [T] [thread 45750] [55.0] [cxt 0] link_monitor.p4(381) Primitive byte_cnt_reg.write((bit<32>)standard_metadata.egress_port, new_byte_cnt)
[15:29:21.338] [bmv2] [T] [thread 45750] [55.0] [cxt 0] Wrote register 'MyEgress.byte_cnt_reg' at index 2 with value 444
[15:29:21.339] [bmv2] [T] [thread 45750] [55.0] [cxt 0] link_monitor.p4(383) Condition "hdr.probe.isValid()" (node_16) is false
[15:29:21.339] [bmv2] [D] [thread 45750] [55.0] [cxt 0] Pipeline 'egress': end
[15:29:21.339] [bmv2] [D] [thread 45750] [55.0] [cxt 0] Deparser 'deparser': start
[15:29:21.339] [bmv2] [D] [thread 45750] [55.0] [cxt 0] Updating checksum 'cksum'
[15:29:21.339] [bmv2] [D] [thread 45750] [55.0] [cxt 0] Deparsing header 'ethernet'
[15:29:21.339] [bmv2] [D] [thread 45750] [55.0] [cxt 0] Deparsing header 'ipv4'
[15:29:21.339] [bmv2] [D] [thread 45750] [55.0] [cxt 0] Deparser 'deparser': end
[15:29:21.339] [bmv2] [D] [thread 45752] [55.0] [cxt 0] Transmitting packet of size 37 out of port 2
[15:29:21.963] [bmv2] [D] [thread 45747] [56.0] [cxt 0] Processing packet received on port 4
[15:29:21.963] [bmv2] [D] [thread 45747] [56.0] [cxt 0] Parser 'parser': start
[15:29:21.963] [bmv2] [D] [thread 45747] [56.0] [cxt 0] Parser 'parser' entering state 'start'
[15:29:21.963] [bmv2] [D] [thread 45747] [56.0] [cxt 0] Extracting header 'ethernet'
[15:29:21.963] [bmv2] [D] [thread 45747] [56.0] [cxt 0] Parser state 'start': key is 0800
[15:29:21.963] [bmv2] [T] [thread 45747] [56.0] [cxt 0] Bytes parsed: 14
[15:29:21.963] [bmv2] [D] [thread 45747] [56.0] [cxt 0] Parser 'parser' entering state 'parse_ipv4'
[15:29:21.963] [bmv2] [D] [thread 45747] [56.0] [cxt 0] Extracting header 'ipv4'
[15:29:21.963] [bmv2] [D] [thread 45747] [56.0] [cxt 0] Parser state 'parse_ipv4': key is 06
[15:29:21.963] [bmv2] [T] [thread 45747] [56.0] [cxt 0] Bytes parsed: 34
[15:29:21.963] [bmv2] [D] [thread 45747] [56.0] [cxt 0] Parser 'parser' entering state 'parse_tcp'
[15:29:21.963] [bmv2] [D] [thread 45747] [56.0] [cxt 0] Extracting header 'tcp'
[15:29:21.963] [bmv2] [E] [thread 45747] [56.0] [cxt 0] Exception while parsing: PacketTooShort
[15:29:21.963] [bmv2] [D] [thread 45747] [56.0] [cxt 0] Parser 'parser': end
[15:29:21.963] [bmv2] [D] [thread 45747] [56.0] [cxt 0] Pipeline 'ingress': start
[15:29:21.963] [bmv2] [T] [thread 45747] [56.0] [cxt 0] link_monitor.p4(331) Condition "hdr.tcp.isValid()" (node_2) is false
[15:29:21.963] [bmv2] [T] [thread 45747] [56.0] [cxt 0] link_monitor.p4(335) Condition "hdr.ipv4.isValid()" (node_5) is true
[15:29:21.963] [bmv2] [T] [thread 45747] [56.0] [cxt 0] Applying table 'MyIngress.ipv4_lpm'
[15:29:21.963] [bmv2] [D] [thread 45747] [56.0] [cxt 0] Looking up key:
* hdr.ipv4.dstAddr    : 0a000404

[15:29:21.963] [bmv2] [D] [thread 45747] [56.0] [cxt 0] Table 'MyIngress.ipv4_lpm': hit with handle 3
[15:29:21.963] [bmv2] [D] [thread 45747] [56.0] [cxt 0] Dumping entry 3
Match key:
* hdr.ipv4.dstAddr    : LPM       0a000404/32
Action entry: MyIngress.ipv4_forward - 80000000444,2,

[15:29:21.963] [bmv2] [D] [thread 45747] [56.0] [cxt 0] Action entry is MyIngress.ipv4_forward - 80000000444,2,
[15:29:21.963] [bmv2] [T] [thread 45747] [56.0] [cxt 0] Action MyIngress.ipv4_forward
[15:29:21.963] [bmv2] [T] [thread 45747] [56.0] [cxt 0] link_monitor.p4(195) Primitive standard_metadata.egress_spec = port
[15:29:21.963] [bmv2] [T] [thread 45747] [56.0] [cxt 0] link_monitor.p4(196) Primitive hdr.ethernet.srcAddr = hdr.ethernet.dstAddr
[15:29:21.963] [bmv2] [T] [thread 45747] [56.0] [cxt 0] link_monitor.p4(197) Primitive hdr.ethernet.dstAddr = dstAddr
[15:29:21.963] [bmv2] [T] [thread 45747] [56.0] [cxt 0] link_monitor.p4(198) Primitive hdr.ipv4.ttl = hdr.ipv4.ttl - 1
[15:29:21.963] [bmv2] [D] [thread 45747] [56.0] [cxt 0] Pipeline 'ingress': end
[15:29:21.963] [bmv2] [D] [thread 45747] [56.0] [cxt 0] Egress port is 2
[15:29:21.963] [bmv2] [D] [thread 45750] [56.0] [cxt 0] Pipeline 'egress': start
[15:29:21.963] [bmv2] [T] [thread 45750] [56.0] [cxt 0] Applying table 'tbl_link_monitor377'
[15:29:21.964] [bmv2] [D] [thread 45750] [56.0] [cxt 0] Looking up key:

[15:29:21.964] [bmv2] [D] [thread 45750] [56.0] [cxt 0] Table 'tbl_link_monitor377': miss
[15:29:21.964] [bmv2] [D] [thread 45750] [56.0] [cxt 0] Action entry is link_monitor377 - 
[15:29:21.964] [bmv2] [T] [thread 45750] [56.0] [cxt 0] Action link_monitor377
[15:29:21.964] [bmv2] [T] [thread 45750] [56.0] [cxt 0] link_monitor.p4(377) Primitive (bit<32>)standard_metadata.egress_port
[15:29:21.964] [bmv2] [T] [thread 45750] [56.0] [cxt 0] link_monitor.p4(377) Primitive byte_cnt_reg.read(byte_cnt, (bit<32>)standard_metadata.egress_port)
[15:29:21.964] [bmv2] [T] [thread 45750] [56.0] [cxt 0] Read register 'MyEgress.byte_cnt_reg' at index 2 read value 444
[15:29:21.964] [bmv2] [T] [thread 45750] [56.0] [cxt 0] link_monitor.p4(378) Primitive byte_cnt = byte_cnt + standard_metadata.packet_length
[15:29:21.964] [bmv2] [T] [thread 45750] [56.0] [cxt 0] link_monitor.p4(380) Condition "hdr.probe.isValid()" (node_12) is false
[15:29:21.964] [bmv2] [T] [thread 45750] [56.0] [cxt 0] Applying table 'tbl_link_monitor380_0'
[15:29:21.964] [bmv2] [D] [thread 45750] [56.0] [cxt 0] Looking up key:

[15:29:21.964] [bmv2] [D] [thread 45750] [56.0] [cxt 0] Table 'tbl_link_monitor380_0': miss
[15:29:21.964] [bmv2] [D] [thread 45750] [56.0] [cxt 0] Action entry is link_monitor380_0 - 
[15:29:21.964] [bmv2] [T] [thread 45750] [56.0] [cxt 0] Action link_monitor380_0
[15:29:21.964] [bmv2] [T] [thread 45750] [56.0] [cxt 0] link_monitor.p4(380) Primitive (hdr.probe.isValid()) ? 0 : byte_cnt
[15:29:21.964] [bmv2] [T] [thread 45750] [56.0] [cxt 0] Applying table 'tbl_link_monitor381'
[15:29:21.964] [bmv2] [D] [thread 45750] [56.0] [cxt 0] Looking up key:

[15:29:21.964] [bmv2] [D] [thread 45750] [56.0] [cxt 0] Table 'tbl_link_monitor381': miss
[15:29:21.964] [bmv2] [D] [thread 45750] [56.0] [cxt 0] Action entry is link_monitor381 - 
[15:29:21.964] [bmv2] [T] [thread 45750] [56.0] [cxt 0] Action link_monitor381
[15:29:21.964] [bmv2] [T] [thread 45750] [56.0] [cxt 0] link_monitor.p4(381) Primitive (bit<32>)standard_metadata.egress_port
[15:29:21.964] [bmv2] [T] [thread 45750] [56.0] [cxt 0] link_monitor.p4(381) Primitive byte_cnt_reg.write((bit<32>)standard_metadata.egress_port, new_byte_cnt)
[15:29:21.964] [bmv2] [T] [thread 45750] [56.0] [cxt 0] Wrote register 'MyEgress.byte_cnt_reg' at index 2 with value 481
[15:29:21.964] [bmv2] [T] [thread 45750] [56.0] [cxt 0] link_monitor.p4(383) Condition "hdr.probe.isValid()" (node_16) is false
[15:29:21.964] [bmv2] [D] [thread 45750] [56.0] [cxt 0] Pipeline 'egress': end
[15:29:21.964] [bmv2] [D] [thread 45750] [56.0] [cxt 0] Deparser 'deparser': start
[15:29:21.964] [bmv2] [D] [thread 45750] [56.0] [cxt 0] Updating checksum 'cksum'
[15:29:21.964] [bmv2] [D] [thread 45750] [56.0] [cxt 0] Deparsing header 'ethernet'
[15:29:21.964] [bmv2] [D] [thread 45750] [56.0] [cxt 0] Deparsing header 'ipv4'
[15:29:21.964] [bmv2] [D] [thread 45750] [56.0] [cxt 0] Deparser 'deparser': end
[15:29:21.964] [bmv2] [D] [thread 45752] [56.0] [cxt 0] Transmitting packet of size 37 out of port 2
[15:29:22.596] [bmv2] [D] [thread 45747] [57.0] [cxt 0] Processing packet received on port 4
[15:29:22.596] [bmv2] [D] [thread 45747] [57.0] [cxt 0] Parser 'parser': start
[15:29:22.596] [bmv2] [D] [thread 45747] [57.0] [cxt 0] Parser 'parser' entering state 'start'
[15:29:22.596] [bmv2] [D] [thread 45747] [57.0] [cxt 0] Extracting header 'ethernet'
[15:29:22.596] [bmv2] [D] [thread 45747] [57.0] [cxt 0] Parser state 'start': key is 0800
[15:29:22.596] [bmv2] [T] [thread 45747] [57.0] [cxt 0] Bytes parsed: 14
[15:29:22.596] [bmv2] [D] [thread 45747] [57.0] [cxt 0] Parser 'parser' entering state 'parse_ipv4'
[15:29:22.596] [bmv2] [D] [thread 45747] [57.0] [cxt 0] Extracting header 'ipv4'
[15:29:22.596] [bmv2] [D] [thread 45747] [57.0] [cxt 0] Parser state 'parse_ipv4': key is 06
[15:29:22.596] [bmv2] [T] [thread 45747] [57.0] [cxt 0] Bytes parsed: 34
[15:29:22.596] [bmv2] [D] [thread 45747] [57.0] [cxt 0] Parser 'parser' entering state 'parse_tcp'
[15:29:22.596] [bmv2] [D] [thread 45747] [57.0] [cxt 0] Extracting header 'tcp'
[15:29:22.596] [bmv2] [E] [thread 45747] [57.0] [cxt 0] Exception while parsing: PacketTooShort
[15:29:22.596] [bmv2] [D] [thread 45747] [57.0] [cxt 0] Parser 'parser': end
[15:29:22.596] [bmv2] [D] [thread 45747] [57.0] [cxt 0] Pipeline 'ingress': start
[15:29:22.596] [bmv2] [T] [thread 45747] [57.0] [cxt 0] link_monitor.p4(331) Condition "hdr.tcp.isValid()" (node_2) is false
[15:29:22.596] [bmv2] [T] [thread 45747] [57.0] [cxt 0] link_monitor.p4(335) Condition "hdr.ipv4.isValid()" (node_5) is true
[15:29:22.596] [bmv2] [T] [thread 45747] [57.0] [cxt 0] Applying table 'MyIngress.ipv4_lpm'
[15:29:22.596] [bmv2] [D] [thread 45747] [57.0] [cxt 0] Looking up key:
* hdr.ipv4.dstAddr    : 0a000404

[15:29:22.596] [bmv2] [D] [thread 45747] [57.0] [cxt 0] Table 'MyIngress.ipv4_lpm': hit with handle 3
[15:29:22.596] [bmv2] [D] [thread 45747] [57.0] [cxt 0] Dumping entry 3
Match key:
* hdr.ipv4.dstAddr    : LPM       0a000404/32
Action entry: MyIngress.ipv4_forward - 80000000444,2,

[15:29:22.596] [bmv2] [D] [thread 45747] [57.0] [cxt 0] Action entry is MyIngress.ipv4_forward - 80000000444,2,
[15:29:22.596] [bmv2] [T] [thread 45747] [57.0] [cxt 0] Action MyIngress.ipv4_forward
[15:29:22.596] [bmv2] [T] [thread 45747] [57.0] [cxt 0] link_monitor.p4(195) Primitive standard_metadata.egress_spec = port
[15:29:22.596] [bmv2] [T] [thread 45747] [57.0] [cxt 0] link_monitor.p4(196) Primitive hdr.ethernet.srcAddr = hdr.ethernet.dstAddr
[15:29:22.596] [bmv2] [T] [thread 45747] [57.0] [cxt 0] link_monitor.p4(197) Primitive hdr.ethernet.dstAddr = dstAddr
[15:29:22.596] [bmv2] [T] [thread 45747] [57.0] [cxt 0] link_monitor.p4(198) Primitive hdr.ipv4.ttl = hdr.ipv4.ttl - 1
[15:29:22.596] [bmv2] [D] [thread 45747] [57.0] [cxt 0] Pipeline 'ingress': end
[15:29:22.596] [bmv2] [D] [thread 45747] [57.0] [cxt 0] Egress port is 2
[15:29:22.596] [bmv2] [D] [thread 45750] [57.0] [cxt 0] Pipeline 'egress': start
[15:29:22.597] [bmv2] [T] [thread 45750] [57.0] [cxt 0] Applying table 'tbl_link_monitor377'
[15:29:22.597] [bmv2] [D] [thread 45750] [57.0] [cxt 0] Looking up key:

[15:29:22.597] [bmv2] [D] [thread 45750] [57.0] [cxt 0] Table 'tbl_link_monitor377': miss
[15:29:22.597] [bmv2] [D] [thread 45750] [57.0] [cxt 0] Action entry is link_monitor377 - 
[15:29:22.597] [bmv2] [T] [thread 45750] [57.0] [cxt 0] Action link_monitor377
[15:29:22.597] [bmv2] [T] [thread 45750] [57.0] [cxt 0] link_monitor.p4(377) Primitive (bit<32>)standard_metadata.egress_port
[15:29:22.597] [bmv2] [T] [thread 45750] [57.0] [cxt 0] link_monitor.p4(377) Primitive byte_cnt_reg.read(byte_cnt, (bit<32>)standard_metadata.egress_port)
[15:29:22.597] [bmv2] [T] [thread 45750] [57.0] [cxt 0] Read register 'MyEgress.byte_cnt_reg' at index 2 read value 481
[15:29:22.597] [bmv2] [T] [thread 45750] [57.0] [cxt 0] link_monitor.p4(378) Primitive byte_cnt = byte_cnt + standard_metadata.packet_length
[15:29:22.597] [bmv2] [T] [thread 45750] [57.0] [cxt 0] link_monitor.p4(380) Condition "hdr.probe.isValid()" (node_12) is false
[15:29:22.597] [bmv2] [T] [thread 45750] [57.0] [cxt 0] Applying table 'tbl_link_monitor380_0'
[15:29:22.597] [bmv2] [D] [thread 45750] [57.0] [cxt 0] Looking up key:

[15:29:22.597] [bmv2] [D] [thread 45750] [57.0] [cxt 0] Table 'tbl_link_monitor380_0': miss
[15:29:22.597] [bmv2] [D] [thread 45750] [57.0] [cxt 0] Action entry is link_monitor380_0 - 
[15:29:22.597] [bmv2] [T] [thread 45750] [57.0] [cxt 0] Action link_monitor380_0
[15:29:22.597] [bmv2] [T] [thread 45750] [57.0] [cxt 0] link_monitor.p4(380) Primitive (hdr.probe.isValid()) ? 0 : byte_cnt
[15:29:22.597] [bmv2] [T] [thread 45750] [57.0] [cxt 0] Applying table 'tbl_link_monitor381'
[15:29:22.597] [bmv2] [D] [thread 45750] [57.0] [cxt 0] Looking up key:

[15:29:22.597] [bmv2] [D] [thread 45750] [57.0] [cxt 0] Table 'tbl_link_monitor381': miss
[15:29:22.597] [bmv2] [D] [thread 45750] [57.0] [cxt 0] Action entry is link_monitor381 - 
[15:29:22.597] [bmv2] [T] [thread 45750] [57.0] [cxt 0] Action link_monitor381
[15:29:22.597] [bmv2] [T] [thread 45750] [57.0] [cxt 0] link_monitor.p4(381) Primitive (bit<32>)standard_metadata.egress_port
[15:29:22.597] [bmv2] [T] [thread 45750] [57.0] [cxt 0] link_monitor.p4(381) Primitive byte_cnt_reg.write((bit<32>)standard_metadata.egress_port, new_byte_cnt)
[15:29:22.597] [bmv2] [T] [thread 45750] [57.0] [cxt 0] Wrote register 'MyEgress.byte_cnt_reg' at index 2 with value 518
[15:29:22.597] [bmv2] [T] [thread 45750] [57.0] [cxt 0] link_monitor.p4(383) Condition "hdr.probe.isValid()" (node_16) is false
[15:29:22.597] [bmv2] [D] [thread 45750] [57.0] [cxt 0] Pipeline 'egress': end
[15:29:22.597] [bmv2] [D] [thread 45750] [57.0] [cxt 0] Deparser 'deparser': start
[15:29:22.597] [bmv2] [D] [thread 45750] [57.0] [cxt 0] Updating checksum 'cksum'
[15:29:22.597] [bmv2] [D] [thread 45750] [57.0] [cxt 0] Deparsing header 'ethernet'
[15:29:22.597] [bmv2] [D] [thread 45750] [57.0] [cxt 0] Deparsing header 'ipv4'
[15:29:22.597] [bmv2] [D] [thread 45750] [57.0] [cxt 0] Deparser 'deparser': end
[15:29:22.597] [bmv2] [D] [thread 45752] [57.0] [cxt 0] Transmitting packet of size 37 out of port 2
[15:29:23.333] [bmv2] [D] [thread 45747] [58.0] [cxt 0] Processing packet received on port 4
[15:29:23.333] [bmv2] [D] [thread 45747] [58.0] [cxt 0] Parser 'parser': start
[15:29:23.333] [bmv2] [D] [thread 45747] [58.0] [cxt 0] Parser 'parser' entering state 'start'
[15:29:23.333] [bmv2] [D] [thread 45747] [58.0] [cxt 0] Extracting header 'ethernet'
[15:29:23.333] [bmv2] [D] [thread 45747] [58.0] [cxt 0] Parser state 'start': key is 0800
[15:29:23.333] [bmv2] [T] [thread 45747] [58.0] [cxt 0] Bytes parsed: 14
[15:29:23.333] [bmv2] [D] [thread 45747] [58.0] [cxt 0] Parser 'parser' entering state 'parse_ipv4'
[15:29:23.333] [bmv2] [D] [thread 45747] [58.0] [cxt 0] Extracting header 'ipv4'
[15:29:23.333] [bmv2] [D] [thread 45747] [58.0] [cxt 0] Parser state 'parse_ipv4': key is 06
[15:29:23.333] [bmv2] [T] [thread 45747] [58.0] [cxt 0] Bytes parsed: 34
[15:29:23.333] [bmv2] [D] [thread 45747] [58.0] [cxt 0] Parser 'parser' entering state 'parse_tcp'
[15:29:23.333] [bmv2] [D] [thread 45747] [58.0] [cxt 0] Extracting header 'tcp'
[15:29:23.333] [bmv2] [E] [thread 45747] [58.0] [cxt 0] Exception while parsing: PacketTooShort
[15:29:23.333] [bmv2] [D] [thread 45747] [58.0] [cxt 0] Parser 'parser': end
[15:29:23.333] [bmv2] [D] [thread 45747] [58.0] [cxt 0] Pipeline 'ingress': start
[15:29:23.333] [bmv2] [T] [thread 45747] [58.0] [cxt 0] link_monitor.p4(331) Condition "hdr.tcp.isValid()" (node_2) is false
[15:29:23.333] [bmv2] [T] [thread 45747] [58.0] [cxt 0] link_monitor.p4(335) Condition "hdr.ipv4.isValid()" (node_5) is true
[15:29:23.333] [bmv2] [T] [thread 45747] [58.0] [cxt 0] Applying table 'MyIngress.ipv4_lpm'
[15:29:23.333] [bmv2] [D] [thread 45747] [58.0] [cxt 0] Looking up key:
* hdr.ipv4.dstAddr    : 0a000404

[15:29:23.333] [bmv2] [D] [thread 45747] [58.0] [cxt 0] Table 'MyIngress.ipv4_lpm': hit with handle 3
[15:29:23.333] [bmv2] [D] [thread 45747] [58.0] [cxt 0] Dumping entry 3
Match key:
* hdr.ipv4.dstAddr    : LPM       0a000404/32
Action entry: MyIngress.ipv4_forward - 80000000444,2,

[15:29:23.333] [bmv2] [D] [thread 45747] [58.0] [cxt 0] Action entry is MyIngress.ipv4_forward - 80000000444,2,
[15:29:23.333] [bmv2] [T] [thread 45747] [58.0] [cxt 0] Action MyIngress.ipv4_forward
[15:29:23.333] [bmv2] [T] [thread 45747] [58.0] [cxt 0] link_monitor.p4(195) Primitive standard_metadata.egress_spec = port
[15:29:23.333] [bmv2] [T] [thread 45747] [58.0] [cxt 0] link_monitor.p4(196) Primitive hdr.ethernet.srcAddr = hdr.ethernet.dstAddr
[15:29:23.333] [bmv2] [T] [thread 45747] [58.0] [cxt 0] link_monitor.p4(197) Primitive hdr.ethernet.dstAddr = dstAddr
[15:29:23.333] [bmv2] [T] [thread 45747] [58.0] [cxt 0] link_monitor.p4(198) Primitive hdr.ipv4.ttl = hdr.ipv4.ttl - 1
[15:29:23.333] [bmv2] [D] [thread 45747] [58.0] [cxt 0] Pipeline 'ingress': end
[15:29:23.333] [bmv2] [D] [thread 45747] [58.0] [cxt 0] Egress port is 2
[15:29:23.333] [bmv2] [D] [thread 45750] [58.0] [cxt 0] Pipeline 'egress': start
[15:29:23.333] [bmv2] [T] [thread 45750] [58.0] [cxt 0] Applying table 'tbl_link_monitor377'
[15:29:23.333] [bmv2] [D] [thread 45750] [58.0] [cxt 0] Looking up key:

[15:29:23.333] [bmv2] [D] [thread 45750] [58.0] [cxt 0] Table 'tbl_link_monitor377': miss
[15:29:23.333] [bmv2] [D] [thread 45750] [58.0] [cxt 0] Action entry is link_monitor377 - 
[15:29:23.333] [bmv2] [T] [thread 45750] [58.0] [cxt 0] Action link_monitor377
[15:29:23.333] [bmv2] [T] [thread 45750] [58.0] [cxt 0] link_monitor.p4(377) Primitive (bit<32>)standard_metadata.egress_port
[15:29:23.333] [bmv2] [T] [thread 45750] [58.0] [cxt 0] link_monitor.p4(377) Primitive byte_cnt_reg.read(byte_cnt, (bit<32>)standard_metadata.egress_port)
[15:29:23.333] [bmv2] [T] [thread 45750] [58.0] [cxt 0] Read register 'MyEgress.byte_cnt_reg' at index 2 read value 518
[15:29:23.333] [bmv2] [T] [thread 45750] [58.0] [cxt 0] link_monitor.p4(378) Primitive byte_cnt = byte_cnt + standard_metadata.packet_length
[15:29:23.333] [bmv2] [T] [thread 45750] [58.0] [cxt 0] link_monitor.p4(380) Condition "hdr.probe.isValid()" (node_12) is false
[15:29:23.333] [bmv2] [T] [thread 45750] [58.0] [cxt 0] Applying table 'tbl_link_monitor380_0'
[15:29:23.333] [bmv2] [D] [thread 45750] [58.0] [cxt 0] Looking up key:

[15:29:23.333] [bmv2] [D] [thread 45750] [58.0] [cxt 0] Table 'tbl_link_monitor380_0': miss
[15:29:23.333] [bmv2] [D] [thread 45750] [58.0] [cxt 0] Action entry is link_monitor380_0 - 
[15:29:23.333] [bmv2] [T] [thread 45750] [58.0] [cxt 0] Action link_monitor380_0
[15:29:23.333] [bmv2] [T] [thread 45750] [58.0] [cxt 0] link_monitor.p4(380) Primitive (hdr.probe.isValid()) ? 0 : byte_cnt
[15:29:23.333] [bmv2] [T] [thread 45750] [58.0] [cxt 0] Applying table 'tbl_link_monitor381'
[15:29:23.333] [bmv2] [D] [thread 45750] [58.0] [cxt 0] Looking up key:

[15:29:23.333] [bmv2] [D] [thread 45750] [58.0] [cxt 0] Table 'tbl_link_monitor381': miss
[15:29:23.333] [bmv2] [D] [thread 45750] [58.0] [cxt 0] Action entry is link_monitor381 - 
[15:29:23.333] [bmv2] [T] [thread 45750] [58.0] [cxt 0] Action link_monitor381
[15:29:23.333] [bmv2] [T] [thread 45750] [58.0] [cxt 0] link_monitor.p4(381) Primitive (bit<32>)standard_metadata.egress_port
[15:29:23.333] [bmv2] [T] [thread 45750] [58.0] [cxt 0] link_monitor.p4(381) Primitive byte_cnt_reg.write((bit<32>)standard_metadata.egress_port, new_byte_cnt)
[15:29:23.333] [bmv2] [T] [thread 45750] [58.0] [cxt 0] Wrote register 'MyEgress.byte_cnt_reg' at index 2 with value 555
[15:29:23.333] [bmv2] [T] [thread 45750] [58.0] [cxt 0] link_monitor.p4(383) Condition "hdr.probe.isValid()" (node_16) is false
[15:29:23.333] [bmv2] [D] [thread 45750] [58.0] [cxt 0] Pipeline 'egress': end
[15:29:23.333] [bmv2] [D] [thread 45750] [58.0] [cxt 0] Deparser 'deparser': start
[15:29:23.333] [bmv2] [D] [thread 45750] [58.0] [cxt 0] Updating checksum 'cksum'
[15:29:23.333] [bmv2] [D] [thread 45750] [58.0] [cxt 0] Deparsing header 'ethernet'
[15:29:23.333] [bmv2] [D] [thread 45750] [58.0] [cxt 0] Deparsing header 'ipv4'
[15:29:23.333] [bmv2] [D] [thread 45750] [58.0] [cxt 0] Deparser 'deparser': end
[15:29:23.333] [bmv2] [D] [thread 45752] [58.0] [cxt 0] Transmitting packet of size 37 out of port 2
[15:29:24.210] [bmv2] [D] [thread 45747] [59.0] [cxt 0] Processing packet received on port 4
[15:29:24.210] [bmv2] [D] [thread 45747] [59.0] [cxt 0] Parser 'parser': start
[15:29:24.210] [bmv2] [D] [thread 45747] [59.0] [cxt 0] Parser 'parser' entering state 'start'
[15:29:24.210] [bmv2] [D] [thread 45747] [59.0] [cxt 0] Extracting header 'ethernet'
[15:29:24.210] [bmv2] [D] [thread 45747] [59.0] [cxt 0] Parser state 'start': key is 0800
[15:29:24.210] [bmv2] [T] [thread 45747] [59.0] [cxt 0] Bytes parsed: 14
[15:29:24.210] [bmv2] [D] [thread 45747] [59.0] [cxt 0] Parser 'parser' entering state 'parse_ipv4'
[15:29:24.210] [bmv2] [D] [thread 45747] [59.0] [cxt 0] Extracting header 'ipv4'
[15:29:24.210] [bmv2] [D] [thread 45747] [59.0] [cxt 0] Parser state 'parse_ipv4': key is 06
[15:29:24.210] [bmv2] [T] [thread 45747] [59.0] [cxt 0] Bytes parsed: 34
[15:29:24.210] [bmv2] [D] [thread 45747] [59.0] [cxt 0] Parser 'parser' entering state 'parse_tcp'
[15:29:24.210] [bmv2] [D] [thread 45747] [59.0] [cxt 0] Extracting header 'tcp'
[15:29:24.211] [bmv2] [E] [thread 45747] [59.0] [cxt 0] Exception while parsing: PacketTooShort
[15:29:24.211] [bmv2] [D] [thread 45747] [59.0] [cxt 0] Parser 'parser': end
[15:29:24.211] [bmv2] [D] [thread 45747] [59.0] [cxt 0] Pipeline 'ingress': start
[15:29:24.211] [bmv2] [T] [thread 45747] [59.0] [cxt 0] link_monitor.p4(331) Condition "hdr.tcp.isValid()" (node_2) is false
[15:29:24.211] [bmv2] [T] [thread 45747] [59.0] [cxt 0] link_monitor.p4(335) Condition "hdr.ipv4.isValid()" (node_5) is true
[15:29:24.211] [bmv2] [T] [thread 45747] [59.0] [cxt 0] Applying table 'MyIngress.ipv4_lpm'
[15:29:24.211] [bmv2] [D] [thread 45747] [59.0] [cxt 0] Looking up key:
* hdr.ipv4.dstAddr    : 0a000404

[15:29:24.211] [bmv2] [D] [thread 45747] [59.0] [cxt 0] Table 'MyIngress.ipv4_lpm': hit with handle 3
[15:29:24.211] [bmv2] [D] [thread 45747] [59.0] [cxt 0] Dumping entry 3
Match key:
* hdr.ipv4.dstAddr    : LPM       0a000404/32
Action entry: MyIngress.ipv4_forward - 80000000444,2,

[15:29:24.211] [bmv2] [D] [thread 45747] [59.0] [cxt 0] Action entry is MyIngress.ipv4_forward - 80000000444,2,
[15:29:24.211] [bmv2] [T] [thread 45747] [59.0] [cxt 0] Action MyIngress.ipv4_forward
[15:29:24.211] [bmv2] [T] [thread 45747] [59.0] [cxt 0] link_monitor.p4(195) Primitive standard_metadata.egress_spec = port
[15:29:24.211] [bmv2] [T] [thread 45747] [59.0] [cxt 0] link_monitor.p4(196) Primitive hdr.ethernet.srcAddr = hdr.ethernet.dstAddr
[15:29:24.211] [bmv2] [T] [thread 45747] [59.0] [cxt 0] link_monitor.p4(197) Primitive hdr.ethernet.dstAddr = dstAddr
[15:29:24.211] [bmv2] [T] [thread 45747] [59.0] [cxt 0] link_monitor.p4(198) Primitive hdr.ipv4.ttl = hdr.ipv4.ttl - 1
[15:29:24.211] [bmv2] [D] [thread 45747] [59.0] [cxt 0] Pipeline 'ingress': end
[15:29:24.211] [bmv2] [D] [thread 45747] [59.0] [cxt 0] Egress port is 2
[15:29:24.211] [bmv2] [D] [thread 45750] [59.0] [cxt 0] Pipeline 'egress': start
[15:29:24.211] [bmv2] [T] [thread 45750] [59.0] [cxt 0] Applying table 'tbl_link_monitor377'
[15:29:24.211] [bmv2] [D] [thread 45750] [59.0] [cxt 0] Looking up key:

[15:29:24.211] [bmv2] [D] [thread 45750] [59.0] [cxt 0] Table 'tbl_link_monitor377': miss
[15:29:24.211] [bmv2] [D] [thread 45750] [59.0] [cxt 0] Action entry is link_monitor377 - 
[15:29:24.211] [bmv2] [T] [thread 45750] [59.0] [cxt 0] Action link_monitor377
[15:29:24.211] [bmv2] [T] [thread 45750] [59.0] [cxt 0] link_monitor.p4(377) Primitive (bit<32>)standard_metadata.egress_port
[15:29:24.211] [bmv2] [T] [thread 45750] [59.0] [cxt 0] link_monitor.p4(377) Primitive byte_cnt_reg.read(byte_cnt, (bit<32>)standard_metadata.egress_port)
[15:29:24.211] [bmv2] [T] [thread 45750] [59.0] [cxt 0] Read register 'MyEgress.byte_cnt_reg' at index 2 read value 555
[15:29:24.211] [bmv2] [T] [thread 45750] [59.0] [cxt 0] link_monitor.p4(378) Primitive byte_cnt = byte_cnt + standard_metadata.packet_length
[15:29:24.211] [bmv2] [T] [thread 45750] [59.0] [cxt 0] link_monitor.p4(380) Condition "hdr.probe.isValid()" (node_12) is false
[15:29:24.211] [bmv2] [T] [thread 45750] [59.0] [cxt 0] Applying table 'tbl_link_monitor380_0'
[15:29:24.211] [bmv2] [D] [thread 45750] [59.0] [cxt 0] Looking up key:

[15:29:24.211] [bmv2] [D] [thread 45750] [59.0] [cxt 0] Table 'tbl_link_monitor380_0': miss
[15:29:24.211] [bmv2] [D] [thread 45750] [59.0] [cxt 0] Action entry is link_monitor380_0 - 
[15:29:24.211] [bmv2] [T] [thread 45750] [59.0] [cxt 0] Action link_monitor380_0
[15:29:24.211] [bmv2] [T] [thread 45750] [59.0] [cxt 0] link_monitor.p4(380) Primitive (hdr.probe.isValid()) ? 0 : byte_cnt
[15:29:24.211] [bmv2] [T] [thread 45750] [59.0] [cxt 0] Applying table 'tbl_link_monitor381'
[15:29:24.211] [bmv2] [D] [thread 45750] [59.0] [cxt 0] Looking up key:

[15:29:24.211] [bmv2] [D] [thread 45750] [59.0] [cxt 0] Table 'tbl_link_monitor381': miss
[15:29:24.211] [bmv2] [D] [thread 45750] [59.0] [cxt 0] Action entry is link_monitor381 - 
[15:29:24.211] [bmv2] [T] [thread 45750] [59.0] [cxt 0] Action link_monitor381
[15:29:24.211] [bmv2] [T] [thread 45750] [59.0] [cxt 0] link_monitor.p4(381) Primitive (bit<32>)standard_metadata.egress_port
[15:29:24.211] [bmv2] [T] [thread 45750] [59.0] [cxt 0] link_monitor.p4(381) Primitive byte_cnt_reg.write((bit<32>)standard_metadata.egress_port, new_byte_cnt)
[15:29:24.211] [bmv2] [T] [thread 45750] [59.0] [cxt 0] Wrote register 'MyEgress.byte_cnt_reg' at index 2 with value 592
[15:29:24.211] [bmv2] [T] [thread 45750] [59.0] [cxt 0] link_monitor.p4(383) Condition "hdr.probe.isValid()" (node_16) is false
[15:29:24.211] [bmv2] [D] [thread 45750] [59.0] [cxt 0] Pipeline 'egress': end
[15:29:24.211] [bmv2] [D] [thread 45750] [59.0] [cxt 0] Deparser 'deparser': start
[15:29:24.211] [bmv2] [D] [thread 45750] [59.0] [cxt 0] Updating checksum 'cksum'
[15:29:24.211] [bmv2] [D] [thread 45750] [59.0] [cxt 0] Deparsing header 'ethernet'
[15:29:24.211] [bmv2] [D] [thread 45750] [59.0] [cxt 0] Deparsing header 'ipv4'
[15:29:24.211] [bmv2] [D] [thread 45750] [59.0] [cxt 0] Deparser 'deparser': end
[15:29:24.211] [bmv2] [D] [thread 45752] [59.0] [cxt 0] Transmitting packet of size 37 out of port 2
[15:29:25.291] [bmv2] [D] [thread 45747] [60.0] [cxt 0] Processing packet received on port 4
[15:29:25.291] [bmv2] [D] [thread 45747] [60.0] [cxt 0] Parser 'parser': start
[15:29:25.291] [bmv2] [D] [thread 45747] [60.0] [cxt 0] Parser 'parser' entering state 'start'
[15:29:25.291] [bmv2] [D] [thread 45747] [60.0] [cxt 0] Extracting header 'ethernet'
[15:29:25.291] [bmv2] [D] [thread 45747] [60.0] [cxt 0] Parser state 'start': key is 0800
[15:29:25.291] [bmv2] [T] [thread 45747] [60.0] [cxt 0] Bytes parsed: 14
[15:29:25.291] [bmv2] [D] [thread 45747] [60.0] [cxt 0] Parser 'parser' entering state 'parse_ipv4'
[15:29:25.291] [bmv2] [D] [thread 45747] [60.0] [cxt 0] Extracting header 'ipv4'
[15:29:25.291] [bmv2] [D] [thread 45747] [60.0] [cxt 0] Parser state 'parse_ipv4': key is 06
[15:29:25.291] [bmv2] [T] [thread 45747] [60.0] [cxt 0] Bytes parsed: 34
[15:29:25.291] [bmv2] [D] [thread 45747] [60.0] [cxt 0] Parser 'parser' entering state 'parse_tcp'
[15:29:25.291] [bmv2] [D] [thread 45747] [60.0] [cxt 0] Extracting header 'tcp'
[15:29:25.291] [bmv2] [E] [thread 45747] [60.0] [cxt 0] Exception while parsing: PacketTooShort
[15:29:25.291] [bmv2] [D] [thread 45747] [60.0] [cxt 0] Parser 'parser': end
[15:29:25.291] [bmv2] [D] [thread 45747] [60.0] [cxt 0] Pipeline 'ingress': start
[15:29:25.291] [bmv2] [T] [thread 45747] [60.0] [cxt 0] link_monitor.p4(331) Condition "hdr.tcp.isValid()" (node_2) is false
[15:29:25.291] [bmv2] [T] [thread 45747] [60.0] [cxt 0] link_monitor.p4(335) Condition "hdr.ipv4.isValid()" (node_5) is true
[15:29:25.291] [bmv2] [T] [thread 45747] [60.0] [cxt 0] Applying table 'MyIngress.ipv4_lpm'
[15:29:25.291] [bmv2] [D] [thread 45747] [60.0] [cxt 0] Looking up key:
* hdr.ipv4.dstAddr    : 0a000404

[15:29:25.291] [bmv2] [D] [thread 45747] [60.0] [cxt 0] Table 'MyIngress.ipv4_lpm': hit with handle 3
[15:29:25.291] [bmv2] [D] [thread 45747] [60.0] [cxt 0] Dumping entry 3
Match key:
* hdr.ipv4.dstAddr    : LPM       0a000404/32
Action entry: MyIngress.ipv4_forward - 80000000444,2,

[15:29:25.291] [bmv2] [D] [thread 45747] [60.0] [cxt 0] Action entry is MyIngress.ipv4_forward - 80000000444,2,
[15:29:25.291] [bmv2] [T] [thread 45747] [60.0] [cxt 0] Action MyIngress.ipv4_forward
[15:29:25.291] [bmv2] [T] [thread 45747] [60.0] [cxt 0] link_monitor.p4(195) Primitive standard_metadata.egress_spec = port
[15:29:25.291] [bmv2] [T] [thread 45747] [60.0] [cxt 0] link_monitor.p4(196) Primitive hdr.ethernet.srcAddr = hdr.ethernet.dstAddr
[15:29:25.291] [bmv2] [T] [thread 45747] [60.0] [cxt 0] link_monitor.p4(197) Primitive hdr.ethernet.dstAddr = dstAddr
[15:29:25.291] [bmv2] [T] [thread 45747] [60.0] [cxt 0] link_monitor.p4(198) Primitive hdr.ipv4.ttl = hdr.ipv4.ttl - 1
[15:29:25.291] [bmv2] [D] [thread 45747] [60.0] [cxt 0] Pipeline 'ingress': end
[15:29:25.291] [bmv2] [D] [thread 45747] [60.0] [cxt 0] Egress port is 2
[15:29:25.291] [bmv2] [D] [thread 45750] [60.0] [cxt 0] Pipeline 'egress': start
[15:29:25.291] [bmv2] [T] [thread 45750] [60.0] [cxt 0] Applying table 'tbl_link_monitor377'
[15:29:25.291] [bmv2] [D] [thread 45750] [60.0] [cxt 0] Looking up key:

[15:29:25.291] [bmv2] [D] [thread 45750] [60.0] [cxt 0] Table 'tbl_link_monitor377': miss
[15:29:25.291] [bmv2] [D] [thread 45750] [60.0] [cxt 0] Action entry is link_monitor377 - 
[15:29:25.291] [bmv2] [T] [thread 45750] [60.0] [cxt 0] Action link_monitor377
[15:29:25.291] [bmv2] [T] [thread 45750] [60.0] [cxt 0] link_monitor.p4(377) Primitive (bit<32>)standard_metadata.egress_port
[15:29:25.291] [bmv2] [T] [thread 45750] [60.0] [cxt 0] link_monitor.p4(377) Primitive byte_cnt_reg.read(byte_cnt, (bit<32>)standard_metadata.egress_port)
[15:29:25.291] [bmv2] [T] [thread 45750] [60.0] [cxt 0] Read register 'MyEgress.byte_cnt_reg' at index 2 read value 592
[15:29:25.291] [bmv2] [T] [thread 45750] [60.0] [cxt 0] link_monitor.p4(378) Primitive byte_cnt = byte_cnt + standard_metadata.packet_length
[15:29:25.291] [bmv2] [T] [thread 45750] [60.0] [cxt 0] link_monitor.p4(380) Condition "hdr.probe.isValid()" (node_12) is false
[15:29:25.291] [bmv2] [T] [thread 45750] [60.0] [cxt 0] Applying table 'tbl_link_monitor380_0'
[15:29:25.291] [bmv2] [D] [thread 45750] [60.0] [cxt 0] Looking up key:

[15:29:25.291] [bmv2] [D] [thread 45750] [60.0] [cxt 0] Table 'tbl_link_monitor380_0': miss
[15:29:25.291] [bmv2] [D] [thread 45750] [60.0] [cxt 0] Action entry is link_monitor380_0 - 
[15:29:25.291] [bmv2] [T] [thread 45750] [60.0] [cxt 0] Action link_monitor380_0
[15:29:25.291] [bmv2] [T] [thread 45750] [60.0] [cxt 0] link_monitor.p4(380) Primitive (hdr.probe.isValid()) ? 0 : byte_cnt
[15:29:25.291] [bmv2] [T] [thread 45750] [60.0] [cxt 0] Applying table 'tbl_link_monitor381'
[15:29:25.291] [bmv2] [D] [thread 45750] [60.0] [cxt 0] Looking up key:

[15:29:25.291] [bmv2] [D] [thread 45750] [60.0] [cxt 0] Table 'tbl_link_monitor381': miss
[15:29:25.291] [bmv2] [D] [thread 45750] [60.0] [cxt 0] Action entry is link_monitor381 - 
[15:29:25.291] [bmv2] [T] [thread 45750] [60.0] [cxt 0] Action link_monitor381
[15:29:25.291] [bmv2] [T] [thread 45750] [60.0] [cxt 0] link_monitor.p4(381) Primitive (bit<32>)standard_metadata.egress_port
[15:29:25.291] [bmv2] [T] [thread 45750] [60.0] [cxt 0] link_monitor.p4(381) Primitive byte_cnt_reg.write((bit<32>)standard_metadata.egress_port, new_byte_cnt)
[15:29:25.291] [bmv2] [T] [thread 45750] [60.0] [cxt 0] Wrote register 'MyEgress.byte_cnt_reg' at index 2 with value 629
[15:29:25.291] [bmv2] [T] [thread 45750] [60.0] [cxt 0] link_monitor.p4(383) Condition "hdr.probe.isValid()" (node_16) is false
[15:29:25.291] [bmv2] [D] [thread 45750] [60.0] [cxt 0] Pipeline 'egress': end
[15:29:25.291] [bmv2] [D] [thread 45750] [60.0] [cxt 0] Deparser 'deparser': start
[15:29:25.291] [bmv2] [D] [thread 45750] [60.0] [cxt 0] Updating checksum 'cksum'
[15:29:25.291] [bmv2] [D] [thread 45750] [60.0] [cxt 0] Deparsing header 'ethernet'
[15:29:25.291] [bmv2] [D] [thread 45750] [60.0] [cxt 0] Deparsing header 'ipv4'
[15:29:25.291] [bmv2] [D] [thread 45750] [60.0] [cxt 0] Deparser 'deparser': end
[15:29:25.291] [bmv2] [D] [thread 45752] [60.0] [cxt 0] Transmitting packet of size 37 out of port 2
[15:29:26.859] [bmv2] [D] [thread 45747] [61.0] [cxt 0] Processing packet received on port 4
[15:29:26.859] [bmv2] [D] [thread 45747] [61.0] [cxt 0] Parser 'parser': start
[15:29:26.859] [bmv2] [D] [thread 45747] [61.0] [cxt 0] Parser 'parser' entering state 'start'
[15:29:26.859] [bmv2] [D] [thread 45747] [61.0] [cxt 0] Extracting header 'ethernet'
[15:29:26.859] [bmv2] [D] [thread 45747] [61.0] [cxt 0] Parser state 'start': key is 0800
[15:29:26.859] [bmv2] [T] [thread 45747] [61.0] [cxt 0] Bytes parsed: 14
[15:29:26.859] [bmv2] [D] [thread 45747] [61.0] [cxt 0] Parser 'parser' entering state 'parse_ipv4'
[15:29:26.859] [bmv2] [D] [thread 45747] [61.0] [cxt 0] Extracting header 'ipv4'
[15:29:26.859] [bmv2] [D] [thread 45747] [61.0] [cxt 0] Parser state 'parse_ipv4': key is 06
[15:29:26.859] [bmv2] [T] [thread 45747] [61.0] [cxt 0] Bytes parsed: 34
[15:29:26.859] [bmv2] [D] [thread 45747] [61.0] [cxt 0] Parser 'parser' entering state 'parse_tcp'
[15:29:26.859] [bmv2] [D] [thread 45747] [61.0] [cxt 0] Extracting header 'tcp'
[15:29:26.859] [bmv2] [E] [thread 45747] [61.0] [cxt 0] Exception while parsing: PacketTooShort
[15:29:26.859] [bmv2] [D] [thread 45747] [61.0] [cxt 0] Parser 'parser': end
[15:29:26.859] [bmv2] [D] [thread 45747] [61.0] [cxt 0] Pipeline 'ingress': start
[15:29:26.859] [bmv2] [T] [thread 45747] [61.0] [cxt 0] link_monitor.p4(331) Condition "hdr.tcp.isValid()" (node_2) is false
[15:29:26.859] [bmv2] [T] [thread 45747] [61.0] [cxt 0] link_monitor.p4(335) Condition "hdr.ipv4.isValid()" (node_5) is true
[15:29:26.859] [bmv2] [T] [thread 45747] [61.0] [cxt 0] Applying table 'MyIngress.ipv4_lpm'
[15:29:26.859] [bmv2] [D] [thread 45747] [61.0] [cxt 0] Looking up key:
* hdr.ipv4.dstAddr    : 0a000404

[15:29:26.859] [bmv2] [D] [thread 45747] [61.0] [cxt 0] Table 'MyIngress.ipv4_lpm': hit with handle 3
[15:29:26.859] [bmv2] [D] [thread 45747] [61.0] [cxt 0] Dumping entry 3
Match key:
* hdr.ipv4.dstAddr    : LPM       0a000404/32
Action entry: MyIngress.ipv4_forward - 80000000444,2,

[15:29:26.859] [bmv2] [D] [thread 45747] [61.0] [cxt 0] Action entry is MyIngress.ipv4_forward - 80000000444,2,
[15:29:26.859] [bmv2] [T] [thread 45747] [61.0] [cxt 0] Action MyIngress.ipv4_forward
[15:29:26.859] [bmv2] [T] [thread 45747] [61.0] [cxt 0] link_monitor.p4(195) Primitive standard_metadata.egress_spec = port
[15:29:26.859] [bmv2] [T] [thread 45747] [61.0] [cxt 0] link_monitor.p4(196) Primitive hdr.ethernet.srcAddr = hdr.ethernet.dstAddr
[15:29:26.859] [bmv2] [T] [thread 45747] [61.0] [cxt 0] link_monitor.p4(197) Primitive hdr.ethernet.dstAddr = dstAddr
[15:29:26.859] [bmv2] [T] [thread 45747] [61.0] [cxt 0] link_monitor.p4(198) Primitive hdr.ipv4.ttl = hdr.ipv4.ttl - 1
[15:29:26.859] [bmv2] [D] [thread 45747] [61.0] [cxt 0] Pipeline 'ingress': end
[15:29:26.859] [bmv2] [D] [thread 45747] [61.0] [cxt 0] Egress port is 2
[15:29:26.859] [bmv2] [D] [thread 45750] [61.0] [cxt 0] Pipeline 'egress': start
[15:29:26.859] [bmv2] [T] [thread 45750] [61.0] [cxt 0] Applying table 'tbl_link_monitor377'
[15:29:26.859] [bmv2] [D] [thread 45750] [61.0] [cxt 0] Looking up key:

[15:29:26.859] [bmv2] [D] [thread 45750] [61.0] [cxt 0] Table 'tbl_link_monitor377': miss
[15:29:26.859] [bmv2] [D] [thread 45750] [61.0] [cxt 0] Action entry is link_monitor377 - 
[15:29:26.859] [bmv2] [T] [thread 45750] [61.0] [cxt 0] Action link_monitor377
[15:29:26.859] [bmv2] [T] [thread 45750] [61.0] [cxt 0] link_monitor.p4(377) Primitive (bit<32>)standard_metadata.egress_port
[15:29:26.859] [bmv2] [T] [thread 45750] [61.0] [cxt 0] link_monitor.p4(377) Primitive byte_cnt_reg.read(byte_cnt, (bit<32>)standard_metadata.egress_port)
[15:29:26.859] [bmv2] [T] [thread 45750] [61.0] [cxt 0] Read register 'MyEgress.byte_cnt_reg' at index 2 read value 629
[15:29:26.859] [bmv2] [T] [thread 45750] [61.0] [cxt 0] link_monitor.p4(378) Primitive byte_cnt = byte_cnt + standard_metadata.packet_length
[15:29:26.859] [bmv2] [T] [thread 45750] [61.0] [cxt 0] link_monitor.p4(380) Condition "hdr.probe.isValid()" (node_12) is false
[15:29:26.859] [bmv2] [T] [thread 45750] [61.0] [cxt 0] Applying table 'tbl_link_monitor380_0'
[15:29:26.859] [bmv2] [D] [thread 45750] [61.0] [cxt 0] Looking up key:

[15:29:26.859] [bmv2] [D] [thread 45750] [61.0] [cxt 0] Table 'tbl_link_monitor380_0': miss
[15:29:26.859] [bmv2] [D] [thread 45750] [61.0] [cxt 0] Action entry is link_monitor380_0 - 
[15:29:26.859] [bmv2] [T] [thread 45750] [61.0] [cxt 0] Action link_monitor380_0
[15:29:26.859] [bmv2] [T] [thread 45750] [61.0] [cxt 0] link_monitor.p4(380) Primitive (hdr.probe.isValid()) ? 0 : byte_cnt
[15:29:26.859] [bmv2] [T] [thread 45750] [61.0] [cxt 0] Applying table 'tbl_link_monitor381'
[15:29:26.859] [bmv2] [D] [thread 45750] [61.0] [cxt 0] Looking up key:

[15:29:26.859] [bmv2] [D] [thread 45750] [61.0] [cxt 0] Table 'tbl_link_monitor381': miss
[15:29:26.859] [bmv2] [D] [thread 45750] [61.0] [cxt 0] Action entry is link_monitor381 - 
[15:29:26.859] [bmv2] [T] [thread 45750] [61.0] [cxt 0] Action link_monitor381
[15:29:26.859] [bmv2] [T] [thread 45750] [61.0] [cxt 0] link_monitor.p4(381) Primitive (bit<32>)standard_metadata.egress_port
[15:29:26.859] [bmv2] [T] [thread 45750] [61.0] [cxt 0] link_monitor.p4(381) Primitive byte_cnt_reg.write((bit<32>)standard_metadata.egress_port, new_byte_cnt)
[15:29:26.859] [bmv2] [T] [thread 45750] [61.0] [cxt 0] Wrote register 'MyEgress.byte_cnt_reg' at index 2 with value 666
[15:29:26.859] [bmv2] [T] [thread 45750] [61.0] [cxt 0] link_monitor.p4(383) Condition "hdr.probe.isValid()" (node_16) is false
[15:29:26.859] [bmv2] [D] [thread 45750] [61.0] [cxt 0] Pipeline 'egress': end
[15:29:26.859] [bmv2] [D] [thread 45750] [61.0] [cxt 0] Deparser 'deparser': start
[15:29:26.859] [bmv2] [D] [thread 45750] [61.0] [cxt 0] Updating checksum 'cksum'
[15:29:26.859] [bmv2] [D] [thread 45750] [61.0] [cxt 0] Deparsing header 'ethernet'
[15:29:26.859] [bmv2] [D] [thread 45750] [61.0] [cxt 0] Deparsing header 'ipv4'
[15:29:26.859] [bmv2] [D] [thread 45750] [61.0] [cxt 0] Deparser 'deparser': end
[15:29:26.859] [bmv2] [D] [thread 45752] [61.0] [cxt 0] Transmitting packet of size 37 out of port 2
[15:29:27.634] [bmv2] [D] [thread 45747] [62.0] [cxt 0] Processing packet received on port 4
[15:29:27.635] [bmv2] [D] [thread 45747] [62.0] [cxt 0] Parser 'parser': start
[15:29:27.635] [bmv2] [D] [thread 45747] [62.0] [cxt 0] Parser 'parser' entering state 'start'
[15:29:27.635] [bmv2] [D] [thread 45747] [62.0] [cxt 0] Extracting header 'ethernet'
[15:29:27.635] [bmv2] [D] [thread 45747] [62.0] [cxt 0] Parser state 'start': key is 0800
[15:29:27.635] [bmv2] [T] [thread 45747] [62.0] [cxt 0] Bytes parsed: 14
[15:29:27.635] [bmv2] [D] [thread 45747] [62.0] [cxt 0] Parser 'parser' entering state 'parse_ipv4'
[15:29:27.635] [bmv2] [D] [thread 45747] [62.0] [cxt 0] Extracting header 'ipv4'
[15:29:27.635] [bmv2] [D] [thread 45747] [62.0] [cxt 0] Parser state 'parse_ipv4': key is 06
[15:29:27.635] [bmv2] [T] [thread 45747] [62.0] [cxt 0] Bytes parsed: 34
[15:29:27.635] [bmv2] [D] [thread 45747] [62.0] [cxt 0] Parser 'parser' entering state 'parse_tcp'
[15:29:27.635] [bmv2] [D] [thread 45747] [62.0] [cxt 0] Extracting header 'tcp'
[15:29:27.635] [bmv2] [E] [thread 45747] [62.0] [cxt 0] Exception while parsing: PacketTooShort
[15:29:27.635] [bmv2] [D] [thread 45747] [62.0] [cxt 0] Parser 'parser': end
[15:29:27.635] [bmv2] [D] [thread 45747] [62.0] [cxt 0] Pipeline 'ingress': start
[15:29:27.635] [bmv2] [T] [thread 45747] [62.0] [cxt 0] link_monitor.p4(331) Condition "hdr.tcp.isValid()" (node_2) is false
[15:29:27.635] [bmv2] [T] [thread 45747] [62.0] [cxt 0] link_monitor.p4(335) Condition "hdr.ipv4.isValid()" (node_5) is true
[15:29:27.635] [bmv2] [T] [thread 45747] [62.0] [cxt 0] Applying table 'MyIngress.ipv4_lpm'
[15:29:27.635] [bmv2] [D] [thread 45747] [62.0] [cxt 0] Looking up key:
* hdr.ipv4.dstAddr    : 0a000404

[15:29:27.635] [bmv2] [D] [thread 45747] [62.0] [cxt 0] Table 'MyIngress.ipv4_lpm': hit with handle 3
[15:29:27.635] [bmv2] [D] [thread 45747] [62.0] [cxt 0] Dumping entry 3
Match key:
* hdr.ipv4.dstAddr    : LPM       0a000404/32
Action entry: MyIngress.ipv4_forward - 80000000444,2,

[15:29:27.635] [bmv2] [D] [thread 45747] [62.0] [cxt 0] Action entry is MyIngress.ipv4_forward - 80000000444,2,
[15:29:27.635] [bmv2] [T] [thread 45747] [62.0] [cxt 0] Action MyIngress.ipv4_forward
[15:29:27.635] [bmv2] [T] [thread 45747] [62.0] [cxt 0] link_monitor.p4(195) Primitive standard_metadata.egress_spec = port
[15:29:27.635] [bmv2] [T] [thread 45747] [62.0] [cxt 0] link_monitor.p4(196) Primitive hdr.ethernet.srcAddr = hdr.ethernet.dstAddr
[15:29:27.635] [bmv2] [T] [thread 45747] [62.0] [cxt 0] link_monitor.p4(197) Primitive hdr.ethernet.dstAddr = dstAddr
[15:29:27.635] [bmv2] [T] [thread 45747] [62.0] [cxt 0] link_monitor.p4(198) Primitive hdr.ipv4.ttl = hdr.ipv4.ttl - 1
[15:29:27.635] [bmv2] [D] [thread 45747] [62.0] [cxt 0] Pipeline 'ingress': end
[15:29:27.635] [bmv2] [D] [thread 45747] [62.0] [cxt 0] Egress port is 2
[15:29:27.635] [bmv2] [D] [thread 45750] [62.0] [cxt 0] Pipeline 'egress': start
[15:29:27.635] [bmv2] [T] [thread 45750] [62.0] [cxt 0] Applying table 'tbl_link_monitor377'
[15:29:27.635] [bmv2] [D] [thread 45750] [62.0] [cxt 0] Looking up key:

[15:29:27.635] [bmv2] [D] [thread 45750] [62.0] [cxt 0] Table 'tbl_link_monitor377': miss
[15:29:27.635] [bmv2] [D] [thread 45750] [62.0] [cxt 0] Action entry is link_monitor377 - 
[15:29:27.635] [bmv2] [T] [thread 45750] [62.0] [cxt 0] Action link_monitor377
[15:29:27.635] [bmv2] [T] [thread 45750] [62.0] [cxt 0] link_monitor.p4(377) Primitive (bit<32>)standard_metadata.egress_port
[15:29:27.635] [bmv2] [T] [thread 45750] [62.0] [cxt 0] link_monitor.p4(377) Primitive byte_cnt_reg.read(byte_cnt, (bit<32>)standard_metadata.egress_port)
[15:29:27.636] [bmv2] [T] [thread 45750] [62.0] [cxt 0] Read register 'MyEgress.byte_cnt_reg' at index 2 read value 666
[15:29:27.636] [bmv2] [T] [thread 45750] [62.0] [cxt 0] link_monitor.p4(378) Primitive byte_cnt = byte_cnt + standard_metadata.packet_length
[15:29:27.636] [bmv2] [T] [thread 45750] [62.0] [cxt 0] link_monitor.p4(380) Condition "hdr.probe.isValid()" (node_12) is false
[15:29:27.636] [bmv2] [T] [thread 45750] [62.0] [cxt 0] Applying table 'tbl_link_monitor380_0'
[15:29:27.636] [bmv2] [D] [thread 45750] [62.0] [cxt 0] Looking up key:

[15:29:27.636] [bmv2] [D] [thread 45750] [62.0] [cxt 0] Table 'tbl_link_monitor380_0': miss
[15:29:27.636] [bmv2] [D] [thread 45750] [62.0] [cxt 0] Action entry is link_monitor380_0 - 
[15:29:27.636] [bmv2] [T] [thread 45750] [62.0] [cxt 0] Action link_monitor380_0
[15:29:27.636] [bmv2] [T] [thread 45750] [62.0] [cxt 0] link_monitor.p4(380) Primitive (hdr.probe.isValid()) ? 0 : byte_cnt
[15:29:27.636] [bmv2] [T] [thread 45750] [62.0] [cxt 0] Applying table 'tbl_link_monitor381'
[15:29:27.636] [bmv2] [D] [thread 45750] [62.0] [cxt 0] Looking up key:

[15:29:27.636] [bmv2] [D] [thread 45750] [62.0] [cxt 0] Table 'tbl_link_monitor381': miss
[15:29:27.636] [bmv2] [D] [thread 45750] [62.0] [cxt 0] Action entry is link_monitor381 - 
[15:29:27.636] [bmv2] [T] [thread 45750] [62.0] [cxt 0] Action link_monitor381
[15:29:27.636] [bmv2] [T] [thread 45750] [62.0] [cxt 0] link_monitor.p4(381) Primitive (bit<32>)standard_metadata.egress_port
[15:29:27.636] [bmv2] [T] [thread 45750] [62.0] [cxt 0] link_monitor.p4(381) Primitive byte_cnt_reg.write((bit<32>)standard_metadata.egress_port, new_byte_cnt)
[15:29:27.636] [bmv2] [T] [thread 45750] [62.0] [cxt 0] Wrote register 'MyEgress.byte_cnt_reg' at index 2 with value 703
[15:29:27.636] [bmv2] [T] [thread 45750] [62.0] [cxt 0] link_monitor.p4(383) Condition "hdr.probe.isValid()" (node_16) is false
[15:29:27.636] [bmv2] [D] [thread 45750] [62.0] [cxt 0] Pipeline 'egress': end
[15:29:27.636] [bmv2] [D] [thread 45750] [62.0] [cxt 0] Deparser 'deparser': start
[15:29:27.636] [bmv2] [D] [thread 45750] [62.0] [cxt 0] Updating checksum 'cksum'
[15:29:27.636] [bmv2] [D] [thread 45750] [62.0] [cxt 0] Deparsing header 'ethernet'
[15:29:27.636] [bmv2] [D] [thread 45750] [62.0] [cxt 0] Deparsing header 'ipv4'
[15:29:27.636] [bmv2] [D] [thread 45750] [62.0] [cxt 0] Deparser 'deparser': end
[15:29:27.636] [bmv2] [D] [thread 45752] [62.0] [cxt 0] Transmitting packet of size 37 out of port 2
[15:29:30.116] [bmv2] [D] [thread 45747] [63.0] [cxt 0] Processing packet received on port 2
[15:29:30.116] [bmv2] [D] [thread 45747] [63.0] [cxt 0] Parser 'parser': start
[15:29:30.116] [bmv2] [D] [thread 45747] [63.0] [cxt 0] Parser 'parser' entering state 'start'
[15:29:30.116] [bmv2] [D] [thread 45747] [63.0] [cxt 0] Extracting header 'ethernet'
[15:29:30.116] [bmv2] [D] [thread 45747] [63.0] [cxt 0] Parser state 'start': key is 86dd
[15:29:30.116] [bmv2] [T] [thread 45747] [63.0] [cxt 0] Bytes parsed: 14
[15:29:30.116] [bmv2] [D] [thread 45747] [63.0] [cxt 0] Parser 'parser': end
[15:29:30.116] [bmv2] [D] [thread 45747] [63.0] [cxt 0] Pipeline 'ingress': start
[15:29:30.116] [bmv2] [T] [thread 45747] [63.0] [cxt 0] link_monitor.p4(331) Condition "hdr.tcp.isValid()" (node_2) is false
[15:29:30.116] [bmv2] [T] [thread 45747] [63.0] [cxt 0] link_monitor.p4(335) Condition "hdr.ipv4.isValid()" (node_5) is false
[15:29:30.116] [bmv2] [T] [thread 45747] [63.0] [cxt 0] link_monitor.p4(338) Condition "hdr.probe.isValid()" (node_7) is false
[15:29:30.116] [bmv2] [D] [thread 45747] [63.0] [cxt 0] Pipeline 'ingress': end
[15:29:30.116] [bmv2] [D] [thread 45747] [63.0] [cxt 0] Egress port is 0
[15:29:30.116] [bmv2] [D] [thread 45748] [63.0] [cxt 0] Pipeline 'egress': start
[15:29:30.116] [bmv2] [T] [thread 45748] [63.0] [cxt 0] Applying table 'tbl_link_monitor377'
[15:29:30.116] [bmv2] [D] [thread 45748] [63.0] [cxt 0] Looking up key:

[15:29:30.116] [bmv2] [D] [thread 45748] [63.0] [cxt 0] Table 'tbl_link_monitor377': miss
[15:29:30.116] [bmv2] [D] [thread 45748] [63.0] [cxt 0] Action entry is link_monitor377 - 
[15:29:30.116] [bmv2] [T] [thread 45748] [63.0] [cxt 0] Action link_monitor377
[15:29:30.116] [bmv2] [T] [thread 45748] [63.0] [cxt 0] link_monitor.p4(377) Primitive (bit<32>)standard_metadata.egress_port
[15:29:30.116] [bmv2] [T] [thread 45748] [63.0] [cxt 0] link_monitor.p4(377) Primitive byte_cnt_reg.read(byte_cnt, (bit<32>)standard_metadata.egress_port)
[15:29:30.116] [bmv2] [T] [thread 45748] [63.0] [cxt 0] Read register 'MyEgress.byte_cnt_reg' at index 0 read value 1680
[15:29:30.116] [bmv2] [T] [thread 45748] [63.0] [cxt 0] link_monitor.p4(378) Primitive byte_cnt = byte_cnt + standard_metadata.packet_length
[15:29:30.116] [bmv2] [T] [thread 45748] [63.0] [cxt 0] link_monitor.p4(380) Condition "hdr.probe.isValid()" (node_12) is false
[15:29:30.116] [bmv2] [T] [thread 45748] [63.0] [cxt 0] Applying table 'tbl_link_monitor380_0'
[15:29:30.116] [bmv2] [D] [thread 45748] [63.0] [cxt 0] Looking up key:

[15:29:30.116] [bmv2] [D] [thread 45748] [63.0] [cxt 0] Table 'tbl_link_monitor380_0': miss
[15:29:30.116] [bmv2] [D] [thread 45748] [63.0] [cxt 0] Action entry is link_monitor380_0 - 
[15:29:30.116] [bmv2] [T] [thread 45748] [63.0] [cxt 0] Action link_monitor380_0
[15:29:30.116] [bmv2] [T] [thread 45748] [63.0] [cxt 0] link_monitor.p4(380) Primitive (hdr.probe.isValid()) ? 0 : byte_cnt
[15:29:30.116] [bmv2] [T] [thread 45748] [63.0] [cxt 0] Applying table 'tbl_link_monitor381'
[15:29:30.116] [bmv2] [D] [thread 45748] [63.0] [cxt 0] Looking up key:

[15:29:30.116] [bmv2] [D] [thread 45748] [63.0] [cxt 0] Table 'tbl_link_monitor381': miss
[15:29:30.116] [bmv2] [D] [thread 45748] [63.0] [cxt 0] Action entry is link_monitor381 - 
[15:29:30.116] [bmv2] [T] [thread 45748] [63.0] [cxt 0] Action link_monitor381
[15:29:30.116] [bmv2] [T] [thread 45748] [63.0] [cxt 0] link_monitor.p4(381) Primitive (bit<32>)standard_metadata.egress_port
[15:29:30.116] [bmv2] [T] [thread 45748] [63.0] [cxt 0] link_monitor.p4(381) Primitive byte_cnt_reg.write((bit<32>)standard_metadata.egress_port, new_byte_cnt)
[15:29:30.116] [bmv2] [T] [thread 45748] [63.0] [cxt 0] Wrote register 'MyEgress.byte_cnt_reg' at index 0 with value 1750
[15:29:30.116] [bmv2] [T] [thread 45748] [63.0] [cxt 0] link_monitor.p4(383) Condition "hdr.probe.isValid()" (node_16) is false
[15:29:30.116] [bmv2] [D] [thread 45748] [63.0] [cxt 0] Pipeline 'egress': end
[15:29:30.116] [bmv2] [D] [thread 45748] [63.0] [cxt 0] Deparser 'deparser': start
[15:29:30.116] [bmv2] [T] [thread 45748] [63.0] [cxt 0] Skipping checksum 'cksum' update because condition not met
[15:29:30.116] [bmv2] [D] [thread 45748] [63.0] [cxt 0] Deparsing header 'ethernet'
[15:29:30.116] [bmv2] [D] [thread 45748] [63.0] [cxt 0] Deparser 'deparser': end
[15:29:30.116] [bmv2] [D] [thread 45752] [63.0] [cxt 0] Transmitting packet of size 70 out of port 0
[15:29:40.368] [bmv2] [D] [thread 45747] [64.0] [cxt 0] Processing packet received on port 1
[15:29:40.368] [bmv2] [D] [thread 45747] [64.0] [cxt 0] Parser 'parser': start
[15:29:40.368] [bmv2] [D] [thread 45747] [64.0] [cxt 0] Parser 'parser' entering state 'start'
[15:29:40.368] [bmv2] [D] [thread 45747] [64.0] [cxt 0] Extracting header 'ethernet'
[15:29:40.368] [bmv2] [D] [thread 45747] [64.0] [cxt 0] Parser state 'start': key is 86dd
[15:29:40.368] [bmv2] [T] [thread 45747] [64.0] [cxt 0] Bytes parsed: 14
[15:29:40.368] [bmv2] [D] [thread 45747] [64.0] [cxt 0] Parser 'parser': end
[15:29:40.368] [bmv2] [D] [thread 45747] [64.0] [cxt 0] Pipeline 'ingress': start
[15:29:40.368] [bmv2] [T] [thread 45747] [64.0] [cxt 0] link_monitor.p4(331) Condition "hdr.tcp.isValid()" (node_2) is false
[15:29:40.368] [bmv2] [T] [thread 45747] [64.0] [cxt 0] link_monitor.p4(335) Condition "hdr.ipv4.isValid()" (node_5) is false
[15:29:40.368] [bmv2] [T] [thread 45747] [64.0] [cxt 0] link_monitor.p4(338) Condition "hdr.probe.isValid()" (node_7) is false
[15:29:40.368] [bmv2] [D] [thread 45747] [64.0] [cxt 0] Pipeline 'ingress': end
[15:29:40.368] [bmv2] [D] [thread 45747] [64.0] [cxt 0] Egress port is 0
[15:29:40.368] [bmv2] [D] [thread 45747] [65.0] [cxt 0] Processing packet received on port 3
[15:29:40.368] [bmv2] [D] [thread 45747] [65.0] [cxt 0] Parser 'parser': start
[15:29:40.368] [bmv2] [D] [thread 45747] [65.0] [cxt 0] Parser 'parser' entering state 'start'
[15:29:40.368] [bmv2] [D] [thread 45747] [65.0] [cxt 0] Extracting header 'ethernet'
[15:29:40.368] [bmv2] [D] [thread 45747] [65.0] [cxt 0] Parser state 'start': key is 86dd
[15:29:40.368] [bmv2] [T] [thread 45747] [65.0] [cxt 0] Bytes parsed: 14
[15:29:40.368] [bmv2] [D] [thread 45747] [65.0] [cxt 0] Parser 'parser': end
[15:29:40.368] [bmv2] [D] [thread 45747] [65.0] [cxt 0] Pipeline 'ingress': start
[15:29:40.368] [bmv2] [T] [thread 45747] [65.0] [cxt 0] link_monitor.p4(331) Condition "hdr.tcp.isValid()" (node_2) is false
[15:29:40.368] [bmv2] [T] [thread 45747] [65.0] [cxt 0] link_monitor.p4(335) Condition "hdr.ipv4.isValid()" (node_5) is false
[15:29:40.368] [bmv2] [T] [thread 45747] [65.0] [cxt 0] link_monitor.p4(338) Condition "hdr.probe.isValid()" (node_7) is false
[15:29:40.368] [bmv2] [D] [thread 45747] [65.0] [cxt 0] Pipeline 'ingress': end
[15:29:40.368] [bmv2] [D] [thread 45747] [65.0] [cxt 0] Egress port is 0
[15:29:40.368] [bmv2] [D] [thread 45748] [64.0] [cxt 0] Pipeline 'egress': start
[15:29:40.368] [bmv2] [T] [thread 45748] [64.0] [cxt 0] Applying table 'tbl_link_monitor377'
[15:29:40.368] [bmv2] [D] [thread 45748] [64.0] [cxt 0] Looking up key:

[15:29:40.368] [bmv2] [D] [thread 45748] [64.0] [cxt 0] Table 'tbl_link_monitor377': miss
[15:29:40.368] [bmv2] [D] [thread 45748] [64.0] [cxt 0] Action entry is link_monitor377 - 
[15:29:40.368] [bmv2] [T] [thread 45748] [64.0] [cxt 0] Action link_monitor377
[15:29:40.368] [bmv2] [T] [thread 45748] [64.0] [cxt 0] link_monitor.p4(377) Primitive (bit<32>)standard_metadata.egress_port
[15:29:40.368] [bmv2] [T] [thread 45748] [64.0] [cxt 0] link_monitor.p4(377) Primitive byte_cnt_reg.read(byte_cnt, (bit<32>)standard_metadata.egress_port)
[15:29:40.368] [bmv2] [T] [thread 45748] [64.0] [cxt 0] Read register 'MyEgress.byte_cnt_reg' at index 0 read value 1750
[15:29:40.368] [bmv2] [T] [thread 45748] [64.0] [cxt 0] link_monitor.p4(378) Primitive byte_cnt = byte_cnt + standard_metadata.packet_length
[15:29:40.369] [bmv2] [T] [thread 45748] [64.0] [cxt 0] link_monitor.p4(380) Condition "hdr.probe.isValid()" (node_12) is false
[15:29:40.369] [bmv2] [T] [thread 45748] [64.0] [cxt 0] Applying table 'tbl_link_monitor380_0'
[15:29:40.369] [bmv2] [D] [thread 45748] [64.0] [cxt 0] Looking up key:

[15:29:40.369] [bmv2] [D] [thread 45748] [64.0] [cxt 0] Table 'tbl_link_monitor380_0': miss
[15:29:40.369] [bmv2] [D] [thread 45748] [64.0] [cxt 0] Action entry is link_monitor380_0 - 
[15:29:40.369] [bmv2] [T] [thread 45748] [64.0] [cxt 0] Action link_monitor380_0
[15:29:40.369] [bmv2] [T] [thread 45748] [64.0] [cxt 0] link_monitor.p4(380) Primitive (hdr.probe.isValid()) ? 0 : byte_cnt
[15:29:40.369] [bmv2] [T] [thread 45748] [64.0] [cxt 0] Applying table 'tbl_link_monitor381'
[15:29:40.369] [bmv2] [D] [thread 45748] [64.0] [cxt 0] Looking up key:

[15:29:40.369] [bmv2] [D] [thread 45748] [64.0] [cxt 0] Table 'tbl_link_monitor381': miss
[15:29:40.369] [bmv2] [D] [thread 45748] [64.0] [cxt 0] Action entry is link_monitor381 - 
[15:29:40.369] [bmv2] [T] [thread 45748] [64.0] [cxt 0] Action link_monitor381
[15:29:40.369] [bmv2] [T] [thread 45748] [64.0] [cxt 0] link_monitor.p4(381) Primitive (bit<32>)standard_metadata.egress_port
[15:29:40.369] [bmv2] [T] [thread 45748] [64.0] [cxt 0] link_monitor.p4(381) Primitive byte_cnt_reg.write((bit<32>)standard_metadata.egress_port, new_byte_cnt)
[15:29:40.369] [bmv2] [T] [thread 45748] [64.0] [cxt 0] Wrote register 'MyEgress.byte_cnt_reg' at index 0 with value 1820
[15:29:40.369] [bmv2] [T] [thread 45748] [64.0] [cxt 0] link_monitor.p4(383) Condition "hdr.probe.isValid()" (node_16) is false
[15:29:40.369] [bmv2] [D] [thread 45748] [64.0] [cxt 0] Pipeline 'egress': end
[15:29:40.369] [bmv2] [D] [thread 45748] [64.0] [cxt 0] Deparser 'deparser': start
[15:29:40.369] [bmv2] [T] [thread 45748] [64.0] [cxt 0] Skipping checksum 'cksum' update because condition not met
[15:29:40.369] [bmv2] [D] [thread 45748] [64.0] [cxt 0] Deparsing header 'ethernet'
[15:29:40.369] [bmv2] [D] [thread 45748] [64.0] [cxt 0] Deparser 'deparser': end
[15:29:40.369] [bmv2] [D] [thread 45748] [65.0] [cxt 0] Pipeline 'egress': start
[15:29:40.369] [bmv2] [T] [thread 45748] [65.0] [cxt 0] Applying table 'tbl_link_monitor377'
[15:29:40.369] [bmv2] [D] [thread 45748] [65.0] [cxt 0] Looking up key:

[15:29:40.369] [bmv2] [D] [thread 45748] [65.0] [cxt 0] Table 'tbl_link_monitor377': miss
[15:29:40.369] [bmv2] [D] [thread 45748] [65.0] [cxt 0] Action entry is link_monitor377 - 
[15:29:40.369] [bmv2] [T] [thread 45748] [65.0] [cxt 0] Action link_monitor377
[15:29:40.369] [bmv2] [T] [thread 45748] [65.0] [cxt 0] link_monitor.p4(377) Primitive (bit<32>)standard_metadata.egress_port
[15:29:40.369] [bmv2] [T] [thread 45748] [65.0] [cxt 0] link_monitor.p4(377) Primitive byte_cnt_reg.read(byte_cnt, (bit<32>)standard_metadata.egress_port)
[15:29:40.369] [bmv2] [T] [thread 45748] [65.0] [cxt 0] Read register 'MyEgress.byte_cnt_reg' at index 0 read value 1820
[15:29:40.369] [bmv2] [T] [thread 45748] [65.0] [cxt 0] link_monitor.p4(378) Primitive byte_cnt = byte_cnt + standard_metadata.packet_length
[15:29:40.369] [bmv2] [T] [thread 45748] [65.0] [cxt 0] link_monitor.p4(380) Condition "hdr.probe.isValid()" (node_12) is false
[15:29:40.369] [bmv2] [T] [thread 45748] [65.0] [cxt 0] Applying table 'tbl_link_monitor380_0'
[15:29:40.369] [bmv2] [D] [thread 45748] [65.0] [cxt 0] Looking up key:

[15:29:40.369] [bmv2] [D] [thread 45748] [65.0] [cxt 0] Table 'tbl_link_monitor380_0': miss
[15:29:40.369] [bmv2] [D] [thread 45748] [65.0] [cxt 0] Action entry is link_monitor380_0 - 
[15:29:40.369] [bmv2] [T] [thread 45748] [65.0] [cxt 0] Action link_monitor380_0
[15:29:40.369] [bmv2] [T] [thread 45748] [65.0] [cxt 0] link_monitor.p4(380) Primitive (hdr.probe.isValid()) ? 0 : byte_cnt
[15:29:40.369] [bmv2] [T] [thread 45748] [65.0] [cxt 0] Applying table 'tbl_link_monitor381'
[15:29:40.369] [bmv2] [D] [thread 45748] [65.0] [cxt 0] Looking up key:

[15:29:40.369] [bmv2] [D] [thread 45748] [65.0] [cxt 0] Table 'tbl_link_monitor381': miss
[15:29:40.369] [bmv2] [D] [thread 45748] [65.0] [cxt 0] Action entry is link_monitor381 - 
[15:29:40.369] [bmv2] [T] [thread 45748] [65.0] [cxt 0] Action link_monitor381
[15:29:40.369] [bmv2] [T] [thread 45748] [65.0] [cxt 0] link_monitor.p4(381) Primitive (bit<32>)standard_metadata.egress_port
[15:29:40.369] [bmv2] [T] [thread 45748] [65.0] [cxt 0] link_monitor.p4(381) Primitive byte_cnt_reg.write((bit<32>)standard_metadata.egress_port, new_byte_cnt)
[15:29:40.369] [bmv2] [T] [thread 45748] [65.0] [cxt 0] Wrote register 'MyEgress.byte_cnt_reg' at index 0 with value 1890
[15:29:40.369] [bmv2] [T] [thread 45748] [65.0] [cxt 0] link_monitor.p4(383) Condition "hdr.probe.isValid()" (node_16) is false
[15:29:40.369] [bmv2] [D] [thread 45748] [65.0] [cxt 0] Pipeline 'egress': end
[15:29:40.369] [bmv2] [D] [thread 45748] [65.0] [cxt 0] Deparser 'deparser': start
[15:29:40.369] [bmv2] [T] [thread 45748] [65.0] [cxt 0] Skipping checksum 'cksum' update because condition not met
[15:29:40.369] [bmv2] [D] [thread 45748] [65.0] [cxt 0] Deparsing header 'ethernet'
[15:29:40.369] [bmv2] [D] [thread 45748] [65.0] [cxt 0] Deparser 'deparser': end
[15:29:40.369] [bmv2] [D] [thread 45752] [64.0] [cxt 0] Transmitting packet of size 70 out of port 0
[15:29:40.369] [bmv2] [D] [thread 45752] [65.0] [cxt 0] Transmitting packet of size 70 out of port 0
[15:29:54.696] [bmv2] [D] [thread 45747] [66.0] [cxt 0] Processing packet received on port 3
[15:29:54.696] [bmv2] [D] [thread 45747] [66.0] [cxt 0] Parser 'parser': start
[15:29:54.696] [bmv2] [D] [thread 45747] [66.0] [cxt 0] Parser 'parser' entering state 'start'
[15:29:54.696] [bmv2] [D] [thread 45747] [66.0] [cxt 0] Extracting header 'ethernet'
[15:29:54.696] [bmv2] [D] [thread 45747] [66.0] [cxt 0] Parser state 'start': key is 86dd
[15:29:54.696] [bmv2] [T] [thread 45747] [66.0] [cxt 0] Bytes parsed: 14
[15:29:54.696] [bmv2] [D] [thread 45747] [66.0] [cxt 0] Parser 'parser': end
[15:29:54.696] [bmv2] [D] [thread 45747] [66.0] [cxt 0] Pipeline 'ingress': start
[15:29:54.696] [bmv2] [T] [thread 45747] [66.0] [cxt 0] link_monitor.p4(331) Condition "hdr.tcp.isValid()" (node_2) is false
[15:29:54.696] [bmv2] [T] [thread 45747] [66.0] [cxt 0] link_monitor.p4(335) Condition "hdr.ipv4.isValid()" (node_5) is false
[15:29:54.696] [bmv2] [T] [thread 45747] [66.0] [cxt 0] link_monitor.p4(338) Condition "hdr.probe.isValid()" (node_7) is false
[15:29:54.696] [bmv2] [D] [thread 45747] [66.0] [cxt 0] Pipeline 'ingress': end
[15:29:54.696] [bmv2] [D] [thread 45747] [66.0] [cxt 0] Egress port is 0
[15:29:54.697] [bmv2] [D] [thread 45747] [67.0] [cxt 0] Processing packet received on port 4
[15:29:54.697] [bmv2] [D] [thread 45747] [67.0] [cxt 0] Parser 'parser': start
[15:29:54.697] [bmv2] [D] [thread 45747] [67.0] [cxt 0] Parser 'parser' entering state 'start'
[15:29:54.697] [bmv2] [D] [thread 45747] [67.0] [cxt 0] Extracting header 'ethernet'
[15:29:54.697] [bmv2] [D] [thread 45747] [67.0] [cxt 0] Parser state 'start': key is 86dd
[15:29:54.697] [bmv2] [T] [thread 45747] [67.0] [cxt 0] Bytes parsed: 14
[15:29:54.697] [bmv2] [D] [thread 45747] [67.0] [cxt 0] Parser 'parser': end
[15:29:54.697] [bmv2] [D] [thread 45747] [67.0] [cxt 0] Pipeline 'ingress': start
[15:29:54.697] [bmv2] [T] [thread 45747] [67.0] [cxt 0] link_monitor.p4(331) Condition "hdr.tcp.isValid()" (node_2) is false
[15:29:54.697] [bmv2] [T] [thread 45747] [67.0] [cxt 0] link_monitor.p4(335) Condition "hdr.ipv4.isValid()" (node_5) is false
[15:29:54.697] [bmv2] [T] [thread 45747] [67.0] [cxt 0] link_monitor.p4(338) Condition "hdr.probe.isValid()" (node_7) is false
[15:29:54.697] [bmv2] [D] [thread 45747] [67.0] [cxt 0] Pipeline 'ingress': end
[15:29:54.697] [bmv2] [D] [thread 45747] [67.0] [cxt 0] Egress port is 0
[15:29:54.697] [bmv2] [D] [thread 45748] [66.0] [cxt 0] Pipeline 'egress': start
[15:29:54.697] [bmv2] [T] [thread 45748] [66.0] [cxt 0] Applying table 'tbl_link_monitor377'
[15:29:54.697] [bmv2] [D] [thread 45748] [66.0] [cxt 0] Looking up key:

[15:29:54.697] [bmv2] [D] [thread 45748] [66.0] [cxt 0] Table 'tbl_link_monitor377': miss
[15:29:54.697] [bmv2] [D] [thread 45748] [66.0] [cxt 0] Action entry is link_monitor377 - 
[15:29:54.697] [bmv2] [T] [thread 45748] [66.0] [cxt 0] Action link_monitor377
[15:29:54.697] [bmv2] [T] [thread 45748] [66.0] [cxt 0] link_monitor.p4(377) Primitive (bit<32>)standard_metadata.egress_port
[15:29:54.697] [bmv2] [T] [thread 45748] [66.0] [cxt 0] link_monitor.p4(377) Primitive byte_cnt_reg.read(byte_cnt, (bit<32>)standard_metadata.egress_port)
[15:29:54.697] [bmv2] [T] [thread 45748] [66.0] [cxt 0] Read register 'MyEgress.byte_cnt_reg' at index 0 read value 1890
[15:29:54.697] [bmv2] [T] [thread 45748] [66.0] [cxt 0] link_monitor.p4(378) Primitive byte_cnt = byte_cnt + standard_metadata.packet_length
[15:29:54.697] [bmv2] [T] [thread 45748] [66.0] [cxt 0] link_monitor.p4(380) Condition "hdr.probe.isValid()" (node_12) is false
[15:29:54.697] [bmv2] [T] [thread 45748] [66.0] [cxt 0] Applying table 'tbl_link_monitor380_0'
[15:29:54.697] [bmv2] [D] [thread 45748] [66.0] [cxt 0] Looking up key:

[15:29:54.697] [bmv2] [D] [thread 45748] [66.0] [cxt 0] Table 'tbl_link_monitor380_0': miss
[15:29:54.697] [bmv2] [D] [thread 45748] [66.0] [cxt 0] Action entry is link_monitor380_0 - 
[15:29:54.697] [bmv2] [T] [thread 45748] [66.0] [cxt 0] Action link_monitor380_0
[15:29:54.697] [bmv2] [T] [thread 45748] [66.0] [cxt 0] link_monitor.p4(380) Primitive (hdr.probe.isValid()) ? 0 : byte_cnt
[15:29:54.697] [bmv2] [T] [thread 45748] [66.0] [cxt 0] Applying table 'tbl_link_monitor381'
[15:29:54.697] [bmv2] [D] [thread 45748] [66.0] [cxt 0] Looking up key:

[15:29:54.697] [bmv2] [D] [thread 45748] [66.0] [cxt 0] Table 'tbl_link_monitor381': miss
[15:29:54.697] [bmv2] [D] [thread 45748] [66.0] [cxt 0] Action entry is link_monitor381 - 
[15:29:54.697] [bmv2] [T] [thread 45748] [66.0] [cxt 0] Action link_monitor381
[15:29:54.697] [bmv2] [T] [thread 45748] [66.0] [cxt 0] link_monitor.p4(381) Primitive (bit<32>)standard_metadata.egress_port
[15:29:54.697] [bmv2] [T] [thread 45748] [66.0] [cxt 0] link_monitor.p4(381) Primitive byte_cnt_reg.write((bit<32>)standard_metadata.egress_port, new_byte_cnt)
[15:29:54.697] [bmv2] [T] [thread 45748] [66.0] [cxt 0] Wrote register 'MyEgress.byte_cnt_reg' at index 0 with value 1960
[15:29:54.697] [bmv2] [T] [thread 45748] [66.0] [cxt 0] link_monitor.p4(383) Condition "hdr.probe.isValid()" (node_16) is false
[15:29:54.697] [bmv2] [D] [thread 45748] [66.0] [cxt 0] Pipeline 'egress': end
[15:29:54.697] [bmv2] [D] [thread 45748] [66.0] [cxt 0] Deparser 'deparser': start
[15:29:54.697] [bmv2] [T] [thread 45748] [66.0] [cxt 0] Skipping checksum 'cksum' update because condition not met
[15:29:54.697] [bmv2] [D] [thread 45748] [66.0] [cxt 0] Deparsing header 'ethernet'
[15:29:54.697] [bmv2] [D] [thread 45748] [66.0] [cxt 0] Deparser 'deparser': end
[15:29:54.697] [bmv2] [D] [thread 45748] [67.0] [cxt 0] Pipeline 'egress': start
[15:29:54.697] [bmv2] [T] [thread 45748] [67.0] [cxt 0] Applying table 'tbl_link_monitor377'
[15:29:54.697] [bmv2] [D] [thread 45748] [67.0] [cxt 0] Looking up key:

[15:29:54.697] [bmv2] [D] [thread 45748] [67.0] [cxt 0] Table 'tbl_link_monitor377': miss
[15:29:54.697] [bmv2] [D] [thread 45748] [67.0] [cxt 0] Action entry is link_monitor377 - 
[15:29:54.697] [bmv2] [T] [thread 45748] [67.0] [cxt 0] Action link_monitor377
[15:29:54.697] [bmv2] [T] [thread 45748] [67.0] [cxt 0] link_monitor.p4(377) Primitive (bit<32>)standard_metadata.egress_port
[15:29:54.697] [bmv2] [T] [thread 45748] [67.0] [cxt 0] link_monitor.p4(377) Primitive byte_cnt_reg.read(byte_cnt, (bit<32>)standard_metadata.egress_port)
[15:29:54.697] [bmv2] [T] [thread 45748] [67.0] [cxt 0] Read register 'MyEgress.byte_cnt_reg' at index 0 read value 1960
[15:29:54.697] [bmv2] [T] [thread 45748] [67.0] [cxt 0] link_monitor.p4(378) Primitive byte_cnt = byte_cnt + standard_metadata.packet_length
[15:29:54.697] [bmv2] [T] [thread 45748] [67.0] [cxt 0] link_monitor.p4(380) Condition "hdr.probe.isValid()" (node_12) is false
[15:29:54.697] [bmv2] [T] [thread 45748] [67.0] [cxt 0] Applying table 'tbl_link_monitor380_0'
[15:29:54.697] [bmv2] [D] [thread 45748] [67.0] [cxt 0] Looking up key:

[15:29:54.697] [bmv2] [D] [thread 45748] [67.0] [cxt 0] Table 'tbl_link_monitor380_0': miss
[15:29:54.697] [bmv2] [D] [thread 45748] [67.0] [cxt 0] Action entry is link_monitor380_0 - 
[15:29:54.697] [bmv2] [T] [thread 45748] [67.0] [cxt 0] Action link_monitor380_0
[15:29:54.697] [bmv2] [T] [thread 45748] [67.0] [cxt 0] link_monitor.p4(380) Primitive (hdr.probe.isValid()) ? 0 : byte_cnt
[15:29:54.697] [bmv2] [T] [thread 45748] [67.0] [cxt 0] Applying table 'tbl_link_monitor381'
[15:29:54.697] [bmv2] [D] [thread 45748] [67.0] [cxt 0] Looking up key:

[15:29:54.697] [bmv2] [D] [thread 45748] [67.0] [cxt 0] Table 'tbl_link_monitor381': miss
[15:29:54.697] [bmv2] [D] [thread 45748] [67.0] [cxt 0] Action entry is link_monitor381 - 
[15:29:54.697] [bmv2] [T] [thread 45748] [67.0] [cxt 0] Action link_monitor381
[15:29:54.697] [bmv2] [T] [thread 45748] [67.0] [cxt 0] link_monitor.p4(381) Primitive (bit<32>)standard_metadata.egress_port
[15:29:54.697] [bmv2] [T] [thread 45748] [67.0] [cxt 0] link_monitor.p4(381) Primitive byte_cnt_reg.write((bit<32>)standard_metadata.egress_port, new_byte_cnt)
[15:29:54.697] [bmv2] [T] [thread 45748] [67.0] [cxt 0] Wrote register 'MyEgress.byte_cnt_reg' at index 0 with value 2030
[15:29:54.697] [bmv2] [T] [thread 45748] [67.0] [cxt 0] link_monitor.p4(383) Condition "hdr.probe.isValid()" (node_16) is false
[15:29:54.697] [bmv2] [D] [thread 45748] [67.0] [cxt 0] Pipeline 'egress': end
[15:29:54.697] [bmv2] [D] [thread 45748] [67.0] [cxt 0] Deparser 'deparser': start
[15:29:54.697] [bmv2] [T] [thread 45748] [67.0] [cxt 0] Skipping checksum 'cksum' update because condition not met
[15:29:54.697] [bmv2] [D] [thread 45748] [67.0] [cxt 0] Deparsing header 'ethernet'
[15:29:54.697] [bmv2] [D] [thread 45748] [67.0] [cxt 0] Deparser 'deparser': end
[15:29:54.697] [bmv2] [D] [thread 45752] [66.0] [cxt 0] Transmitting packet of size 70 out of port 0
[15:29:54.697] [bmv2] [D] [thread 45752] [67.0] [cxt 0] Transmitting packet of size 70 out of port 0
[15:29:58.797] [bmv2] [D] [thread 45747] [68.0] [cxt 0] Processing packet received on port 4
[15:29:58.797] [bmv2] [D] [thread 45747] [68.0] [cxt 0] Parser 'parser': start
[15:29:58.797] [bmv2] [D] [thread 45747] [68.0] [cxt 0] Parser 'parser' entering state 'start'
[15:29:58.797] [bmv2] [D] [thread 45747] [68.0] [cxt 0] Extracting header 'ethernet'
[15:29:58.797] [bmv2] [D] [thread 45747] [68.0] [cxt 0] Parser state 'start': key is 86dd
[15:29:58.797] [bmv2] [T] [thread 45747] [68.0] [cxt 0] Bytes parsed: 14
[15:29:58.797] [bmv2] [D] [thread 45747] [68.0] [cxt 0] Parser 'parser': end
[15:29:58.797] [bmv2] [D] [thread 45747] [68.0] [cxt 0] Pipeline 'ingress': start
[15:29:58.797] [bmv2] [T] [thread 45747] [68.0] [cxt 0] link_monitor.p4(331) Condition "hdr.tcp.isValid()" (node_2) is false
[15:29:58.797] [bmv2] [T] [thread 45747] [68.0] [cxt 0] link_monitor.p4(335) Condition "hdr.ipv4.isValid()" (node_5) is false
[15:29:58.797] [bmv2] [T] [thread 45747] [68.0] [cxt 0] link_monitor.p4(338) Condition "hdr.probe.isValid()" (node_7) is false
[15:29:58.797] [bmv2] [D] [thread 45747] [68.0] [cxt 0] Pipeline 'ingress': end
[15:29:58.797] [bmv2] [D] [thread 45747] [68.0] [cxt 0] Egress port is 0
[15:29:58.797] [bmv2] [D] [thread 45748] [68.0] [cxt 0] Pipeline 'egress': start
[15:29:58.797] [bmv2] [T] [thread 45748] [68.0] [cxt 0] Applying table 'tbl_link_monitor377'
[15:29:58.797] [bmv2] [D] [thread 45748] [68.0] [cxt 0] Looking up key:

[15:29:58.797] [bmv2] [D] [thread 45748] [68.0] [cxt 0] Table 'tbl_link_monitor377': miss
[15:29:58.797] [bmv2] [D] [thread 45748] [68.0] [cxt 0] Action entry is link_monitor377 - 
[15:29:58.797] [bmv2] [T] [thread 45748] [68.0] [cxt 0] Action link_monitor377
[15:29:58.797] [bmv2] [T] [thread 45748] [68.0] [cxt 0] link_monitor.p4(377) Primitive (bit<32>)standard_metadata.egress_port
[15:29:58.797] [bmv2] [T] [thread 45748] [68.0] [cxt 0] link_monitor.p4(377) Primitive byte_cnt_reg.read(byte_cnt, (bit<32>)standard_metadata.egress_port)
[15:29:58.797] [bmv2] [T] [thread 45748] [68.0] [cxt 0] Read register 'MyEgress.byte_cnt_reg' at index 0 read value 2030
[15:29:58.797] [bmv2] [T] [thread 45748] [68.0] [cxt 0] link_monitor.p4(378) Primitive byte_cnt = byte_cnt + standard_metadata.packet_length
[15:29:58.797] [bmv2] [T] [thread 45748] [68.0] [cxt 0] link_monitor.p4(380) Condition "hdr.probe.isValid()" (node_12) is false
[15:29:58.797] [bmv2] [T] [thread 45748] [68.0] [cxt 0] Applying table 'tbl_link_monitor380_0'
[15:29:58.797] [bmv2] [D] [thread 45748] [68.0] [cxt 0] Looking up key:

[15:29:58.797] [bmv2] [D] [thread 45748] [68.0] [cxt 0] Table 'tbl_link_monitor380_0': miss
[15:29:58.797] [bmv2] [D] [thread 45748] [68.0] [cxt 0] Action entry is link_monitor380_0 - 
[15:29:58.797] [bmv2] [T] [thread 45748] [68.0] [cxt 0] Action link_monitor380_0
[15:29:58.797] [bmv2] [T] [thread 45748] [68.0] [cxt 0] link_monitor.p4(380) Primitive (hdr.probe.isValid()) ? 0 : byte_cnt
[15:29:58.797] [bmv2] [T] [thread 45748] [68.0] [cxt 0] Applying table 'tbl_link_monitor381'
[15:29:58.797] [bmv2] [D] [thread 45748] [68.0] [cxt 0] Looking up key:

[15:29:58.797] [bmv2] [D] [thread 45748] [68.0] [cxt 0] Table 'tbl_link_monitor381': miss
[15:29:58.797] [bmv2] [D] [thread 45748] [68.0] [cxt 0] Action entry is link_monitor381 - 
[15:29:58.797] [bmv2] [T] [thread 45748] [68.0] [cxt 0] Action link_monitor381
[15:29:58.797] [bmv2] [T] [thread 45748] [68.0] [cxt 0] link_monitor.p4(381) Primitive (bit<32>)standard_metadata.egress_port
[15:29:58.797] [bmv2] [T] [thread 45748] [68.0] [cxt 0] link_monitor.p4(381) Primitive byte_cnt_reg.write((bit<32>)standard_metadata.egress_port, new_byte_cnt)
[15:29:58.797] [bmv2] [T] [thread 45748] [68.0] [cxt 0] Wrote register 'MyEgress.byte_cnt_reg' at index 0 with value 2100
[15:29:58.797] [bmv2] [T] [thread 45748] [68.0] [cxt 0] link_monitor.p4(383) Condition "hdr.probe.isValid()" (node_16) is false
[15:29:58.797] [bmv2] [D] [thread 45748] [68.0] [cxt 0] Pipeline 'egress': end
[15:29:58.797] [bmv2] [D] [thread 45748] [68.0] [cxt 0] Deparser 'deparser': start
[15:29:58.797] [bmv2] [T] [thread 45748] [68.0] [cxt 0] Skipping checksum 'cksum' update because condition not met
[15:29:58.797] [bmv2] [D] [thread 45748] [68.0] [cxt 0] Deparsing header 'ethernet'
[15:29:58.797] [bmv2] [D] [thread 45748] [68.0] [cxt 0] Deparser 'deparser': end
[15:29:58.797] [bmv2] [D] [thread 45752] [68.0] [cxt 0] Transmitting packet of size 70 out of port 0
[15:31:20.711] [bmv2] [D] [thread 45747] [69.0] [cxt 0] Processing packet received on port 2
[15:31:20.711] [bmv2] [D] [thread 45747] [69.0] [cxt 0] Parser 'parser': start
[15:31:20.711] [bmv2] [D] [thread 45747] [69.0] [cxt 0] Parser 'parser' entering state 'start'
[15:31:20.711] [bmv2] [D] [thread 45747] [69.0] [cxt 0] Extracting header 'ethernet'
[15:31:20.712] [bmv2] [D] [thread 45747] [69.0] [cxt 0] Parser state 'start': key is 86dd
[15:31:20.712] [bmv2] [T] [thread 45747] [69.0] [cxt 0] Bytes parsed: 14
[15:31:20.712] [bmv2] [D] [thread 45747] [69.0] [cxt 0] Parser 'parser': end
[15:31:20.712] [bmv2] [D] [thread 45747] [69.0] [cxt 0] Pipeline 'ingress': start
[15:31:20.712] [bmv2] [T] [thread 45747] [69.0] [cxt 0] link_monitor.p4(331) Condition "hdr.tcp.isValid()" (node_2) is false
[15:31:20.712] [bmv2] [T] [thread 45747] [69.0] [cxt 0] link_monitor.p4(335) Condition "hdr.ipv4.isValid()" (node_5) is false
[15:31:20.712] [bmv2] [T] [thread 45747] [69.0] [cxt 0] link_monitor.p4(338) Condition "hdr.probe.isValid()" (node_7) is false
[15:31:20.712] [bmv2] [D] [thread 45747] [69.0] [cxt 0] Pipeline 'ingress': end
[15:31:20.712] [bmv2] [D] [thread 45747] [69.0] [cxt 0] Egress port is 0
[15:31:20.712] [bmv2] [D] [thread 45748] [69.0] [cxt 0] Pipeline 'egress': start
[15:31:20.712] [bmv2] [T] [thread 45748] [69.0] [cxt 0] Applying table 'tbl_link_monitor377'
[15:31:20.712] [bmv2] [D] [thread 45748] [69.0] [cxt 0] Looking up key:

[15:31:20.712] [bmv2] [D] [thread 45748] [69.0] [cxt 0] Table 'tbl_link_monitor377': miss
[15:31:20.712] [bmv2] [D] [thread 45748] [69.0] [cxt 0] Action entry is link_monitor377 - 
[15:31:20.712] [bmv2] [T] [thread 45748] [69.0] [cxt 0] Action link_monitor377
[15:31:20.712] [bmv2] [T] [thread 45748] [69.0] [cxt 0] link_monitor.p4(377) Primitive (bit<32>)standard_metadata.egress_port
[15:31:20.712] [bmv2] [T] [thread 45748] [69.0] [cxt 0] link_monitor.p4(377) Primitive byte_cnt_reg.read(byte_cnt, (bit<32>)standard_metadata.egress_port)
[15:31:20.712] [bmv2] [T] [thread 45748] [69.0] [cxt 0] Read register 'MyEgress.byte_cnt_reg' at index 0 read value 2100
[15:31:20.712] [bmv2] [T] [thread 45748] [69.0] [cxt 0] link_monitor.p4(378) Primitive byte_cnt = byte_cnt + standard_metadata.packet_length
[15:31:20.712] [bmv2] [T] [thread 45748] [69.0] [cxt 0] link_monitor.p4(380) Condition "hdr.probe.isValid()" (node_12) is false
[15:31:20.712] [bmv2] [T] [thread 45748] [69.0] [cxt 0] Applying table 'tbl_link_monitor380_0'
[15:31:20.712] [bmv2] [D] [thread 45748] [69.0] [cxt 0] Looking up key:

[15:31:20.712] [bmv2] [D] [thread 45748] [69.0] [cxt 0] Table 'tbl_link_monitor380_0': miss
[15:31:20.712] [bmv2] [D] [thread 45748] [69.0] [cxt 0] Action entry is link_monitor380_0 - 
[15:31:20.712] [bmv2] [T] [thread 45748] [69.0] [cxt 0] Action link_monitor380_0
[15:31:20.712] [bmv2] [T] [thread 45748] [69.0] [cxt 0] link_monitor.p4(380) Primitive (hdr.probe.isValid()) ? 0 : byte_cnt
[15:31:20.712] [bmv2] [T] [thread 45748] [69.0] [cxt 0] Applying table 'tbl_link_monitor381'
[15:31:20.712] [bmv2] [D] [thread 45748] [69.0] [cxt 0] Looking up key:

[15:31:20.712] [bmv2] [D] [thread 45748] [69.0] [cxt 0] Table 'tbl_link_monitor381': miss
[15:31:20.712] [bmv2] [D] [thread 45748] [69.0] [cxt 0] Action entry is link_monitor381 - 
[15:31:20.713] [bmv2] [T] [thread 45748] [69.0] [cxt 0] Action link_monitor381
[15:31:20.713] [bmv2] [T] [thread 45748] [69.0] [cxt 0] link_monitor.p4(381) Primitive (bit<32>)standard_metadata.egress_port
[15:31:20.713] [bmv2] [T] [thread 45748] [69.0] [cxt 0] link_monitor.p4(381) Primitive byte_cnt_reg.write((bit<32>)standard_metadata.egress_port, new_byte_cnt)
[15:31:20.713] [bmv2] [T] [thread 45748] [69.0] [cxt 0] Wrote register 'MyEgress.byte_cnt_reg' at index 0 with value 2170
[15:31:20.713] [bmv2] [T] [thread 45748] [69.0] [cxt 0] link_monitor.p4(383) Condition "hdr.probe.isValid()" (node_16) is false
[15:31:20.713] [bmv2] [D] [thread 45748] [69.0] [cxt 0] Pipeline 'egress': end
[15:31:20.713] [bmv2] [D] [thread 45748] [69.0] [cxt 0] Deparser 'deparser': start
[15:31:20.713] [bmv2] [T] [thread 45748] [69.0] [cxt 0] Skipping checksum 'cksum' update because condition not met
[15:31:20.713] [bmv2] [D] [thread 45748] [69.0] [cxt 0] Deparsing header 'ethernet'
[15:31:20.713] [bmv2] [D] [thread 45748] [69.0] [cxt 0] Deparser 'deparser': end
[15:31:20.713] [bmv2] [D] [thread 45752] [69.0] [cxt 0] Transmitting packet of size 70 out of port 0
[15:31:37.113] [bmv2] [D] [thread 45747] [70.0] [cxt 0] Processing packet received on port 3
[15:31:37.113] [bmv2] [D] [thread 45747] [70.0] [cxt 0] Parser 'parser': start
[15:31:37.113] [bmv2] [D] [thread 45747] [70.0] [cxt 0] Parser 'parser' entering state 'start'
[15:31:37.113] [bmv2] [D] [thread 45747] [70.0] [cxt 0] Extracting header 'ethernet'
[15:31:37.113] [bmv2] [D] [thread 45747] [70.0] [cxt 0] Parser state 'start': key is 86dd
[15:31:37.113] [bmv2] [T] [thread 45747] [70.0] [cxt 0] Bytes parsed: 14
[15:31:37.113] [bmv2] [D] [thread 45747] [70.0] [cxt 0] Parser 'parser': end
[15:31:37.113] [bmv2] [D] [thread 45747] [70.0] [cxt 0] Pipeline 'ingress': start
[15:31:37.113] [bmv2] [T] [thread 45747] [70.0] [cxt 0] link_monitor.p4(331) Condition "hdr.tcp.isValid()" (node_2) is false
[15:31:37.113] [bmv2] [T] [thread 45747] [70.0] [cxt 0] link_monitor.p4(335) Condition "hdr.ipv4.isValid()" (node_5) is false
[15:31:37.113] [bmv2] [T] [thread 45747] [70.0] [cxt 0] link_monitor.p4(338) Condition "hdr.probe.isValid()" (node_7) is false
[15:31:37.113] [bmv2] [D] [thread 45747] [70.0] [cxt 0] Pipeline 'ingress': end
[15:31:37.113] [bmv2] [D] [thread 45747] [70.0] [cxt 0] Egress port is 0
[15:31:37.114] [bmv2] [D] [thread 45748] [70.0] [cxt 0] Pipeline 'egress': start
[15:31:37.114] [bmv2] [T] [thread 45748] [70.0] [cxt 0] Applying table 'tbl_link_monitor377'
[15:31:37.114] [bmv2] [D] [thread 45748] [70.0] [cxt 0] Looking up key:

[15:31:37.114] [bmv2] [D] [thread 45748] [70.0] [cxt 0] Table 'tbl_link_monitor377': miss
[15:31:37.114] [bmv2] [D] [thread 45748] [70.0] [cxt 0] Action entry is link_monitor377 - 
[15:31:37.114] [bmv2] [T] [thread 45748] [70.0] [cxt 0] Action link_monitor377
[15:31:37.114] [bmv2] [T] [thread 45748] [70.0] [cxt 0] link_monitor.p4(377) Primitive (bit<32>)standard_metadata.egress_port
[15:31:37.114] [bmv2] [T] [thread 45748] [70.0] [cxt 0] link_monitor.p4(377) Primitive byte_cnt_reg.read(byte_cnt, (bit<32>)standard_metadata.egress_port)
[15:31:37.114] [bmv2] [T] [thread 45748] [70.0] [cxt 0] Read register 'MyEgress.byte_cnt_reg' at index 0 read value 2170
[15:31:37.114] [bmv2] [T] [thread 45748] [70.0] [cxt 0] link_monitor.p4(378) Primitive byte_cnt = byte_cnt + standard_metadata.packet_length
[15:31:37.114] [bmv2] [T] [thread 45748] [70.0] [cxt 0] link_monitor.p4(380) Condition "hdr.probe.isValid()" (node_12) is false
[15:31:37.114] [bmv2] [T] [thread 45748] [70.0] [cxt 0] Applying table 'tbl_link_monitor380_0'
[15:31:37.114] [bmv2] [D] [thread 45748] [70.0] [cxt 0] Looking up key:

[15:31:37.114] [bmv2] [D] [thread 45748] [70.0] [cxt 0] Table 'tbl_link_monitor380_0': miss
[15:31:37.114] [bmv2] [D] [thread 45748] [70.0] [cxt 0] Action entry is link_monitor380_0 - 
[15:31:37.114] [bmv2] [T] [thread 45748] [70.0] [cxt 0] Action link_monitor380_0
[15:31:37.114] [bmv2] [T] [thread 45748] [70.0] [cxt 0] link_monitor.p4(380) Primitive (hdr.probe.isValid()) ? 0 : byte_cnt
[15:31:37.114] [bmv2] [T] [thread 45748] [70.0] [cxt 0] Applying table 'tbl_link_monitor381'
[15:31:37.114] [bmv2] [D] [thread 45748] [70.0] [cxt 0] Looking up key:

[15:31:37.114] [bmv2] [D] [thread 45748] [70.0] [cxt 0] Table 'tbl_link_monitor381': miss
[15:31:37.114] [bmv2] [D] [thread 45748] [70.0] [cxt 0] Action entry is link_monitor381 - 
[15:31:37.114] [bmv2] [T] [thread 45748] [70.0] [cxt 0] Action link_monitor381
[15:31:37.114] [bmv2] [T] [thread 45748] [70.0] [cxt 0] link_monitor.p4(381) Primitive (bit<32>)standard_metadata.egress_port
[15:31:37.114] [bmv2] [T] [thread 45748] [70.0] [cxt 0] link_monitor.p4(381) Primitive byte_cnt_reg.write((bit<32>)standard_metadata.egress_port, new_byte_cnt)
[15:31:37.114] [bmv2] [T] [thread 45748] [70.0] [cxt 0] Wrote register 'MyEgress.byte_cnt_reg' at index 0 with value 2240
[15:31:37.114] [bmv2] [T] [thread 45748] [70.0] [cxt 0] link_monitor.p4(383) Condition "hdr.probe.isValid()" (node_16) is false
[15:31:37.114] [bmv2] [D] [thread 45748] [70.0] [cxt 0] Pipeline 'egress': end
[15:31:37.114] [bmv2] [D] [thread 45748] [70.0] [cxt 0] Deparser 'deparser': start
[15:31:37.115] [bmv2] [T] [thread 45748] [70.0] [cxt 0] Skipping checksum 'cksum' update because condition not met
[15:31:37.115] [bmv2] [D] [thread 45748] [70.0] [cxt 0] Deparsing header 'ethernet'
[15:31:37.115] [bmv2] [D] [thread 45748] [70.0] [cxt 0] Deparser 'deparser': end
[15:31:37.115] [bmv2] [D] [thread 45752] [70.0] [cxt 0] Transmitting packet of size 70 out of port 0
[15:31:41.188] [bmv2] [D] [thread 45747] [71.0] [cxt 0] Processing packet received on port 1
[15:31:41.188] [bmv2] [D] [thread 45747] [71.0] [cxt 0] Parser 'parser': start
[15:31:41.188] [bmv2] [D] [thread 45747] [71.0] [cxt 0] Parser 'parser' entering state 'start'
[15:31:41.188] [bmv2] [D] [thread 45747] [71.0] [cxt 0] Extracting header 'ethernet'
[15:31:41.188] [bmv2] [D] [thread 45747] [71.0] [cxt 0] Parser state 'start': key is 86dd
[15:31:41.188] [bmv2] [T] [thread 45747] [71.0] [cxt 0] Bytes parsed: 14
[15:31:41.188] [bmv2] [D] [thread 45747] [71.0] [cxt 0] Parser 'parser': end
[15:31:41.189] [bmv2] [D] [thread 45747] [71.0] [cxt 0] Pipeline 'ingress': start
[15:31:41.189] [bmv2] [T] [thread 45747] [71.0] [cxt 0] link_monitor.p4(331) Condition "hdr.tcp.isValid()" (node_2) is false
[15:31:41.189] [bmv2] [T] [thread 45747] [71.0] [cxt 0] link_monitor.p4(335) Condition "hdr.ipv4.isValid()" (node_5) is false
[15:31:41.189] [bmv2] [T] [thread 45747] [71.0] [cxt 0] link_monitor.p4(338) Condition "hdr.probe.isValid()" (node_7) is false
[15:31:41.189] [bmv2] [D] [thread 45747] [71.0] [cxt 0] Pipeline 'ingress': end
[15:31:41.189] [bmv2] [D] [thread 45747] [71.0] [cxt 0] Egress port is 0
[15:31:41.189] [bmv2] [D] [thread 45748] [71.0] [cxt 0] Pipeline 'egress': start
[15:31:41.189] [bmv2] [T] [thread 45748] [71.0] [cxt 0] Applying table 'tbl_link_monitor377'
[15:31:41.189] [bmv2] [D] [thread 45748] [71.0] [cxt 0] Looking up key:

[15:31:41.189] [bmv2] [D] [thread 45748] [71.0] [cxt 0] Table 'tbl_link_monitor377': miss
[15:31:41.189] [bmv2] [D] [thread 45748] [71.0] [cxt 0] Action entry is link_monitor377 - 
[15:31:41.189] [bmv2] [T] [thread 45748] [71.0] [cxt 0] Action link_monitor377
[15:31:41.189] [bmv2] [T] [thread 45748] [71.0] [cxt 0] link_monitor.p4(377) Primitive (bit<32>)standard_metadata.egress_port
[15:31:41.189] [bmv2] [T] [thread 45748] [71.0] [cxt 0] link_monitor.p4(377) Primitive byte_cnt_reg.read(byte_cnt, (bit<32>)standard_metadata.egress_port)
[15:31:41.189] [bmv2] [T] [thread 45748] [71.0] [cxt 0] Read register 'MyEgress.byte_cnt_reg' at index 0 read value 2240
[15:31:41.189] [bmv2] [T] [thread 45748] [71.0] [cxt 0] link_monitor.p4(378) Primitive byte_cnt = byte_cnt + standard_metadata.packet_length
[15:31:41.189] [bmv2] [T] [thread 45748] [71.0] [cxt 0] link_monitor.p4(380) Condition "hdr.probe.isValid()" (node_12) is false
[15:31:41.189] [bmv2] [T] [thread 45748] [71.0] [cxt 0] Applying table 'tbl_link_monitor380_0'
[15:31:41.189] [bmv2] [D] [thread 45748] [71.0] [cxt 0] Looking up key:

[15:31:41.189] [bmv2] [D] [thread 45748] [71.0] [cxt 0] Table 'tbl_link_monitor380_0': miss
[15:31:41.189] [bmv2] [D] [thread 45748] [71.0] [cxt 0] Action entry is link_monitor380_0 - 
[15:31:41.189] [bmv2] [T] [thread 45748] [71.0] [cxt 0] Action link_monitor380_0
[15:31:41.189] [bmv2] [T] [thread 45748] [71.0] [cxt 0] link_monitor.p4(380) Primitive (hdr.probe.isValid()) ? 0 : byte_cnt
[15:31:41.189] [bmv2] [T] [thread 45748] [71.0] [cxt 0] Applying table 'tbl_link_monitor381'
[15:31:41.189] [bmv2] [D] [thread 45748] [71.0] [cxt 0] Looking up key:

[15:31:41.189] [bmv2] [D] [thread 45748] [71.0] [cxt 0] Table 'tbl_link_monitor381': miss
[15:31:41.189] [bmv2] [D] [thread 45748] [71.0] [cxt 0] Action entry is link_monitor381 - 
[15:31:41.189] [bmv2] [T] [thread 45748] [71.0] [cxt 0] Action link_monitor381
[15:31:41.189] [bmv2] [T] [thread 45748] [71.0] [cxt 0] link_monitor.p4(381) Primitive (bit<32>)standard_metadata.egress_port
[15:31:41.189] [bmv2] [T] [thread 45748] [71.0] [cxt 0] link_monitor.p4(381) Primitive byte_cnt_reg.write((bit<32>)standard_metadata.egress_port, new_byte_cnt)
[15:31:41.189] [bmv2] [T] [thread 45748] [71.0] [cxt 0] Wrote register 'MyEgress.byte_cnt_reg' at index 0 with value 2310
[15:31:41.189] [bmv2] [T] [thread 45748] [71.0] [cxt 0] link_monitor.p4(383) Condition "hdr.probe.isValid()" (node_16) is false
[15:31:41.189] [bmv2] [D] [thread 45748] [71.0] [cxt 0] Pipeline 'egress': end
[15:31:41.189] [bmv2] [D] [thread 45748] [71.0] [cxt 0] Deparser 'deparser': start
[15:31:41.189] [bmv2] [T] [thread 45748] [71.0] [cxt 0] Skipping checksum 'cksum' update because condition not met
[15:31:41.189] [bmv2] [D] [thread 45748] [71.0] [cxt 0] Deparsing header 'ethernet'
[15:31:41.189] [bmv2] [D] [thread 45748] [71.0] [cxt 0] Deparser 'deparser': end
[15:31:41.190] [bmv2] [D] [thread 45752] [71.0] [cxt 0] Transmitting packet of size 70 out of port 0
[15:31:59.621] [bmv2] [D] [thread 45747] [72.0] [cxt 0] Processing packet received on port 3
[15:31:59.621] [bmv2] [D] [thread 45747] [72.0] [cxt 0] Parser 'parser': start
[15:31:59.621] [bmv2] [D] [thread 45747] [72.0] [cxt 0] Parser 'parser' entering state 'start'
[15:31:59.621] [bmv2] [D] [thread 45747] [72.0] [cxt 0] Extracting header 'ethernet'
[15:31:59.621] [bmv2] [D] [thread 45747] [72.0] [cxt 0] Parser state 'start': key is 86dd
[15:31:59.621] [bmv2] [T] [thread 45747] [72.0] [cxt 0] Bytes parsed: 14
[15:31:59.621] [bmv2] [D] [thread 45747] [72.0] [cxt 0] Parser 'parser': end
[15:31:59.621] [bmv2] [D] [thread 45747] [72.0] [cxt 0] Pipeline 'ingress': start
[15:31:59.621] [bmv2] [T] [thread 45747] [72.0] [cxt 0] link_monitor.p4(331) Condition "hdr.tcp.isValid()" (node_2) is false
[15:31:59.621] [bmv2] [T] [thread 45747] [72.0] [cxt 0] link_monitor.p4(335) Condition "hdr.ipv4.isValid()" (node_5) is false
[15:31:59.621] [bmv2] [T] [thread 45747] [72.0] [cxt 0] link_monitor.p4(338) Condition "hdr.probe.isValid()" (node_7) is false
[15:31:59.621] [bmv2] [D] [thread 45747] [72.0] [cxt 0] Pipeline 'ingress': end
[15:31:59.621] [bmv2] [D] [thread 45747] [72.0] [cxt 0] Egress port is 0
[15:31:59.621] [bmv2] [D] [thread 45748] [72.0] [cxt 0] Pipeline 'egress': start
[15:31:59.621] [bmv2] [T] [thread 45748] [72.0] [cxt 0] Applying table 'tbl_link_monitor377'
[15:31:59.621] [bmv2] [D] [thread 45748] [72.0] [cxt 0] Looking up key:

[15:31:59.621] [bmv2] [D] [thread 45748] [72.0] [cxt 0] Table 'tbl_link_monitor377': miss
[15:31:59.621] [bmv2] [D] [thread 45748] [72.0] [cxt 0] Action entry is link_monitor377 - 
[15:31:59.621] [bmv2] [T] [thread 45748] [72.0] [cxt 0] Action link_monitor377
[15:31:59.621] [bmv2] [T] [thread 45748] [72.0] [cxt 0] link_monitor.p4(377) Primitive (bit<32>)standard_metadata.egress_port
[15:31:59.621] [bmv2] [T] [thread 45748] [72.0] [cxt 0] link_monitor.p4(377) Primitive byte_cnt_reg.read(byte_cnt, (bit<32>)standard_metadata.egress_port)
[15:31:59.621] [bmv2] [T] [thread 45748] [72.0] [cxt 0] Read register 'MyEgress.byte_cnt_reg' at index 0 read value 2310
[15:31:59.621] [bmv2] [T] [thread 45748] [72.0] [cxt 0] link_monitor.p4(378) Primitive byte_cnt = byte_cnt + standard_metadata.packet_length
[15:31:59.621] [bmv2] [T] [thread 45748] [72.0] [cxt 0] link_monitor.p4(380) Condition "hdr.probe.isValid()" (node_12) is false
[15:31:59.621] [bmv2] [T] [thread 45748] [72.0] [cxt 0] Applying table 'tbl_link_monitor380_0'
[15:31:59.621] [bmv2] [D] [thread 45748] [72.0] [cxt 0] Looking up key:

[15:31:59.621] [bmv2] [D] [thread 45748] [72.0] [cxt 0] Table 'tbl_link_monitor380_0': miss
[15:31:59.621] [bmv2] [D] [thread 45748] [72.0] [cxt 0] Action entry is link_monitor380_0 - 
[15:31:59.621] [bmv2] [T] [thread 45748] [72.0] [cxt 0] Action link_monitor380_0
[15:31:59.621] [bmv2] [T] [thread 45748] [72.0] [cxt 0] link_monitor.p4(380) Primitive (hdr.probe.isValid()) ? 0 : byte_cnt
[15:31:59.621] [bmv2] [T] [thread 45748] [72.0] [cxt 0] Applying table 'tbl_link_monitor381'
[15:31:59.621] [bmv2] [D] [thread 45748] [72.0] [cxt 0] Looking up key:

[15:31:59.621] [bmv2] [D] [thread 45748] [72.0] [cxt 0] Table 'tbl_link_monitor381': miss
[15:31:59.621] [bmv2] [D] [thread 45748] [72.0] [cxt 0] Action entry is link_monitor381 - 
[15:31:59.621] [bmv2] [T] [thread 45748] [72.0] [cxt 0] Action link_monitor381
[15:31:59.621] [bmv2] [T] [thread 45748] [72.0] [cxt 0] link_monitor.p4(381) Primitive (bit<32>)standard_metadata.egress_port
[15:31:59.621] [bmv2] [T] [thread 45748] [72.0] [cxt 0] link_monitor.p4(381) Primitive byte_cnt_reg.write((bit<32>)standard_metadata.egress_port, new_byte_cnt)
[15:31:59.621] [bmv2] [T] [thread 45748] [72.0] [cxt 0] Wrote register 'MyEgress.byte_cnt_reg' at index 0 with value 2380
[15:31:59.621] [bmv2] [T] [thread 45748] [72.0] [cxt 0] link_monitor.p4(383) Condition "hdr.probe.isValid()" (node_16) is false
[15:31:59.621] [bmv2] [D] [thread 45748] [72.0] [cxt 0] Pipeline 'egress': end
[15:31:59.621] [bmv2] [D] [thread 45748] [72.0] [cxt 0] Deparser 'deparser': start
[15:31:59.621] [bmv2] [T] [thread 45748] [72.0] [cxt 0] Skipping checksum 'cksum' update because condition not met
[15:31:59.621] [bmv2] [D] [thread 45748] [72.0] [cxt 0] Deparsing header 'ethernet'
[15:31:59.622] [bmv2] [D] [thread 45748] [72.0] [cxt 0] Deparser 'deparser': end
[15:31:59.622] [bmv2] [D] [thread 45752] [72.0] [cxt 0] Transmitting packet of size 70 out of port 0
[15:32:22.152] [bmv2] [D] [thread 45747] [73.0] [cxt 0] Processing packet received on port 4
[15:32:22.152] [bmv2] [D] [thread 45747] [73.0] [cxt 0] Parser 'parser': start
[15:32:22.152] [bmv2] [D] [thread 45747] [73.0] [cxt 0] Parser 'parser' entering state 'start'
[15:32:22.152] [bmv2] [D] [thread 45747] [73.0] [cxt 0] Extracting header 'ethernet'
[15:32:22.152] [bmv2] [D] [thread 45747] [73.0] [cxt 0] Parser state 'start': key is 86dd
[15:32:22.152] [bmv2] [T] [thread 45747] [73.0] [cxt 0] Bytes parsed: 14
[15:32:22.152] [bmv2] [D] [thread 45747] [73.0] [cxt 0] Parser 'parser': end
[15:32:22.152] [bmv2] [D] [thread 45747] [73.0] [cxt 0] Pipeline 'ingress': start
[15:32:22.152] [bmv2] [T] [thread 45747] [73.0] [cxt 0] link_monitor.p4(331) Condition "hdr.tcp.isValid()" (node_2) is false
[15:32:22.152] [bmv2] [T] [thread 45747] [73.0] [cxt 0] link_monitor.p4(335) Condition "hdr.ipv4.isValid()" (node_5) is false
[15:32:22.152] [bmv2] [T] [thread 45747] [73.0] [cxt 0] link_monitor.p4(338) Condition "hdr.probe.isValid()" (node_7) is false
[15:32:22.152] [bmv2] [D] [thread 45747] [73.0] [cxt 0] Pipeline 'ingress': end
[15:32:22.152] [bmv2] [D] [thread 45747] [73.0] [cxt 0] Egress port is 0
[15:32:22.153] [bmv2] [D] [thread 45747] [74.0] [cxt 0] Processing packet received on port 4
[15:32:22.153] [bmv2] [D] [thread 45747] [74.0] [cxt 0] Parser 'parser': start
[15:32:22.153] [bmv2] [D] [thread 45747] [74.0] [cxt 0] Parser 'parser' entering state 'start'
[15:32:22.153] [bmv2] [D] [thread 45747] [74.0] [cxt 0] Extracting header 'ethernet'
[15:32:22.153] [bmv2] [D] [thread 45747] [74.0] [cxt 0] Parser state 'start': key is 86dd
[15:32:22.153] [bmv2] [T] [thread 45747] [74.0] [cxt 0] Bytes parsed: 14
[15:32:22.153] [bmv2] [D] [thread 45747] [74.0] [cxt 0] Parser 'parser': end
[15:32:22.153] [bmv2] [D] [thread 45747] [74.0] [cxt 0] Pipeline 'ingress': start
[15:32:22.153] [bmv2] [T] [thread 45747] [74.0] [cxt 0] link_monitor.p4(331) Condition "hdr.tcp.isValid()" (node_2) is false
[15:32:22.153] [bmv2] [T] [thread 45747] [74.0] [cxt 0] link_monitor.p4(335) Condition "hdr.ipv4.isValid()" (node_5) is false
[15:32:22.153] [bmv2] [T] [thread 45747] [74.0] [cxt 0] link_monitor.p4(338) Condition "hdr.probe.isValid()" (node_7) is false
[15:32:22.153] [bmv2] [D] [thread 45747] [74.0] [cxt 0] Pipeline 'ingress': end
[15:32:22.153] [bmv2] [D] [thread 45747] [74.0] [cxt 0] Egress port is 0
[15:32:22.153] [bmv2] [D] [thread 45748] [73.0] [cxt 0] Pipeline 'egress': start
[15:32:22.153] [bmv2] [T] [thread 45748] [73.0] [cxt 0] Applying table 'tbl_link_monitor377'
[15:32:22.153] [bmv2] [D] [thread 45748] [73.0] [cxt 0] Looking up key:

[15:32:22.153] [bmv2] [D] [thread 45748] [73.0] [cxt 0] Table 'tbl_link_monitor377': miss
[15:32:22.153] [bmv2] [D] [thread 45748] [73.0] [cxt 0] Action entry is link_monitor377 - 
[15:32:22.153] [bmv2] [T] [thread 45748] [73.0] [cxt 0] Action link_monitor377
[15:32:22.153] [bmv2] [T] [thread 45748] [73.0] [cxt 0] link_monitor.p4(377) Primitive (bit<32>)standard_metadata.egress_port
[15:32:22.154] [bmv2] [T] [thread 45748] [73.0] [cxt 0] link_monitor.p4(377) Primitive byte_cnt_reg.read(byte_cnt, (bit<32>)standard_metadata.egress_port)
[15:32:22.154] [bmv2] [T] [thread 45748] [73.0] [cxt 0] Read register 'MyEgress.byte_cnt_reg' at index 0 read value 2380
[15:32:22.154] [bmv2] [T] [thread 45748] [73.0] [cxt 0] link_monitor.p4(378) Primitive byte_cnt = byte_cnt + standard_metadata.packet_length
[15:32:22.154] [bmv2] [T] [thread 45748] [73.0] [cxt 0] link_monitor.p4(380) Condition "hdr.probe.isValid()" (node_12) is false
[15:32:22.154] [bmv2] [T] [thread 45748] [73.0] [cxt 0] Applying table 'tbl_link_monitor380_0'
[15:32:22.154] [bmv2] [D] [thread 45748] [73.0] [cxt 0] Looking up key:

[15:32:22.154] [bmv2] [D] [thread 45748] [73.0] [cxt 0] Table 'tbl_link_monitor380_0': miss
[15:32:22.154] [bmv2] [D] [thread 45748] [73.0] [cxt 0] Action entry is link_monitor380_0 - 
[15:32:22.154] [bmv2] [T] [thread 45748] [73.0] [cxt 0] Action link_monitor380_0
[15:32:22.154] [bmv2] [T] [thread 45748] [73.0] [cxt 0] link_monitor.p4(380) Primitive (hdr.probe.isValid()) ? 0 : byte_cnt
[15:32:22.154] [bmv2] [T] [thread 45748] [73.0] [cxt 0] Applying table 'tbl_link_monitor381'
[15:32:22.154] [bmv2] [D] [thread 45748] [73.0] [cxt 0] Looking up key:

[15:32:22.154] [bmv2] [D] [thread 45748] [73.0] [cxt 0] Table 'tbl_link_monitor381': miss
[15:32:22.154] [bmv2] [D] [thread 45748] [73.0] [cxt 0] Action entry is link_monitor381 - 
[15:32:22.154] [bmv2] [T] [thread 45748] [73.0] [cxt 0] Action link_monitor381
[15:32:22.154] [bmv2] [T] [thread 45748] [73.0] [cxt 0] link_monitor.p4(381) Primitive (bit<32>)standard_metadata.egress_port
[15:32:22.154] [bmv2] [T] [thread 45748] [73.0] [cxt 0] link_monitor.p4(381) Primitive byte_cnt_reg.write((bit<32>)standard_metadata.egress_port, new_byte_cnt)
[15:32:22.154] [bmv2] [T] [thread 45748] [73.0] [cxt 0] Wrote register 'MyEgress.byte_cnt_reg' at index 0 with value 2450
[15:32:22.154] [bmv2] [T] [thread 45748] [73.0] [cxt 0] link_monitor.p4(383) Condition "hdr.probe.isValid()" (node_16) is false
[15:32:22.154] [bmv2] [D] [thread 45748] [73.0] [cxt 0] Pipeline 'egress': end
[15:32:22.154] [bmv2] [D] [thread 45748] [73.0] [cxt 0] Deparser 'deparser': start
[15:32:22.154] [bmv2] [T] [thread 45748] [73.0] [cxt 0] Skipping checksum 'cksum' update because condition not met
[15:32:22.154] [bmv2] [D] [thread 45748] [73.0] [cxt 0] Deparsing header 'ethernet'
[15:32:22.154] [bmv2] [D] [thread 45748] [73.0] [cxt 0] Deparser 'deparser': end
[15:32:22.154] [bmv2] [D] [thread 45748] [74.0] [cxt 0] Pipeline 'egress': start
[15:32:22.154] [bmv2] [T] [thread 45748] [74.0] [cxt 0] Applying table 'tbl_link_monitor377'
[15:32:22.154] [bmv2] [D] [thread 45748] [74.0] [cxt 0] Looking up key:

[15:32:22.154] [bmv2] [D] [thread 45748] [74.0] [cxt 0] Table 'tbl_link_monitor377': miss
[15:32:22.154] [bmv2] [D] [thread 45752] [73.0] [cxt 0] Transmitting packet of size 70 out of port 0
[15:32:22.154] [bmv2] [D] [thread 45748] [74.0] [cxt 0] Action entry is link_monitor377 - 
[15:32:22.154] [bmv2] [T] [thread 45748] [74.0] [cxt 0] Action link_monitor377
[15:32:22.154] [bmv2] [T] [thread 45748] [74.0] [cxt 0] link_monitor.p4(377) Primitive (bit<32>)standard_metadata.egress_port
[15:32:22.154] [bmv2] [T] [thread 45748] [74.0] [cxt 0] link_monitor.p4(377) Primitive byte_cnt_reg.read(byte_cnt, (bit<32>)standard_metadata.egress_port)
[15:32:22.154] [bmv2] [T] [thread 45748] [74.0] [cxt 0] Read register 'MyEgress.byte_cnt_reg' at index 0 read value 2450
[15:32:22.154] [bmv2] [T] [thread 45748] [74.0] [cxt 0] link_monitor.p4(378) Primitive byte_cnt = byte_cnt + standard_metadata.packet_length
[15:32:22.154] [bmv2] [T] [thread 45748] [74.0] [cxt 0] link_monitor.p4(380) Condition "hdr.probe.isValid()" (node_12) is false
[15:32:22.155] [bmv2] [T] [thread 45748] [74.0] [cxt 0] Applying table 'tbl_link_monitor380_0'
[15:32:22.155] [bmv2] [D] [thread 45748] [74.0] [cxt 0] Looking up key:

[15:32:22.155] [bmv2] [D] [thread 45748] [74.0] [cxt 0] Table 'tbl_link_monitor380_0': miss
[15:32:22.155] [bmv2] [D] [thread 45748] [74.0] [cxt 0] Action entry is link_monitor380_0 - 
[15:32:22.155] [bmv2] [T] [thread 45748] [74.0] [cxt 0] Action link_monitor380_0
[15:32:22.155] [bmv2] [T] [thread 45748] [74.0] [cxt 0] link_monitor.p4(380) Primitive (hdr.probe.isValid()) ? 0 : byte_cnt
[15:32:22.155] [bmv2] [T] [thread 45748] [74.0] [cxt 0] Applying table 'tbl_link_monitor381'
[15:32:22.155] [bmv2] [D] [thread 45748] [74.0] [cxt 0] Looking up key:

[15:32:22.155] [bmv2] [D] [thread 45748] [74.0] [cxt 0] Table 'tbl_link_monitor381': miss
[15:32:22.155] [bmv2] [D] [thread 45748] [74.0] [cxt 0] Action entry is link_monitor381 - 
[15:32:22.155] [bmv2] [T] [thread 45748] [74.0] [cxt 0] Action link_monitor381
[15:32:22.155] [bmv2] [T] [thread 45748] [74.0] [cxt 0] link_monitor.p4(381) Primitive (bit<32>)standard_metadata.egress_port
[15:32:22.155] [bmv2] [T] [thread 45748] [74.0] [cxt 0] link_monitor.p4(381) Primitive byte_cnt_reg.write((bit<32>)standard_metadata.egress_port, new_byte_cnt)
[15:32:22.155] [bmv2] [T] [thread 45748] [74.0] [cxt 0] Wrote register 'MyEgress.byte_cnt_reg' at index 0 with value 2520
[15:32:22.155] [bmv2] [T] [thread 45748] [74.0] [cxt 0] link_monitor.p4(383) Condition "hdr.probe.isValid()" (node_16) is false
[15:32:22.155] [bmv2] [D] [thread 45748] [74.0] [cxt 0] Pipeline 'egress': end
[15:32:22.155] [bmv2] [D] [thread 45748] [74.0] [cxt 0] Deparser 'deparser': start
[15:32:22.155] [bmv2] [T] [thread 45748] [74.0] [cxt 0] Skipping checksum 'cksum' update because condition not met
[15:32:22.155] [bmv2] [D] [thread 45748] [74.0] [cxt 0] Deparsing header 'ethernet'
[15:32:22.155] [bmv2] [D] [thread 45748] [74.0] [cxt 0] Deparser 'deparser': end
[15:32:22.155] [bmv2] [D] [thread 45752] [74.0] [cxt 0] Transmitting packet of size 70 out of port 0
open: No such file or directory
open: No such file or directory
open: No such file or directory
open: No such file or directory
open: No such file or directory
open: No such file or directory
open: No such file or directory
open: No such file or directory
open: No such file or directory
open: No such file or directory
open: No such file or directory
open: No such file or directory
open: No such file or directory
