Calling target program-options parser
[15:27:42.961] [bmv2] [D] [thread 45754] Set default default entry for table 'MyIngress.tcp_lb': MyIngress.drop - 
[15:27:42.961] [bmv2] [D] [thread 45754] Set default default entry for table 'MyIngress.tcp_lb_nhop': MyIngress.drop - 
[15:27:42.961] [bmv2] [D] [thread 45754] Set default default entry for table 'MyIngress.ipv4_lpm': MyIngress.drop - 
[15:27:42.961] [bmv2] [D] [thread 45754] Set default default entry for table 'tbl_link_monitor339': link_monitor339 - 
[15:27:42.962] [bmv2] [D] [thread 45754] Set default default entry for table 'tbl_link_monitor377': link_monitor377 - 
[15:27:42.962] [bmv2] [D] [thread 45754] Set default default entry for table 'tbl_link_monitor380': link_monitor380 - 
[15:27:42.962] [bmv2] [D] [thread 45754] Set default default entry for table 'tbl_link_monitor380_0': link_monitor380_0 - 
[15:27:42.962] [bmv2] [D] [thread 45754] Set default default entry for table 'tbl_link_monitor381': link_monitor381 - 
[15:27:42.962] [bmv2] [D] [thread 45754] Set default default entry for table 'tbl_link_monitor385': link_monitor385 - 
[15:27:42.962] [bmv2] [D] [thread 45754] Set default default entry for table 'tbl_link_monitor388': link_monitor388 - 
[15:27:42.962] [bmv2] [D] [thread 45754] Set default default entry for table 'tbl_link_monitor391': link_monitor391 - 
[15:27:42.962] [bmv2] [D] [thread 45754] Set default default entry for table 'MyEgress.swid': NoAction - 
[15:27:42.962] [bmv2] [D] [thread 45754] Set default default entry for table 'tbl_link_monitor396': link_monitor396 - 
Adding interface s3-eth1 as port 1
[15:27:42.964] [bmv2] [D] [thread 45754] Adding interface s3-eth1 as port 1
Adding interface s3-eth2 as port 2
[15:27:43.000] [bmv2] [D] [thread 45754] Adding interface s3-eth2 as port 2
Server listening on 0.0.0.0:50053
[15:27:43.035] [bmv2] [I] [thread 45754] Starting Thrift server on port 9092
[15:27:43.036] [bmv2] [I] [thread 45754] Thrift server was started
[15:27:43.037] [bmv2] [D] [thread 45764] [0.0] [cxt 0] Processing packet received on port 1
[15:27:43.037] [bmv2] [D] [thread 45764] [0.0] [cxt 0] Parser 'parser': start
[15:27:43.037] [bmv2] [D] [thread 45764] [0.0] [cxt 0] Parser 'parser' entering state 'start'
[15:27:43.037] [bmv2] [D] [thread 45764] [0.0] [cxt 0] Extracting header 'ethernet'
[15:27:43.038] [bmv2] [D] [thread 45764] [0.0] [cxt 0] Parser state 'start': key is 86dd
[15:27:43.038] [bmv2] [T] [thread 45764] [0.0] [cxt 0] Bytes parsed: 14
[15:27:43.038] [bmv2] [D] [thread 45764] [0.0] [cxt 0] Parser 'parser': end
[15:27:43.038] [bmv2] [D] [thread 45764] [0.0] [cxt 0] Pipeline 'ingress': start
[15:27:43.038] [bmv2] [T] [thread 45764] [0.0] [cxt 0] link_monitor.p4(331) Condition "hdr.tcp.isValid()" (node_2) is false
[15:27:43.038] [bmv2] [T] [thread 45764] [0.0] [cxt 0] link_monitor.p4(335) Condition "hdr.ipv4.isValid()" (node_5) is false
[15:27:43.038] [bmv2] [T] [thread 45764] [0.0] [cxt 0] link_monitor.p4(338) Condition "hdr.probe.isValid()" (node_7) is false
[15:27:43.038] [bmv2] [D] [thread 45764] [0.0] [cxt 0] Pipeline 'ingress': end
[15:27:43.038] [bmv2] [D] [thread 45764] [0.0] [cxt 0] Egress port is 0
[15:27:43.038] [bmv2] [D] [thread 45764] [1.0] [cxt 0] Processing packet received on port 1
[15:27:43.039] [bmv2] [D] [thread 45764] [1.0] [cxt 0] Parser 'parser': start
[15:27:43.039] [bmv2] [D] [thread 45764] [1.0] [cxt 0] Parser 'parser' entering state 'start'
[15:27:43.039] [bmv2] [D] [thread 45764] [1.0] [cxt 0] Extracting header 'ethernet'
[15:27:43.039] [bmv2] [D] [thread 45764] [1.0] [cxt 0] Parser state 'start': key is 86dd
[15:27:43.039] [bmv2] [T] [thread 45764] [1.0] [cxt 0] Bytes parsed: 14
[15:27:43.039] [bmv2] [D] [thread 45764] [1.0] [cxt 0] Parser 'parser': end
[15:27:43.039] [bmv2] [D] [thread 45764] [1.0] [cxt 0] Pipeline 'ingress': start
[15:27:43.039] [bmv2] [T] [thread 45764] [1.0] [cxt 0] link_monitor.p4(331) Condition "hdr.tcp.isValid()" (node_2) is false
[15:27:43.039] [bmv2] [T] [thread 45764] [1.0] [cxt 0] link_monitor.p4(335) Condition "hdr.ipv4.isValid()" (node_5) is false
[15:27:43.039] [bmv2] [T] [thread 45764] [1.0] [cxt 0] link_monitor.p4(338) Condition "hdr.probe.isValid()" (node_7) is false
[15:27:43.039] [bmv2] [D] [thread 45764] [1.0] [cxt 0] Pipeline 'ingress': end
[15:27:43.039] [bmv2] [D] [thread 45764] [1.0] [cxt 0] Egress port is 0
[15:27:43.039] [bmv2] [D] [thread 45764] [2.0] [cxt 0] Processing packet received on port 1
[15:27:43.039] [bmv2] [D] [thread 45764] [2.0] [cxt 0] Parser 'parser': start
[15:27:43.039] [bmv2] [D] [thread 45764] [2.0] [cxt 0] Parser 'parser' entering state 'start'
[15:27:43.039] [bmv2] [D] [thread 45764] [2.0] [cxt 0] Extracting header 'ethernet'
[15:27:43.039] [bmv2] [D] [thread 45764] [2.0] [cxt 0] Parser state 'start': key is 86dd
[15:27:43.039] [bmv2] [T] [thread 45764] [2.0] [cxt 0] Bytes parsed: 14
[15:27:43.039] [bmv2] [D] [thread 45764] [2.0] [cxt 0] Parser 'parser': end
[15:27:43.039] [bmv2] [D] [thread 45764] [2.0] [cxt 0] Pipeline 'ingress': start
[15:27:43.039] [bmv2] [T] [thread 45764] [2.0] [cxt 0] link_monitor.p4(331) Condition "hdr.tcp.isValid()" (node_2) is false
[15:27:43.039] [bmv2] [T] [thread 45764] [2.0] [cxt 0] link_monitor.p4(335) Condition "hdr.ipv4.isValid()" (node_5) is false
[15:27:43.039] [bmv2] [T] [thread 45764] [2.0] [cxt 0] link_monitor.p4(338) Condition "hdr.probe.isValid()" (node_7) is false
[15:27:43.039] [bmv2] [D] [thread 45764] [2.0] [cxt 0] Pipeline 'ingress': end
[15:27:43.039] [bmv2] [D] [thread 45764] [2.0] [cxt 0] Egress port is 0
[15:27:43.039] [bmv2] [D] [thread 45764] [3.0] [cxt 0] Processing packet received on port 1
[15:27:43.039] [bmv2] [D] [thread 45764] [3.0] [cxt 0] Parser 'parser': start
[15:27:43.039] [bmv2] [D] [thread 45764] [3.0] [cxt 0] Parser 'parser' entering state 'start'
[15:27:43.039] [bmv2] [D] [thread 45764] [3.0] [cxt 0] Extracting header 'ethernet'
[15:27:43.039] [bmv2] [D] [thread 45764] [3.0] [cxt 0] Parser state 'start': key is 86dd
[15:27:43.039] [bmv2] [T] [thread 45764] [3.0] [cxt 0] Bytes parsed: 14
[15:27:43.039] [bmv2] [D] [thread 45764] [3.0] [cxt 0] Parser 'parser': end
[15:27:43.039] [bmv2] [D] [thread 45764] [3.0] [cxt 0] Pipeline 'ingress': start
[15:27:43.039] [bmv2] [T] [thread 45764] [3.0] [cxt 0] link_monitor.p4(331) Condition "hdr.tcp.isValid()" (node_2) is false
[15:27:43.039] [bmv2] [T] [thread 45764] [3.0] [cxt 0] link_monitor.p4(335) Condition "hdr.ipv4.isValid()" (node_5) is false
[15:27:43.039] [bmv2] [T] [thread 45764] [3.0] [cxt 0] link_monitor.p4(338) Condition "hdr.probe.isValid()" (node_7) is false
[15:27:43.039] [bmv2] [D] [thread 45764] [3.0] [cxt 0] Pipeline 'ingress': end
[15:27:43.039] [bmv2] [D] [thread 45764] [3.0] [cxt 0] Egress port is 0
[15:27:43.038] [bmv2] [D] [thread 45765] [0.0] [cxt 0] Pipeline 'egress': start
[15:27:43.039] [bmv2] [T] [thread 45765] [0.0] [cxt 0] Applying table 'tbl_link_monitor377'
[15:27:43.039] [bmv2] [D] [thread 45765] [0.0] [cxt 0] Looking up key:

[15:27:43.039] [bmv2] [D] [thread 45765] [0.0] [cxt 0] Table 'tbl_link_monitor377': miss
[15:27:43.039] [bmv2] [D] [thread 45765] [0.0] [cxt 0] Action entry is link_monitor377 - 
[15:27:43.039] [bmv2] [T] [thread 45765] [0.0] [cxt 0] Action link_monitor377
[15:27:43.039] [bmv2] [T] [thread 45765] [0.0] [cxt 0] link_monitor.p4(377) Primitive (bit<32>)standard_metadata.egress_port
[15:27:43.039] [bmv2] [T] [thread 45765] [0.0] [cxt 0] link_monitor.p4(377) Primitive byte_cnt_reg.read(byte_cnt, (bit<32>)standard_metadata.egress_port)
[15:27:43.039] [bmv2] [T] [thread 45765] [0.0] [cxt 0] Read register 'MyEgress.byte_cnt_reg' at index 0 read value 0
[15:27:43.039] [bmv2] [T] [thread 45765] [0.0] [cxt 0] link_monitor.p4(378) Primitive byte_cnt = byte_cnt + standard_metadata.packet_length
[15:27:43.039] [bmv2] [T] [thread 45765] [0.0] [cxt 0] link_monitor.p4(380) Condition "hdr.probe.isValid()" (node_12) is false
[15:27:43.039] [bmv2] [T] [thread 45765] [0.0] [cxt 0] Applying table 'tbl_link_monitor380_0'
[15:27:43.039] [bmv2] [D] [thread 45765] [0.0] [cxt 0] Looking up key:

[15:27:43.039] [bmv2] [D] [thread 45765] [0.0] [cxt 0] Table 'tbl_link_monitor380_0': miss
[15:27:43.039] [bmv2] [D] [thread 45765] [0.0] [cxt 0] Action entry is link_monitor380_0 - 
[15:27:43.039] [bmv2] [T] [thread 45765] [0.0] [cxt 0] Action link_monitor380_0
[15:27:43.040] [bmv2] [T] [thread 45765] [0.0] [cxt 0] link_monitor.p4(380) Primitive (hdr.probe.isValid()) ? 0 : byte_cnt
[15:27:43.040] [bmv2] [T] [thread 45765] [0.0] [cxt 0] Applying table 'tbl_link_monitor381'
[15:27:43.040] [bmv2] [D] [thread 45765] [0.0] [cxt 0] Looking up key:

[15:27:43.040] [bmv2] [D] [thread 45765] [0.0] [cxt 0] Table 'tbl_link_monitor381': miss
[15:27:43.040] [bmv2] [D] [thread 45765] [0.0] [cxt 0] Action entry is link_monitor381 - 
[15:27:43.040] [bmv2] [T] [thread 45765] [0.0] [cxt 0] Action link_monitor381
[15:27:43.040] [bmv2] [T] [thread 45765] [0.0] [cxt 0] link_monitor.p4(381) Primitive (bit<32>)standard_metadata.egress_port
[15:27:43.040] [bmv2] [T] [thread 45765] [0.0] [cxt 0] link_monitor.p4(381) Primitive byte_cnt_reg.write((bit<32>)standard_metadata.egress_port, new_byte_cnt)
[15:27:43.040] [bmv2] [T] [thread 45765] [0.0] [cxt 0] Wrote register 'MyEgress.byte_cnt_reg' at index 0 with value 90
[15:27:43.040] [bmv2] [T] [thread 45765] [0.0] [cxt 0] link_monitor.p4(383) Condition "hdr.probe.isValid()" (node_16) is false
[15:27:43.040] [bmv2] [D] [thread 45765] [0.0] [cxt 0] Pipeline 'egress': end
[15:27:43.040] [bmv2] [D] [thread 45765] [0.0] [cxt 0] Deparser 'deparser': start
[15:27:43.040] [bmv2] [T] [thread 45765] [0.0] [cxt 0] Skipping checksum 'cksum' update because condition not met
[15:27:43.040] [bmv2] [D] [thread 45765] [0.0] [cxt 0] Deparsing header 'ethernet'
[15:27:43.040] [bmv2] [D] [thread 45765] [0.0] [cxt 0] Deparser 'deparser': end
[15:27:43.040] [bmv2] [D] [thread 45765] [1.0] [cxt 0] Pipeline 'egress': start
[15:27:43.040] [bmv2] [T] [thread 45765] [1.0] [cxt 0] Applying table 'tbl_link_monitor377'
[15:27:43.040] [bmv2] [D] [thread 45765] [1.0] [cxt 0] Looking up key:

[15:27:43.040] [bmv2] [D] [thread 45765] [1.0] [cxt 0] Table 'tbl_link_monitor377': miss
[15:27:43.040] [bmv2] [D] [thread 45765] [1.0] [cxt 0] Action entry is link_monitor377 - 
[15:27:43.040] [bmv2] [T] [thread 45765] [1.0] [cxt 0] Action link_monitor377
[15:27:43.040] [bmv2] [T] [thread 45765] [1.0] [cxt 0] link_monitor.p4(377) Primitive (bit<32>)standard_metadata.egress_port
[15:27:43.040] [bmv2] [T] [thread 45765] [1.0] [cxt 0] link_monitor.p4(377) Primitive byte_cnt_reg.read(byte_cnt, (bit<32>)standard_metadata.egress_port)
[15:27:43.040] [bmv2] [T] [thread 45765] [1.0] [cxt 0] Read register 'MyEgress.byte_cnt_reg' at index 0 read value 90
[15:27:43.040] [bmv2] [T] [thread 45765] [1.0] [cxt 0] link_monitor.p4(378) Primitive byte_cnt = byte_cnt + standard_metadata.packet_length
[15:27:43.040] [bmv2] [T] [thread 45765] [1.0] [cxt 0] link_monitor.p4(380) Condition "hdr.probe.isValid()" (node_12) is false
[15:27:43.040] [bmv2] [T] [thread 45765] [1.0] [cxt 0] Applying table 'tbl_link_monitor380_0'
[15:27:43.040] [bmv2] [D] [thread 45765] [1.0] [cxt 0] Looking up key:

[15:27:43.040] [bmv2] [D] [thread 45765] [1.0] [cxt 0] Table 'tbl_link_monitor380_0': miss
[15:27:43.040] [bmv2] [D] [thread 45765] [1.0] [cxt 0] Action entry is link_monitor380_0 - 
[15:27:43.040] [bmv2] [T] [thread 45765] [1.0] [cxt 0] Action link_monitor380_0
[15:27:43.040] [bmv2] [T] [thread 45765] [1.0] [cxt 0] link_monitor.p4(380) Primitive (hdr.probe.isValid()) ? 0 : byte_cnt
[15:27:43.040] [bmv2] [T] [thread 45765] [1.0] [cxt 0] Applying table 'tbl_link_monitor381'
[15:27:43.040] [bmv2] [D] [thread 45765] [1.0] [cxt 0] Looking up key:

[15:27:43.040] [bmv2] [D] [thread 45765] [1.0] [cxt 0] Table 'tbl_link_monitor381': miss
[15:27:43.040] [bmv2] [D] [thread 45765] [1.0] [cxt 0] Action entry is link_monitor381 - 
[15:27:43.040] [bmv2] [T] [thread 45765] [1.0] [cxt 0] Action link_monitor381
[15:27:43.040] [bmv2] [T] [thread 45765] [1.0] [cxt 0] link_monitor.p4(381) Primitive (bit<32>)standard_metadata.egress_port
[15:27:43.040] [bmv2] [T] [thread 45765] [1.0] [cxt 0] link_monitor.p4(381) Primitive byte_cnt_reg.write((bit<32>)standard_metadata.egress_port, new_byte_cnt)
[15:27:43.040] [bmv2] [T] [thread 45765] [1.0] [cxt 0] Wrote register 'MyEgress.byte_cnt_reg' at index 0 with value 160
[15:27:43.040] [bmv2] [T] [thread 45765] [1.0] [cxt 0] link_monitor.p4(383) Condition "hdr.probe.isValid()" (node_16) is false
[15:27:43.040] [bmv2] [D] [thread 45765] [1.0] [cxt 0] Pipeline 'egress': end
[15:27:43.040] [bmv2] [D] [thread 45765] [1.0] [cxt 0] Deparser 'deparser': start
[15:27:43.040] [bmv2] [T] [thread 45765] [1.0] [cxt 0] Skipping checksum 'cksum' update because condition not met
[15:27:43.040] [bmv2] [D] [thread 45765] [1.0] [cxt 0] Deparsing header 'ethernet'
[15:27:43.040] [bmv2] [D] [thread 45765] [1.0] [cxt 0] Deparser 'deparser': end
[15:27:43.040] [bmv2] [D] [thread 45765] [2.0] [cxt 0] Pipeline 'egress': start
[15:27:43.040] [bmv2] [T] [thread 45765] [2.0] [cxt 0] Applying table 'tbl_link_monitor377'
[15:27:43.040] [bmv2] [D] [thread 45765] [2.0] [cxt 0] Looking up key:

[15:27:43.041] [bmv2] [D] [thread 45765] [2.0] [cxt 0] Table 'tbl_link_monitor377': miss
[15:27:43.041] [bmv2] [D] [thread 45765] [2.0] [cxt 0] Action entry is link_monitor377 - 
[15:27:43.041] [bmv2] [T] [thread 45765] [2.0] [cxt 0] Action link_monitor377
[15:27:43.041] [bmv2] [T] [thread 45765] [2.0] [cxt 0] link_monitor.p4(377) Primitive (bit<32>)standard_metadata.egress_port
[15:27:43.041] [bmv2] [T] [thread 45765] [2.0] [cxt 0] link_monitor.p4(377) Primitive byte_cnt_reg.read(byte_cnt, (bit<32>)standard_metadata.egress_port)
[15:27:43.041] [bmv2] [T] [thread 45765] [2.0] [cxt 0] Read register 'MyEgress.byte_cnt_reg' at index 0 read value 160
[15:27:43.041] [bmv2] [T] [thread 45765] [2.0] [cxt 0] link_monitor.p4(378) Primitive byte_cnt = byte_cnt + standard_metadata.packet_length
[15:27:43.041] [bmv2] [T] [thread 45765] [2.0] [cxt 0] link_monitor.p4(380) Condition "hdr.probe.isValid()" (node_12) is false
[15:27:43.041] [bmv2] [T] [thread 45765] [2.0] [cxt 0] Applying table 'tbl_link_monitor380_0'
[15:27:43.041] [bmv2] [D] [thread 45765] [2.0] [cxt 0] Looking up key:

[15:27:43.041] [bmv2] [D] [thread 45765] [2.0] [cxt 0] Table 'tbl_link_monitor380_0': miss
[15:27:43.041] [bmv2] [D] [thread 45765] [2.0] [cxt 0] Action entry is link_monitor380_0 - 
[15:27:43.041] [bmv2] [T] [thread 45765] [2.0] [cxt 0] Action link_monitor380_0
[15:27:43.041] [bmv2] [T] [thread 45765] [2.0] [cxt 0] link_monitor.p4(380) Primitive (hdr.probe.isValid()) ? 0 : byte_cnt
[15:27:43.041] [bmv2] [T] [thread 45765] [2.0] [cxt 0] Applying table 'tbl_link_monitor381'
[15:27:43.041] [bmv2] [D] [thread 45765] [2.0] [cxt 0] Looking up key:

[15:27:43.041] [bmv2] [D] [thread 45765] [2.0] [cxt 0] Table 'tbl_link_monitor381': miss
[15:27:43.041] [bmv2] [D] [thread 45765] [2.0] [cxt 0] Action entry is link_monitor381 - 
[15:27:43.041] [bmv2] [T] [thread 45765] [2.0] [cxt 0] Action link_monitor381
[15:27:43.041] [bmv2] [T] [thread 45765] [2.0] [cxt 0] link_monitor.p4(381) Primitive (bit<32>)standard_metadata.egress_port
[15:27:43.041] [bmv2] [T] [thread 45765] [2.0] [cxt 0] link_monitor.p4(381) Primitive byte_cnt_reg.write((bit<32>)standard_metadata.egress_port, new_byte_cnt)
[15:27:43.041] [bmv2] [T] [thread 45765] [2.0] [cxt 0] Wrote register 'MyEgress.byte_cnt_reg' at index 0 with value 250
[15:27:43.042] [bmv2] [T] [thread 45765] [2.0] [cxt 0] link_monitor.p4(383) Condition "hdr.probe.isValid()" (node_16) is false
[15:27:43.042] [bmv2] [D] [thread 45765] [2.0] [cxt 0] Pipeline 'egress': end
[15:27:43.042] [bmv2] [D] [thread 45765] [2.0] [cxt 0] Deparser 'deparser': start
[15:27:43.042] [bmv2] [T] [thread 45765] [2.0] [cxt 0] Skipping checksum 'cksum' update because condition not met
[15:27:43.042] [bmv2] [D] [thread 45765] [2.0] [cxt 0] Deparsing header 'ethernet'
[15:27:43.042] [bmv2] [D] [thread 45765] [2.0] [cxt 0] Deparser 'deparser': end
[15:27:43.042] [bmv2] [D] [thread 45769] [0.0] [cxt 0] Transmitting packet of size 90 out of port 0
[15:27:43.042] [bmv2] [D] [thread 45769] [1.0] [cxt 0] Transmitting packet of size 70 out of port 0
[15:27:43.042] [bmv2] [D] [thread 45765] [3.0] [cxt 0] Pipeline 'egress': start
[15:27:43.043] [bmv2] [T] [thread 45765] [3.0] [cxt 0] Applying table 'tbl_link_monitor377'
[15:27:43.043] [bmv2] [D] [thread 45765] [3.0] [cxt 0] Looking up key:

[15:27:43.043] [bmv2] [D] [thread 45765] [3.0] [cxt 0] Table 'tbl_link_monitor377': miss
[15:27:43.043] [bmv2] [D] [thread 45765] [3.0] [cxt 0] Action entry is link_monitor377 - 
[15:27:43.043] [bmv2] [T] [thread 45765] [3.0] [cxt 0] Action link_monitor377
[15:27:43.042] [bmv2] [D] [thread 45769] [2.0] [cxt 0] Transmitting packet of size 90 out of port 0
[15:27:43.043] [bmv2] [T] [thread 45765] [3.0] [cxt 0] link_monitor.p4(377) Primitive (bit<32>)standard_metadata.egress_port
[15:27:43.043] [bmv2] [T] [thread 45765] [3.0] [cxt 0] link_monitor.p4(377) Primitive byte_cnt_reg.read(byte_cnt, (bit<32>)standard_metadata.egress_port)
[15:27:43.043] [bmv2] [T] [thread 45765] [3.0] [cxt 0] Read register 'MyEgress.byte_cnt_reg' at index 0 read value 250
[15:27:43.043] [bmv2] [T] [thread 45765] [3.0] [cxt 0] link_monitor.p4(378) Primitive byte_cnt = byte_cnt + standard_metadata.packet_length
[15:27:43.043] [bmv2] [T] [thread 45765] [3.0] [cxt 0] link_monitor.p4(380) Condition "hdr.probe.isValid()" (node_12) is false
[15:27:43.043] [bmv2] [T] [thread 45765] [3.0] [cxt 0] Applying table 'tbl_link_monitor380_0'
[15:27:43.043] [bmv2] [D] [thread 45765] [3.0] [cxt 0] Looking up key:

[15:27:43.043] [bmv2] [D] [thread 45765] [3.0] [cxt 0] Table 'tbl_link_monitor380_0': miss
[15:27:43.043] [bmv2] [D] [thread 45765] [3.0] [cxt 0] Action entry is link_monitor380_0 - 
[15:27:43.043] [bmv2] [T] [thread 45765] [3.0] [cxt 0] Action link_monitor380_0
[15:27:43.043] [bmv2] [T] [thread 45765] [3.0] [cxt 0] link_monitor.p4(380) Primitive (hdr.probe.isValid()) ? 0 : byte_cnt
[15:27:43.043] [bmv2] [T] [thread 45765] [3.0] [cxt 0] Applying table 'tbl_link_monitor381'
[15:27:43.043] [bmv2] [D] [thread 45765] [3.0] [cxt 0] Looking up key:

[15:27:43.043] [bmv2] [D] [thread 45765] [3.0] [cxt 0] Table 'tbl_link_monitor381': miss
[15:27:43.043] [bmv2] [D] [thread 45765] [3.0] [cxt 0] Action entry is link_monitor381 - 
[15:27:43.043] [bmv2] [T] [thread 45765] [3.0] [cxt 0] Action link_monitor381
[15:27:43.043] [bmv2] [T] [thread 45765] [3.0] [cxt 0] link_monitor.p4(381) Primitive (bit<32>)standard_metadata.egress_port
[15:27:43.043] [bmv2] [T] [thread 45765] [3.0] [cxt 0] link_monitor.p4(381) Primitive byte_cnt_reg.write((bit<32>)standard_metadata.egress_port, new_byte_cnt)
[15:27:43.043] [bmv2] [T] [thread 45765] [3.0] [cxt 0] Wrote register 'MyEgress.byte_cnt_reg' at index 0 with value 320
[15:27:43.043] [bmv2] [T] [thread 45765] [3.0] [cxt 0] link_monitor.p4(383) Condition "hdr.probe.isValid()" (node_16) is false
[15:27:43.043] [bmv2] [D] [thread 45765] [3.0] [cxt 0] Pipeline 'egress': end
[15:27:43.043] [bmv2] [D] [thread 45765] [3.0] [cxt 0] Deparser 'deparser': start
[15:27:43.043] [bmv2] [T] [thread 45765] [3.0] [cxt 0] Skipping checksum 'cksum' update because condition not met
[15:27:43.043] [bmv2] [D] [thread 45765] [3.0] [cxt 0] Deparsing header 'ethernet'
[15:27:43.043] [bmv2] [D] [thread 45765] [3.0] [cxt 0] Deparser 'deparser': end
[15:27:43.043] [bmv2] [D] [thread 45769] [3.0] [cxt 0] Transmitting packet of size 70 out of port 0
[15:27:43.052] [bmv2] [D] [thread 45764] [4.0] [cxt 0] Processing packet received on port 1
[15:27:43.052] [bmv2] [D] [thread 45764] [4.0] [cxt 0] Parser 'parser': start
[15:27:43.052] [bmv2] [D] [thread 45764] [4.0] [cxt 0] Parser 'parser' entering state 'start'
[15:27:43.052] [bmv2] [D] [thread 45764] [4.0] [cxt 0] Extracting header 'ethernet'
[15:27:43.052] [bmv2] [D] [thread 45764] [4.0] [cxt 0] Parser state 'start': key is 86dd
[15:27:43.052] [bmv2] [T] [thread 45764] [4.0] [cxt 0] Bytes parsed: 14
[15:27:43.052] [bmv2] [D] [thread 45764] [4.0] [cxt 0] Parser 'parser': end
[15:27:43.052] [bmv2] [D] [thread 45764] [4.0] [cxt 0] Pipeline 'ingress': start
[15:27:43.052] [bmv2] [T] [thread 45764] [4.0] [cxt 0] link_monitor.p4(331) Condition "hdr.tcp.isValid()" (node_2) is false
[15:27:43.052] [bmv2] [T] [thread 45764] [4.0] [cxt 0] link_monitor.p4(335) Condition "hdr.ipv4.isValid()" (node_5) is false
[15:27:43.052] [bmv2] [T] [thread 45764] [4.0] [cxt 0] link_monitor.p4(338) Condition "hdr.probe.isValid()" (node_7) is false
[15:27:43.052] [bmv2] [D] [thread 45764] [4.0] [cxt 0] Pipeline 'ingress': end
[15:27:43.052] [bmv2] [D] [thread 45764] [4.0] [cxt 0] Egress port is 0
[15:27:43.052] [bmv2] [D] [thread 45765] [4.0] [cxt 0] Pipeline 'egress': start
[15:27:43.052] [bmv2] [T] [thread 45765] [4.0] [cxt 0] Applying table 'tbl_link_monitor377'
[15:27:43.052] [bmv2] [D] [thread 45765] [4.0] [cxt 0] Looking up key:

[15:27:43.052] [bmv2] [D] [thread 45765] [4.0] [cxt 0] Table 'tbl_link_monitor377': miss
[15:27:43.052] [bmv2] [D] [thread 45765] [4.0] [cxt 0] Action entry is link_monitor377 - 
[15:27:43.052] [bmv2] [T] [thread 45765] [4.0] [cxt 0] Action link_monitor377
[15:27:43.052] [bmv2] [T] [thread 45765] [4.0] [cxt 0] link_monitor.p4(377) Primitive (bit<32>)standard_metadata.egress_port
[15:27:43.052] [bmv2] [T] [thread 45765] [4.0] [cxt 0] link_monitor.p4(377) Primitive byte_cnt_reg.read(byte_cnt, (bit<32>)standard_metadata.egress_port)
[15:27:43.052] [bmv2] [T] [thread 45765] [4.0] [cxt 0] Read register 'MyEgress.byte_cnt_reg' at index 0 read value 320
[15:27:43.053] [bmv2] [T] [thread 45765] [4.0] [cxt 0] link_monitor.p4(378) Primitive byte_cnt = byte_cnt + standard_metadata.packet_length
[15:27:43.053] [bmv2] [T] [thread 45765] [4.0] [cxt 0] link_monitor.p4(380) Condition "hdr.probe.isValid()" (node_12) is false
[15:27:43.053] [bmv2] [T] [thread 45765] [4.0] [cxt 0] Applying table 'tbl_link_monitor380_0'
[15:27:43.053] [bmv2] [D] [thread 45765] [4.0] [cxt 0] Looking up key:

[15:27:43.053] [bmv2] [D] [thread 45765] [4.0] [cxt 0] Table 'tbl_link_monitor380_0': miss
[15:27:43.053] [bmv2] [D] [thread 45765] [4.0] [cxt 0] Action entry is link_monitor380_0 - 
[15:27:43.053] [bmv2] [T] [thread 45765] [4.0] [cxt 0] Action link_monitor380_0
[15:27:43.053] [bmv2] [T] [thread 45765] [4.0] [cxt 0] link_monitor.p4(380) Primitive (hdr.probe.isValid()) ? 0 : byte_cnt
[15:27:43.053] [bmv2] [T] [thread 45765] [4.0] [cxt 0] Applying table 'tbl_link_monitor381'
[15:27:43.053] [bmv2] [D] [thread 45765] [4.0] [cxt 0] Looking up key:

[15:27:43.053] [bmv2] [D] [thread 45765] [4.0] [cxt 0] Table 'tbl_link_monitor381': miss
[15:27:43.053] [bmv2] [D] [thread 45765] [4.0] [cxt 0] Action entry is link_monitor381 - 
[15:27:43.053] [bmv2] [T] [thread 45765] [4.0] [cxt 0] Action link_monitor381
[15:27:43.053] [bmv2] [T] [thread 45765] [4.0] [cxt 0] link_monitor.p4(381) Primitive (bit<32>)standard_metadata.egress_port
[15:27:43.053] [bmv2] [T] [thread 45765] [4.0] [cxt 0] link_monitor.p4(381) Primitive byte_cnt_reg.write((bit<32>)standard_metadata.egress_port, new_byte_cnt)
[15:27:43.053] [bmv2] [T] [thread 45765] [4.0] [cxt 0] Wrote register 'MyEgress.byte_cnt_reg' at index 0 with value 410
[15:27:43.053] [bmv2] [T] [thread 45765] [4.0] [cxt 0] link_monitor.p4(383) Condition "hdr.probe.isValid()" (node_16) is false
[15:27:43.053] [bmv2] [D] [thread 45765] [4.0] [cxt 0] Pipeline 'egress': end
[15:27:43.053] [bmv2] [D] [thread 45765] [4.0] [cxt 0] Deparser 'deparser': start
[15:27:43.053] [bmv2] [T] [thread 45765] [4.0] [cxt 0] Skipping checksum 'cksum' update because condition not met
[15:27:43.053] [bmv2] [D] [thread 45765] [4.0] [cxt 0] Deparsing header 'ethernet'
[15:27:43.053] [bmv2] [D] [thread 45765] [4.0] [cxt 0] Deparser 'deparser': end
[15:27:43.053] [bmv2] [D] [thread 45769] [4.0] [cxt 0] Transmitting packet of size 90 out of port 0
[15:27:43.109] [bmv2] [D] [thread 45764] [5.0] [cxt 0] Processing packet received on port 2
[15:27:43.109] [bmv2] [D] [thread 45764] [5.0] [cxt 0] Parser 'parser': start
[15:27:43.109] [bmv2] [D] [thread 45764] [5.0] [cxt 0] Parser 'parser' entering state 'start'
[15:27:43.109] [bmv2] [D] [thread 45764] [5.0] [cxt 0] Extracting header 'ethernet'
[15:27:43.109] [bmv2] [D] [thread 45764] [5.0] [cxt 0] Parser state 'start': key is 86dd
[15:27:43.109] [bmv2] [T] [thread 45764] [5.0] [cxt 0] Bytes parsed: 14
[15:27:43.109] [bmv2] [D] [thread 45764] [5.0] [cxt 0] Parser 'parser': end
[15:27:43.109] [bmv2] [D] [thread 45764] [5.0] [cxt 0] Pipeline 'ingress': start
[15:27:43.109] [bmv2] [T] [thread 45764] [5.0] [cxt 0] link_monitor.p4(331) Condition "hdr.tcp.isValid()" (node_2) is false
[15:27:43.109] [bmv2] [T] [thread 45764] [5.0] [cxt 0] link_monitor.p4(335) Condition "hdr.ipv4.isValid()" (node_5) is false
[15:27:43.109] [bmv2] [T] [thread 45764] [5.0] [cxt 0] link_monitor.p4(338) Condition "hdr.probe.isValid()" (node_7) is false
[15:27:43.109] [bmv2] [D] [thread 45764] [5.0] [cxt 0] Pipeline 'ingress': end
[15:27:43.109] [bmv2] [D] [thread 45764] [5.0] [cxt 0] Egress port is 0
[15:27:43.110] [bmv2] [D] [thread 45765] [5.0] [cxt 0] Pipeline 'egress': start
[15:27:43.110] [bmv2] [T] [thread 45765] [5.0] [cxt 0] Applying table 'tbl_link_monitor377'
[15:27:43.110] [bmv2] [D] [thread 45765] [5.0] [cxt 0] Looking up key:

[15:27:43.110] [bmv2] [D] [thread 45765] [5.0] [cxt 0] Table 'tbl_link_monitor377': miss
[15:27:43.110] [bmv2] [D] [thread 45765] [5.0] [cxt 0] Action entry is link_monitor377 - 
[15:27:43.110] [bmv2] [T] [thread 45765] [5.0] [cxt 0] Action link_monitor377
[15:27:43.110] [bmv2] [T] [thread 45765] [5.0] [cxt 0] link_monitor.p4(377) Primitive (bit<32>)standard_metadata.egress_port
[15:27:43.110] [bmv2] [T] [thread 45765] [5.0] [cxt 0] link_monitor.p4(377) Primitive byte_cnt_reg.read(byte_cnt, (bit<32>)standard_metadata.egress_port)
[15:27:43.110] [bmv2] [T] [thread 45765] [5.0] [cxt 0] Read register 'MyEgress.byte_cnt_reg' at index 0 read value 410
[15:27:43.110] [bmv2] [T] [thread 45765] [5.0] [cxt 0] link_monitor.p4(378) Primitive byte_cnt = byte_cnt + standard_metadata.packet_length
[15:27:43.110] [bmv2] [T] [thread 45765] [5.0] [cxt 0] link_monitor.p4(380) Condition "hdr.probe.isValid()" (node_12) is false
[15:27:43.110] [bmv2] [T] [thread 45765] [5.0] [cxt 0] Applying table 'tbl_link_monitor380_0'
[15:27:43.110] [bmv2] [D] [thread 45765] [5.0] [cxt 0] Looking up key:

[15:27:43.110] [bmv2] [D] [thread 45765] [5.0] [cxt 0] Table 'tbl_link_monitor380_0': miss
[15:27:43.110] [bmv2] [D] [thread 45765] [5.0] [cxt 0] Action entry is link_monitor380_0 - 
[15:27:43.110] [bmv2] [T] [thread 45765] [5.0] [cxt 0] Action link_monitor380_0
[15:27:43.110] [bmv2] [T] [thread 45765] [5.0] [cxt 0] link_monitor.p4(380) Primitive (hdr.probe.isValid()) ? 0 : byte_cnt
[15:27:43.110] [bmv2] [T] [thread 45765] [5.0] [cxt 0] Applying table 'tbl_link_monitor381'
[15:27:43.110] [bmv2] [D] [thread 45765] [5.0] [cxt 0] Looking up key:

[15:27:43.110] [bmv2] [D] [thread 45765] [5.0] [cxt 0] Table 'tbl_link_monitor381': miss
[15:27:43.110] [bmv2] [D] [thread 45765] [5.0] [cxt 0] Action entry is link_monitor381 - 
[15:27:43.110] [bmv2] [T] [thread 45765] [5.0] [cxt 0] Action link_monitor381
[15:27:43.110] [bmv2] [T] [thread 45765] [5.0] [cxt 0] link_monitor.p4(381) Primitive (bit<32>)standard_metadata.egress_port
[15:27:43.110] [bmv2] [T] [thread 45765] [5.0] [cxt 0] link_monitor.p4(381) Primitive byte_cnt_reg.write((bit<32>)standard_metadata.egress_port, new_byte_cnt)
[15:27:43.110] [bmv2] [T] [thread 45765] [5.0] [cxt 0] Wrote register 'MyEgress.byte_cnt_reg' at index 0 with value 500
[15:27:43.110] [bmv2] [T] [thread 45765] [5.0] [cxt 0] link_monitor.p4(383) Condition "hdr.probe.isValid()" (node_16) is false
[15:27:43.110] [bmv2] [D] [thread 45765] [5.0] [cxt 0] Pipeline 'egress': end
[15:27:43.110] [bmv2] [D] [thread 45765] [5.0] [cxt 0] Deparser 'deparser': start
[15:27:43.110] [bmv2] [T] [thread 45765] [5.0] [cxt 0] Skipping checksum 'cksum' update because condition not met
[15:27:43.110] [bmv2] [D] [thread 45765] [5.0] [cxt 0] Deparsing header 'ethernet'
[15:27:43.110] [bmv2] [D] [thread 45765] [5.0] [cxt 0] Deparser 'deparser': end
[15:27:43.111] [bmv2] [D] [thread 45769] [5.0] [cxt 0] Transmitting packet of size 90 out of port 0
[15:27:43.244] [bmv2] [D] [thread 45764] [6.0] [cxt 0] Processing packet received on port 2
[15:27:43.244] [bmv2] [D] [thread 45764] [6.0] [cxt 0] Parser 'parser': start
[15:27:43.244] [bmv2] [D] [thread 45764] [6.0] [cxt 0] Parser 'parser' entering state 'start'
[15:27:43.244] [bmv2] [D] [thread 45764] [6.0] [cxt 0] Extracting header 'ethernet'
[15:27:43.244] [bmv2] [D] [thread 45764] [6.0] [cxt 0] Parser state 'start': key is 86dd
[15:27:43.244] [bmv2] [T] [thread 45764] [6.0] [cxt 0] Bytes parsed: 14
[15:27:43.244] [bmv2] [D] [thread 45764] [6.0] [cxt 0] Parser 'parser': end
[15:27:43.244] [bmv2] [D] [thread 45764] [6.0] [cxt 0] Pipeline 'ingress': start
[15:27:43.244] [bmv2] [T] [thread 45764] [6.0] [cxt 0] link_monitor.p4(331) Condition "hdr.tcp.isValid()" (node_2) is false
[15:27:43.244] [bmv2] [T] [thread 45764] [6.0] [cxt 0] link_monitor.p4(335) Condition "hdr.ipv4.isValid()" (node_5) is false
[15:27:43.244] [bmv2] [T] [thread 45764] [6.0] [cxt 0] link_monitor.p4(338) Condition "hdr.probe.isValid()" (node_7) is false
[15:27:43.244] [bmv2] [D] [thread 45764] [6.0] [cxt 0] Pipeline 'ingress': end
[15:27:43.244] [bmv2] [D] [thread 45764] [6.0] [cxt 0] Egress port is 0
[15:27:43.244] [bmv2] [D] [thread 45764] [7.0] [cxt 0] Processing packet received on port 2
[15:27:43.244] [bmv2] [D] [thread 45764] [7.0] [cxt 0] Parser 'parser': start
[15:27:43.244] [bmv2] [D] [thread 45764] [7.0] [cxt 0] Parser 'parser' entering state 'start'
[15:27:43.244] [bmv2] [D] [thread 45764] [7.0] [cxt 0] Extracting header 'ethernet'
[15:27:43.244] [bmv2] [D] [thread 45764] [7.0] [cxt 0] Parser state 'start': key is 86dd
[15:27:43.244] [bmv2] [T] [thread 45764] [7.0] [cxt 0] Bytes parsed: 14
[15:27:43.244] [bmv2] [D] [thread 45764] [7.0] [cxt 0] Parser 'parser': end
[15:27:43.244] [bmv2] [D] [thread 45764] [7.0] [cxt 0] Pipeline 'ingress': start
[15:27:43.244] [bmv2] [T] [thread 45764] [7.0] [cxt 0] link_monitor.p4(331) Condition "hdr.tcp.isValid()" (node_2) is false
[15:27:43.244] [bmv2] [T] [thread 45764] [7.0] [cxt 0] link_monitor.p4(335) Condition "hdr.ipv4.isValid()" (node_5) is false
[15:27:43.244] [bmv2] [T] [thread 45764] [7.0] [cxt 0] link_monitor.p4(338) Condition "hdr.probe.isValid()" (node_7) is false
[15:27:43.244] [bmv2] [D] [thread 45764] [7.0] [cxt 0] Pipeline 'ingress': end
[15:27:43.244] [bmv2] [D] [thread 45764] [7.0] [cxt 0] Egress port is 0
[15:27:43.244] [bmv2] [D] [thread 45765] [6.0] [cxt 0] Pipeline 'egress': start
[15:27:43.244] [bmv2] [T] [thread 45765] [6.0] [cxt 0] Applying table 'tbl_link_monitor377'
[15:27:43.244] [bmv2] [D] [thread 45765] [6.0] [cxt 0] Looking up key:

[15:27:43.244] [bmv2] [D] [thread 45765] [6.0] [cxt 0] Table 'tbl_link_monitor377': miss
[15:27:43.244] [bmv2] [D] [thread 45765] [6.0] [cxt 0] Action entry is link_monitor377 - 
[15:27:43.244] [bmv2] [T] [thread 45765] [6.0] [cxt 0] Action link_monitor377
[15:27:43.244] [bmv2] [T] [thread 45765] [6.0] [cxt 0] link_monitor.p4(377) Primitive (bit<32>)standard_metadata.egress_port
[15:27:43.244] [bmv2] [T] [thread 45765] [6.0] [cxt 0] link_monitor.p4(377) Primitive byte_cnt_reg.read(byte_cnt, (bit<32>)standard_metadata.egress_port)
[15:27:43.244] [bmv2] [T] [thread 45765] [6.0] [cxt 0] Read register 'MyEgress.byte_cnt_reg' at index 0 read value 500
[15:27:43.244] [bmv2] [T] [thread 45765] [6.0] [cxt 0] link_monitor.p4(378) Primitive byte_cnt = byte_cnt + standard_metadata.packet_length
[15:27:43.244] [bmv2] [T] [thread 45765] [6.0] [cxt 0] link_monitor.p4(380) Condition "hdr.probe.isValid()" (node_12) is false
[15:27:43.244] [bmv2] [T] [thread 45765] [6.0] [cxt 0] Applying table 'tbl_link_monitor380_0'
[15:27:43.244] [bmv2] [D] [thread 45765] [6.0] [cxt 0] Looking up key:

[15:27:43.244] [bmv2] [D] [thread 45765] [6.0] [cxt 0] Table 'tbl_link_monitor380_0': miss
[15:27:43.244] [bmv2] [D] [thread 45765] [6.0] [cxt 0] Action entry is link_monitor380_0 - 
[15:27:43.244] [bmv2] [T] [thread 45765] [6.0] [cxt 0] Action link_monitor380_0
[15:27:43.244] [bmv2] [T] [thread 45765] [6.0] [cxt 0] link_monitor.p4(380) Primitive (hdr.probe.isValid()) ? 0 : byte_cnt
[15:27:43.244] [bmv2] [T] [thread 45765] [6.0] [cxt 0] Applying table 'tbl_link_monitor381'
[15:27:43.244] [bmv2] [D] [thread 45765] [6.0] [cxt 0] Looking up key:

[15:27:43.244] [bmv2] [D] [thread 45765] [6.0] [cxt 0] Table 'tbl_link_monitor381': miss
[15:27:43.244] [bmv2] [D] [thread 45765] [6.0] [cxt 0] Action entry is link_monitor381 - 
[15:27:43.244] [bmv2] [T] [thread 45765] [6.0] [cxt 0] Action link_monitor381
[15:27:43.244] [bmv2] [T] [thread 45765] [6.0] [cxt 0] link_monitor.p4(381) Primitive (bit<32>)standard_metadata.egress_port
[15:27:43.244] [bmv2] [T] [thread 45765] [6.0] [cxt 0] link_monitor.p4(381) Primitive byte_cnt_reg.write((bit<32>)standard_metadata.egress_port, new_byte_cnt)
[15:27:43.244] [bmv2] [T] [thread 45765] [6.0] [cxt 0] Wrote register 'MyEgress.byte_cnt_reg' at index 0 with value 590
[15:27:43.244] [bmv2] [T] [thread 45765] [6.0] [cxt 0] link_monitor.p4(383) Condition "hdr.probe.isValid()" (node_16) is false
[15:27:43.244] [bmv2] [D] [thread 45765] [6.0] [cxt 0] Pipeline 'egress': end
[15:27:43.244] [bmv2] [D] [thread 45765] [6.0] [cxt 0] Deparser 'deparser': start
[15:27:43.244] [bmv2] [T] [thread 45765] [6.0] [cxt 0] Skipping checksum 'cksum' update because condition not met
[15:27:43.244] [bmv2] [D] [thread 45765] [6.0] [cxt 0] Deparsing header 'ethernet'
[15:27:43.244] [bmv2] [D] [thread 45765] [6.0] [cxt 0] Deparser 'deparser': end
[15:27:43.244] [bmv2] [D] [thread 45765] [7.0] [cxt 0] Pipeline 'egress': start
[15:27:43.244] [bmv2] [T] [thread 45765] [7.0] [cxt 0] Applying table 'tbl_link_monitor377'
[15:27:43.244] [bmv2] [D] [thread 45765] [7.0] [cxt 0] Looking up key:

[15:27:43.244] [bmv2] [D] [thread 45765] [7.0] [cxt 0] Table 'tbl_link_monitor377': miss
[15:27:43.244] [bmv2] [D] [thread 45765] [7.0] [cxt 0] Action entry is link_monitor377 - 
[15:27:43.244] [bmv2] [T] [thread 45765] [7.0] [cxt 0] Action link_monitor377
[15:27:43.244] [bmv2] [T] [thread 45765] [7.0] [cxt 0] link_monitor.p4(377) Primitive (bit<32>)standard_metadata.egress_port
[15:27:43.245] [bmv2] [T] [thread 45765] [7.0] [cxt 0] link_monitor.p4(377) Primitive byte_cnt_reg.read(byte_cnt, (bit<32>)standard_metadata.egress_port)
[15:27:43.245] [bmv2] [T] [thread 45765] [7.0] [cxt 0] Read register 'MyEgress.byte_cnt_reg' at index 0 read value 590
[15:27:43.245] [bmv2] [T] [thread 45765] [7.0] [cxt 0] link_monitor.p4(378) Primitive byte_cnt = byte_cnt + standard_metadata.packet_length
[15:27:43.245] [bmv2] [T] [thread 45765] [7.0] [cxt 0] link_monitor.p4(380) Condition "hdr.probe.isValid()" (node_12) is false
[15:27:43.245] [bmv2] [T] [thread 45765] [7.0] [cxt 0] Applying table 'tbl_link_monitor380_0'
[15:27:43.245] [bmv2] [D] [thread 45765] [7.0] [cxt 0] Looking up key:

[15:27:43.245] [bmv2] [D] [thread 45765] [7.0] [cxt 0] Table 'tbl_link_monitor380_0': miss
[15:27:43.245] [bmv2] [D] [thread 45765] [7.0] [cxt 0] Action entry is link_monitor380_0 - 
[15:27:43.245] [bmv2] [T] [thread 45765] [7.0] [cxt 0] Action link_monitor380_0
[15:27:43.245] [bmv2] [T] [thread 45765] [7.0] [cxt 0] link_monitor.p4(380) Primitive (hdr.probe.isValid()) ? 0 : byte_cnt
[15:27:43.245] [bmv2] [T] [thread 45765] [7.0] [cxt 0] Applying table 'tbl_link_monitor381'
[15:27:43.245] [bmv2] [D] [thread 45765] [7.0] [cxt 0] Looking up key:

[15:27:43.245] [bmv2] [D] [thread 45765] [7.0] [cxt 0] Table 'tbl_link_monitor381': miss
[15:27:43.245] [bmv2] [D] [thread 45765] [7.0] [cxt 0] Action entry is link_monitor381 - 
[15:27:43.245] [bmv2] [T] [thread 45765] [7.0] [cxt 0] Action link_monitor381
[15:27:43.245] [bmv2] [T] [thread 45765] [7.0] [cxt 0] link_monitor.p4(381) Primitive (bit<32>)standard_metadata.egress_port
[15:27:43.245] [bmv2] [T] [thread 45765] [7.0] [cxt 0] link_monitor.p4(381) Primitive byte_cnt_reg.write((bit<32>)standard_metadata.egress_port, new_byte_cnt)
[15:27:43.245] [bmv2] [T] [thread 45765] [7.0] [cxt 0] Wrote register 'MyEgress.byte_cnt_reg' at index 0 with value 660
[15:27:43.245] [bmv2] [T] [thread 45765] [7.0] [cxt 0] link_monitor.p4(383) Condition "hdr.probe.isValid()" (node_16) is false
[15:27:43.245] [bmv2] [D] [thread 45765] [7.0] [cxt 0] Pipeline 'egress': end
[15:27:43.245] [bmv2] [D] [thread 45765] [7.0] [cxt 0] Deparser 'deparser': start
[15:27:43.245] [bmv2] [T] [thread 45765] [7.0] [cxt 0] Skipping checksum 'cksum' update because condition not met
[15:27:43.245] [bmv2] [D] [thread 45765] [7.0] [cxt 0] Deparsing header 'ethernet'
[15:27:43.245] [bmv2] [D] [thread 45765] [7.0] [cxt 0] Deparser 'deparser': end
[15:27:43.245] [bmv2] [D] [thread 45769] [6.0] [cxt 0] Transmitting packet of size 90 out of port 0
[15:27:43.245] [bmv2] [D] [thread 45769] [7.0] [cxt 0] Transmitting packet of size 70 out of port 0
[15:27:43.493] [bmv2] [D] [thread 45764] [8.0] [cxt 0] Processing packet received on port 1
[15:27:43.493] [bmv2] [D] [thread 45764] [8.0] [cxt 0] Parser 'parser': start
[15:27:43.493] [bmv2] [D] [thread 45764] [8.0] [cxt 0] Parser 'parser' entering state 'start'
[15:27:43.493] [bmv2] [D] [thread 45764] [8.0] [cxt 0] Extracting header 'ethernet'
[15:27:43.493] [bmv2] [D] [thread 45764] [8.0] [cxt 0] Parser state 'start': key is 86dd
[15:27:43.493] [bmv2] [T] [thread 45764] [8.0] [cxt 0] Bytes parsed: 14
[15:27:43.493] [bmv2] [D] [thread 45764] [8.0] [cxt 0] Parser 'parser': end
[15:27:43.493] [bmv2] [D] [thread 45764] [8.0] [cxt 0] Pipeline 'ingress': start
[15:27:43.493] [bmv2] [T] [thread 45764] [8.0] [cxt 0] link_monitor.p4(331) Condition "hdr.tcp.isValid()" (node_2) is false
[15:27:43.493] [bmv2] [T] [thread 45764] [8.0] [cxt 0] link_monitor.p4(335) Condition "hdr.ipv4.isValid()" (node_5) is false
[15:27:43.493] [bmv2] [T] [thread 45764] [8.0] [cxt 0] link_monitor.p4(338) Condition "hdr.probe.isValid()" (node_7) is false
[15:27:43.493] [bmv2] [D] [thread 45764] [8.0] [cxt 0] Pipeline 'ingress': end
[15:27:43.493] [bmv2] [D] [thread 45764] [8.0] [cxt 0] Egress port is 0
[15:27:43.494] [bmv2] [D] [thread 45765] [8.0] [cxt 0] Pipeline 'egress': start
[15:27:43.494] [bmv2] [T] [thread 45765] [8.0] [cxt 0] Applying table 'tbl_link_monitor377'
[15:27:43.494] [bmv2] [D] [thread 45765] [8.0] [cxt 0] Looking up key:

[15:27:43.494] [bmv2] [D] [thread 45765] [8.0] [cxt 0] Table 'tbl_link_monitor377': miss
[15:27:43.494] [bmv2] [D] [thread 45765] [8.0] [cxt 0] Action entry is link_monitor377 - 
[15:27:43.494] [bmv2] [T] [thread 45765] [8.0] [cxt 0] Action link_monitor377
[15:27:43.494] [bmv2] [T] [thread 45765] [8.0] [cxt 0] link_monitor.p4(377) Primitive (bit<32>)standard_metadata.egress_port
[15:27:43.494] [bmv2] [T] [thread 45765] [8.0] [cxt 0] link_monitor.p4(377) Primitive byte_cnt_reg.read(byte_cnt, (bit<32>)standard_metadata.egress_port)
[15:27:43.494] [bmv2] [T] [thread 45765] [8.0] [cxt 0] Read register 'MyEgress.byte_cnt_reg' at index 0 read value 660
[15:27:43.494] [bmv2] [T] [thread 45765] [8.0] [cxt 0] link_monitor.p4(378) Primitive byte_cnt = byte_cnt + standard_metadata.packet_length
[15:27:43.494] [bmv2] [T] [thread 45765] [8.0] [cxt 0] link_monitor.p4(380) Condition "hdr.probe.isValid()" (node_12) is false
[15:27:43.494] [bmv2] [T] [thread 45765] [8.0] [cxt 0] Applying table 'tbl_link_monitor380_0'
[15:27:43.494] [bmv2] [D] [thread 45765] [8.0] [cxt 0] Looking up key:

[15:27:43.494] [bmv2] [D] [thread 45765] [8.0] [cxt 0] Table 'tbl_link_monitor380_0': miss
[15:27:43.494] [bmv2] [D] [thread 45765] [8.0] [cxt 0] Action entry is link_monitor380_0 - 
[15:27:43.494] [bmv2] [T] [thread 45765] [8.0] [cxt 0] Action link_monitor380_0
[15:27:43.494] [bmv2] [T] [thread 45765] [8.0] [cxt 0] link_monitor.p4(380) Primitive (hdr.probe.isValid()) ? 0 : byte_cnt
[15:27:43.494] [bmv2] [T] [thread 45765] [8.0] [cxt 0] Applying table 'tbl_link_monitor381'
[15:27:43.494] [bmv2] [D] [thread 45765] [8.0] [cxt 0] Looking up key:

[15:27:43.494] [bmv2] [D] [thread 45765] [8.0] [cxt 0] Table 'tbl_link_monitor381': miss
[15:27:43.494] [bmv2] [D] [thread 45765] [8.0] [cxt 0] Action entry is link_monitor381 - 
[15:27:43.494] [bmv2] [T] [thread 45765] [8.0] [cxt 0] Action link_monitor381
[15:27:43.494] [bmv2] [T] [thread 45765] [8.0] [cxt 0] link_monitor.p4(381) Primitive (bit<32>)standard_metadata.egress_port
[15:27:43.494] [bmv2] [T] [thread 45765] [8.0] [cxt 0] link_monitor.p4(381) Primitive byte_cnt_reg.write((bit<32>)standard_metadata.egress_port, new_byte_cnt)
[15:27:43.494] [bmv2] [T] [thread 45765] [8.0] [cxt 0] Wrote register 'MyEgress.byte_cnt_reg' at index 0 with value 750
[15:27:43.494] [bmv2] [T] [thread 45765] [8.0] [cxt 0] link_monitor.p4(383) Condition "hdr.probe.isValid()" (node_16) is false
[15:27:43.494] [bmv2] [D] [thread 45765] [8.0] [cxt 0] Pipeline 'egress': end
[15:27:43.494] [bmv2] [D] [thread 45765] [8.0] [cxt 0] Deparser 'deparser': start
[15:27:43.494] [bmv2] [T] [thread 45765] [8.0] [cxt 0] Skipping checksum 'cksum' update because condition not met
[15:27:43.494] [bmv2] [D] [thread 45765] [8.0] [cxt 0] Deparsing header 'ethernet'
[15:27:43.494] [bmv2] [D] [thread 45765] [8.0] [cxt 0] Deparser 'deparser': end
[15:27:43.495] [bmv2] [D] [thread 45769] [8.0] [cxt 0] Transmitting packet of size 90 out of port 0
[15:27:44.006] [bmv2] [D] [thread 45764] [9.0] [cxt 0] Processing packet received on port 2
[15:27:44.006] [bmv2] [D] [thread 45764] [9.0] [cxt 0] Parser 'parser': start
[15:27:44.006] [bmv2] [D] [thread 45764] [9.0] [cxt 0] Parser 'parser' entering state 'start'
[15:27:44.006] [bmv2] [D] [thread 45764] [9.0] [cxt 0] Extracting header 'ethernet'
[15:27:44.006] [bmv2] [D] [thread 45764] [9.0] [cxt 0] Parser state 'start': key is 86dd
[15:27:44.006] [bmv2] [T] [thread 45764] [9.0] [cxt 0] Bytes parsed: 14
[15:27:44.006] [bmv2] [D] [thread 45764] [9.0] [cxt 0] Parser 'parser': end
[15:27:44.006] [bmv2] [D] [thread 45764] [9.0] [cxt 0] Pipeline 'ingress': start
[15:27:44.006] [bmv2] [T] [thread 45764] [9.0] [cxt 0] link_monitor.p4(331) Condition "hdr.tcp.isValid()" (node_2) is false
[15:27:44.006] [bmv2] [T] [thread 45764] [9.0] [cxt 0] link_monitor.p4(335) Condition "hdr.ipv4.isValid()" (node_5) is false
[15:27:44.006] [bmv2] [T] [thread 45764] [9.0] [cxt 0] link_monitor.p4(338) Condition "hdr.probe.isValid()" (node_7) is false
[15:27:44.007] [bmv2] [D] [thread 45764] [9.0] [cxt 0] Pipeline 'ingress': end
[15:27:44.007] [bmv2] [D] [thread 45764] [9.0] [cxt 0] Egress port is 0
[15:27:44.007] [bmv2] [D] [thread 45765] [9.0] [cxt 0] Pipeline 'egress': start
[15:27:44.007] [bmv2] [T] [thread 45765] [9.0] [cxt 0] Applying table 'tbl_link_monitor377'
[15:27:44.007] [bmv2] [D] [thread 45765] [9.0] [cxt 0] Looking up key:

[15:27:44.007] [bmv2] [D] [thread 45765] [9.0] [cxt 0] Table 'tbl_link_monitor377': miss
[15:27:44.007] [bmv2] [D] [thread 45765] [9.0] [cxt 0] Action entry is link_monitor377 - 
[15:27:44.007] [bmv2] [T] [thread 45765] [9.0] [cxt 0] Action link_monitor377
[15:27:44.007] [bmv2] [T] [thread 45765] [9.0] [cxt 0] link_monitor.p4(377) Primitive (bit<32>)standard_metadata.egress_port
[15:27:44.007] [bmv2] [T] [thread 45765] [9.0] [cxt 0] link_monitor.p4(377) Primitive byte_cnt_reg.read(byte_cnt, (bit<32>)standard_metadata.egress_port)
[15:27:44.007] [bmv2] [T] [thread 45765] [9.0] [cxt 0] Read register 'MyEgress.byte_cnt_reg' at index 0 read value 750
[15:27:44.007] [bmv2] [T] [thread 45765] [9.0] [cxt 0] link_monitor.p4(378) Primitive byte_cnt = byte_cnt + standard_metadata.packet_length
[15:27:44.007] [bmv2] [T] [thread 45765] [9.0] [cxt 0] link_monitor.p4(380) Condition "hdr.probe.isValid()" (node_12) is false
[15:27:44.007] [bmv2] [T] [thread 45765] [9.0] [cxt 0] Applying table 'tbl_link_monitor380_0'
[15:27:44.007] [bmv2] [D] [thread 45765] [9.0] [cxt 0] Looking up key:

[15:27:44.007] [bmv2] [D] [thread 45765] [9.0] [cxt 0] Table 'tbl_link_monitor380_0': miss
[15:27:44.007] [bmv2] [D] [thread 45765] [9.0] [cxt 0] Action entry is link_monitor380_0 - 
[15:27:44.007] [bmv2] [T] [thread 45765] [9.0] [cxt 0] Action link_monitor380_0
[15:27:44.007] [bmv2] [T] [thread 45765] [9.0] [cxt 0] link_monitor.p4(380) Primitive (hdr.probe.isValid()) ? 0 : byte_cnt
[15:27:44.007] [bmv2] [T] [thread 45765] [9.0] [cxt 0] Applying table 'tbl_link_monitor381'
[15:27:44.007] [bmv2] [D] [thread 45765] [9.0] [cxt 0] Looking up key:

[15:27:44.007] [bmv2] [D] [thread 45765] [9.0] [cxt 0] Table 'tbl_link_monitor381': miss
[15:27:44.007] [bmv2] [D] [thread 45765] [9.0] [cxt 0] Action entry is link_monitor381 - 
[15:27:44.007] [bmv2] [T] [thread 45765] [9.0] [cxt 0] Action link_monitor381
[15:27:44.007] [bmv2] [T] [thread 45765] [9.0] [cxt 0] link_monitor.p4(381) Primitive (bit<32>)standard_metadata.egress_port
[15:27:44.007] [bmv2] [T] [thread 45765] [9.0] [cxt 0] link_monitor.p4(381) Primitive byte_cnt_reg.write((bit<32>)standard_metadata.egress_port, new_byte_cnt)
[15:27:44.007] [bmv2] [T] [thread 45765] [9.0] [cxt 0] Wrote register 'MyEgress.byte_cnt_reg' at index 0 with value 840
[15:27:44.007] [bmv2] [T] [thread 45765] [9.0] [cxt 0] link_monitor.p4(383) Condition "hdr.probe.isValid()" (node_16) is false
[15:27:44.007] [bmv2] [D] [thread 45765] [9.0] [cxt 0] Pipeline 'egress': end
[15:27:44.007] [bmv2] [D] [thread 45765] [9.0] [cxt 0] Deparser 'deparser': start
[15:27:44.007] [bmv2] [T] [thread 45765] [9.0] [cxt 0] Skipping checksum 'cksum' update because condition not met
[15:27:44.007] [bmv2] [D] [thread 45765] [9.0] [cxt 0] Deparsing header 'ethernet'
[15:27:44.007] [bmv2] [D] [thread 45765] [9.0] [cxt 0] Deparser 'deparser': end
[15:27:44.008] [bmv2] [D] [thread 45769] [9.0] [cxt 0] Transmitting packet of size 90 out of port 0
[15:27:45.313] [bmv2] [W] [thread 45820] [P4Runtime] p4::tmp::P4DeviceConfig is deprecated
[15:27:45.316] [bmv2] [D] [thread 45820] Set default default entry for table 'MyIngress.tcp_lb': MyIngress.drop - 
[15:27:45.316] [bmv2] [D] [thread 45820] Set default default entry for table 'MyIngress.tcp_lb_nhop': MyIngress.drop - 
[15:27:45.316] [bmv2] [D] [thread 45820] Set default default entry for table 'MyIngress.ipv4_lpm': MyIngress.drop - 
[15:27:45.316] [bmv2] [D] [thread 45820] Set default default entry for table 'tbl_link_monitor339': link_monitor339 - 
[15:27:45.317] [bmv2] [D] [thread 45820] Set default default entry for table 'tbl_link_monitor377': link_monitor377 - 
[15:27:45.317] [bmv2] [D] [thread 45820] Set default default entry for table 'tbl_link_monitor380': link_monitor380 - 
[15:27:45.317] [bmv2] [D] [thread 45820] Set default default entry for table 'tbl_link_monitor380_0': link_monitor380_0 - 
[15:27:45.317] [bmv2] [D] [thread 45820] Set default default entry for table 'tbl_link_monitor381': link_monitor381 - 
[15:27:45.317] [bmv2] [D] [thread 45820] Set default default entry for table 'tbl_link_monitor385': link_monitor385 - 
[15:27:45.317] [bmv2] [D] [thread 45820] Set default default entry for table 'tbl_link_monitor388': link_monitor388 - 
[15:27:45.317] [bmv2] [D] [thread 45820] Set default default entry for table 'tbl_link_monitor391': link_monitor391 - 
[15:27:45.317] [bmv2] [D] [thread 45820] Set default default entry for table 'MyEgress.swid': NoAction - 
[15:27:45.317] [bmv2] [D] [thread 45820] Set default default entry for table 'tbl_link_monitor396': link_monitor396 - 
[15:27:45.330] [bmv2] [D] [thread 45820] simple_switch target has been notified of a config swap
[15:27:45.333] [bmv2] [D] [thread 45821] Set default entry for table 'MyEgress.swid': MyEgress.set_swid - 3,
[15:27:45.335] [bmv2] [D] [thread 45820] Set default entry for table 'MyIngress.ipv4_lpm': MyIngress.drop - 
[15:27:45.336] [bmv2] [D] [thread 45821] Set default entry for table 'MyIngress.tcp_lb': MyIngress.drop - 
[15:27:45.336] [bmv2] [D] [thread 45820] Set default entry for table 'MyIngress.tcp_lb_nhop': MyIngress.drop - 
[15:27:45.338] [bmv2] [D] [thread 45821] Entry 0 added to table 'MyIngress.ipv4_lpm'
[15:27:45.338] [bmv2] [D] [thread 45821] Dumping entry 0
Match key:
* hdr.ipv4.dstAddr    : LPM       0a000101/32
Action entry: MyIngress.ipv4_forward - 80000000100,1,

[15:27:45.339] [bmv2] [D] [thread 45820] Entry 1 added to table 'MyIngress.ipv4_lpm'
[15:27:45.339] [bmv2] [D] [thread 45820] Dumping entry 1
Match key:
* hdr.ipv4.dstAddr    : LPM       0a000202/32
Action entry: MyIngress.ipv4_forward - 80000000100,1,

[15:27:45.340] [bmv2] [D] [thread 45821] Entry 2 added to table 'MyIngress.ipv4_lpm'
[15:27:45.341] [bmv2] [D] [thread 45821] Dumping entry 2
Match key:
* hdr.ipv4.dstAddr    : LPM       0a000303/32
Action entry: MyIngress.ipv4_forward - 80000000200,2,

[15:27:45.342] [bmv2] [D] [thread 45820] Entry 3 added to table 'MyIngress.ipv4_lpm'
[15:27:45.342] [bmv2] [D] [thread 45820] Dumping entry 3
Match key:
* hdr.ipv4.dstAddr    : LPM       0a000404/32
Action entry: MyIngress.ipv4_forward - 80000000200,2,

[15:27:45.343] [bmv2] [D] [thread 45821] Entry 0 added to table 'MyIngress.tcp_lb'
[15:27:45.343] [bmv2] [D] [thread 45821] Dumping entry 0
Match key:
* hdr.ipv4.dstAddr    : LPM       0a000101/32
Action entry: MyIngress.tcp_lb_action - 1,1,

[15:27:45.344] [bmv2] [D] [thread 45820] Entry 1 added to table 'MyIngress.tcp_lb'
[15:27:45.344] [bmv2] [D] [thread 45820] Dumping entry 1
Match key:
* hdr.ipv4.dstAddr    : LPM       0a000202/32
Action entry: MyIngress.tcp_lb_action - 1,1,

[15:27:45.345] [bmv2] [D] [thread 45821] Entry 2 added to table 'MyIngress.tcp_lb'
[15:27:45.346] [bmv2] [D] [thread 45821] Dumping entry 2
Match key:
* hdr.ipv4.dstAddr    : LPM       0a000303/32
Action entry: MyIngress.tcp_lb_action - 2,2,

[15:27:45.358] [bmv2] [D] [thread 45820] Entry 3 added to table 'MyIngress.tcp_lb'
[15:27:45.358] [bmv2] [D] [thread 45820] Dumping entry 3
Match key:
* hdr.ipv4.dstAddr    : LPM       0a000404/32
Action entry: MyIngress.tcp_lb_action - 2,2,

[15:27:45.361] [bmv2] [D] [thread 45821] Entry 0 added to table 'MyIngress.tcp_lb_nhop'
[15:27:45.361] [bmv2] [D] [thread 45821] Dumping entry 0
Match key:
* meta.lb_port        : EXACT     0001
Action entry: MyIngress.tcp_lb_nhop_action - 80000000100,

[15:27:45.363] [bmv2] [D] [thread 45820] Entry 1 added to table 'MyIngress.tcp_lb_nhop'
[15:27:45.363] [bmv2] [D] [thread 45820] Dumping entry 1
Match key:
* meta.lb_port        : EXACT     0002
Action entry: MyIngress.tcp_lb_nhop_action - 80000000200,

[15:27:46.949] [bmv2] [D] [thread 45764] [10.0] [cxt 0] Processing packet received on port 2
[15:27:46.949] [bmv2] [D] [thread 45764] [10.0] [cxt 0] Parser 'parser': start
[15:27:46.949] [bmv2] [D] [thread 45764] [10.0] [cxt 0] Parser 'parser' entering state 'start'
[15:27:46.949] [bmv2] [D] [thread 45764] [10.0] [cxt 0] Extracting header 'ethernet'
[15:27:46.949] [bmv2] [D] [thread 45764] [10.0] [cxt 0] Parser state 'start': key is 86dd
[15:27:46.949] [bmv2] [T] [thread 45764] [10.0] [cxt 0] Bytes parsed: 14
[15:27:46.949] [bmv2] [D] [thread 45764] [10.0] [cxt 0] Parser 'parser': end
[15:27:46.949] [bmv2] [D] [thread 45764] [10.0] [cxt 0] Pipeline 'ingress': start
[15:27:46.949] [bmv2] [T] [thread 45764] [10.0] [cxt 0] link_monitor.p4(331) Condition "hdr.tcp.isValid()" (node_2) is false
[15:27:46.949] [bmv2] [T] [thread 45764] [10.0] [cxt 0] link_monitor.p4(335) Condition "hdr.ipv4.isValid()" (node_5) is false
[15:27:46.949] [bmv2] [T] [thread 45764] [10.0] [cxt 0] link_monitor.p4(338) Condition "hdr.probe.isValid()" (node_7) is false
[15:27:46.949] [bmv2] [D] [thread 45764] [10.0] [cxt 0] Pipeline 'ingress': end
[15:27:46.949] [bmv2] [D] [thread 45764] [10.0] [cxt 0] Egress port is 0
[15:27:46.949] [bmv2] [D] [thread 45765] [10.0] [cxt 0] Pipeline 'egress': start
[15:27:46.949] [bmv2] [T] [thread 45765] [10.0] [cxt 0] Applying table 'tbl_link_monitor377'
[15:27:46.949] [bmv2] [D] [thread 45765] [10.0] [cxt 0] Looking up key:

[15:27:46.949] [bmv2] [D] [thread 45765] [10.0] [cxt 0] Table 'tbl_link_monitor377': miss
[15:27:46.949] [bmv2] [D] [thread 45765] [10.0] [cxt 0] Action entry is link_monitor377 - 
[15:27:46.949] [bmv2] [T] [thread 45765] [10.0] [cxt 0] Action link_monitor377
[15:27:46.949] [bmv2] [T] [thread 45765] [10.0] [cxt 0] link_monitor.p4(377) Primitive (bit<32>)standard_metadata.egress_port
[15:27:46.950] [bmv2] [T] [thread 45765] [10.0] [cxt 0] link_monitor.p4(377) Primitive byte_cnt_reg.read(byte_cnt, (bit<32>)standard_metadata.egress_port)
[15:27:46.950] [bmv2] [T] [thread 45765] [10.0] [cxt 0] Read register 'MyEgress.byte_cnt_reg' at index 0 read value 0
[15:27:46.950] [bmv2] [T] [thread 45765] [10.0] [cxt 0] link_monitor.p4(378) Primitive byte_cnt = byte_cnt + standard_metadata.packet_length
[15:27:46.950] [bmv2] [T] [thread 45765] [10.0] [cxt 0] link_monitor.p4(380) Condition "hdr.probe.isValid()" (node_12) is false
[15:27:46.950] [bmv2] [T] [thread 45765] [10.0] [cxt 0] Applying table 'tbl_link_monitor380_0'
[15:27:46.950] [bmv2] [D] [thread 45765] [10.0] [cxt 0] Looking up key:

[15:27:46.950] [bmv2] [D] [thread 45765] [10.0] [cxt 0] Table 'tbl_link_monitor380_0': miss
[15:27:46.950] [bmv2] [D] [thread 45765] [10.0] [cxt 0] Action entry is link_monitor380_0 - 
[15:27:46.950] [bmv2] [T] [thread 45765] [10.0] [cxt 0] Action link_monitor380_0
[15:27:46.950] [bmv2] [T] [thread 45765] [10.0] [cxt 0] link_monitor.p4(380) Primitive (hdr.probe.isValid()) ? 0 : byte_cnt
[15:27:46.950] [bmv2] [T] [thread 45765] [10.0] [cxt 0] Applying table 'tbl_link_monitor381'
[15:27:46.950] [bmv2] [D] [thread 45765] [10.0] [cxt 0] Looking up key:

[15:27:46.950] [bmv2] [D] [thread 45765] [10.0] [cxt 0] Table 'tbl_link_monitor381': miss
[15:27:46.950] [bmv2] [D] [thread 45765] [10.0] [cxt 0] Action entry is link_monitor381 - 
[15:27:46.950] [bmv2] [T] [thread 45765] [10.0] [cxt 0] Action link_monitor381
[15:27:46.950] [bmv2] [T] [thread 45765] [10.0] [cxt 0] link_monitor.p4(381) Primitive (bit<32>)standard_metadata.egress_port
[15:27:46.950] [bmv2] [T] [thread 45765] [10.0] [cxt 0] link_monitor.p4(381) Primitive byte_cnt_reg.write((bit<32>)standard_metadata.egress_port, new_byte_cnt)
[15:27:46.950] [bmv2] [T] [thread 45765] [10.0] [cxt 0] Wrote register 'MyEgress.byte_cnt_reg' at index 0 with value 70
[15:27:46.950] [bmv2] [T] [thread 45765] [10.0] [cxt 0] link_monitor.p4(383) Condition "hdr.probe.isValid()" (node_16) is false
[15:27:46.950] [bmv2] [D] [thread 45765] [10.0] [cxt 0] Pipeline 'egress': end
[15:27:46.950] [bmv2] [D] [thread 45765] [10.0] [cxt 0] Deparser 'deparser': start
[15:27:46.950] [bmv2] [T] [thread 45765] [10.0] [cxt 0] Skipping checksum 'cksum' update because condition not met
[15:27:46.950] [bmv2] [D] [thread 45765] [10.0] [cxt 0] Deparsing header 'ethernet'
[15:27:46.950] [bmv2] [D] [thread 45765] [10.0] [cxt 0] Deparser 'deparser': end
[15:27:46.950] [bmv2] [D] [thread 45769] [10.0] [cxt 0] Transmitting packet of size 70 out of port 0
[15:27:47.208] [bmv2] [D] [thread 45764] [11.0] [cxt 0] Processing packet received on port 1
[15:27:47.208] [bmv2] [D] [thread 45764] [11.0] [cxt 0] Parser 'parser': start
[15:27:47.208] [bmv2] [D] [thread 45764] [11.0] [cxt 0] Parser 'parser' entering state 'start'
[15:27:47.208] [bmv2] [D] [thread 45764] [11.0] [cxt 0] Extracting header 'ethernet'
[15:27:47.208] [bmv2] [D] [thread 45764] [11.0] [cxt 0] Parser state 'start': key is 86dd
[15:27:47.208] [bmv2] [T] [thread 45764] [11.0] [cxt 0] Bytes parsed: 14
[15:27:47.208] [bmv2] [D] [thread 45764] [11.0] [cxt 0] Parser 'parser': end
[15:27:47.208] [bmv2] [D] [thread 45764] [11.0] [cxt 0] Pipeline 'ingress': start
[15:27:47.208] [bmv2] [T] [thread 45764] [11.0] [cxt 0] link_monitor.p4(331) Condition "hdr.tcp.isValid()" (node_2) is false
[15:27:47.208] [bmv2] [T] [thread 45764] [11.0] [cxt 0] link_monitor.p4(335) Condition "hdr.ipv4.isValid()" (node_5) is false
[15:27:47.208] [bmv2] [T] [thread 45764] [11.0] [cxt 0] link_monitor.p4(338) Condition "hdr.probe.isValid()" (node_7) is false
[15:27:47.208] [bmv2] [D] [thread 45764] [11.0] [cxt 0] Pipeline 'ingress': end
[15:27:47.208] [bmv2] [D] [thread 45764] [11.0] [cxt 0] Egress port is 0
[15:27:47.208] [bmv2] [D] [thread 45765] [11.0] [cxt 0] Pipeline 'egress': start
[15:27:47.208] [bmv2] [T] [thread 45765] [11.0] [cxt 0] Applying table 'tbl_link_monitor377'
[15:27:47.208] [bmv2] [D] [thread 45765] [11.0] [cxt 0] Looking up key:

[15:27:47.208] [bmv2] [D] [thread 45765] [11.0] [cxt 0] Table 'tbl_link_monitor377': miss
[15:27:47.208] [bmv2] [D] [thread 45765] [11.0] [cxt 0] Action entry is link_monitor377 - 
[15:27:47.208] [bmv2] [T] [thread 45765] [11.0] [cxt 0] Action link_monitor377
[15:27:47.208] [bmv2] [T] [thread 45765] [11.0] [cxt 0] link_monitor.p4(377) Primitive (bit<32>)standard_metadata.egress_port
[15:27:47.208] [bmv2] [T] [thread 45765] [11.0] [cxt 0] link_monitor.p4(377) Primitive byte_cnt_reg.read(byte_cnt, (bit<32>)standard_metadata.egress_port)
[15:27:47.208] [bmv2] [T] [thread 45765] [11.0] [cxt 0] Read register 'MyEgress.byte_cnt_reg' at index 0 read value 70
[15:27:47.208] [bmv2] [T] [thread 45765] [11.0] [cxt 0] link_monitor.p4(378) Primitive byte_cnt = byte_cnt + standard_metadata.packet_length
[15:27:47.208] [bmv2] [T] [thread 45765] [11.0] [cxt 0] link_monitor.p4(380) Condition "hdr.probe.isValid()" (node_12) is false
[15:27:47.208] [bmv2] [T] [thread 45765] [11.0] [cxt 0] Applying table 'tbl_link_monitor380_0'
[15:27:47.208] [bmv2] [D] [thread 45765] [11.0] [cxt 0] Looking up key:

[15:27:47.208] [bmv2] [D] [thread 45765] [11.0] [cxt 0] Table 'tbl_link_monitor380_0': miss
[15:27:47.208] [bmv2] [D] [thread 45765] [11.0] [cxt 0] Action entry is link_monitor380_0 - 
[15:27:47.208] [bmv2] [T] [thread 45765] [11.0] [cxt 0] Action link_monitor380_0
[15:27:47.208] [bmv2] [T] [thread 45765] [11.0] [cxt 0] link_monitor.p4(380) Primitive (hdr.probe.isValid()) ? 0 : byte_cnt
[15:27:47.208] [bmv2] [T] [thread 45765] [11.0] [cxt 0] Applying table 'tbl_link_monitor381'
[15:27:47.208] [bmv2] [D] [thread 45765] [11.0] [cxt 0] Looking up key:

[15:27:47.208] [bmv2] [D] [thread 45765] [11.0] [cxt 0] Table 'tbl_link_monitor381': miss
[15:27:47.208] [bmv2] [D] [thread 45765] [11.0] [cxt 0] Action entry is link_monitor381 - 
[15:27:47.208] [bmv2] [T] [thread 45765] [11.0] [cxt 0] Action link_monitor381
[15:27:47.208] [bmv2] [T] [thread 45765] [11.0] [cxt 0] link_monitor.p4(381) Primitive (bit<32>)standard_metadata.egress_port
[15:27:47.208] [bmv2] [T] [thread 45765] [11.0] [cxt 0] link_monitor.p4(381) Primitive byte_cnt_reg.write((bit<32>)standard_metadata.egress_port, new_byte_cnt)
[15:27:47.208] [bmv2] [T] [thread 45765] [11.0] [cxt 0] Wrote register 'MyEgress.byte_cnt_reg' at index 0 with value 140
[15:27:47.208] [bmv2] [T] [thread 45765] [11.0] [cxt 0] link_monitor.p4(383) Condition "hdr.probe.isValid()" (node_16) is false
[15:27:47.208] [bmv2] [D] [thread 45765] [11.0] [cxt 0] Pipeline 'egress': end
[15:27:47.208] [bmv2] [D] [thread 45765] [11.0] [cxt 0] Deparser 'deparser': start
[15:27:47.208] [bmv2] [T] [thread 45765] [11.0] [cxt 0] Skipping checksum 'cksum' update because condition not met
[15:27:47.208] [bmv2] [D] [thread 45765] [11.0] [cxt 0] Deparsing header 'ethernet'
[15:27:47.208] [bmv2] [D] [thread 45765] [11.0] [cxt 0] Deparser 'deparser': end
[15:27:47.209] [bmv2] [D] [thread 45769] [11.0] [cxt 0] Transmitting packet of size 70 out of port 0
[15:27:47.463] [bmv2] [D] [thread 45764] [12.0] [cxt 0] Processing packet received on port 2
[15:27:47.463] [bmv2] [D] [thread 45764] [12.0] [cxt 0] Parser 'parser': start
[15:27:47.463] [bmv2] [D] [thread 45764] [12.0] [cxt 0] Parser 'parser' entering state 'start'
[15:27:47.463] [bmv2] [D] [thread 45764] [12.0] [cxt 0] Extracting header 'ethernet'
[15:27:47.463] [bmv2] [D] [thread 45764] [12.0] [cxt 0] Parser state 'start': key is 86dd
[15:27:47.463] [bmv2] [T] [thread 45764] [12.0] [cxt 0] Bytes parsed: 14
[15:27:47.463] [bmv2] [D] [thread 45764] [12.0] [cxt 0] Parser 'parser': end
[15:27:47.463] [bmv2] [D] [thread 45764] [12.0] [cxt 0] Pipeline 'ingress': start
[15:27:47.463] [bmv2] [T] [thread 45764] [12.0] [cxt 0] link_monitor.p4(331) Condition "hdr.tcp.isValid()" (node_2) is false
[15:27:47.463] [bmv2] [T] [thread 45764] [12.0] [cxt 0] link_monitor.p4(335) Condition "hdr.ipv4.isValid()" (node_5) is false
[15:27:47.463] [bmv2] [T] [thread 45764] [12.0] [cxt 0] link_monitor.p4(338) Condition "hdr.probe.isValid()" (node_7) is false
[15:27:47.463] [bmv2] [D] [thread 45764] [12.0] [cxt 0] Pipeline 'ingress': end
[15:27:47.463] [bmv2] [D] [thread 45764] [12.0] [cxt 0] Egress port is 0
[15:27:47.463] [bmv2] [D] [thread 45765] [12.0] [cxt 0] Pipeline 'egress': start
[15:27:47.463] [bmv2] [T] [thread 45765] [12.0] [cxt 0] Applying table 'tbl_link_monitor377'
[15:27:47.463] [bmv2] [D] [thread 45765] [12.0] [cxt 0] Looking up key:

[15:27:47.463] [bmv2] [D] [thread 45765] [12.0] [cxt 0] Table 'tbl_link_monitor377': miss
[15:27:47.463] [bmv2] [D] [thread 45765] [12.0] [cxt 0] Action entry is link_monitor377 - 
[15:27:47.463] [bmv2] [T] [thread 45765] [12.0] [cxt 0] Action link_monitor377
[15:27:47.463] [bmv2] [T] [thread 45765] [12.0] [cxt 0] link_monitor.p4(377) Primitive (bit<32>)standard_metadata.egress_port
[15:27:47.463] [bmv2] [T] [thread 45765] [12.0] [cxt 0] link_monitor.p4(377) Primitive byte_cnt_reg.read(byte_cnt, (bit<32>)standard_metadata.egress_port)
[15:27:47.463] [bmv2] [D] [thread 45764] [13.0] [cxt 0] Processing packet received on port 1
[15:27:47.464] [bmv2] [D] [thread 45764] [13.0] [cxt 0] Parser 'parser': start
[15:27:47.464] [bmv2] [D] [thread 45764] [13.0] [cxt 0] Parser 'parser' entering state 'start'
[15:27:47.464] [bmv2] [D] [thread 45764] [13.0] [cxt 0] Extracting header 'ethernet'
[15:27:47.464] [bmv2] [T] [thread 45765] [12.0] [cxt 0] Read register 'MyEgress.byte_cnt_reg' at index 0 read value 140
[15:27:47.464] [bmv2] [T] [thread 45765] [12.0] [cxt 0] link_monitor.p4(378) Primitive byte_cnt = byte_cnt + standard_metadata.packet_length
[15:27:47.464] [bmv2] [D] [thread 45764] [13.0] [cxt 0] Parser state 'start': key is 86dd
[15:27:47.464] [bmv2] [T] [thread 45764] [13.0] [cxt 0] Bytes parsed: 14
[15:27:47.464] [bmv2] [D] [thread 45764] [13.0] [cxt 0] Parser 'parser': end
[15:27:47.464] [bmv2] [T] [thread 45765] [12.0] [cxt 0] link_monitor.p4(380) Condition "hdr.probe.isValid()" (node_12) is false
[15:27:47.464] [bmv2] [T] [thread 45765] [12.0] [cxt 0] Applying table 'tbl_link_monitor380_0'
[15:27:47.464] [bmv2] [D] [thread 45764] [13.0] [cxt 0] Pipeline 'ingress': start
[15:27:47.464] [bmv2] [D] [thread 45765] [12.0] [cxt 0] Looking up key:

[15:27:47.464] [bmv2] [T] [thread 45764] [13.0] [cxt 0] link_monitor.p4(331) Condition "hdr.tcp.isValid()" (node_2) is false
[15:27:47.464] [bmv2] [D] [thread 45765] [12.0] [cxt 0] Table 'tbl_link_monitor380_0': miss
[15:27:47.464] [bmv2] [D] [thread 45765] [12.0] [cxt 0] Action entry is link_monitor380_0 - 
[15:27:47.464] [bmv2] [T] [thread 45765] [12.0] [cxt 0] Action link_monitor380_0
[15:27:47.464] [bmv2] [T] [thread 45765] [12.0] [cxt 0] link_monitor.p4(380) Primitive (hdr.probe.isValid()) ? 0 : byte_cnt
[15:27:47.464] [bmv2] [T] [thread 45765] [12.0] [cxt 0] Applying table 'tbl_link_monitor381'
[15:27:47.464] [bmv2] [D] [thread 45765] [12.0] [cxt 0] Looking up key:

[15:27:47.464] [bmv2] [D] [thread 45765] [12.0] [cxt 0] Table 'tbl_link_monitor381': miss
[15:27:47.464] [bmv2] [D] [thread 45765] [12.0] [cxt 0] Action entry is link_monitor381 - 
[15:27:47.464] [bmv2] [T] [thread 45765] [12.0] [cxt 0] Action link_monitor381
[15:27:47.464] [bmv2] [T] [thread 45765] [12.0] [cxt 0] link_monitor.p4(381) Primitive (bit<32>)standard_metadata.egress_port
[15:27:47.464] [bmv2] [T] [thread 45764] [13.0] [cxt 0] link_monitor.p4(335) Condition "hdr.ipv4.isValid()" (node_5) is false
[15:27:47.464] [bmv2] [T] [thread 45765] [12.0] [cxt 0] link_monitor.p4(381) Primitive byte_cnt_reg.write((bit<32>)standard_metadata.egress_port, new_byte_cnt)
[15:27:47.464] [bmv2] [T] [thread 45764] [13.0] [cxt 0] link_monitor.p4(338) Condition "hdr.probe.isValid()" (node_7) is false
[15:27:47.464] [bmv2] [D] [thread 45764] [13.0] [cxt 0] Pipeline 'ingress': end
[15:27:47.464] [bmv2] [T] [thread 45765] [12.0] [cxt 0] Wrote register 'MyEgress.byte_cnt_reg' at index 0 with value 210
[15:27:47.464] [bmv2] [T] [thread 45765] [12.0] [cxt 0] link_monitor.p4(383) Condition "hdr.probe.isValid()" (node_16) is false
[15:27:47.464] [bmv2] [D] [thread 45765] [12.0] [cxt 0] Pipeline 'egress': end
[15:27:47.464] [bmv2] [D] [thread 45765] [12.0] [cxt 0] Deparser 'deparser': start
[15:27:47.464] [bmv2] [T] [thread 45765] [12.0] [cxt 0] Skipping checksum 'cksum' update because condition not met
[15:27:47.464] [bmv2] [D] [thread 45764] [13.0] [cxt 0] Egress port is 0
[15:27:47.464] [bmv2] [D] [thread 45765] [12.0] [cxt 0] Deparsing header 'ethernet'
[15:27:47.464] [bmv2] [D] [thread 45765] [12.0] [cxt 0] Deparser 'deparser': end
[15:27:47.464] [bmv2] [D] [thread 45765] [13.0] [cxt 0] Pipeline 'egress': start
[15:27:47.464] [bmv2] [D] [thread 45769] [12.0] [cxt 0] Transmitting packet of size 70 out of port 0
[15:27:47.464] [bmv2] [T] [thread 45765] [13.0] [cxt 0] Applying table 'tbl_link_monitor377'
[15:27:47.464] [bmv2] [D] [thread 45765] [13.0] [cxt 0] Looking up key:

[15:27:47.464] [bmv2] [D] [thread 45765] [13.0] [cxt 0] Table 'tbl_link_monitor377': miss
[15:27:47.464] [bmv2] [D] [thread 45765] [13.0] [cxt 0] Action entry is link_monitor377 - 
[15:27:47.464] [bmv2] [T] [thread 45765] [13.0] [cxt 0] Action link_monitor377
[15:27:47.464] [bmv2] [T] [thread 45765] [13.0] [cxt 0] link_monitor.p4(377) Primitive (bit<32>)standard_metadata.egress_port
[15:27:47.464] [bmv2] [T] [thread 45765] [13.0] [cxt 0] link_monitor.p4(377) Primitive byte_cnt_reg.read(byte_cnt, (bit<32>)standard_metadata.egress_port)
[15:27:47.464] [bmv2] [T] [thread 45765] [13.0] [cxt 0] Read register 'MyEgress.byte_cnt_reg' at index 0 read value 210
[15:27:47.464] [bmv2] [T] [thread 45765] [13.0] [cxt 0] link_monitor.p4(378) Primitive byte_cnt = byte_cnt + standard_metadata.packet_length
[15:27:47.464] [bmv2] [T] [thread 45765] [13.0] [cxt 0] link_monitor.p4(380) Condition "hdr.probe.isValid()" (node_12) is false
[15:27:47.464] [bmv2] [T] [thread 45765] [13.0] [cxt 0] Applying table 'tbl_link_monitor380_0'
[15:27:47.464] [bmv2] [D] [thread 45765] [13.0] [cxt 0] Looking up key:

[15:27:47.464] [bmv2] [D] [thread 45765] [13.0] [cxt 0] Table 'tbl_link_monitor380_0': miss
[15:27:47.464] [bmv2] [D] [thread 45765] [13.0] [cxt 0] Action entry is link_monitor380_0 - 
[15:27:47.464] [bmv2] [T] [thread 45765] [13.0] [cxt 0] Action link_monitor380_0
[15:27:47.464] [bmv2] [T] [thread 45765] [13.0] [cxt 0] link_monitor.p4(380) Primitive (hdr.probe.isValid()) ? 0 : byte_cnt
[15:27:47.464] [bmv2] [T] [thread 45765] [13.0] [cxt 0] Applying table 'tbl_link_monitor381'
[15:27:47.464] [bmv2] [D] [thread 45765] [13.0] [cxt 0] Looking up key:

[15:27:47.464] [bmv2] [D] [thread 45765] [13.0] [cxt 0] Table 'tbl_link_monitor381': miss
[15:27:47.464] [bmv2] [D] [thread 45765] [13.0] [cxt 0] Action entry is link_monitor381 - 
[15:27:47.464] [bmv2] [T] [thread 45765] [13.0] [cxt 0] Action link_monitor381
[15:27:47.464] [bmv2] [T] [thread 45765] [13.0] [cxt 0] link_monitor.p4(381) Primitive (bit<32>)standard_metadata.egress_port
[15:27:47.464] [bmv2] [T] [thread 45765] [13.0] [cxt 0] link_monitor.p4(381) Primitive byte_cnt_reg.write((bit<32>)standard_metadata.egress_port, new_byte_cnt)
[15:27:47.464] [bmv2] [T] [thread 45765] [13.0] [cxt 0] Wrote register 'MyEgress.byte_cnt_reg' at index 0 with value 280
[15:27:47.464] [bmv2] [T] [thread 45765] [13.0] [cxt 0] link_monitor.p4(383) Condition "hdr.probe.isValid()" (node_16) is false
[15:27:47.464] [bmv2] [D] [thread 45765] [13.0] [cxt 0] Pipeline 'egress': end
[15:27:47.464] [bmv2] [D] [thread 45765] [13.0] [cxt 0] Deparser 'deparser': start
[15:27:47.464] [bmv2] [T] [thread 45765] [13.0] [cxt 0] Skipping checksum 'cksum' update because condition not met
[15:27:47.464] [bmv2] [D] [thread 45765] [13.0] [cxt 0] Deparsing header 'ethernet'
[15:27:47.464] [bmv2] [D] [thread 45765] [13.0] [cxt 0] Deparser 'deparser': end
[15:27:47.464] [bmv2] [D] [thread 45769] [13.0] [cxt 0] Transmitting packet of size 70 out of port 0
[15:27:55.142] [bmv2] [D] [thread 45764] [14.0] [cxt 0] Processing packet received on port 1
[15:27:55.142] [bmv2] [D] [thread 45764] [14.0] [cxt 0] Parser 'parser': start
[15:27:55.142] [bmv2] [D] [thread 45764] [14.0] [cxt 0] Parser 'parser' entering state 'start'
[15:27:55.142] [bmv2] [D] [thread 45764] [14.0] [cxt 0] Extracting header 'ethernet'
[15:27:55.142] [bmv2] [D] [thread 45764] [14.0] [cxt 0] Parser state 'start': key is 86dd
[15:27:55.142] [bmv2] [T] [thread 45764] [14.0] [cxt 0] Bytes parsed: 14
[15:27:55.142] [bmv2] [D] [thread 45764] [14.0] [cxt 0] Parser 'parser': end
[15:27:55.142] [bmv2] [D] [thread 45764] [14.0] [cxt 0] Pipeline 'ingress': start
[15:27:55.142] [bmv2] [T] [thread 45764] [14.0] [cxt 0] link_monitor.p4(331) Condition "hdr.tcp.isValid()" (node_2) is false
[15:27:55.142] [bmv2] [T] [thread 45764] [14.0] [cxt 0] link_monitor.p4(335) Condition "hdr.ipv4.isValid()" (node_5) is false
[15:27:55.142] [bmv2] [T] [thread 45764] [14.0] [cxt 0] link_monitor.p4(338) Condition "hdr.probe.isValid()" (node_7) is false
[15:27:55.142] [bmv2] [D] [thread 45764] [14.0] [cxt 0] Pipeline 'ingress': end
[15:27:55.142] [bmv2] [D] [thread 45764] [14.0] [cxt 0] Egress port is 0
[15:27:55.142] [bmv2] [D] [thread 45765] [14.0] [cxt 0] Pipeline 'egress': start
[15:27:55.142] [bmv2] [T] [thread 45765] [14.0] [cxt 0] Applying table 'tbl_link_monitor377'
[15:27:55.142] [bmv2] [D] [thread 45765] [14.0] [cxt 0] Looking up key:

[15:27:55.142] [bmv2] [D] [thread 45765] [14.0] [cxt 0] Table 'tbl_link_monitor377': miss
[15:27:55.142] [bmv2] [D] [thread 45765] [14.0] [cxt 0] Action entry is link_monitor377 - 
[15:27:55.142] [bmv2] [T] [thread 45765] [14.0] [cxt 0] Action link_monitor377
[15:27:55.142] [bmv2] [T] [thread 45765] [14.0] [cxt 0] link_monitor.p4(377) Primitive (bit<32>)standard_metadata.egress_port
[15:27:55.142] [bmv2] [T] [thread 45765] [14.0] [cxt 0] link_monitor.p4(377) Primitive byte_cnt_reg.read(byte_cnt, (bit<32>)standard_metadata.egress_port)
[15:27:55.142] [bmv2] [T] [thread 45765] [14.0] [cxt 0] Read register 'MyEgress.byte_cnt_reg' at index 0 read value 280
[15:27:55.142] [bmv2] [T] [thread 45765] [14.0] [cxt 0] link_monitor.p4(378) Primitive byte_cnt = byte_cnt + standard_metadata.packet_length
[15:27:55.142] [bmv2] [T] [thread 45765] [14.0] [cxt 0] link_monitor.p4(380) Condition "hdr.probe.isValid()" (node_12) is false
[15:27:55.142] [bmv2] [T] [thread 45765] [14.0] [cxt 0] Applying table 'tbl_link_monitor380_0'
[15:27:55.142] [bmv2] [D] [thread 45765] [14.0] [cxt 0] Looking up key:

[15:27:55.142] [bmv2] [D] [thread 45765] [14.0] [cxt 0] Table 'tbl_link_monitor380_0': miss
[15:27:55.142] [bmv2] [D] [thread 45765] [14.0] [cxt 0] Action entry is link_monitor380_0 - 
[15:27:55.142] [bmv2] [T] [thread 45765] [14.0] [cxt 0] Action link_monitor380_0
[15:27:55.142] [bmv2] [T] [thread 45765] [14.0] [cxt 0] link_monitor.p4(380) Primitive (hdr.probe.isValid()) ? 0 : byte_cnt
[15:27:55.142] [bmv2] [T] [thread 45765] [14.0] [cxt 0] Applying table 'tbl_link_monitor381'
[15:27:55.143] [bmv2] [D] [thread 45765] [14.0] [cxt 0] Looking up key:

[15:27:55.143] [bmv2] [D] [thread 45765] [14.0] [cxt 0] Table 'tbl_link_monitor381': miss
[15:27:55.143] [bmv2] [D] [thread 45765] [14.0] [cxt 0] Action entry is link_monitor381 - 
[15:27:55.143] [bmv2] [T] [thread 45765] [14.0] [cxt 0] Action link_monitor381
[15:27:55.143] [bmv2] [T] [thread 45765] [14.0] [cxt 0] link_monitor.p4(381) Primitive (bit<32>)standard_metadata.egress_port
[15:27:55.143] [bmv2] [T] [thread 45765] [14.0] [cxt 0] link_monitor.p4(381) Primitive byte_cnt_reg.write((bit<32>)standard_metadata.egress_port, new_byte_cnt)
[15:27:55.143] [bmv2] [T] [thread 45765] [14.0] [cxt 0] Wrote register 'MyEgress.byte_cnt_reg' at index 0 with value 350
[15:27:55.143] [bmv2] [T] [thread 45765] [14.0] [cxt 0] link_monitor.p4(383) Condition "hdr.probe.isValid()" (node_16) is false
[15:27:55.143] [bmv2] [D] [thread 45765] [14.0] [cxt 0] Pipeline 'egress': end
[15:27:55.143] [bmv2] [D] [thread 45765] [14.0] [cxt 0] Deparser 'deparser': start
[15:27:55.143] [bmv2] [T] [thread 45765] [14.0] [cxt 0] Skipping checksum 'cksum' update because condition not met
[15:27:55.143] [bmv2] [D] [thread 45765] [14.0] [cxt 0] Deparsing header 'ethernet'
[15:27:55.143] [bmv2] [D] [thread 45765] [14.0] [cxt 0] Deparser 'deparser': end
[15:27:55.144] [bmv2] [D] [thread 45769] [14.0] [cxt 0] Transmitting packet of size 70 out of port 0
[15:27:55.398] [bmv2] [D] [thread 45764] [15.0] [cxt 0] Processing packet received on port 2
[15:27:55.398] [bmv2] [D] [thread 45764] [15.0] [cxt 0] Parser 'parser': start
[15:27:55.398] [bmv2] [D] [thread 45764] [15.0] [cxt 0] Parser 'parser' entering state 'start'
[15:27:55.398] [bmv2] [D] [thread 45764] [15.0] [cxt 0] Extracting header 'ethernet'
[15:27:55.398] [bmv2] [D] [thread 45764] [15.0] [cxt 0] Parser state 'start': key is 86dd
[15:27:55.398] [bmv2] [T] [thread 45764] [15.0] [cxt 0] Bytes parsed: 14
[15:27:55.398] [bmv2] [D] [thread 45764] [15.0] [cxt 0] Parser 'parser': end
[15:27:55.398] [bmv2] [D] [thread 45764] [15.0] [cxt 0] Pipeline 'ingress': start
[15:27:55.398] [bmv2] [T] [thread 45764] [15.0] [cxt 0] link_monitor.p4(331) Condition "hdr.tcp.isValid()" (node_2) is false
[15:27:55.398] [bmv2] [T] [thread 45764] [15.0] [cxt 0] link_monitor.p4(335) Condition "hdr.ipv4.isValid()" (node_5) is false
[15:27:55.398] [bmv2] [T] [thread 45764] [15.0] [cxt 0] link_monitor.p4(338) Condition "hdr.probe.isValid()" (node_7) is false
[15:27:55.398] [bmv2] [D] [thread 45764] [15.0] [cxt 0] Pipeline 'ingress': end
[15:27:55.398] [bmv2] [D] [thread 45764] [15.0] [cxt 0] Egress port is 0
[15:27:55.398] [bmv2] [D] [thread 45764] [16.0] [cxt 0] Processing packet received on port 2
[15:27:55.398] [bmv2] [D] [thread 45764] [16.0] [cxt 0] Parser 'parser': start
[15:27:55.398] [bmv2] [D] [thread 45764] [16.0] [cxt 0] Parser 'parser' entering state 'start'
[15:27:55.398] [bmv2] [D] [thread 45764] [16.0] [cxt 0] Extracting header 'ethernet'
[15:27:55.398] [bmv2] [D] [thread 45764] [16.0] [cxt 0] Parser state 'start': key is 86dd
[15:27:55.399] [bmv2] [T] [thread 45764] [16.0] [cxt 0] Bytes parsed: 14
[15:27:55.399] [bmv2] [D] [thread 45764] [16.0] [cxt 0] Parser 'parser': end
[15:27:55.399] [bmv2] [D] [thread 45764] [16.0] [cxt 0] Pipeline 'ingress': start
[15:27:55.399] [bmv2] [T] [thread 45764] [16.0] [cxt 0] link_monitor.p4(331) Condition "hdr.tcp.isValid()" (node_2) is false
[15:27:55.399] [bmv2] [T] [thread 45764] [16.0] [cxt 0] link_monitor.p4(335) Condition "hdr.ipv4.isValid()" (node_5) is false
[15:27:55.399] [bmv2] [T] [thread 45764] [16.0] [cxt 0] link_monitor.p4(338) Condition "hdr.probe.isValid()" (node_7) is false
[15:27:55.399] [bmv2] [D] [thread 45764] [16.0] [cxt 0] Pipeline 'ingress': end
[15:27:55.399] [bmv2] [D] [thread 45764] [16.0] [cxt 0] Egress port is 0
[15:27:55.400] [bmv2] [D] [thread 45765] [15.0] [cxt 0] Pipeline 'egress': start
[15:27:55.401] [bmv2] [T] [thread 45765] [15.0] [cxt 0] Applying table 'tbl_link_monitor377'
[15:27:55.401] [bmv2] [D] [thread 45765] [15.0] [cxt 0] Looking up key:

[15:27:55.401] [bmv2] [D] [thread 45765] [15.0] [cxt 0] Table 'tbl_link_monitor377': miss
[15:27:55.401] [bmv2] [D] [thread 45765] [15.0] [cxt 0] Action entry is link_monitor377 - 
[15:27:55.401] [bmv2] [T] [thread 45765] [15.0] [cxt 0] Action link_monitor377
[15:27:55.401] [bmv2] [T] [thread 45765] [15.0] [cxt 0] link_monitor.p4(377) Primitive (bit<32>)standard_metadata.egress_port
[15:27:55.401] [bmv2] [T] [thread 45765] [15.0] [cxt 0] link_monitor.p4(377) Primitive byte_cnt_reg.read(byte_cnt, (bit<32>)standard_metadata.egress_port)
[15:27:55.401] [bmv2] [T] [thread 45765] [15.0] [cxt 0] Read register 'MyEgress.byte_cnt_reg' at index 0 read value 350
[15:27:55.401] [bmv2] [T] [thread 45765] [15.0] [cxt 0] link_monitor.p4(378) Primitive byte_cnt = byte_cnt + standard_metadata.packet_length
[15:27:55.401] [bmv2] [T] [thread 45765] [15.0] [cxt 0] link_monitor.p4(380) Condition "hdr.probe.isValid()" (node_12) is false
[15:27:55.401] [bmv2] [T] [thread 45765] [15.0] [cxt 0] Applying table 'tbl_link_monitor380_0'
[15:27:55.401] [bmv2] [D] [thread 45765] [15.0] [cxt 0] Looking up key:

[15:27:55.401] [bmv2] [D] [thread 45765] [15.0] [cxt 0] Table 'tbl_link_monitor380_0': miss
[15:27:55.401] [bmv2] [D] [thread 45765] [15.0] [cxt 0] Action entry is link_monitor380_0 - 
[15:27:55.401] [bmv2] [T] [thread 45765] [15.0] [cxt 0] Action link_monitor380_0
[15:27:55.401] [bmv2] [T] [thread 45765] [15.0] [cxt 0] link_monitor.p4(380) Primitive (hdr.probe.isValid()) ? 0 : byte_cnt
[15:27:55.401] [bmv2] [T] [thread 45765] [15.0] [cxt 0] Applying table 'tbl_link_monitor381'
[15:27:55.401] [bmv2] [D] [thread 45765] [15.0] [cxt 0] Looking up key:

[15:27:55.401] [bmv2] [D] [thread 45765] [15.0] [cxt 0] Table 'tbl_link_monitor381': miss
[15:27:55.401] [bmv2] [D] [thread 45765] [15.0] [cxt 0] Action entry is link_monitor381 - 
[15:27:55.401] [bmv2] [T] [thread 45765] [15.0] [cxt 0] Action link_monitor381
[15:27:55.401] [bmv2] [T] [thread 45765] [15.0] [cxt 0] link_monitor.p4(381) Primitive (bit<32>)standard_metadata.egress_port
[15:27:55.401] [bmv2] [T] [thread 45765] [15.0] [cxt 0] link_monitor.p4(381) Primitive byte_cnt_reg.write((bit<32>)standard_metadata.egress_port, new_byte_cnt)
[15:27:55.401] [bmv2] [T] [thread 45765] [15.0] [cxt 0] Wrote register 'MyEgress.byte_cnt_reg' at index 0 with value 420
[15:27:55.401] [bmv2] [T] [thread 45765] [15.0] [cxt 0] link_monitor.p4(383) Condition "hdr.probe.isValid()" (node_16) is false
[15:27:55.401] [bmv2] [D] [thread 45765] [15.0] [cxt 0] Pipeline 'egress': end
[15:27:55.401] [bmv2] [D] [thread 45765] [15.0] [cxt 0] Deparser 'deparser': start
[15:27:55.401] [bmv2] [T] [thread 45765] [15.0] [cxt 0] Skipping checksum 'cksum' update because condition not met
[15:27:55.401] [bmv2] [D] [thread 45765] [15.0] [cxt 0] Deparsing header 'ethernet'
[15:27:55.401] [bmv2] [D] [thread 45765] [15.0] [cxt 0] Deparser 'deparser': end
[15:27:55.401] [bmv2] [D] [thread 45765] [16.0] [cxt 0] Pipeline 'egress': start
[15:27:55.401] [bmv2] [T] [thread 45765] [16.0] [cxt 0] Applying table 'tbl_link_monitor377'
[15:27:55.401] [bmv2] [D] [thread 45765] [16.0] [cxt 0] Looking up key:

[15:27:55.401] [bmv2] [D] [thread 45765] [16.0] [cxt 0] Table 'tbl_link_monitor377': miss
[15:27:55.401] [bmv2] [D] [thread 45765] [16.0] [cxt 0] Action entry is link_monitor377 - 
[15:27:55.401] [bmv2] [T] [thread 45765] [16.0] [cxt 0] Action link_monitor377
[15:27:55.401] [bmv2] [T] [thread 45765] [16.0] [cxt 0] link_monitor.p4(377) Primitive (bit<32>)standard_metadata.egress_port
[15:27:55.401] [bmv2] [T] [thread 45765] [16.0] [cxt 0] link_monitor.p4(377) Primitive byte_cnt_reg.read(byte_cnt, (bit<32>)standard_metadata.egress_port)
[15:27:55.401] [bmv2] [T] [thread 45765] [16.0] [cxt 0] Read register 'MyEgress.byte_cnt_reg' at index 0 read value 420
[15:27:55.401] [bmv2] [T] [thread 45765] [16.0] [cxt 0] link_monitor.p4(378) Primitive byte_cnt = byte_cnt + standard_metadata.packet_length
[15:27:55.401] [bmv2] [T] [thread 45765] [16.0] [cxt 0] link_monitor.p4(380) Condition "hdr.probe.isValid()" (node_12) is false
[15:27:55.401] [bmv2] [T] [thread 45765] [16.0] [cxt 0] Applying table 'tbl_link_monitor380_0'
[15:27:55.401] [bmv2] [D] [thread 45765] [16.0] [cxt 0] Looking up key:

[15:27:55.401] [bmv2] [D] [thread 45765] [16.0] [cxt 0] Table 'tbl_link_monitor380_0': miss
[15:27:55.401] [bmv2] [D] [thread 45765] [16.0] [cxt 0] Action entry is link_monitor380_0 - 
[15:27:55.401] [bmv2] [T] [thread 45765] [16.0] [cxt 0] Action link_monitor380_0
[15:27:55.401] [bmv2] [T] [thread 45765] [16.0] [cxt 0] link_monitor.p4(380) Primitive (hdr.probe.isValid()) ? 0 : byte_cnt
[15:27:55.402] [bmv2] [T] [thread 45765] [16.0] [cxt 0] Applying table 'tbl_link_monitor381'
[15:27:55.402] [bmv2] [D] [thread 45765] [16.0] [cxt 0] Looking up key:

[15:27:55.402] [bmv2] [D] [thread 45765] [16.0] [cxt 0] Table 'tbl_link_monitor381': miss
[15:27:55.402] [bmv2] [D] [thread 45765] [16.0] [cxt 0] Action entry is link_monitor381 - 
[15:27:55.402] [bmv2] [T] [thread 45765] [16.0] [cxt 0] Action link_monitor381
[15:27:55.402] [bmv2] [T] [thread 45765] [16.0] [cxt 0] link_monitor.p4(381) Primitive (bit<32>)standard_metadata.egress_port
[15:27:55.402] [bmv2] [T] [thread 45765] [16.0] [cxt 0] link_monitor.p4(381) Primitive byte_cnt_reg.write((bit<32>)standard_metadata.egress_port, new_byte_cnt)
[15:27:55.402] [bmv2] [T] [thread 45765] [16.0] [cxt 0] Wrote register 'MyEgress.byte_cnt_reg' at index 0 with value 490
[15:27:55.402] [bmv2] [T] [thread 45765] [16.0] [cxt 0] link_monitor.p4(383) Condition "hdr.probe.isValid()" (node_16) is false
[15:27:55.402] [bmv2] [D] [thread 45765] [16.0] [cxt 0] Pipeline 'egress': end
[15:27:55.402] [bmv2] [D] [thread 45765] [16.0] [cxt 0] Deparser 'deparser': start
[15:27:55.402] [bmv2] [T] [thread 45765] [16.0] [cxt 0] Skipping checksum 'cksum' update because condition not met
[15:27:55.402] [bmv2] [D] [thread 45765] [16.0] [cxt 0] Deparsing header 'ethernet'
[15:27:55.402] [bmv2] [D] [thread 45765] [16.0] [cxt 0] Deparser 'deparser': end
[15:27:55.401] [bmv2] [D] [thread 45769] [15.0] [cxt 0] Transmitting packet of size 70 out of port 0
[15:27:55.402] [bmv2] [D] [thread 45769] [16.0] [cxt 0] Transmitting packet of size 70 out of port 0
[15:27:55.909] [bmv2] [D] [thread 45764] [17.0] [cxt 0] Processing packet received on port 1
[15:27:55.909] [bmv2] [D] [thread 45764] [17.0] [cxt 0] Parser 'parser': start
[15:27:55.909] [bmv2] [D] [thread 45764] [17.0] [cxt 0] Parser 'parser' entering state 'start'
[15:27:55.909] [bmv2] [D] [thread 45764] [17.0] [cxt 0] Extracting header 'ethernet'
[15:27:55.910] [bmv2] [D] [thread 45764] [17.0] [cxt 0] Parser state 'start': key is 86dd
[15:27:55.910] [bmv2] [T] [thread 45764] [17.0] [cxt 0] Bytes parsed: 14
[15:27:55.910] [bmv2] [D] [thread 45764] [17.0] [cxt 0] Parser 'parser': end
[15:27:55.910] [bmv2] [D] [thread 45764] [17.0] [cxt 0] Pipeline 'ingress': start
[15:27:55.910] [bmv2] [T] [thread 45764] [17.0] [cxt 0] link_monitor.p4(331) Condition "hdr.tcp.isValid()" (node_2) is false
[15:27:55.910] [bmv2] [T] [thread 45764] [17.0] [cxt 0] link_monitor.p4(335) Condition "hdr.ipv4.isValid()" (node_5) is false
[15:27:55.910] [bmv2] [T] [thread 45764] [17.0] [cxt 0] link_monitor.p4(338) Condition "hdr.probe.isValid()" (node_7) is false
[15:27:55.910] [bmv2] [D] [thread 45764] [17.0] [cxt 0] Pipeline 'ingress': end
[15:27:55.910] [bmv2] [D] [thread 45764] [17.0] [cxt 0] Egress port is 0
[15:27:55.910] [bmv2] [D] [thread 45765] [17.0] [cxt 0] Pipeline 'egress': start
[15:27:55.910] [bmv2] [T] [thread 45765] [17.0] [cxt 0] Applying table 'tbl_link_monitor377'
[15:27:55.910] [bmv2] [D] [thread 45765] [17.0] [cxt 0] Looking up key:

[15:27:55.910] [bmv2] [D] [thread 45765] [17.0] [cxt 0] Table 'tbl_link_monitor377': miss
[15:27:55.910] [bmv2] [D] [thread 45765] [17.0] [cxt 0] Action entry is link_monitor377 - 
[15:27:55.910] [bmv2] [T] [thread 45765] [17.0] [cxt 0] Action link_monitor377
[15:27:55.910] [bmv2] [T] [thread 45765] [17.0] [cxt 0] link_monitor.p4(377) Primitive (bit<32>)standard_metadata.egress_port
[15:27:55.910] [bmv2] [T] [thread 45765] [17.0] [cxt 0] link_monitor.p4(377) Primitive byte_cnt_reg.read(byte_cnt, (bit<32>)standard_metadata.egress_port)
[15:27:55.910] [bmv2] [T] [thread 45765] [17.0] [cxt 0] Read register 'MyEgress.byte_cnt_reg' at index 0 read value 490
[15:27:55.910] [bmv2] [T] [thread 45765] [17.0] [cxt 0] link_monitor.p4(378) Primitive byte_cnt = byte_cnt + standard_metadata.packet_length
[15:27:55.910] [bmv2] [T] [thread 45765] [17.0] [cxt 0] link_monitor.p4(380) Condition "hdr.probe.isValid()" (node_12) is false
[15:27:55.910] [bmv2] [T] [thread 45765] [17.0] [cxt 0] Applying table 'tbl_link_monitor380_0'
[15:27:55.910] [bmv2] [D] [thread 45765] [17.0] [cxt 0] Looking up key:

[15:27:55.910] [bmv2] [D] [thread 45765] [17.0] [cxt 0] Table 'tbl_link_monitor380_0': miss
[15:27:55.910] [bmv2] [D] [thread 45765] [17.0] [cxt 0] Action entry is link_monitor380_0 - 
[15:27:55.910] [bmv2] [T] [thread 45765] [17.0] [cxt 0] Action link_monitor380_0
[15:27:55.910] [bmv2] [T] [thread 45765] [17.0] [cxt 0] link_monitor.p4(380) Primitive (hdr.probe.isValid()) ? 0 : byte_cnt
[15:27:55.910] [bmv2] [T] [thread 45765] [17.0] [cxt 0] Applying table 'tbl_link_monitor381'
[15:27:55.910] [bmv2] [D] [thread 45765] [17.0] [cxt 0] Looking up key:

[15:27:55.910] [bmv2] [D] [thread 45765] [17.0] [cxt 0] Table 'tbl_link_monitor381': miss
[15:27:55.910] [bmv2] [D] [thread 45765] [17.0] [cxt 0] Action entry is link_monitor381 - 
[15:27:55.910] [bmv2] [T] [thread 45765] [17.0] [cxt 0] Action link_monitor381
[15:27:55.910] [bmv2] [T] [thread 45765] [17.0] [cxt 0] link_monitor.p4(381) Primitive (bit<32>)standard_metadata.egress_port
[15:27:55.910] [bmv2] [T] [thread 45765] [17.0] [cxt 0] link_monitor.p4(381) Primitive byte_cnt_reg.write((bit<32>)standard_metadata.egress_port, new_byte_cnt)
[15:27:55.910] [bmv2] [T] [thread 45765] [17.0] [cxt 0] Wrote register 'MyEgress.byte_cnt_reg' at index 0 with value 560
[15:27:55.910] [bmv2] [T] [thread 45765] [17.0] [cxt 0] link_monitor.p4(383) Condition "hdr.probe.isValid()" (node_16) is false
[15:27:55.910] [bmv2] [D] [thread 45765] [17.0] [cxt 0] Pipeline 'egress': end
[15:27:55.910] [bmv2] [D] [thread 45765] [17.0] [cxt 0] Deparser 'deparser': start
[15:27:55.910] [bmv2] [T] [thread 45765] [17.0] [cxt 0] Skipping checksum 'cksum' update because condition not met
[15:27:55.910] [bmv2] [D] [thread 45765] [17.0] [cxt 0] Deparsing header 'ethernet'
[15:27:55.910] [bmv2] [D] [thread 45765] [17.0] [cxt 0] Deparser 'deparser': end
[15:27:55.910] [bmv2] [D] [thread 45769] [17.0] [cxt 0] Transmitting packet of size 70 out of port 0
[15:28:10.501] [bmv2] [D] [thread 45764] [18.0] [cxt 0] Processing packet received on port 1
[15:28:10.501] [bmv2] [D] [thread 45764] [18.0] [cxt 0] Parser 'parser': start
[15:28:10.501] [bmv2] [D] [thread 45764] [18.0] [cxt 0] Parser 'parser' entering state 'start'
[15:28:10.501] [bmv2] [D] [thread 45764] [18.0] [cxt 0] Extracting header 'ethernet'
[15:28:10.501] [bmv2] [D] [thread 45764] [18.0] [cxt 0] Parser state 'start': key is 86dd
[15:28:10.501] [bmv2] [T] [thread 45764] [18.0] [cxt 0] Bytes parsed: 14
[15:28:10.501] [bmv2] [D] [thread 45764] [18.0] [cxt 0] Parser 'parser': end
[15:28:10.501] [bmv2] [D] [thread 45764] [18.0] [cxt 0] Pipeline 'ingress': start
[15:28:10.501] [bmv2] [T] [thread 45764] [18.0] [cxt 0] link_monitor.p4(331) Condition "hdr.tcp.isValid()" (node_2) is false
[15:28:10.501] [bmv2] [T] [thread 45764] [18.0] [cxt 0] link_monitor.p4(335) Condition "hdr.ipv4.isValid()" (node_5) is false
[15:28:10.501] [bmv2] [T] [thread 45764] [18.0] [cxt 0] link_monitor.p4(338) Condition "hdr.probe.isValid()" (node_7) is false
[15:28:10.501] [bmv2] [D] [thread 45764] [18.0] [cxt 0] Pipeline 'ingress': end
[15:28:10.501] [bmv2] [D] [thread 45764] [18.0] [cxt 0] Egress port is 0
[15:28:10.502] [bmv2] [D] [thread 45765] [18.0] [cxt 0] Pipeline 'egress': start
[15:28:10.502] [bmv2] [T] [thread 45765] [18.0] [cxt 0] Applying table 'tbl_link_monitor377'
[15:28:10.502] [bmv2] [D] [thread 45765] [18.0] [cxt 0] Looking up key:

[15:28:10.502] [bmv2] [D] [thread 45765] [18.0] [cxt 0] Table 'tbl_link_monitor377': miss
[15:28:10.502] [bmv2] [D] [thread 45765] [18.0] [cxt 0] Action entry is link_monitor377 - 
[15:28:10.502] [bmv2] [T] [thread 45765] [18.0] [cxt 0] Action link_monitor377
[15:28:10.502] [bmv2] [T] [thread 45765] [18.0] [cxt 0] link_monitor.p4(377) Primitive (bit<32>)standard_metadata.egress_port
[15:28:10.502] [bmv2] [T] [thread 45765] [18.0] [cxt 0] link_monitor.p4(377) Primitive byte_cnt_reg.read(byte_cnt, (bit<32>)standard_metadata.egress_port)
[15:28:10.502] [bmv2] [T] [thread 45765] [18.0] [cxt 0] Read register 'MyEgress.byte_cnt_reg' at index 0 read value 560
[15:28:10.502] [bmv2] [T] [thread 45765] [18.0] [cxt 0] link_monitor.p4(378) Primitive byte_cnt = byte_cnt + standard_metadata.packet_length
[15:28:10.502] [bmv2] [T] [thread 45765] [18.0] [cxt 0] link_monitor.p4(380) Condition "hdr.probe.isValid()" (node_12) is false
[15:28:10.502] [bmv2] [T] [thread 45765] [18.0] [cxt 0] Applying table 'tbl_link_monitor380_0'
[15:28:10.502] [bmv2] [D] [thread 45765] [18.0] [cxt 0] Looking up key:

[15:28:10.502] [bmv2] [D] [thread 45765] [18.0] [cxt 0] Table 'tbl_link_monitor380_0': miss
[15:28:10.502] [bmv2] [D] [thread 45765] [18.0] [cxt 0] Action entry is link_monitor380_0 - 
[15:28:10.502] [bmv2] [T] [thread 45765] [18.0] [cxt 0] Action link_monitor380_0
[15:28:10.502] [bmv2] [T] [thread 45765] [18.0] [cxt 0] link_monitor.p4(380) Primitive (hdr.probe.isValid()) ? 0 : byte_cnt
[15:28:10.502] [bmv2] [T] [thread 45765] [18.0] [cxt 0] Applying table 'tbl_link_monitor381'
[15:28:10.502] [bmv2] [D] [thread 45765] [18.0] [cxt 0] Looking up key:

[15:28:10.502] [bmv2] [D] [thread 45765] [18.0] [cxt 0] Table 'tbl_link_monitor381': miss
[15:28:10.502] [bmv2] [D] [thread 45765] [18.0] [cxt 0] Action entry is link_monitor381 - 
[15:28:10.502] [bmv2] [T] [thread 45765] [18.0] [cxt 0] Action link_monitor381
[15:28:10.502] [bmv2] [T] [thread 45765] [18.0] [cxt 0] link_monitor.p4(381) Primitive (bit<32>)standard_metadata.egress_port
[15:28:10.502] [bmv2] [T] [thread 45765] [18.0] [cxt 0] link_monitor.p4(381) Primitive byte_cnt_reg.write((bit<32>)standard_metadata.egress_port, new_byte_cnt)
[15:28:10.502] [bmv2] [T] [thread 45765] [18.0] [cxt 0] Wrote register 'MyEgress.byte_cnt_reg' at index 0 with value 630
[15:28:10.502] [bmv2] [T] [thread 45765] [18.0] [cxt 0] link_monitor.p4(383) Condition "hdr.probe.isValid()" (node_16) is false
[15:28:10.502] [bmv2] [D] [thread 45765] [18.0] [cxt 0] Pipeline 'egress': end
[15:28:10.502] [bmv2] [D] [thread 45765] [18.0] [cxt 0] Deparser 'deparser': start
[15:28:10.502] [bmv2] [T] [thread 45765] [18.0] [cxt 0] Skipping checksum 'cksum' update because condition not met
[15:28:10.502] [bmv2] [D] [thread 45765] [18.0] [cxt 0] Deparsing header 'ethernet'
[15:28:10.502] [bmv2] [D] [thread 45765] [18.0] [cxt 0] Deparser 'deparser': end
[15:28:10.505] [bmv2] [D] [thread 45769] [18.0] [cxt 0] Transmitting packet of size 70 out of port 0
[15:28:12.298] [bmv2] [D] [thread 45764] [19.0] [cxt 0] Processing packet received on port 2
[15:28:12.298] [bmv2] [D] [thread 45764] [19.0] [cxt 0] Parser 'parser': start
[15:28:12.298] [bmv2] [D] [thread 45764] [19.0] [cxt 0] Parser 'parser' entering state 'start'
[15:28:12.298] [bmv2] [D] [thread 45764] [19.0] [cxt 0] Extracting header 'ethernet'
[15:28:12.298] [bmv2] [D] [thread 45764] [19.0] [cxt 0] Parser state 'start': key is 86dd
[15:28:12.298] [bmv2] [T] [thread 45764] [19.0] [cxt 0] Bytes parsed: 14
[15:28:12.298] [bmv2] [D] [thread 45764] [19.0] [cxt 0] Parser 'parser': end
[15:28:12.298] [bmv2] [D] [thread 45764] [19.0] [cxt 0] Pipeline 'ingress': start
[15:28:12.298] [bmv2] [T] [thread 45764] [19.0] [cxt 0] link_monitor.p4(331) Condition "hdr.tcp.isValid()" (node_2) is false
[15:28:12.298] [bmv2] [T] [thread 45764] [19.0] [cxt 0] link_monitor.p4(335) Condition "hdr.ipv4.isValid()" (node_5) is false
[15:28:12.298] [bmv2] [T] [thread 45764] [19.0] [cxt 0] link_monitor.p4(338) Condition "hdr.probe.isValid()" (node_7) is false
[15:28:12.298] [bmv2] [D] [thread 45764] [19.0] [cxt 0] Pipeline 'ingress': end
[15:28:12.298] [bmv2] [D] [thread 45764] [19.0] [cxt 0] Egress port is 0
[15:28:12.299] [bmv2] [D] [thread 45765] [19.0] [cxt 0] Pipeline 'egress': start
[15:28:12.299] [bmv2] [T] [thread 45765] [19.0] [cxt 0] Applying table 'tbl_link_monitor377'
[15:28:12.299] [bmv2] [D] [thread 45765] [19.0] [cxt 0] Looking up key:

[15:28:12.299] [bmv2] [D] [thread 45765] [19.0] [cxt 0] Table 'tbl_link_monitor377': miss
[15:28:12.299] [bmv2] [D] [thread 45765] [19.0] [cxt 0] Action entry is link_monitor377 - 
[15:28:12.299] [bmv2] [T] [thread 45765] [19.0] [cxt 0] Action link_monitor377
[15:28:12.299] [bmv2] [T] [thread 45765] [19.0] [cxt 0] link_monitor.p4(377) Primitive (bit<32>)standard_metadata.egress_port
[15:28:12.299] [bmv2] [T] [thread 45765] [19.0] [cxt 0] link_monitor.p4(377) Primitive byte_cnt_reg.read(byte_cnt, (bit<32>)standard_metadata.egress_port)
[15:28:12.299] [bmv2] [T] [thread 45765] [19.0] [cxt 0] Read register 'MyEgress.byte_cnt_reg' at index 0 read value 630
[15:28:12.299] [bmv2] [T] [thread 45765] [19.0] [cxt 0] link_monitor.p4(378) Primitive byte_cnt = byte_cnt + standard_metadata.packet_length
[15:28:12.299] [bmv2] [T] [thread 45765] [19.0] [cxt 0] link_monitor.p4(380) Condition "hdr.probe.isValid()" (node_12) is false
[15:28:12.299] [bmv2] [T] [thread 45765] [19.0] [cxt 0] Applying table 'tbl_link_monitor380_0'
[15:28:12.299] [bmv2] [D] [thread 45765] [19.0] [cxt 0] Looking up key:

[15:28:12.299] [bmv2] [D] [thread 45765] [19.0] [cxt 0] Table 'tbl_link_monitor380_0': miss
[15:28:12.299] [bmv2] [D] [thread 45765] [19.0] [cxt 0] Action entry is link_monitor380_0 - 
[15:28:12.299] [bmv2] [T] [thread 45765] [19.0] [cxt 0] Action link_monitor380_0
[15:28:12.299] [bmv2] [T] [thread 45765] [19.0] [cxt 0] link_monitor.p4(380) Primitive (hdr.probe.isValid()) ? 0 : byte_cnt
[15:28:12.299] [bmv2] [T] [thread 45765] [19.0] [cxt 0] Applying table 'tbl_link_monitor381'
[15:28:12.299] [bmv2] [D] [thread 45765] [19.0] [cxt 0] Looking up key:

[15:28:12.299] [bmv2] [D] [thread 45765] [19.0] [cxt 0] Table 'tbl_link_monitor381': miss
[15:28:12.299] [bmv2] [D] [thread 45765] [19.0] [cxt 0] Action entry is link_monitor381 - 
[15:28:12.299] [bmv2] [T] [thread 45765] [19.0] [cxt 0] Action link_monitor381
[15:28:12.299] [bmv2] [T] [thread 45765] [19.0] [cxt 0] link_monitor.p4(381) Primitive (bit<32>)standard_metadata.egress_port
[15:28:12.299] [bmv2] [T] [thread 45765] [19.0] [cxt 0] link_monitor.p4(381) Primitive byte_cnt_reg.write((bit<32>)standard_metadata.egress_port, new_byte_cnt)
[15:28:12.299] [bmv2] [T] [thread 45765] [19.0] [cxt 0] Wrote register 'MyEgress.byte_cnt_reg' at index 0 with value 700
[15:28:12.299] [bmv2] [T] [thread 45765] [19.0] [cxt 0] link_monitor.p4(383) Condition "hdr.probe.isValid()" (node_16) is false
[15:28:12.300] [bmv2] [D] [thread 45765] [19.0] [cxt 0] Pipeline 'egress': end
[15:28:12.300] [bmv2] [D] [thread 45765] [19.0] [cxt 0] Deparser 'deparser': start
[15:28:12.300] [bmv2] [T] [thread 45765] [19.0] [cxt 0] Skipping checksum 'cksum' update because condition not met
[15:28:12.300] [bmv2] [D] [thread 45765] [19.0] [cxt 0] Deparsing header 'ethernet'
[15:28:12.300] [bmv2] [D] [thread 45765] [19.0] [cxt 0] Deparser 'deparser': end
[15:28:12.300] [bmv2] [D] [thread 45769] [19.0] [cxt 0] Transmitting packet of size 70 out of port 0
[15:28:14.342] [bmv2] [D] [thread 45764] [20.0] [cxt 0] Processing packet received on port 1
[15:28:14.342] [bmv2] [D] [thread 45764] [20.0] [cxt 0] Parser 'parser': start
[15:28:14.342] [bmv2] [D] [thread 45764] [20.0] [cxt 0] Parser 'parser' entering state 'start'
[15:28:14.342] [bmv2] [D] [thread 45764] [20.0] [cxt 0] Extracting header 'ethernet'
[15:28:14.342] [bmv2] [D] [thread 45764] [20.0] [cxt 0] Parser state 'start': key is 86dd
[15:28:14.342] [bmv2] [T] [thread 45764] [20.0] [cxt 0] Bytes parsed: 14
[15:28:14.342] [bmv2] [D] [thread 45764] [20.0] [cxt 0] Parser 'parser': end
[15:28:14.342] [bmv2] [D] [thread 45764] [20.0] [cxt 0] Pipeline 'ingress': start
[15:28:14.342] [bmv2] [T] [thread 45764] [20.0] [cxt 0] link_monitor.p4(331) Condition "hdr.tcp.isValid()" (node_2) is false
[15:28:14.342] [bmv2] [T] [thread 45764] [20.0] [cxt 0] link_monitor.p4(335) Condition "hdr.ipv4.isValid()" (node_5) is false
[15:28:14.342] [bmv2] [T] [thread 45764] [20.0] [cxt 0] link_monitor.p4(338) Condition "hdr.probe.isValid()" (node_7) is false
[15:28:14.342] [bmv2] [D] [thread 45764] [20.0] [cxt 0] Pipeline 'ingress': end
[15:28:14.342] [bmv2] [D] [thread 45764] [20.0] [cxt 0] Egress port is 0
[15:28:14.342] [bmv2] [D] [thread 45764] [21.0] [cxt 0] Processing packet received on port 2
[15:28:14.342] [bmv2] [D] [thread 45764] [21.0] [cxt 0] Parser 'parser': start
[15:28:14.342] [bmv2] [D] [thread 45764] [21.0] [cxt 0] Parser 'parser' entering state 'start'
[15:28:14.342] [bmv2] [D] [thread 45764] [21.0] [cxt 0] Extracting header 'ethernet'
[15:28:14.342] [bmv2] [D] [thread 45764] [21.0] [cxt 0] Parser state 'start': key is 86dd
[15:28:14.342] [bmv2] [T] [thread 45764] [21.0] [cxt 0] Bytes parsed: 14
[15:28:14.342] [bmv2] [D] [thread 45764] [21.0] [cxt 0] Parser 'parser': end
[15:28:14.342] [bmv2] [D] [thread 45764] [21.0] [cxt 0] Pipeline 'ingress': start
[15:28:14.342] [bmv2] [T] [thread 45764] [21.0] [cxt 0] link_monitor.p4(331) Condition "hdr.tcp.isValid()" (node_2) is false
[15:28:14.342] [bmv2] [T] [thread 45764] [21.0] [cxt 0] link_monitor.p4(335) Condition "hdr.ipv4.isValid()" (node_5) is false
[15:28:14.342] [bmv2] [T] [thread 45764] [21.0] [cxt 0] link_monitor.p4(338) Condition "hdr.probe.isValid()" (node_7) is false
[15:28:14.342] [bmv2] [D] [thread 45764] [21.0] [cxt 0] Pipeline 'ingress': end
[15:28:14.342] [bmv2] [D] [thread 45764] [21.0] [cxt 0] Egress port is 0
[15:28:14.343] [bmv2] [D] [thread 45765] [20.0] [cxt 0] Pipeline 'egress': start
[15:28:14.343] [bmv2] [T] [thread 45765] [20.0] [cxt 0] Applying table 'tbl_link_monitor377'
[15:28:14.344] [bmv2] [D] [thread 45765] [20.0] [cxt 0] Looking up key:

[15:28:14.344] [bmv2] [D] [thread 45765] [20.0] [cxt 0] Table 'tbl_link_monitor377': miss
[15:28:14.344] [bmv2] [D] [thread 45765] [20.0] [cxt 0] Action entry is link_monitor377 - 
[15:28:14.344] [bmv2] [T] [thread 45765] [20.0] [cxt 0] Action link_monitor377
[15:28:14.344] [bmv2] [T] [thread 45765] [20.0] [cxt 0] link_monitor.p4(377) Primitive (bit<32>)standard_metadata.egress_port
[15:28:14.344] [bmv2] [T] [thread 45765] [20.0] [cxt 0] link_monitor.p4(377) Primitive byte_cnt_reg.read(byte_cnt, (bit<32>)standard_metadata.egress_port)
[15:28:14.344] [bmv2] [T] [thread 45765] [20.0] [cxt 0] Read register 'MyEgress.byte_cnt_reg' at index 0 read value 700
[15:28:14.344] [bmv2] [T] [thread 45765] [20.0] [cxt 0] link_monitor.p4(378) Primitive byte_cnt = byte_cnt + standard_metadata.packet_length
[15:28:14.344] [bmv2] [T] [thread 45765] [20.0] [cxt 0] link_monitor.p4(380) Condition "hdr.probe.isValid()" (node_12) is false
[15:28:14.344] [bmv2] [T] [thread 45765] [20.0] [cxt 0] Applying table 'tbl_link_monitor380_0'
[15:28:14.344] [bmv2] [D] [thread 45765] [20.0] [cxt 0] Looking up key:

[15:28:14.344] [bmv2] [D] [thread 45765] [20.0] [cxt 0] Table 'tbl_link_monitor380_0': miss
[15:28:14.344] [bmv2] [D] [thread 45765] [20.0] [cxt 0] Action entry is link_monitor380_0 - 
[15:28:14.344] [bmv2] [T] [thread 45765] [20.0] [cxt 0] Action link_monitor380_0
[15:28:14.344] [bmv2] [T] [thread 45765] [20.0] [cxt 0] link_monitor.p4(380) Primitive (hdr.probe.isValid()) ? 0 : byte_cnt
[15:28:14.344] [bmv2] [T] [thread 45765] [20.0] [cxt 0] Applying table 'tbl_link_monitor381'
[15:28:14.344] [bmv2] [D] [thread 45765] [20.0] [cxt 0] Looking up key:

[15:28:14.344] [bmv2] [D] [thread 45765] [20.0] [cxt 0] Table 'tbl_link_monitor381': miss
[15:28:14.344] [bmv2] [D] [thread 45765] [20.0] [cxt 0] Action entry is link_monitor381 - 
[15:28:14.344] [bmv2] [T] [thread 45765] [20.0] [cxt 0] Action link_monitor381
[15:28:14.344] [bmv2] [T] [thread 45765] [20.0] [cxt 0] link_monitor.p4(381) Primitive (bit<32>)standard_metadata.egress_port
[15:28:14.344] [bmv2] [T] [thread 45765] [20.0] [cxt 0] link_monitor.p4(381) Primitive byte_cnt_reg.write((bit<32>)standard_metadata.egress_port, new_byte_cnt)
[15:28:14.344] [bmv2] [T] [thread 45765] [20.0] [cxt 0] Wrote register 'MyEgress.byte_cnt_reg' at index 0 with value 770
[15:28:14.344] [bmv2] [T] [thread 45765] [20.0] [cxt 0] link_monitor.p4(383) Condition "hdr.probe.isValid()" (node_16) is false
[15:28:14.344] [bmv2] [D] [thread 45765] [20.0] [cxt 0] Pipeline 'egress': end
[15:28:14.344] [bmv2] [D] [thread 45765] [20.0] [cxt 0] Deparser 'deparser': start
[15:28:14.344] [bmv2] [T] [thread 45765] [20.0] [cxt 0] Skipping checksum 'cksum' update because condition not met
[15:28:14.344] [bmv2] [D] [thread 45765] [20.0] [cxt 0] Deparsing header 'ethernet'
[15:28:14.344] [bmv2] [D] [thread 45765] [20.0] [cxt 0] Deparser 'deparser': end
[15:28:14.344] [bmv2] [D] [thread 45765] [21.0] [cxt 0] Pipeline 'egress': start
[15:28:14.344] [bmv2] [T] [thread 45765] [21.0] [cxt 0] Applying table 'tbl_link_monitor377'
[15:28:14.344] [bmv2] [D] [thread 45765] [21.0] [cxt 0] Looking up key:

[15:28:14.344] [bmv2] [D] [thread 45769] [20.0] [cxt 0] Transmitting packet of size 70 out of port 0
[15:28:14.344] [bmv2] [D] [thread 45765] [21.0] [cxt 0] Table 'tbl_link_monitor377': miss
[15:28:14.349] [bmv2] [D] [thread 45765] [21.0] [cxt 0] Action entry is link_monitor377 - 
[15:28:14.349] [bmv2] [T] [thread 45765] [21.0] [cxt 0] Action link_monitor377
[15:28:14.349] [bmv2] [T] [thread 45765] [21.0] [cxt 0] link_monitor.p4(377) Primitive (bit<32>)standard_metadata.egress_port
[15:28:14.349] [bmv2] [T] [thread 45765] [21.0] [cxt 0] link_monitor.p4(377) Primitive byte_cnt_reg.read(byte_cnt, (bit<32>)standard_metadata.egress_port)
[15:28:14.349] [bmv2] [T] [thread 45765] [21.0] [cxt 0] Read register 'MyEgress.byte_cnt_reg' at index 0 read value 770
[15:28:14.349] [bmv2] [T] [thread 45765] [21.0] [cxt 0] link_monitor.p4(378) Primitive byte_cnt = byte_cnt + standard_metadata.packet_length
[15:28:14.349] [bmv2] [T] [thread 45765] [21.0] [cxt 0] link_monitor.p4(380) Condition "hdr.probe.isValid()" (node_12) is false
[15:28:14.349] [bmv2] [T] [thread 45765] [21.0] [cxt 0] Applying table 'tbl_link_monitor380_0'
[15:28:14.349] [bmv2] [D] [thread 45765] [21.0] [cxt 0] Looking up key:

[15:28:14.349] [bmv2] [D] [thread 45765] [21.0] [cxt 0] Table 'tbl_link_monitor380_0': miss
[15:28:14.349] [bmv2] [D] [thread 45765] [21.0] [cxt 0] Action entry is link_monitor380_0 - 
[15:28:14.349] [bmv2] [T] [thread 45765] [21.0] [cxt 0] Action link_monitor380_0
[15:28:14.349] [bmv2] [T] [thread 45765] [21.0] [cxt 0] link_monitor.p4(380) Primitive (hdr.probe.isValid()) ? 0 : byte_cnt
[15:28:14.349] [bmv2] [T] [thread 45765] [21.0] [cxt 0] Applying table 'tbl_link_monitor381'
[15:28:14.349] [bmv2] [D] [thread 45765] [21.0] [cxt 0] Looking up key:

[15:28:14.349] [bmv2] [D] [thread 45765] [21.0] [cxt 0] Table 'tbl_link_monitor381': miss
[15:28:14.350] [bmv2] [D] [thread 45765] [21.0] [cxt 0] Action entry is link_monitor381 - 
[15:28:14.350] [bmv2] [T] [thread 45765] [21.0] [cxt 0] Action link_monitor381
[15:28:14.350] [bmv2] [T] [thread 45765] [21.0] [cxt 0] link_monitor.p4(381) Primitive (bit<32>)standard_metadata.egress_port
[15:28:14.350] [bmv2] [T] [thread 45765] [21.0] [cxt 0] link_monitor.p4(381) Primitive byte_cnt_reg.write((bit<32>)standard_metadata.egress_port, new_byte_cnt)
[15:28:14.350] [bmv2] [T] [thread 45765] [21.0] [cxt 0] Wrote register 'MyEgress.byte_cnt_reg' at index 0 with value 840
[15:28:14.350] [bmv2] [T] [thread 45765] [21.0] [cxt 0] link_monitor.p4(383) Condition "hdr.probe.isValid()" (node_16) is false
[15:28:14.350] [bmv2] [D] [thread 45765] [21.0] [cxt 0] Pipeline 'egress': end
[15:28:14.350] [bmv2] [D] [thread 45765] [21.0] [cxt 0] Deparser 'deparser': start
[15:28:14.350] [bmv2] [T] [thread 45765] [21.0] [cxt 0] Skipping checksum 'cksum' update because condition not met
[15:28:14.350] [bmv2] [D] [thread 45765] [21.0] [cxt 0] Deparsing header 'ethernet'
[15:28:14.350] [bmv2] [D] [thread 45765] [21.0] [cxt 0] Deparser 'deparser': end
[15:28:14.350] [bmv2] [D] [thread 45769] [21.0] [cxt 0] Transmitting packet of size 70 out of port 0
[15:28:43.014] [bmv2] [D] [thread 45764] [22.0] [cxt 0] Processing packet received on port 1
[15:28:43.014] [bmv2] [D] [thread 45764] [22.0] [cxt 0] Parser 'parser': start
[15:28:43.014] [bmv2] [D] [thread 45764] [22.0] [cxt 0] Parser 'parser' entering state 'start'
[15:28:43.014] [bmv2] [D] [thread 45764] [22.0] [cxt 0] Extracting header 'ethernet'
[15:28:43.014] [bmv2] [D] [thread 45764] [22.0] [cxt 0] Parser state 'start': key is 86dd
[15:28:43.014] [bmv2] [T] [thread 45764] [22.0] [cxt 0] Bytes parsed: 14
[15:28:43.014] [bmv2] [D] [thread 45764] [22.0] [cxt 0] Parser 'parser': end
[15:28:43.014] [bmv2] [D] [thread 45764] [22.0] [cxt 0] Pipeline 'ingress': start
[15:28:43.014] [bmv2] [T] [thread 45764] [22.0] [cxt 0] link_monitor.p4(331) Condition "hdr.tcp.isValid()" (node_2) is false
[15:28:43.014] [bmv2] [T] [thread 45764] [22.0] [cxt 0] link_monitor.p4(335) Condition "hdr.ipv4.isValid()" (node_5) is false
[15:28:43.014] [bmv2] [T] [thread 45764] [22.0] [cxt 0] link_monitor.p4(338) Condition "hdr.probe.isValid()" (node_7) is false
[15:28:43.014] [bmv2] [D] [thread 45764] [22.0] [cxt 0] Pipeline 'ingress': end
[15:28:43.014] [bmv2] [D] [thread 45764] [22.0] [cxt 0] Egress port is 0
[15:28:43.014] [bmv2] [D] [thread 45765] [22.0] [cxt 0] Pipeline 'egress': start
[15:28:43.014] [bmv2] [T] [thread 45765] [22.0] [cxt 0] Applying table 'tbl_link_monitor377'
[15:28:43.014] [bmv2] [D] [thread 45765] [22.0] [cxt 0] Looking up key:

[15:28:43.014] [bmv2] [D] [thread 45765] [22.0] [cxt 0] Table 'tbl_link_monitor377': miss
[15:28:43.014] [bmv2] [D] [thread 45765] [22.0] [cxt 0] Action entry is link_monitor377 - 
[15:28:43.014] [bmv2] [T] [thread 45765] [22.0] [cxt 0] Action link_monitor377
[15:28:43.014] [bmv2] [T] [thread 45765] [22.0] [cxt 0] link_monitor.p4(377) Primitive (bit<32>)standard_metadata.egress_port
[15:28:43.014] [bmv2] [T] [thread 45765] [22.0] [cxt 0] link_monitor.p4(377) Primitive byte_cnt_reg.read(byte_cnt, (bit<32>)standard_metadata.egress_port)
[15:28:43.014] [bmv2] [T] [thread 45765] [22.0] [cxt 0] Read register 'MyEgress.byte_cnt_reg' at index 0 read value 840
[15:28:43.014] [bmv2] [T] [thread 45765] [22.0] [cxt 0] link_monitor.p4(378) Primitive byte_cnt = byte_cnt + standard_metadata.packet_length
[15:28:43.014] [bmv2] [T] [thread 45765] [22.0] [cxt 0] link_monitor.p4(380) Condition "hdr.probe.isValid()" (node_12) is false
[15:28:43.014] [bmv2] [T] [thread 45765] [22.0] [cxt 0] Applying table 'tbl_link_monitor380_0'
[15:28:43.014] [bmv2] [D] [thread 45765] [22.0] [cxt 0] Looking up key:

[15:28:43.014] [bmv2] [D] [thread 45765] [22.0] [cxt 0] Table 'tbl_link_monitor380_0': miss
[15:28:43.014] [bmv2] [D] [thread 45765] [22.0] [cxt 0] Action entry is link_monitor380_0 - 
[15:28:43.014] [bmv2] [T] [thread 45765] [22.0] [cxt 0] Action link_monitor380_0
[15:28:43.014] [bmv2] [T] [thread 45765] [22.0] [cxt 0] link_monitor.p4(380) Primitive (hdr.probe.isValid()) ? 0 : byte_cnt
[15:28:43.014] [bmv2] [T] [thread 45765] [22.0] [cxt 0] Applying table 'tbl_link_monitor381'
[15:28:43.014] [bmv2] [D] [thread 45765] [22.0] [cxt 0] Looking up key:

[15:28:43.014] [bmv2] [D] [thread 45765] [22.0] [cxt 0] Table 'tbl_link_monitor381': miss
[15:28:43.014] [bmv2] [D] [thread 45765] [22.0] [cxt 0] Action entry is link_monitor381 - 
[15:28:43.014] [bmv2] [T] [thread 45765] [22.0] [cxt 0] Action link_monitor381
[15:28:43.014] [bmv2] [T] [thread 45765] [22.0] [cxt 0] link_monitor.p4(381) Primitive (bit<32>)standard_metadata.egress_port
[15:28:43.014] [bmv2] [T] [thread 45765] [22.0] [cxt 0] link_monitor.p4(381) Primitive byte_cnt_reg.write((bit<32>)standard_metadata.egress_port, new_byte_cnt)
[15:28:43.014] [bmv2] [T] [thread 45765] [22.0] [cxt 0] Wrote register 'MyEgress.byte_cnt_reg' at index 0 with value 910
[15:28:43.014] [bmv2] [T] [thread 45765] [22.0] [cxt 0] link_monitor.p4(383) Condition "hdr.probe.isValid()" (node_16) is false
[15:28:43.014] [bmv2] [D] [thread 45765] [22.0] [cxt 0] Pipeline 'egress': end
[15:28:43.014] [bmv2] [D] [thread 45765] [22.0] [cxt 0] Deparser 'deparser': start
[15:28:43.014] [bmv2] [T] [thread 45765] [22.0] [cxt 0] Skipping checksum 'cksum' update because condition not met
[15:28:43.014] [bmv2] [D] [thread 45765] [22.0] [cxt 0] Deparsing header 'ethernet'
[15:28:43.014] [bmv2] [D] [thread 45765] [22.0] [cxt 0] Deparser 'deparser': end
[15:28:43.014] [bmv2] [D] [thread 45769] [22.0] [cxt 0] Transmitting packet of size 70 out of port 0
[15:28:47.109] [bmv2] [D] [thread 45764] [23.0] [cxt 0] Processing packet received on port 2
[15:28:47.109] [bmv2] [D] [thread 45764] [23.0] [cxt 0] Parser 'parser': start
[15:28:47.109] [bmv2] [D] [thread 45764] [23.0] [cxt 0] Parser 'parser' entering state 'start'
[15:28:47.109] [bmv2] [D] [thread 45764] [23.0] [cxt 0] Extracting header 'ethernet'
[15:28:47.109] [bmv2] [D] [thread 45764] [23.0] [cxt 0] Parser state 'start': key is 86dd
[15:28:47.109] [bmv2] [T] [thread 45764] [23.0] [cxt 0] Bytes parsed: 14
[15:28:47.109] [bmv2] [D] [thread 45764] [23.0] [cxt 0] Parser 'parser': end
[15:28:47.109] [bmv2] [D] [thread 45764] [23.0] [cxt 0] Pipeline 'ingress': start
[15:28:47.109] [bmv2] [T] [thread 45764] [23.0] [cxt 0] link_monitor.p4(331) Condition "hdr.tcp.isValid()" (node_2) is false
[15:28:47.109] [bmv2] [T] [thread 45764] [23.0] [cxt 0] link_monitor.p4(335) Condition "hdr.ipv4.isValid()" (node_5) is false
[15:28:47.109] [bmv2] [T] [thread 45764] [23.0] [cxt 0] link_monitor.p4(338) Condition "hdr.probe.isValid()" (node_7) is false
[15:28:47.109] [bmv2] [D] [thread 45764] [23.0] [cxt 0] Pipeline 'ingress': end
[15:28:47.109] [bmv2] [D] [thread 45764] [23.0] [cxt 0] Egress port is 0
[15:28:47.109] [bmv2] [D] [thread 45765] [23.0] [cxt 0] Pipeline 'egress': start
[15:28:47.109] [bmv2] [T] [thread 45765] [23.0] [cxt 0] Applying table 'tbl_link_monitor377'
[15:28:47.109] [bmv2] [D] [thread 45765] [23.0] [cxt 0] Looking up key:

[15:28:47.109] [bmv2] [D] [thread 45765] [23.0] [cxt 0] Table 'tbl_link_monitor377': miss
[15:28:47.109] [bmv2] [D] [thread 45765] [23.0] [cxt 0] Action entry is link_monitor377 - 
[15:28:47.109] [bmv2] [T] [thread 45765] [23.0] [cxt 0] Action link_monitor377
[15:28:47.109] [bmv2] [T] [thread 45765] [23.0] [cxt 0] link_monitor.p4(377) Primitive (bit<32>)standard_metadata.egress_port
[15:28:47.109] [bmv2] [T] [thread 45765] [23.0] [cxt 0] link_monitor.p4(377) Primitive byte_cnt_reg.read(byte_cnt, (bit<32>)standard_metadata.egress_port)
[15:28:47.109] [bmv2] [T] [thread 45765] [23.0] [cxt 0] Read register 'MyEgress.byte_cnt_reg' at index 0 read value 910
[15:28:47.109] [bmv2] [T] [thread 45765] [23.0] [cxt 0] link_monitor.p4(378) Primitive byte_cnt = byte_cnt + standard_metadata.packet_length
[15:28:47.109] [bmv2] [T] [thread 45765] [23.0] [cxt 0] link_monitor.p4(380) Condition "hdr.probe.isValid()" (node_12) is false
[15:28:47.109] [bmv2] [T] [thread 45765] [23.0] [cxt 0] Applying table 'tbl_link_monitor380_0'
[15:28:47.109] [bmv2] [D] [thread 45765] [23.0] [cxt 0] Looking up key:

[15:28:47.109] [bmv2] [D] [thread 45765] [23.0] [cxt 0] Table 'tbl_link_monitor380_0': miss
[15:28:47.109] [bmv2] [D] [thread 45765] [23.0] [cxt 0] Action entry is link_monitor380_0 - 
[15:28:47.110] [bmv2] [T] [thread 45765] [23.0] [cxt 0] Action link_monitor380_0
[15:28:47.110] [bmv2] [T] [thread 45765] [23.0] [cxt 0] link_monitor.p4(380) Primitive (hdr.probe.isValid()) ? 0 : byte_cnt
[15:28:47.110] [bmv2] [T] [thread 45765] [23.0] [cxt 0] Applying table 'tbl_link_monitor381'
[15:28:47.110] [bmv2] [D] [thread 45765] [23.0] [cxt 0] Looking up key:

[15:28:47.110] [bmv2] [D] [thread 45765] [23.0] [cxt 0] Table 'tbl_link_monitor381': miss
[15:28:47.110] [bmv2] [D] [thread 45765] [23.0] [cxt 0] Action entry is link_monitor381 - 
[15:28:47.110] [bmv2] [T] [thread 45765] [23.0] [cxt 0] Action link_monitor381
[15:28:47.110] [bmv2] [T] [thread 45765] [23.0] [cxt 0] link_monitor.p4(381) Primitive (bit<32>)standard_metadata.egress_port
[15:28:47.110] [bmv2] [T] [thread 45765] [23.0] [cxt 0] link_monitor.p4(381) Primitive byte_cnt_reg.write((bit<32>)standard_metadata.egress_port, new_byte_cnt)
[15:28:47.110] [bmv2] [T] [thread 45765] [23.0] [cxt 0] Wrote register 'MyEgress.byte_cnt_reg' at index 0 with value 980
[15:28:47.110] [bmv2] [T] [thread 45765] [23.0] [cxt 0] link_monitor.p4(383) Condition "hdr.probe.isValid()" (node_16) is false
[15:28:47.110] [bmv2] [D] [thread 45765] [23.0] [cxt 0] Pipeline 'egress': end
[15:28:47.110] [bmv2] [D] [thread 45765] [23.0] [cxt 0] Deparser 'deparser': start
[15:28:47.110] [bmv2] [T] [thread 45765] [23.0] [cxt 0] Skipping checksum 'cksum' update because condition not met
[15:28:47.110] [bmv2] [D] [thread 45765] [23.0] [cxt 0] Deparsing header 'ethernet'
[15:28:47.110] [bmv2] [D] [thread 45765] [23.0] [cxt 0] Deparser 'deparser': end
[15:28:47.110] [bmv2] [D] [thread 45769] [23.0] [cxt 0] Transmitting packet of size 70 out of port 0
[15:28:49.158] [bmv2] [D] [thread 45764] [24.0] [cxt 0] Processing packet received on port 1
[15:28:49.158] [bmv2] [D] [thread 45764] [24.0] [cxt 0] Parser 'parser': start
[15:28:49.158] [bmv2] [D] [thread 45764] [24.0] [cxt 0] Parser 'parser' entering state 'start'
[15:28:49.158] [bmv2] [D] [thread 45764] [24.0] [cxt 0] Extracting header 'ethernet'
[15:28:49.158] [bmv2] [D] [thread 45764] [24.0] [cxt 0] Parser state 'start': key is 86dd
[15:28:49.158] [bmv2] [T] [thread 45764] [24.0] [cxt 0] Bytes parsed: 14
[15:28:49.158] [bmv2] [D] [thread 45764] [24.0] [cxt 0] Parser 'parser': end
[15:28:49.158] [bmv2] [D] [thread 45764] [24.0] [cxt 0] Pipeline 'ingress': start
[15:28:49.158] [bmv2] [T] [thread 45764] [24.0] [cxt 0] link_monitor.p4(331) Condition "hdr.tcp.isValid()" (node_2) is false
[15:28:49.158] [bmv2] [T] [thread 45764] [24.0] [cxt 0] link_monitor.p4(335) Condition "hdr.ipv4.isValid()" (node_5) is false
[15:28:49.158] [bmv2] [T] [thread 45764] [24.0] [cxt 0] link_monitor.p4(338) Condition "hdr.probe.isValid()" (node_7) is false
[15:28:49.158] [bmv2] [D] [thread 45764] [24.0] [cxt 0] Pipeline 'ingress': end
[15:28:49.158] [bmv2] [D] [thread 45764] [24.0] [cxt 0] Egress port is 0
[15:28:49.158] [bmv2] [D] [thread 45764] [25.0] [cxt 0] Processing packet received on port 2
[15:28:49.158] [bmv2] [D] [thread 45764] [25.0] [cxt 0] Parser 'parser': start
[15:28:49.158] [bmv2] [D] [thread 45764] [25.0] [cxt 0] Parser 'parser' entering state 'start'
[15:28:49.158] [bmv2] [D] [thread 45764] [25.0] [cxt 0] Extracting header 'ethernet'
[15:28:49.158] [bmv2] [D] [thread 45764] [25.0] [cxt 0] Parser state 'start': key is 86dd
[15:28:49.158] [bmv2] [T] [thread 45764] [25.0] [cxt 0] Bytes parsed: 14
[15:28:49.158] [bmv2] [D] [thread 45764] [25.0] [cxt 0] Parser 'parser': end
[15:28:49.158] [bmv2] [D] [thread 45764] [25.0] [cxt 0] Pipeline 'ingress': start
[15:28:49.158] [bmv2] [T] [thread 45764] [25.0] [cxt 0] link_monitor.p4(331) Condition "hdr.tcp.isValid()" (node_2) is false
[15:28:49.158] [bmv2] [T] [thread 45764] [25.0] [cxt 0] link_monitor.p4(335) Condition "hdr.ipv4.isValid()" (node_5) is false
[15:28:49.158] [bmv2] [T] [thread 45764] [25.0] [cxt 0] link_monitor.p4(338) Condition "hdr.probe.isValid()" (node_7) is false
[15:28:49.158] [bmv2] [D] [thread 45764] [25.0] [cxt 0] Pipeline 'ingress': end
[15:28:49.158] [bmv2] [D] [thread 45764] [25.0] [cxt 0] Egress port is 0
[15:28:49.158] [bmv2] [D] [thread 45765] [24.0] [cxt 0] Pipeline 'egress': start
[15:28:49.158] [bmv2] [T] [thread 45765] [24.0] [cxt 0] Applying table 'tbl_link_monitor377'
[15:28:49.158] [bmv2] [D] [thread 45765] [24.0] [cxt 0] Looking up key:

[15:28:49.158] [bmv2] [D] [thread 45765] [24.0] [cxt 0] Table 'tbl_link_monitor377': miss
[15:28:49.158] [bmv2] [D] [thread 45765] [24.0] [cxt 0] Action entry is link_monitor377 - 
[15:28:49.158] [bmv2] [T] [thread 45765] [24.0] [cxt 0] Action link_monitor377
[15:28:49.158] [bmv2] [T] [thread 45765] [24.0] [cxt 0] link_monitor.p4(377) Primitive (bit<32>)standard_metadata.egress_port
[15:28:49.158] [bmv2] [T] [thread 45765] [24.0] [cxt 0] link_monitor.p4(377) Primitive byte_cnt_reg.read(byte_cnt, (bit<32>)standard_metadata.egress_port)
[15:28:49.158] [bmv2] [T] [thread 45765] [24.0] [cxt 0] Read register 'MyEgress.byte_cnt_reg' at index 0 read value 980
[15:28:49.158] [bmv2] [T] [thread 45765] [24.0] [cxt 0] link_monitor.p4(378) Primitive byte_cnt = byte_cnt + standard_metadata.packet_length
[15:28:49.158] [bmv2] [T] [thread 45765] [24.0] [cxt 0] link_monitor.p4(380) Condition "hdr.probe.isValid()" (node_12) is false
[15:28:49.158] [bmv2] [T] [thread 45765] [24.0] [cxt 0] Applying table 'tbl_link_monitor380_0'
[15:28:49.158] [bmv2] [D] [thread 45765] [24.0] [cxt 0] Looking up key:

[15:28:49.158] [bmv2] [D] [thread 45765] [24.0] [cxt 0] Table 'tbl_link_monitor380_0': miss
[15:28:49.158] [bmv2] [D] [thread 45765] [24.0] [cxt 0] Action entry is link_monitor380_0 - 
[15:28:49.158] [bmv2] [T] [thread 45765] [24.0] [cxt 0] Action link_monitor380_0
[15:28:49.158] [bmv2] [T] [thread 45765] [24.0] [cxt 0] link_monitor.p4(380) Primitive (hdr.probe.isValid()) ? 0 : byte_cnt
[15:28:49.158] [bmv2] [T] [thread 45765] [24.0] [cxt 0] Applying table 'tbl_link_monitor381'
[15:28:49.158] [bmv2] [D] [thread 45765] [24.0] [cxt 0] Looking up key:

[15:28:49.158] [bmv2] [D] [thread 45765] [24.0] [cxt 0] Table 'tbl_link_monitor381': miss
[15:28:49.158] [bmv2] [D] [thread 45765] [24.0] [cxt 0] Action entry is link_monitor381 - 
[15:28:49.158] [bmv2] [T] [thread 45765] [24.0] [cxt 0] Action link_monitor381
[15:28:49.158] [bmv2] [T] [thread 45765] [24.0] [cxt 0] link_monitor.p4(381) Primitive (bit<32>)standard_metadata.egress_port
[15:28:49.158] [bmv2] [T] [thread 45765] [24.0] [cxt 0] link_monitor.p4(381) Primitive byte_cnt_reg.write((bit<32>)standard_metadata.egress_port, new_byte_cnt)
[15:28:49.158] [bmv2] [T] [thread 45765] [24.0] [cxt 0] Wrote register 'MyEgress.byte_cnt_reg' at index 0 with value 1050
[15:28:49.158] [bmv2] [T] [thread 45765] [24.0] [cxt 0] link_monitor.p4(383) Condition "hdr.probe.isValid()" (node_16) is false
[15:28:49.158] [bmv2] [D] [thread 45765] [24.0] [cxt 0] Pipeline 'egress': end
[15:28:49.158] [bmv2] [D] [thread 45765] [24.0] [cxt 0] Deparser 'deparser': start
[15:28:49.158] [bmv2] [T] [thread 45765] [24.0] [cxt 0] Skipping checksum 'cksum' update because condition not met
[15:28:49.158] [bmv2] [D] [thread 45765] [24.0] [cxt 0] Deparsing header 'ethernet'
[15:28:49.158] [bmv2] [D] [thread 45765] [24.0] [cxt 0] Deparser 'deparser': end
[15:28:49.158] [bmv2] [D] [thread 45765] [25.0] [cxt 0] Pipeline 'egress': start
[15:28:49.158] [bmv2] [T] [thread 45765] [25.0] [cxt 0] Applying table 'tbl_link_monitor377'
[15:28:49.158] [bmv2] [D] [thread 45765] [25.0] [cxt 0] Looking up key:

[15:28:49.158] [bmv2] [D] [thread 45765] [25.0] [cxt 0] Table 'tbl_link_monitor377': miss
[15:28:49.158] [bmv2] [D] [thread 45765] [25.0] [cxt 0] Action entry is link_monitor377 - 
[15:28:49.158] [bmv2] [T] [thread 45765] [25.0] [cxt 0] Action link_monitor377
[15:28:49.158] [bmv2] [T] [thread 45765] [25.0] [cxt 0] link_monitor.p4(377) Primitive (bit<32>)standard_metadata.egress_port
[15:28:49.158] [bmv2] [T] [thread 45765] [25.0] [cxt 0] link_monitor.p4(377) Primitive byte_cnt_reg.read(byte_cnt, (bit<32>)standard_metadata.egress_port)
[15:28:49.158] [bmv2] [T] [thread 45765] [25.0] [cxt 0] Read register 'MyEgress.byte_cnt_reg' at index 0 read value 1050
[15:28:49.158] [bmv2] [T] [thread 45765] [25.0] [cxt 0] link_monitor.p4(378) Primitive byte_cnt = byte_cnt + standard_metadata.packet_length
[15:28:49.158] [bmv2] [T] [thread 45765] [25.0] [cxt 0] link_monitor.p4(380) Condition "hdr.probe.isValid()" (node_12) is false
[15:28:49.158] [bmv2] [T] [thread 45765] [25.0] [cxt 0] Applying table 'tbl_link_monitor380_0'
[15:28:49.158] [bmv2] [D] [thread 45765] [25.0] [cxt 0] Looking up key:

[15:28:49.158] [bmv2] [D] [thread 45765] [25.0] [cxt 0] Table 'tbl_link_monitor380_0': miss
[15:28:49.158] [bmv2] [D] [thread 45765] [25.0] [cxt 0] Action entry is link_monitor380_0 - 
[15:28:49.158] [bmv2] [T] [thread 45765] [25.0] [cxt 0] Action link_monitor380_0
[15:28:49.158] [bmv2] [T] [thread 45765] [25.0] [cxt 0] link_monitor.p4(380) Primitive (hdr.probe.isValid()) ? 0 : byte_cnt
[15:28:49.158] [bmv2] [T] [thread 45765] [25.0] [cxt 0] Applying table 'tbl_link_monitor381'
[15:28:49.158] [bmv2] [D] [thread 45765] [25.0] [cxt 0] Looking up key:

[15:28:49.158] [bmv2] [D] [thread 45765] [25.0] [cxt 0] Table 'tbl_link_monitor381': miss
[15:28:49.159] [bmv2] [D] [thread 45765] [25.0] [cxt 0] Action entry is link_monitor381 - 
[15:28:49.159] [bmv2] [T] [thread 45765] [25.0] [cxt 0] Action link_monitor381
[15:28:49.159] [bmv2] [T] [thread 45765] [25.0] [cxt 0] link_monitor.p4(381) Primitive (bit<32>)standard_metadata.egress_port
[15:28:49.159] [bmv2] [T] [thread 45765] [25.0] [cxt 0] link_monitor.p4(381) Primitive byte_cnt_reg.write((bit<32>)standard_metadata.egress_port, new_byte_cnt)
[15:28:49.159] [bmv2] [T] [thread 45765] [25.0] [cxt 0] Wrote register 'MyEgress.byte_cnt_reg' at index 0 with value 1120
[15:28:49.159] [bmv2] [T] [thread 45765] [25.0] [cxt 0] link_monitor.p4(383) Condition "hdr.probe.isValid()" (node_16) is false
[15:28:49.159] [bmv2] [D] [thread 45765] [25.0] [cxt 0] Pipeline 'egress': end
[15:28:49.159] [bmv2] [D] [thread 45765] [25.0] [cxt 0] Deparser 'deparser': start
[15:28:49.159] [bmv2] [T] [thread 45765] [25.0] [cxt 0] Skipping checksum 'cksum' update because condition not met
[15:28:49.159] [bmv2] [D] [thread 45765] [25.0] [cxt 0] Deparsing header 'ethernet'
[15:28:49.159] [bmv2] [D] [thread 45765] [25.0] [cxt 0] Deparser 'deparser': end
[15:28:49.159] [bmv2] [D] [thread 45769] [24.0] [cxt 0] Transmitting packet of size 70 out of port 0
[15:28:49.159] [bmv2] [D] [thread 45769] [25.0] [cxt 0] Transmitting packet of size 70 out of port 0
[15:29:15.767] [bmv2] [D] [thread 45764] [26.0] [cxt 0] Processing packet received on port 1
[15:29:15.767] [bmv2] [D] [thread 45764] [26.0] [cxt 0] Parser 'parser': start
[15:29:15.767] [bmv2] [D] [thread 45764] [26.0] [cxt 0] Parser 'parser' entering state 'start'
[15:29:15.767] [bmv2] [D] [thread 45764] [26.0] [cxt 0] Extracting header 'ethernet'
[15:29:15.767] [bmv2] [D] [thread 45764] [26.0] [cxt 0] Parser state 'start': key is 0800
[15:29:15.767] [bmv2] [T] [thread 45764] [26.0] [cxt 0] Bytes parsed: 14
[15:29:15.767] [bmv2] [D] [thread 45764] [26.0] [cxt 0] Parser 'parser' entering state 'parse_ipv4'
[15:29:15.767] [bmv2] [D] [thread 45764] [26.0] [cxt 0] Extracting header 'ipv4'
[15:29:15.767] [bmv2] [D] [thread 45764] [26.0] [cxt 0] Parser state 'parse_ipv4': key is 06
[15:29:15.767] [bmv2] [T] [thread 45764] [26.0] [cxt 0] Bytes parsed: 34
[15:29:15.767] [bmv2] [D] [thread 45764] [26.0] [cxt 0] Parser 'parser' entering state 'parse_tcp'
[15:29:15.767] [bmv2] [D] [thread 45764] [26.0] [cxt 0] Extracting header 'tcp'
[15:29:15.768] [bmv2] [E] [thread 45764] [26.0] [cxt 0] Exception while parsing: PacketTooShort
[15:29:15.768] [bmv2] [D] [thread 45764] [26.0] [cxt 0] Parser 'parser': end
[15:29:15.768] [bmv2] [D] [thread 45764] [26.0] [cxt 0] Pipeline 'ingress': start
[15:29:15.768] [bmv2] [T] [thread 45764] [26.0] [cxt 0] link_monitor.p4(331) Condition "hdr.tcp.isValid()" (node_2) is false
[15:29:15.768] [bmv2] [T] [thread 45764] [26.0] [cxt 0] link_monitor.p4(335) Condition "hdr.ipv4.isValid()" (node_5) is true
[15:29:15.768] [bmv2] [T] [thread 45764] [26.0] [cxt 0] Applying table 'MyIngress.ipv4_lpm'
[15:29:15.768] [bmv2] [D] [thread 45764] [26.0] [cxt 0] Looking up key:
* hdr.ipv4.dstAddr    : 0a000404

[15:29:15.768] [bmv2] [D] [thread 45764] [26.0] [cxt 0] Table 'MyIngress.ipv4_lpm': hit with handle 3
[15:29:15.768] [bmv2] [D] [thread 45764] [26.0] [cxt 0] Dumping entry 3
Match key:
* hdr.ipv4.dstAddr    : LPM       0a000404/32
Action entry: MyIngress.ipv4_forward - 80000000200,2,

[15:29:15.768] [bmv2] [D] [thread 45764] [26.0] [cxt 0] Action entry is MyIngress.ipv4_forward - 80000000200,2,
[15:29:15.768] [bmv2] [T] [thread 45764] [26.0] [cxt 0] Action MyIngress.ipv4_forward
[15:29:15.768] [bmv2] [T] [thread 45764] [26.0] [cxt 0] link_monitor.p4(195) Primitive standard_metadata.egress_spec = port
[15:29:15.768] [bmv2] [T] [thread 45764] [26.0] [cxt 0] link_monitor.p4(196) Primitive hdr.ethernet.srcAddr = hdr.ethernet.dstAddr
[15:29:15.768] [bmv2] [T] [thread 45764] [26.0] [cxt 0] link_monitor.p4(197) Primitive hdr.ethernet.dstAddr = dstAddr
[15:29:15.768] [bmv2] [T] [thread 45764] [26.0] [cxt 0] link_monitor.p4(198) Primitive hdr.ipv4.ttl = hdr.ipv4.ttl - 1
[15:29:15.768] [bmv2] [D] [thread 45764] [26.0] [cxt 0] Pipeline 'ingress': end
[15:29:15.768] [bmv2] [D] [thread 45764] [26.0] [cxt 0] Egress port is 2
[15:29:15.768] [bmv2] [D] [thread 45767] [26.0] [cxt 0] Pipeline 'egress': start
[15:29:15.768] [bmv2] [T] [thread 45767] [26.0] [cxt 0] Applying table 'tbl_link_monitor377'
[15:29:15.768] [bmv2] [D] [thread 45767] [26.0] [cxt 0] Looking up key:

[15:29:15.768] [bmv2] [D] [thread 45767] [26.0] [cxt 0] Table 'tbl_link_monitor377': miss
[15:29:15.768] [bmv2] [D] [thread 45767] [26.0] [cxt 0] Action entry is link_monitor377 - 
[15:29:15.768] [bmv2] [T] [thread 45767] [26.0] [cxt 0] Action link_monitor377
[15:29:15.768] [bmv2] [T] [thread 45767] [26.0] [cxt 0] link_monitor.p4(377) Primitive (bit<32>)standard_metadata.egress_port
[15:29:15.768] [bmv2] [T] [thread 45767] [26.0] [cxt 0] link_monitor.p4(377) Primitive byte_cnt_reg.read(byte_cnt, (bit<32>)standard_metadata.egress_port)
[15:29:15.768] [bmv2] [T] [thread 45767] [26.0] [cxt 0] Read register 'MyEgress.byte_cnt_reg' at index 2 read value 0
[15:29:15.768] [bmv2] [T] [thread 45767] [26.0] [cxt 0] link_monitor.p4(378) Primitive byte_cnt = byte_cnt + standard_metadata.packet_length
[15:29:15.768] [bmv2] [T] [thread 45767] [26.0] [cxt 0] link_monitor.p4(380) Condition "hdr.probe.isValid()" (node_12) is false
[15:29:15.768] [bmv2] [T] [thread 45767] [26.0] [cxt 0] Applying table 'tbl_link_monitor380_0'
[15:29:15.768] [bmv2] [D] [thread 45767] [26.0] [cxt 0] Looking up key:

[15:29:15.768] [bmv2] [D] [thread 45767] [26.0] [cxt 0] Table 'tbl_link_monitor380_0': miss
[15:29:15.768] [bmv2] [D] [thread 45767] [26.0] [cxt 0] Action entry is link_monitor380_0 - 
[15:29:15.768] [bmv2] [T] [thread 45767] [26.0] [cxt 0] Action link_monitor380_0
[15:29:15.768] [bmv2] [T] [thread 45767] [26.0] [cxt 0] link_monitor.p4(380) Primitive (hdr.probe.isValid()) ? 0 : byte_cnt
[15:29:15.768] [bmv2] [T] [thread 45767] [26.0] [cxt 0] Applying table 'tbl_link_monitor381'
[15:29:15.768] [bmv2] [D] [thread 45767] [26.0] [cxt 0] Looking up key:

[15:29:15.768] [bmv2] [D] [thread 45767] [26.0] [cxt 0] Table 'tbl_link_monitor381': miss
[15:29:15.768] [bmv2] [D] [thread 45767] [26.0] [cxt 0] Action entry is link_monitor381 - 
[15:29:15.768] [bmv2] [T] [thread 45767] [26.0] [cxt 0] Action link_monitor381
[15:29:15.768] [bmv2] [T] [thread 45767] [26.0] [cxt 0] link_monitor.p4(381) Primitive (bit<32>)standard_metadata.egress_port
[15:29:15.768] [bmv2] [T] [thread 45767] [26.0] [cxt 0] link_monitor.p4(381) Primitive byte_cnt_reg.write((bit<32>)standard_metadata.egress_port, new_byte_cnt)
[15:29:15.768] [bmv2] [T] [thread 45767] [26.0] [cxt 0] Wrote register 'MyEgress.byte_cnt_reg' at index 2 with value 37
[15:29:15.768] [bmv2] [T] [thread 45767] [26.0] [cxt 0] link_monitor.p4(383) Condition "hdr.probe.isValid()" (node_16) is false
[15:29:15.768] [bmv2] [D] [thread 45767] [26.0] [cxt 0] Pipeline 'egress': end
[15:29:15.768] [bmv2] [D] [thread 45767] [26.0] [cxt 0] Deparser 'deparser': start
[15:29:15.768] [bmv2] [D] [thread 45767] [26.0] [cxt 0] Updating checksum 'cksum'
[15:29:15.768] [bmv2] [D] [thread 45767] [26.0] [cxt 0] Deparsing header 'ethernet'
[15:29:15.768] [bmv2] [D] [thread 45767] [26.0] [cxt 0] Deparsing header 'ipv4'
[15:29:15.768] [bmv2] [D] [thread 45767] [26.0] [cxt 0] Deparser 'deparser': end
[15:29:15.768] [bmv2] [D] [thread 45769] [26.0] [cxt 0] Transmitting packet of size 37 out of port 2
[15:29:16.190] [bmv2] [D] [thread 45764] [27.0] [cxt 0] Processing packet received on port 1
[15:29:16.190] [bmv2] [D] [thread 45764] [27.0] [cxt 0] Parser 'parser': start
[15:29:16.190] [bmv2] [D] [thread 45764] [27.0] [cxt 0] Parser 'parser' entering state 'start'
[15:29:16.190] [bmv2] [D] [thread 45764] [27.0] [cxt 0] Extracting header 'ethernet'
[15:29:16.190] [bmv2] [D] [thread 45764] [27.0] [cxt 0] Parser state 'start': key is 0800
[15:29:16.190] [bmv2] [T] [thread 45764] [27.0] [cxt 0] Bytes parsed: 14
[15:29:16.190] [bmv2] [D] [thread 45764] [27.0] [cxt 0] Parser 'parser' entering state 'parse_ipv4'
[15:29:16.190] [bmv2] [D] [thread 45764] [27.0] [cxt 0] Extracting header 'ipv4'
[15:29:16.190] [bmv2] [D] [thread 45764] [27.0] [cxt 0] Parser state 'parse_ipv4': key is 06
[15:29:16.190] [bmv2] [T] [thread 45764] [27.0] [cxt 0] Bytes parsed: 34
[15:29:16.190] [bmv2] [D] [thread 45764] [27.0] [cxt 0] Parser 'parser' entering state 'parse_tcp'
[15:29:16.190] [bmv2] [D] [thread 45764] [27.0] [cxt 0] Extracting header 'tcp'
[15:29:16.190] [bmv2] [E] [thread 45764] [27.0] [cxt 0] Exception while parsing: PacketTooShort
[15:29:16.190] [bmv2] [D] [thread 45764] [27.0] [cxt 0] Parser 'parser': end
[15:29:16.190] [bmv2] [D] [thread 45764] [27.0] [cxt 0] Pipeline 'ingress': start
[15:29:16.190] [bmv2] [T] [thread 45764] [27.0] [cxt 0] link_monitor.p4(331) Condition "hdr.tcp.isValid()" (node_2) is false
[15:29:16.190] [bmv2] [T] [thread 45764] [27.0] [cxt 0] link_monitor.p4(335) Condition "hdr.ipv4.isValid()" (node_5) is true
[15:29:16.190] [bmv2] [T] [thread 45764] [27.0] [cxt 0] Applying table 'MyIngress.ipv4_lpm'
[15:29:16.190] [bmv2] [D] [thread 45764] [27.0] [cxt 0] Looking up key:
* hdr.ipv4.dstAddr    : 0a000404

[15:29:16.190] [bmv2] [D] [thread 45764] [27.0] [cxt 0] Table 'MyIngress.ipv4_lpm': hit with handle 3
[15:29:16.190] [bmv2] [D] [thread 45764] [27.0] [cxt 0] Dumping entry 3
Match key:
* hdr.ipv4.dstAddr    : LPM       0a000404/32
Action entry: MyIngress.ipv4_forward - 80000000200,2,

[15:29:16.190] [bmv2] [D] [thread 45764] [27.0] [cxt 0] Action entry is MyIngress.ipv4_forward - 80000000200,2,
[15:29:16.190] [bmv2] [T] [thread 45764] [27.0] [cxt 0] Action MyIngress.ipv4_forward
[15:29:16.190] [bmv2] [T] [thread 45764] [27.0] [cxt 0] link_monitor.p4(195) Primitive standard_metadata.egress_spec = port
[15:29:16.190] [bmv2] [T] [thread 45764] [27.0] [cxt 0] link_monitor.p4(196) Primitive hdr.ethernet.srcAddr = hdr.ethernet.dstAddr
[15:29:16.190] [bmv2] [T] [thread 45764] [27.0] [cxt 0] link_monitor.p4(197) Primitive hdr.ethernet.dstAddr = dstAddr
[15:29:16.190] [bmv2] [T] [thread 45764] [27.0] [cxt 0] link_monitor.p4(198) Primitive hdr.ipv4.ttl = hdr.ipv4.ttl - 1
[15:29:16.190] [bmv2] [D] [thread 45764] [27.0] [cxt 0] Pipeline 'ingress': end
[15:29:16.190] [bmv2] [D] [thread 45764] [27.0] [cxt 0] Egress port is 2
[15:29:16.190] [bmv2] [D] [thread 45767] [27.0] [cxt 0] Pipeline 'egress': start
[15:29:16.190] [bmv2] [T] [thread 45767] [27.0] [cxt 0] Applying table 'tbl_link_monitor377'
[15:29:16.190] [bmv2] [D] [thread 45767] [27.0] [cxt 0] Looking up key:

[15:29:16.190] [bmv2] [D] [thread 45767] [27.0] [cxt 0] Table 'tbl_link_monitor377': miss
[15:29:16.190] [bmv2] [D] [thread 45767] [27.0] [cxt 0] Action entry is link_monitor377 - 
[15:29:16.190] [bmv2] [T] [thread 45767] [27.0] [cxt 0] Action link_monitor377
[15:29:16.191] [bmv2] [T] [thread 45767] [27.0] [cxt 0] link_monitor.p4(377) Primitive (bit<32>)standard_metadata.egress_port
[15:29:16.191] [bmv2] [T] [thread 45767] [27.0] [cxt 0] link_monitor.p4(377) Primitive byte_cnt_reg.read(byte_cnt, (bit<32>)standard_metadata.egress_port)
[15:29:16.191] [bmv2] [T] [thread 45767] [27.0] [cxt 0] Read register 'MyEgress.byte_cnt_reg' at index 2 read value 37
[15:29:16.191] [bmv2] [T] [thread 45767] [27.0] [cxt 0] link_monitor.p4(378) Primitive byte_cnt = byte_cnt + standard_metadata.packet_length
[15:29:16.191] [bmv2] [T] [thread 45767] [27.0] [cxt 0] link_monitor.p4(380) Condition "hdr.probe.isValid()" (node_12) is false
[15:29:16.191] [bmv2] [T] [thread 45767] [27.0] [cxt 0] Applying table 'tbl_link_monitor380_0'
[15:29:16.191] [bmv2] [D] [thread 45767] [27.0] [cxt 0] Looking up key:

[15:29:16.191] [bmv2] [D] [thread 45767] [27.0] [cxt 0] Table 'tbl_link_monitor380_0': miss
[15:29:16.191] [bmv2] [D] [thread 45767] [27.0] [cxt 0] Action entry is link_monitor380_0 - 
[15:29:16.191] [bmv2] [T] [thread 45767] [27.0] [cxt 0] Action link_monitor380_0
[15:29:16.191] [bmv2] [T] [thread 45767] [27.0] [cxt 0] link_monitor.p4(380) Primitive (hdr.probe.isValid()) ? 0 : byte_cnt
[15:29:16.191] [bmv2] [T] [thread 45767] [27.0] [cxt 0] Applying table 'tbl_link_monitor381'
[15:29:16.191] [bmv2] [D] [thread 45767] [27.0] [cxt 0] Looking up key:

[15:29:16.191] [bmv2] [D] [thread 45767] [27.0] [cxt 0] Table 'tbl_link_monitor381': miss
[15:29:16.191] [bmv2] [D] [thread 45767] [27.0] [cxt 0] Action entry is link_monitor381 - 
[15:29:16.191] [bmv2] [T] [thread 45767] [27.0] [cxt 0] Action link_monitor381
[15:29:16.191] [bmv2] [T] [thread 45767] [27.0] [cxt 0] link_monitor.p4(381) Primitive (bit<32>)standard_metadata.egress_port
[15:29:16.191] [bmv2] [T] [thread 45767] [27.0] [cxt 0] link_monitor.p4(381) Primitive byte_cnt_reg.write((bit<32>)standard_metadata.egress_port, new_byte_cnt)
[15:29:16.191] [bmv2] [T] [thread 45767] [27.0] [cxt 0] Wrote register 'MyEgress.byte_cnt_reg' at index 2 with value 74
[15:29:16.191] [bmv2] [T] [thread 45767] [27.0] [cxt 0] link_monitor.p4(383) Condition "hdr.probe.isValid()" (node_16) is false
[15:29:16.191] [bmv2] [D] [thread 45767] [27.0] [cxt 0] Pipeline 'egress': end
[15:29:16.191] [bmv2] [D] [thread 45767] [27.0] [cxt 0] Deparser 'deparser': start
[15:29:16.191] [bmv2] [D] [thread 45767] [27.0] [cxt 0] Updating checksum 'cksum'
[15:29:16.191] [bmv2] [D] [thread 45767] [27.0] [cxt 0] Deparsing header 'ethernet'
[15:29:16.191] [bmv2] [D] [thread 45767] [27.0] [cxt 0] Deparsing header 'ipv4'
[15:29:16.191] [bmv2] [D] [thread 45767] [27.0] [cxt 0] Deparser 'deparser': end
[15:29:16.191] [bmv2] [D] [thread 45769] [27.0] [cxt 0] Transmitting packet of size 37 out of port 2
[15:29:16.610] [bmv2] [D] [thread 45764] [28.0] [cxt 0] Processing packet received on port 1
[15:29:16.610] [bmv2] [D] [thread 45764] [28.0] [cxt 0] Parser 'parser': start
[15:29:16.610] [bmv2] [D] [thread 45764] [28.0] [cxt 0] Parser 'parser' entering state 'start'
[15:29:16.610] [bmv2] [D] [thread 45764] [28.0] [cxt 0] Extracting header 'ethernet'
[15:29:16.610] [bmv2] [D] [thread 45764] [28.0] [cxt 0] Parser state 'start': key is 0800
[15:29:16.610] [bmv2] [T] [thread 45764] [28.0] [cxt 0] Bytes parsed: 14
[15:29:16.610] [bmv2] [D] [thread 45764] [28.0] [cxt 0] Parser 'parser' entering state 'parse_ipv4'
[15:29:16.610] [bmv2] [D] [thread 45764] [28.0] [cxt 0] Extracting header 'ipv4'
[15:29:16.610] [bmv2] [D] [thread 45764] [28.0] [cxt 0] Parser state 'parse_ipv4': key is 06
[15:29:16.610] [bmv2] [T] [thread 45764] [28.0] [cxt 0] Bytes parsed: 34
[15:29:16.610] [bmv2] [D] [thread 45764] [28.0] [cxt 0] Parser 'parser' entering state 'parse_tcp'
[15:29:16.610] [bmv2] [D] [thread 45764] [28.0] [cxt 0] Extracting header 'tcp'
[15:29:16.610] [bmv2] [E] [thread 45764] [28.0] [cxt 0] Exception while parsing: PacketTooShort
[15:29:16.610] [bmv2] [D] [thread 45764] [28.0] [cxt 0] Parser 'parser': end
[15:29:16.610] [bmv2] [D] [thread 45764] [28.0] [cxt 0] Pipeline 'ingress': start
[15:29:16.610] [bmv2] [T] [thread 45764] [28.0] [cxt 0] link_monitor.p4(331) Condition "hdr.tcp.isValid()" (node_2) is false
[15:29:16.610] [bmv2] [T] [thread 45764] [28.0] [cxt 0] link_monitor.p4(335) Condition "hdr.ipv4.isValid()" (node_5) is true
[15:29:16.610] [bmv2] [T] [thread 45764] [28.0] [cxt 0] Applying table 'MyIngress.ipv4_lpm'
[15:29:16.610] [bmv2] [D] [thread 45764] [28.0] [cxt 0] Looking up key:
* hdr.ipv4.dstAddr    : 0a000404

[15:29:16.610] [bmv2] [D] [thread 45764] [28.0] [cxt 0] Table 'MyIngress.ipv4_lpm': hit with handle 3
[15:29:16.610] [bmv2] [D] [thread 45764] [28.0] [cxt 0] Dumping entry 3
Match key:
* hdr.ipv4.dstAddr    : LPM       0a000404/32
Action entry: MyIngress.ipv4_forward - 80000000200,2,

[15:29:16.610] [bmv2] [D] [thread 45764] [28.0] [cxt 0] Action entry is MyIngress.ipv4_forward - 80000000200,2,
[15:29:16.610] [bmv2] [T] [thread 45764] [28.0] [cxt 0] Action MyIngress.ipv4_forward
[15:29:16.610] [bmv2] [T] [thread 45764] [28.0] [cxt 0] link_monitor.p4(195) Primitive standard_metadata.egress_spec = port
[15:29:16.610] [bmv2] [T] [thread 45764] [28.0] [cxt 0] link_monitor.p4(196) Primitive hdr.ethernet.srcAddr = hdr.ethernet.dstAddr
[15:29:16.610] [bmv2] [T] [thread 45764] [28.0] [cxt 0] link_monitor.p4(197) Primitive hdr.ethernet.dstAddr = dstAddr
[15:29:16.610] [bmv2] [T] [thread 45764] [28.0] [cxt 0] link_monitor.p4(198) Primitive hdr.ipv4.ttl = hdr.ipv4.ttl - 1
[15:29:16.610] [bmv2] [D] [thread 45764] [28.0] [cxt 0] Pipeline 'ingress': end
[15:29:16.610] [bmv2] [D] [thread 45764] [28.0] [cxt 0] Egress port is 2
[15:29:16.610] [bmv2] [D] [thread 45767] [28.0] [cxt 0] Pipeline 'egress': start
[15:29:16.610] [bmv2] [T] [thread 45767] [28.0] [cxt 0] Applying table 'tbl_link_monitor377'
[15:29:16.610] [bmv2] [D] [thread 45767] [28.0] [cxt 0] Looking up key:

[15:29:16.610] [bmv2] [D] [thread 45767] [28.0] [cxt 0] Table 'tbl_link_monitor377': miss
[15:29:16.610] [bmv2] [D] [thread 45767] [28.0] [cxt 0] Action entry is link_monitor377 - 
[15:29:16.610] [bmv2] [T] [thread 45767] [28.0] [cxt 0] Action link_monitor377
[15:29:16.610] [bmv2] [T] [thread 45767] [28.0] [cxt 0] link_monitor.p4(377) Primitive (bit<32>)standard_metadata.egress_port
[15:29:16.610] [bmv2] [T] [thread 45767] [28.0] [cxt 0] link_monitor.p4(377) Primitive byte_cnt_reg.read(byte_cnt, (bit<32>)standard_metadata.egress_port)
[15:29:16.610] [bmv2] [T] [thread 45767] [28.0] [cxt 0] Read register 'MyEgress.byte_cnt_reg' at index 2 read value 74
[15:29:16.610] [bmv2] [T] [thread 45767] [28.0] [cxt 0] link_monitor.p4(378) Primitive byte_cnt = byte_cnt + standard_metadata.packet_length
[15:29:16.610] [bmv2] [T] [thread 45767] [28.0] [cxt 0] link_monitor.p4(380) Condition "hdr.probe.isValid()" (node_12) is false
[15:29:16.610] [bmv2] [T] [thread 45767] [28.0] [cxt 0] Applying table 'tbl_link_monitor380_0'
[15:29:16.610] [bmv2] [D] [thread 45767] [28.0] [cxt 0] Looking up key:

[15:29:16.610] [bmv2] [D] [thread 45767] [28.0] [cxt 0] Table 'tbl_link_monitor380_0': miss
[15:29:16.610] [bmv2] [D] [thread 45767] [28.0] [cxt 0] Action entry is link_monitor380_0 - 
[15:29:16.610] [bmv2] [T] [thread 45767] [28.0] [cxt 0] Action link_monitor380_0
[15:29:16.610] [bmv2] [T] [thread 45767] [28.0] [cxt 0] link_monitor.p4(380) Primitive (hdr.probe.isValid()) ? 0 : byte_cnt
[15:29:16.610] [bmv2] [T] [thread 45767] [28.0] [cxt 0] Applying table 'tbl_link_monitor381'
[15:29:16.610] [bmv2] [D] [thread 45767] [28.0] [cxt 0] Looking up key:

[15:29:16.610] [bmv2] [D] [thread 45767] [28.0] [cxt 0] Table 'tbl_link_monitor381': miss
[15:29:16.610] [bmv2] [D] [thread 45767] [28.0] [cxt 0] Action entry is link_monitor381 - 
[15:29:16.610] [bmv2] [T] [thread 45767] [28.0] [cxt 0] Action link_monitor381
[15:29:16.610] [bmv2] [T] [thread 45767] [28.0] [cxt 0] link_monitor.p4(381) Primitive (bit<32>)standard_metadata.egress_port
[15:29:16.610] [bmv2] [T] [thread 45767] [28.0] [cxt 0] link_monitor.p4(381) Primitive byte_cnt_reg.write((bit<32>)standard_metadata.egress_port, new_byte_cnt)
[15:29:16.610] [bmv2] [T] [thread 45767] [28.0] [cxt 0] Wrote register 'MyEgress.byte_cnt_reg' at index 2 with value 111
[15:29:16.610] [bmv2] [T] [thread 45767] [28.0] [cxt 0] link_monitor.p4(383) Condition "hdr.probe.isValid()" (node_16) is false
[15:29:16.610] [bmv2] [D] [thread 45767] [28.0] [cxt 0] Pipeline 'egress': end
[15:29:16.610] [bmv2] [D] [thread 45767] [28.0] [cxt 0] Deparser 'deparser': start
[15:29:16.610] [bmv2] [D] [thread 45767] [28.0] [cxt 0] Updating checksum 'cksum'
[15:29:16.610] [bmv2] [D] [thread 45767] [28.0] [cxt 0] Deparsing header 'ethernet'
[15:29:16.610] [bmv2] [D] [thread 45767] [28.0] [cxt 0] Deparsing header 'ipv4'
[15:29:16.610] [bmv2] [D] [thread 45767] [28.0] [cxt 0] Deparser 'deparser': end
[15:29:16.610] [bmv2] [D] [thread 45769] [28.0] [cxt 0] Transmitting packet of size 37 out of port 2
[15:29:17.068] [bmv2] [D] [thread 45764] [29.0] [cxt 0] Processing packet received on port 1
[15:29:17.068] [bmv2] [D] [thread 45764] [29.0] [cxt 0] Parser 'parser': start
[15:29:17.068] [bmv2] [D] [thread 45764] [29.0] [cxt 0] Parser 'parser' entering state 'start'
[15:29:17.068] [bmv2] [D] [thread 45764] [29.0] [cxt 0] Extracting header 'ethernet'
[15:29:17.068] [bmv2] [D] [thread 45764] [29.0] [cxt 0] Parser state 'start': key is 0800
[15:29:17.068] [bmv2] [T] [thread 45764] [29.0] [cxt 0] Bytes parsed: 14
[15:29:17.068] [bmv2] [D] [thread 45764] [29.0] [cxt 0] Parser 'parser' entering state 'parse_ipv4'
[15:29:17.068] [bmv2] [D] [thread 45764] [29.0] [cxt 0] Extracting header 'ipv4'
[15:29:17.068] [bmv2] [D] [thread 45764] [29.0] [cxt 0] Parser state 'parse_ipv4': key is 06
[15:29:17.068] [bmv2] [T] [thread 45764] [29.0] [cxt 0] Bytes parsed: 34
[15:29:17.068] [bmv2] [D] [thread 45764] [29.0] [cxt 0] Parser 'parser' entering state 'parse_tcp'
[15:29:17.068] [bmv2] [D] [thread 45764] [29.0] [cxt 0] Extracting header 'tcp'
[15:29:17.068] [bmv2] [E] [thread 45764] [29.0] [cxt 0] Exception while parsing: PacketTooShort
[15:29:17.068] [bmv2] [D] [thread 45764] [29.0] [cxt 0] Parser 'parser': end
[15:29:17.068] [bmv2] [D] [thread 45764] [29.0] [cxt 0] Pipeline 'ingress': start
[15:29:17.068] [bmv2] [T] [thread 45764] [29.0] [cxt 0] link_monitor.p4(331) Condition "hdr.tcp.isValid()" (node_2) is false
[15:29:17.068] [bmv2] [T] [thread 45764] [29.0] [cxt 0] link_monitor.p4(335) Condition "hdr.ipv4.isValid()" (node_5) is true
[15:29:17.068] [bmv2] [T] [thread 45764] [29.0] [cxt 0] Applying table 'MyIngress.ipv4_lpm'
[15:29:17.068] [bmv2] [D] [thread 45764] [29.0] [cxt 0] Looking up key:
* hdr.ipv4.dstAddr    : 0a000404

[15:29:17.068] [bmv2] [D] [thread 45764] [29.0] [cxt 0] Table 'MyIngress.ipv4_lpm': hit with handle 3
[15:29:17.068] [bmv2] [D] [thread 45764] [29.0] [cxt 0] Dumping entry 3
Match key:
* hdr.ipv4.dstAddr    : LPM       0a000404/32
Action entry: MyIngress.ipv4_forward - 80000000200,2,

[15:29:17.068] [bmv2] [D] [thread 45764] [29.0] [cxt 0] Action entry is MyIngress.ipv4_forward - 80000000200,2,
[15:29:17.068] [bmv2] [T] [thread 45764] [29.0] [cxt 0] Action MyIngress.ipv4_forward
[15:29:17.068] [bmv2] [T] [thread 45764] [29.0] [cxt 0] link_monitor.p4(195) Primitive standard_metadata.egress_spec = port
[15:29:17.068] [bmv2] [T] [thread 45764] [29.0] [cxt 0] link_monitor.p4(196) Primitive hdr.ethernet.srcAddr = hdr.ethernet.dstAddr
[15:29:17.068] [bmv2] [T] [thread 45764] [29.0] [cxt 0] link_monitor.p4(197) Primitive hdr.ethernet.dstAddr = dstAddr
[15:29:17.068] [bmv2] [T] [thread 45764] [29.0] [cxt 0] link_monitor.p4(198) Primitive hdr.ipv4.ttl = hdr.ipv4.ttl - 1
[15:29:17.068] [bmv2] [D] [thread 45764] [29.0] [cxt 0] Pipeline 'ingress': end
[15:29:17.068] [bmv2] [D] [thread 45764] [29.0] [cxt 0] Egress port is 2
[15:29:17.068] [bmv2] [D] [thread 45767] [29.0] [cxt 0] Pipeline 'egress': start
[15:29:17.068] [bmv2] [T] [thread 45767] [29.0] [cxt 0] Applying table 'tbl_link_monitor377'
[15:29:17.068] [bmv2] [D] [thread 45767] [29.0] [cxt 0] Looking up key:

[15:29:17.068] [bmv2] [D] [thread 45767] [29.0] [cxt 0] Table 'tbl_link_monitor377': miss
[15:29:17.068] [bmv2] [D] [thread 45767] [29.0] [cxt 0] Action entry is link_monitor377 - 
[15:29:17.068] [bmv2] [T] [thread 45767] [29.0] [cxt 0] Action link_monitor377
[15:29:17.068] [bmv2] [T] [thread 45767] [29.0] [cxt 0] link_monitor.p4(377) Primitive (bit<32>)standard_metadata.egress_port
[15:29:17.068] [bmv2] [T] [thread 45767] [29.0] [cxt 0] link_monitor.p4(377) Primitive byte_cnt_reg.read(byte_cnt, (bit<32>)standard_metadata.egress_port)
[15:29:17.068] [bmv2] [T] [thread 45767] [29.0] [cxt 0] Read register 'MyEgress.byte_cnt_reg' at index 2 read value 111
[15:29:17.068] [bmv2] [T] [thread 45767] [29.0] [cxt 0] link_monitor.p4(378) Primitive byte_cnt = byte_cnt + standard_metadata.packet_length
[15:29:17.068] [bmv2] [T] [thread 45767] [29.0] [cxt 0] link_monitor.p4(380) Condition "hdr.probe.isValid()" (node_12) is false
[15:29:17.068] [bmv2] [T] [thread 45767] [29.0] [cxt 0] Applying table 'tbl_link_monitor380_0'
[15:29:17.068] [bmv2] [D] [thread 45767] [29.0] [cxt 0] Looking up key:

[15:29:17.068] [bmv2] [D] [thread 45767] [29.0] [cxt 0] Table 'tbl_link_monitor380_0': miss
[15:29:17.068] [bmv2] [D] [thread 45767] [29.0] [cxt 0] Action entry is link_monitor380_0 - 
[15:29:17.068] [bmv2] [T] [thread 45767] [29.0] [cxt 0] Action link_monitor380_0
[15:29:17.068] [bmv2] [T] [thread 45767] [29.0] [cxt 0] link_monitor.p4(380) Primitive (hdr.probe.isValid()) ? 0 : byte_cnt
[15:29:17.068] [bmv2] [T] [thread 45767] [29.0] [cxt 0] Applying table 'tbl_link_monitor381'
[15:29:17.068] [bmv2] [D] [thread 45767] [29.0] [cxt 0] Looking up key:

[15:29:17.068] [bmv2] [D] [thread 45767] [29.0] [cxt 0] Table 'tbl_link_monitor381': miss
[15:29:17.068] [bmv2] [D] [thread 45767] [29.0] [cxt 0] Action entry is link_monitor381 - 
[15:29:17.068] [bmv2] [T] [thread 45767] [29.0] [cxt 0] Action link_monitor381
[15:29:17.068] [bmv2] [T] [thread 45767] [29.0] [cxt 0] link_monitor.p4(381) Primitive (bit<32>)standard_metadata.egress_port
[15:29:17.068] [bmv2] [T] [thread 45767] [29.0] [cxt 0] link_monitor.p4(381) Primitive byte_cnt_reg.write((bit<32>)standard_metadata.egress_port, new_byte_cnt)
[15:29:17.068] [bmv2] [T] [thread 45767] [29.0] [cxt 0] Wrote register 'MyEgress.byte_cnt_reg' at index 2 with value 148
[15:29:17.068] [bmv2] [T] [thread 45767] [29.0] [cxt 0] link_monitor.p4(383) Condition "hdr.probe.isValid()" (node_16) is false
[15:29:17.068] [bmv2] [D] [thread 45767] [29.0] [cxt 0] Pipeline 'egress': end
[15:29:17.068] [bmv2] [D] [thread 45767] [29.0] [cxt 0] Deparser 'deparser': start
[15:29:17.068] [bmv2] [D] [thread 45767] [29.0] [cxt 0] Updating checksum 'cksum'
[15:29:17.068] [bmv2] [D] [thread 45767] [29.0] [cxt 0] Deparsing header 'ethernet'
[15:29:17.068] [bmv2] [D] [thread 45767] [29.0] [cxt 0] Deparsing header 'ipv4'
[15:29:17.068] [bmv2] [D] [thread 45767] [29.0] [cxt 0] Deparser 'deparser': end
[15:29:17.068] [bmv2] [D] [thread 45769] [29.0] [cxt 0] Transmitting packet of size 37 out of port 2
[15:29:17.537] [bmv2] [D] [thread 45764] [30.0] [cxt 0] Processing packet received on port 1
[15:29:17.537] [bmv2] [D] [thread 45764] [30.0] [cxt 0] Parser 'parser': start
[15:29:17.537] [bmv2] [D] [thread 45764] [30.0] [cxt 0] Parser 'parser' entering state 'start'
[15:29:17.537] [bmv2] [D] [thread 45764] [30.0] [cxt 0] Extracting header 'ethernet'
[15:29:17.537] [bmv2] [D] [thread 45764] [30.0] [cxt 0] Parser state 'start': key is 0800
[15:29:17.537] [bmv2] [T] [thread 45764] [30.0] [cxt 0] Bytes parsed: 14
[15:29:17.537] [bmv2] [D] [thread 45764] [30.0] [cxt 0] Parser 'parser' entering state 'parse_ipv4'
[15:29:17.537] [bmv2] [D] [thread 45764] [30.0] [cxt 0] Extracting header 'ipv4'
[15:29:17.537] [bmv2] [D] [thread 45764] [30.0] [cxt 0] Parser state 'parse_ipv4': key is 06
[15:29:17.537] [bmv2] [T] [thread 45764] [30.0] [cxt 0] Bytes parsed: 34
[15:29:17.537] [bmv2] [D] [thread 45764] [30.0] [cxt 0] Parser 'parser' entering state 'parse_tcp'
[15:29:17.537] [bmv2] [D] [thread 45764] [30.0] [cxt 0] Extracting header 'tcp'
[15:29:17.537] [bmv2] [E] [thread 45764] [30.0] [cxt 0] Exception while parsing: PacketTooShort
[15:29:17.537] [bmv2] [D] [thread 45764] [30.0] [cxt 0] Parser 'parser': end
[15:29:17.537] [bmv2] [D] [thread 45764] [30.0] [cxt 0] Pipeline 'ingress': start
[15:29:17.537] [bmv2] [T] [thread 45764] [30.0] [cxt 0] link_monitor.p4(331) Condition "hdr.tcp.isValid()" (node_2) is false
[15:29:17.537] [bmv2] [T] [thread 45764] [30.0] [cxt 0] link_monitor.p4(335) Condition "hdr.ipv4.isValid()" (node_5) is true
[15:29:17.537] [bmv2] [T] [thread 45764] [30.0] [cxt 0] Applying table 'MyIngress.ipv4_lpm'
[15:29:17.537] [bmv2] [D] [thread 45764] [30.0] [cxt 0] Looking up key:
* hdr.ipv4.dstAddr    : 0a000404

[15:29:17.537] [bmv2] [D] [thread 45764] [30.0] [cxt 0] Table 'MyIngress.ipv4_lpm': hit with handle 3
[15:29:17.537] [bmv2] [D] [thread 45764] [30.0] [cxt 0] Dumping entry 3
Match key:
* hdr.ipv4.dstAddr    : LPM       0a000404/32
Action entry: MyIngress.ipv4_forward - 80000000200,2,

[15:29:17.537] [bmv2] [D] [thread 45764] [30.0] [cxt 0] Action entry is MyIngress.ipv4_forward - 80000000200,2,
[15:29:17.537] [bmv2] [T] [thread 45764] [30.0] [cxt 0] Action MyIngress.ipv4_forward
[15:29:17.537] [bmv2] [T] [thread 45764] [30.0] [cxt 0] link_monitor.p4(195) Primitive standard_metadata.egress_spec = port
[15:29:17.537] [bmv2] [T] [thread 45764] [30.0] [cxt 0] link_monitor.p4(196) Primitive hdr.ethernet.srcAddr = hdr.ethernet.dstAddr
[15:29:17.537] [bmv2] [T] [thread 45764] [30.0] [cxt 0] link_monitor.p4(197) Primitive hdr.ethernet.dstAddr = dstAddr
[15:29:17.537] [bmv2] [T] [thread 45764] [30.0] [cxt 0] link_monitor.p4(198) Primitive hdr.ipv4.ttl = hdr.ipv4.ttl - 1
[15:29:17.537] [bmv2] [D] [thread 45764] [30.0] [cxt 0] Pipeline 'ingress': end
[15:29:17.537] [bmv2] [D] [thread 45764] [30.0] [cxt 0] Egress port is 2
[15:29:17.537] [bmv2] [D] [thread 45767] [30.0] [cxt 0] Pipeline 'egress': start
[15:29:17.537] [bmv2] [T] [thread 45767] [30.0] [cxt 0] Applying table 'tbl_link_monitor377'
[15:29:17.537] [bmv2] [D] [thread 45767] [30.0] [cxt 0] Looking up key:

[15:29:17.537] [bmv2] [D] [thread 45767] [30.0] [cxt 0] Table 'tbl_link_monitor377': miss
[15:29:17.537] [bmv2] [D] [thread 45767] [30.0] [cxt 0] Action entry is link_monitor377 - 
[15:29:17.537] [bmv2] [T] [thread 45767] [30.0] [cxt 0] Action link_monitor377
[15:29:17.537] [bmv2] [T] [thread 45767] [30.0] [cxt 0] link_monitor.p4(377) Primitive (bit<32>)standard_metadata.egress_port
[15:29:17.537] [bmv2] [T] [thread 45767] [30.0] [cxt 0] link_monitor.p4(377) Primitive byte_cnt_reg.read(byte_cnt, (bit<32>)standard_metadata.egress_port)
[15:29:17.537] [bmv2] [T] [thread 45767] [30.0] [cxt 0] Read register 'MyEgress.byte_cnt_reg' at index 2 read value 148
[15:29:17.537] [bmv2] [T] [thread 45767] [30.0] [cxt 0] link_monitor.p4(378) Primitive byte_cnt = byte_cnt + standard_metadata.packet_length
[15:29:17.537] [bmv2] [T] [thread 45767] [30.0] [cxt 0] link_monitor.p4(380) Condition "hdr.probe.isValid()" (node_12) is false
[15:29:17.537] [bmv2] [T] [thread 45767] [30.0] [cxt 0] Applying table 'tbl_link_monitor380_0'
[15:29:17.537] [bmv2] [D] [thread 45767] [30.0] [cxt 0] Looking up key:

[15:29:17.537] [bmv2] [D] [thread 45767] [30.0] [cxt 0] Table 'tbl_link_monitor380_0': miss
[15:29:17.537] [bmv2] [D] [thread 45767] [30.0] [cxt 0] Action entry is link_monitor380_0 - 
[15:29:17.537] [bmv2] [T] [thread 45767] [30.0] [cxt 0] Action link_monitor380_0
[15:29:17.537] [bmv2] [T] [thread 45767] [30.0] [cxt 0] link_monitor.p4(380) Primitive (hdr.probe.isValid()) ? 0 : byte_cnt
[15:29:17.537] [bmv2] [T] [thread 45767] [30.0] [cxt 0] Applying table 'tbl_link_monitor381'
[15:29:17.537] [bmv2] [D] [thread 45767] [30.0] [cxt 0] Looking up key:

[15:29:17.537] [bmv2] [D] [thread 45767] [30.0] [cxt 0] Table 'tbl_link_monitor381': miss
[15:29:17.537] [bmv2] [D] [thread 45767] [30.0] [cxt 0] Action entry is link_monitor381 - 
[15:29:17.537] [bmv2] [T] [thread 45767] [30.0] [cxt 0] Action link_monitor381
[15:29:17.537] [bmv2] [T] [thread 45767] [30.0] [cxt 0] link_monitor.p4(381) Primitive (bit<32>)standard_metadata.egress_port
[15:29:17.537] [bmv2] [T] [thread 45767] [30.0] [cxt 0] link_monitor.p4(381) Primitive byte_cnt_reg.write((bit<32>)standard_metadata.egress_port, new_byte_cnt)
[15:29:17.537] [bmv2] [T] [thread 45767] [30.0] [cxt 0] Wrote register 'MyEgress.byte_cnt_reg' at index 2 with value 185
[15:29:17.537] [bmv2] [T] [thread 45767] [30.0] [cxt 0] link_monitor.p4(383) Condition "hdr.probe.isValid()" (node_16) is false
[15:29:17.537] [bmv2] [D] [thread 45767] [30.0] [cxt 0] Pipeline 'egress': end
[15:29:17.537] [bmv2] [D] [thread 45767] [30.0] [cxt 0] Deparser 'deparser': start
[15:29:17.537] [bmv2] [D] [thread 45767] [30.0] [cxt 0] Updating checksum 'cksum'
[15:29:17.537] [bmv2] [D] [thread 45767] [30.0] [cxt 0] Deparsing header 'ethernet'
[15:29:17.537] [bmv2] [D] [thread 45767] [30.0] [cxt 0] Deparsing header 'ipv4'
[15:29:17.537] [bmv2] [D] [thread 45767] [30.0] [cxt 0] Deparser 'deparser': end
[15:29:17.537] [bmv2] [D] [thread 45769] [30.0] [cxt 0] Transmitting packet of size 37 out of port 2
[15:29:18.420] [bmv2] [D] [thread 45764] [31.0] [cxt 0] Processing packet received on port 1
[15:29:18.420] [bmv2] [D] [thread 45764] [31.0] [cxt 0] Parser 'parser': start
[15:29:18.420] [bmv2] [D] [thread 45764] [31.0] [cxt 0] Parser 'parser' entering state 'start'
[15:29:18.420] [bmv2] [D] [thread 45764] [31.0] [cxt 0] Extracting header 'ethernet'
[15:29:18.420] [bmv2] [D] [thread 45764] [31.0] [cxt 0] Parser state 'start': key is 0800
[15:29:18.420] [bmv2] [T] [thread 45764] [31.0] [cxt 0] Bytes parsed: 14
[15:29:18.420] [bmv2] [D] [thread 45764] [31.0] [cxt 0] Parser 'parser' entering state 'parse_ipv4'
[15:29:18.420] [bmv2] [D] [thread 45764] [31.0] [cxt 0] Extracting header 'ipv4'
[15:29:18.420] [bmv2] [D] [thread 45764] [31.0] [cxt 0] Parser state 'parse_ipv4': key is 06
[15:29:18.420] [bmv2] [T] [thread 45764] [31.0] [cxt 0] Bytes parsed: 34
[15:29:18.420] [bmv2] [D] [thread 45764] [31.0] [cxt 0] Parser 'parser' entering state 'parse_tcp'
[15:29:18.420] [bmv2] [D] [thread 45764] [31.0] [cxt 0] Extracting header 'tcp'
[15:29:18.420] [bmv2] [E] [thread 45764] [31.0] [cxt 0] Exception while parsing: PacketTooShort
[15:29:18.420] [bmv2] [D] [thread 45764] [31.0] [cxt 0] Parser 'parser': end
[15:29:18.420] [bmv2] [D] [thread 45764] [31.0] [cxt 0] Pipeline 'ingress': start
[15:29:18.420] [bmv2] [T] [thread 45764] [31.0] [cxt 0] link_monitor.p4(331) Condition "hdr.tcp.isValid()" (node_2) is false
[15:29:18.420] [bmv2] [T] [thread 45764] [31.0] [cxt 0] link_monitor.p4(335) Condition "hdr.ipv4.isValid()" (node_5) is true
[15:29:18.420] [bmv2] [T] [thread 45764] [31.0] [cxt 0] Applying table 'MyIngress.ipv4_lpm'
[15:29:18.420] [bmv2] [D] [thread 45764] [31.0] [cxt 0] Looking up key:
* hdr.ipv4.dstAddr    : 0a000404

[15:29:18.420] [bmv2] [D] [thread 45764] [31.0] [cxt 0] Table 'MyIngress.ipv4_lpm': hit with handle 3
[15:29:18.420] [bmv2] [D] [thread 45764] [31.0] [cxt 0] Dumping entry 3
Match key:
* hdr.ipv4.dstAddr    : LPM       0a000404/32
Action entry: MyIngress.ipv4_forward - 80000000200,2,

[15:29:18.420] [bmv2] [D] [thread 45764] [31.0] [cxt 0] Action entry is MyIngress.ipv4_forward - 80000000200,2,
[15:29:18.420] [bmv2] [T] [thread 45764] [31.0] [cxt 0] Action MyIngress.ipv4_forward
[15:29:18.420] [bmv2] [T] [thread 45764] [31.0] [cxt 0] link_monitor.p4(195) Primitive standard_metadata.egress_spec = port
[15:29:18.420] [bmv2] [T] [thread 45764] [31.0] [cxt 0] link_monitor.p4(196) Primitive hdr.ethernet.srcAddr = hdr.ethernet.dstAddr
[15:29:18.420] [bmv2] [T] [thread 45764] [31.0] [cxt 0] link_monitor.p4(197) Primitive hdr.ethernet.dstAddr = dstAddr
[15:29:18.420] [bmv2] [T] [thread 45764] [31.0] [cxt 0] link_monitor.p4(198) Primitive hdr.ipv4.ttl = hdr.ipv4.ttl - 1
[15:29:18.420] [bmv2] [D] [thread 45764] [31.0] [cxt 0] Pipeline 'ingress': end
[15:29:18.420] [bmv2] [D] [thread 45764] [31.0] [cxt 0] Egress port is 2
[15:29:18.420] [bmv2] [D] [thread 45767] [31.0] [cxt 0] Pipeline 'egress': start
[15:29:18.420] [bmv2] [T] [thread 45767] [31.0] [cxt 0] Applying table 'tbl_link_monitor377'
[15:29:18.420] [bmv2] [D] [thread 45767] [31.0] [cxt 0] Looking up key:

[15:29:18.420] [bmv2] [D] [thread 45767] [31.0] [cxt 0] Table 'tbl_link_monitor377': miss
[15:29:18.420] [bmv2] [D] [thread 45767] [31.0] [cxt 0] Action entry is link_monitor377 - 
[15:29:18.420] [bmv2] [T] [thread 45767] [31.0] [cxt 0] Action link_monitor377
[15:29:18.420] [bmv2] [T] [thread 45767] [31.0] [cxt 0] link_monitor.p4(377) Primitive (bit<32>)standard_metadata.egress_port
[15:29:18.420] [bmv2] [T] [thread 45767] [31.0] [cxt 0] link_monitor.p4(377) Primitive byte_cnt_reg.read(byte_cnt, (bit<32>)standard_metadata.egress_port)
[15:29:18.420] [bmv2] [T] [thread 45767] [31.0] [cxt 0] Read register 'MyEgress.byte_cnt_reg' at index 2 read value 185
[15:29:18.420] [bmv2] [T] [thread 45767] [31.0] [cxt 0] link_monitor.p4(378) Primitive byte_cnt = byte_cnt + standard_metadata.packet_length
[15:29:18.420] [bmv2] [T] [thread 45767] [31.0] [cxt 0] link_monitor.p4(380) Condition "hdr.probe.isValid()" (node_12) is false
[15:29:18.420] [bmv2] [T] [thread 45767] [31.0] [cxt 0] Applying table 'tbl_link_monitor380_0'
[15:29:18.420] [bmv2] [D] [thread 45767] [31.0] [cxt 0] Looking up key:

[15:29:18.420] [bmv2] [D] [thread 45767] [31.0] [cxt 0] Table 'tbl_link_monitor380_0': miss
[15:29:18.420] [bmv2] [D] [thread 45767] [31.0] [cxt 0] Action entry is link_monitor380_0 - 
[15:29:18.420] [bmv2] [T] [thread 45767] [31.0] [cxt 0] Action link_monitor380_0
[15:29:18.420] [bmv2] [T] [thread 45767] [31.0] [cxt 0] link_monitor.p4(380) Primitive (hdr.probe.isValid()) ? 0 : byte_cnt
[15:29:18.420] [bmv2] [T] [thread 45767] [31.0] [cxt 0] Applying table 'tbl_link_monitor381'
[15:29:18.420] [bmv2] [D] [thread 45767] [31.0] [cxt 0] Looking up key:

[15:29:18.420] [bmv2] [D] [thread 45767] [31.0] [cxt 0] Table 'tbl_link_monitor381': miss
[15:29:18.420] [bmv2] [D] [thread 45767] [31.0] [cxt 0] Action entry is link_monitor381 - 
[15:29:18.420] [bmv2] [T] [thread 45767] [31.0] [cxt 0] Action link_monitor381
[15:29:18.420] [bmv2] [T] [thread 45767] [31.0] [cxt 0] link_monitor.p4(381) Primitive (bit<32>)standard_metadata.egress_port
[15:29:18.420] [bmv2] [T] [thread 45767] [31.0] [cxt 0] link_monitor.p4(381) Primitive byte_cnt_reg.write((bit<32>)standard_metadata.egress_port, new_byte_cnt)
[15:29:18.420] [bmv2] [T] [thread 45767] [31.0] [cxt 0] Wrote register 'MyEgress.byte_cnt_reg' at index 2 with value 222
[15:29:18.420] [bmv2] [T] [thread 45767] [31.0] [cxt 0] link_monitor.p4(383) Condition "hdr.probe.isValid()" (node_16) is false
[15:29:18.420] [bmv2] [D] [thread 45767] [31.0] [cxt 0] Pipeline 'egress': end
[15:29:18.420] [bmv2] [D] [thread 45767] [31.0] [cxt 0] Deparser 'deparser': start
[15:29:18.420] [bmv2] [D] [thread 45767] [31.0] [cxt 0] Updating checksum 'cksum'
[15:29:18.420] [bmv2] [D] [thread 45767] [31.0] [cxt 0] Deparsing header 'ethernet'
[15:29:18.420] [bmv2] [D] [thread 45767] [31.0] [cxt 0] Deparsing header 'ipv4'
[15:29:18.420] [bmv2] [D] [thread 45767] [31.0] [cxt 0] Deparser 'deparser': end
[15:29:18.420] [bmv2] [D] [thread 45769] [31.0] [cxt 0] Transmitting packet of size 37 out of port 2
[15:29:19.082] [bmv2] [D] [thread 45764] [32.0] [cxt 0] Processing packet received on port 1
[15:29:19.082] [bmv2] [D] [thread 45764] [32.0] [cxt 0] Parser 'parser': start
[15:29:19.082] [bmv2] [D] [thread 45764] [32.0] [cxt 0] Parser 'parser' entering state 'start'
[15:29:19.082] [bmv2] [D] [thread 45764] [32.0] [cxt 0] Extracting header 'ethernet'
[15:29:19.082] [bmv2] [D] [thread 45764] [32.0] [cxt 0] Parser state 'start': key is 0800
[15:29:19.082] [bmv2] [T] [thread 45764] [32.0] [cxt 0] Bytes parsed: 14
[15:29:19.082] [bmv2] [D] [thread 45764] [32.0] [cxt 0] Parser 'parser' entering state 'parse_ipv4'
[15:29:19.082] [bmv2] [D] [thread 45764] [32.0] [cxt 0] Extracting header 'ipv4'
[15:29:19.082] [bmv2] [D] [thread 45764] [32.0] [cxt 0] Parser state 'parse_ipv4': key is 06
[15:29:19.082] [bmv2] [T] [thread 45764] [32.0] [cxt 0] Bytes parsed: 34
[15:29:19.082] [bmv2] [D] [thread 45764] [32.0] [cxt 0] Parser 'parser' entering state 'parse_tcp'
[15:29:19.082] [bmv2] [D] [thread 45764] [32.0] [cxt 0] Extracting header 'tcp'
[15:29:19.082] [bmv2] [E] [thread 45764] [32.0] [cxt 0] Exception while parsing: PacketTooShort
[15:29:19.082] [bmv2] [D] [thread 45764] [32.0] [cxt 0] Parser 'parser': end
[15:29:19.082] [bmv2] [D] [thread 45764] [32.0] [cxt 0] Pipeline 'ingress': start
[15:29:19.082] [bmv2] [T] [thread 45764] [32.0] [cxt 0] link_monitor.p4(331) Condition "hdr.tcp.isValid()" (node_2) is false
[15:29:19.082] [bmv2] [T] [thread 45764] [32.0] [cxt 0] link_monitor.p4(335) Condition "hdr.ipv4.isValid()" (node_5) is true
[15:29:19.082] [bmv2] [T] [thread 45764] [32.0] [cxt 0] Applying table 'MyIngress.ipv4_lpm'
[15:29:19.082] [bmv2] [D] [thread 45764] [32.0] [cxt 0] Looking up key:
* hdr.ipv4.dstAddr    : 0a000404

[15:29:19.082] [bmv2] [D] [thread 45764] [32.0] [cxt 0] Table 'MyIngress.ipv4_lpm': hit with handle 3
[15:29:19.082] [bmv2] [D] [thread 45764] [32.0] [cxt 0] Dumping entry 3
Match key:
* hdr.ipv4.dstAddr    : LPM       0a000404/32
Action entry: MyIngress.ipv4_forward - 80000000200,2,

[15:29:19.082] [bmv2] [D] [thread 45764] [32.0] [cxt 0] Action entry is MyIngress.ipv4_forward - 80000000200,2,
[15:29:19.082] [bmv2] [T] [thread 45764] [32.0] [cxt 0] Action MyIngress.ipv4_forward
[15:29:19.082] [bmv2] [T] [thread 45764] [32.0] [cxt 0] link_monitor.p4(195) Primitive standard_metadata.egress_spec = port
[15:29:19.082] [bmv2] [T] [thread 45764] [32.0] [cxt 0] link_monitor.p4(196) Primitive hdr.ethernet.srcAddr = hdr.ethernet.dstAddr
[15:29:19.082] [bmv2] [T] [thread 45764] [32.0] [cxt 0] link_monitor.p4(197) Primitive hdr.ethernet.dstAddr = dstAddr
[15:29:19.082] [bmv2] [T] [thread 45764] [32.0] [cxt 0] link_monitor.p4(198) Primitive hdr.ipv4.ttl = hdr.ipv4.ttl - 1
[15:29:19.082] [bmv2] [D] [thread 45764] [32.0] [cxt 0] Pipeline 'ingress': end
[15:29:19.082] [bmv2] [D] [thread 45764] [32.0] [cxt 0] Egress port is 2
[15:29:19.082] [bmv2] [D] [thread 45767] [32.0] [cxt 0] Pipeline 'egress': start
[15:29:19.082] [bmv2] [T] [thread 45767] [32.0] [cxt 0] Applying table 'tbl_link_monitor377'
[15:29:19.082] [bmv2] [D] [thread 45767] [32.0] [cxt 0] Looking up key:

[15:29:19.082] [bmv2] [D] [thread 45767] [32.0] [cxt 0] Table 'tbl_link_monitor377': miss
[15:29:19.082] [bmv2] [D] [thread 45767] [32.0] [cxt 0] Action entry is link_monitor377 - 
[15:29:19.082] [bmv2] [T] [thread 45767] [32.0] [cxt 0] Action link_monitor377
[15:29:19.082] [bmv2] [T] [thread 45767] [32.0] [cxt 0] link_monitor.p4(377) Primitive (bit<32>)standard_metadata.egress_port
[15:29:19.082] [bmv2] [T] [thread 45767] [32.0] [cxt 0] link_monitor.p4(377) Primitive byte_cnt_reg.read(byte_cnt, (bit<32>)standard_metadata.egress_port)
[15:29:19.082] [bmv2] [T] [thread 45767] [32.0] [cxt 0] Read register 'MyEgress.byte_cnt_reg' at index 2 read value 222
[15:29:19.082] [bmv2] [T] [thread 45767] [32.0] [cxt 0] link_monitor.p4(378) Primitive byte_cnt = byte_cnt + standard_metadata.packet_length
[15:29:19.082] [bmv2] [T] [thread 45767] [32.0] [cxt 0] link_monitor.p4(380) Condition "hdr.probe.isValid()" (node_12) is false
[15:29:19.082] [bmv2] [T] [thread 45767] [32.0] [cxt 0] Applying table 'tbl_link_monitor380_0'
[15:29:19.082] [bmv2] [D] [thread 45767] [32.0] [cxt 0] Looking up key:

[15:29:19.082] [bmv2] [D] [thread 45767] [32.0] [cxt 0] Table 'tbl_link_monitor380_0': miss
[15:29:19.082] [bmv2] [D] [thread 45767] [32.0] [cxt 0] Action entry is link_monitor380_0 - 
[15:29:19.082] [bmv2] [T] [thread 45767] [32.0] [cxt 0] Action link_monitor380_0
[15:29:19.082] [bmv2] [T] [thread 45767] [32.0] [cxt 0] link_monitor.p4(380) Primitive (hdr.probe.isValid()) ? 0 : byte_cnt
[15:29:19.082] [bmv2] [T] [thread 45767] [32.0] [cxt 0] Applying table 'tbl_link_monitor381'
[15:29:19.082] [bmv2] [D] [thread 45767] [32.0] [cxt 0] Looking up key:

[15:29:19.082] [bmv2] [D] [thread 45767] [32.0] [cxt 0] Table 'tbl_link_monitor381': miss
[15:29:19.082] [bmv2] [D] [thread 45767] [32.0] [cxt 0] Action entry is link_monitor381 - 
[15:29:19.082] [bmv2] [T] [thread 45767] [32.0] [cxt 0] Action link_monitor381
[15:29:19.082] [bmv2] [T] [thread 45767] [32.0] [cxt 0] link_monitor.p4(381) Primitive (bit<32>)standard_metadata.egress_port
[15:29:19.082] [bmv2] [T] [thread 45767] [32.0] [cxt 0] link_monitor.p4(381) Primitive byte_cnt_reg.write((bit<32>)standard_metadata.egress_port, new_byte_cnt)
[15:29:19.082] [bmv2] [T] [thread 45767] [32.0] [cxt 0] Wrote register 'MyEgress.byte_cnt_reg' at index 2 with value 259
[15:29:19.082] [bmv2] [T] [thread 45767] [32.0] [cxt 0] link_monitor.p4(383) Condition "hdr.probe.isValid()" (node_16) is false
[15:29:19.082] [bmv2] [D] [thread 45767] [32.0] [cxt 0] Pipeline 'egress': end
[15:29:19.082] [bmv2] [D] [thread 45767] [32.0] [cxt 0] Deparser 'deparser': start
[15:29:19.082] [bmv2] [D] [thread 45767] [32.0] [cxt 0] Updating checksum 'cksum'
[15:29:19.082] [bmv2] [D] [thread 45767] [32.0] [cxt 0] Deparsing header 'ethernet'
[15:29:19.082] [bmv2] [D] [thread 45767] [32.0] [cxt 0] Deparsing header 'ipv4'
[15:29:19.082] [bmv2] [D] [thread 45767] [32.0] [cxt 0] Deparser 'deparser': end
[15:29:19.082] [bmv2] [D] [thread 45769] [32.0] [cxt 0] Transmitting packet of size 37 out of port 2
[15:29:19.755] [bmv2] [D] [thread 45764] [33.0] [cxt 0] Processing packet received on port 1
[15:29:19.755] [bmv2] [D] [thread 45764] [33.0] [cxt 0] Parser 'parser': start
[15:29:19.755] [bmv2] [D] [thread 45764] [33.0] [cxt 0] Parser 'parser' entering state 'start'
[15:29:19.755] [bmv2] [D] [thread 45764] [33.0] [cxt 0] Extracting header 'ethernet'
[15:29:19.755] [bmv2] [D] [thread 45764] [33.0] [cxt 0] Parser state 'start': key is 0800
[15:29:19.755] [bmv2] [T] [thread 45764] [33.0] [cxt 0] Bytes parsed: 14
[15:29:19.755] [bmv2] [D] [thread 45764] [33.0] [cxt 0] Parser 'parser' entering state 'parse_ipv4'
[15:29:19.755] [bmv2] [D] [thread 45764] [33.0] [cxt 0] Extracting header 'ipv4'
[15:29:19.755] [bmv2] [D] [thread 45764] [33.0] [cxt 0] Parser state 'parse_ipv4': key is 06
[15:29:19.755] [bmv2] [T] [thread 45764] [33.0] [cxt 0] Bytes parsed: 34
[15:29:19.755] [bmv2] [D] [thread 45764] [33.0] [cxt 0] Parser 'parser' entering state 'parse_tcp'
[15:29:19.755] [bmv2] [D] [thread 45764] [33.0] [cxt 0] Extracting header 'tcp'
[15:29:19.755] [bmv2] [E] [thread 45764] [33.0] [cxt 0] Exception while parsing: PacketTooShort
[15:29:19.755] [bmv2] [D] [thread 45764] [33.0] [cxt 0] Parser 'parser': end
[15:29:19.755] [bmv2] [D] [thread 45764] [33.0] [cxt 0] Pipeline 'ingress': start
[15:29:19.755] [bmv2] [T] [thread 45764] [33.0] [cxt 0] link_monitor.p4(331) Condition "hdr.tcp.isValid()" (node_2) is false
[15:29:19.755] [bmv2] [T] [thread 45764] [33.0] [cxt 0] link_monitor.p4(335) Condition "hdr.ipv4.isValid()" (node_5) is true
[15:29:19.755] [bmv2] [T] [thread 45764] [33.0] [cxt 0] Applying table 'MyIngress.ipv4_lpm'
[15:29:19.755] [bmv2] [D] [thread 45764] [33.0] [cxt 0] Looking up key:
* hdr.ipv4.dstAddr    : 0a000404

[15:29:19.755] [bmv2] [D] [thread 45764] [33.0] [cxt 0] Table 'MyIngress.ipv4_lpm': hit with handle 3
[15:29:19.755] [bmv2] [D] [thread 45764] [33.0] [cxt 0] Dumping entry 3
Match key:
* hdr.ipv4.dstAddr    : LPM       0a000404/32
Action entry: MyIngress.ipv4_forward - 80000000200,2,

[15:29:19.755] [bmv2] [D] [thread 45764] [33.0] [cxt 0] Action entry is MyIngress.ipv4_forward - 80000000200,2,
[15:29:19.755] [bmv2] [T] [thread 45764] [33.0] [cxt 0] Action MyIngress.ipv4_forward
[15:29:19.755] [bmv2] [T] [thread 45764] [33.0] [cxt 0] link_monitor.p4(195) Primitive standard_metadata.egress_spec = port
[15:29:19.755] [bmv2] [T] [thread 45764] [33.0] [cxt 0] link_monitor.p4(196) Primitive hdr.ethernet.srcAddr = hdr.ethernet.dstAddr
[15:29:19.755] [bmv2] [T] [thread 45764] [33.0] [cxt 0] link_monitor.p4(197) Primitive hdr.ethernet.dstAddr = dstAddr
[15:29:19.755] [bmv2] [T] [thread 45764] [33.0] [cxt 0] link_monitor.p4(198) Primitive hdr.ipv4.ttl = hdr.ipv4.ttl - 1
[15:29:19.755] [bmv2] [D] [thread 45764] [33.0] [cxt 0] Pipeline 'ingress': end
[15:29:19.755] [bmv2] [D] [thread 45764] [33.0] [cxt 0] Egress port is 2
[15:29:19.755] [bmv2] [D] [thread 45767] [33.0] [cxt 0] Pipeline 'egress': start
[15:29:19.755] [bmv2] [T] [thread 45767] [33.0] [cxt 0] Applying table 'tbl_link_monitor377'
[15:29:19.755] [bmv2] [D] [thread 45767] [33.0] [cxt 0] Looking up key:

[15:29:19.756] [bmv2] [D] [thread 45767] [33.0] [cxt 0] Table 'tbl_link_monitor377': miss
[15:29:19.756] [bmv2] [D] [thread 45767] [33.0] [cxt 0] Action entry is link_monitor377 - 
[15:29:19.756] [bmv2] [T] [thread 45767] [33.0] [cxt 0] Action link_monitor377
[15:29:19.756] [bmv2] [T] [thread 45767] [33.0] [cxt 0] link_monitor.p4(377) Primitive (bit<32>)standard_metadata.egress_port
[15:29:19.756] [bmv2] [T] [thread 45767] [33.0] [cxt 0] link_monitor.p4(377) Primitive byte_cnt_reg.read(byte_cnt, (bit<32>)standard_metadata.egress_port)
[15:29:19.756] [bmv2] [T] [thread 45767] [33.0] [cxt 0] Read register 'MyEgress.byte_cnt_reg' at index 2 read value 259
[15:29:19.756] [bmv2] [T] [thread 45767] [33.0] [cxt 0] link_monitor.p4(378) Primitive byte_cnt = byte_cnt + standard_metadata.packet_length
[15:29:19.756] [bmv2] [T] [thread 45767] [33.0] [cxt 0] link_monitor.p4(380) Condition "hdr.probe.isValid()" (node_12) is false
[15:29:19.756] [bmv2] [T] [thread 45767] [33.0] [cxt 0] Applying table 'tbl_link_monitor380_0'
[15:29:19.756] [bmv2] [D] [thread 45767] [33.0] [cxt 0] Looking up key:

[15:29:19.756] [bmv2] [D] [thread 45767] [33.0] [cxt 0] Table 'tbl_link_monitor380_0': miss
[15:29:19.756] [bmv2] [D] [thread 45767] [33.0] [cxt 0] Action entry is link_monitor380_0 - 
[15:29:19.756] [bmv2] [T] [thread 45767] [33.0] [cxt 0] Action link_monitor380_0
[15:29:19.756] [bmv2] [T] [thread 45767] [33.0] [cxt 0] link_monitor.p4(380) Primitive (hdr.probe.isValid()) ? 0 : byte_cnt
[15:29:19.756] [bmv2] [T] [thread 45767] [33.0] [cxt 0] Applying table 'tbl_link_monitor381'
[15:29:19.756] [bmv2] [D] [thread 45767] [33.0] [cxt 0] Looking up key:

[15:29:19.756] [bmv2] [D] [thread 45767] [33.0] [cxt 0] Table 'tbl_link_monitor381': miss
[15:29:19.756] [bmv2] [D] [thread 45767] [33.0] [cxt 0] Action entry is link_monitor381 - 
[15:29:19.756] [bmv2] [T] [thread 45767] [33.0] [cxt 0] Action link_monitor381
[15:29:19.756] [bmv2] [T] [thread 45767] [33.0] [cxt 0] link_monitor.p4(381) Primitive (bit<32>)standard_metadata.egress_port
[15:29:19.756] [bmv2] [T] [thread 45767] [33.0] [cxt 0] link_monitor.p4(381) Primitive byte_cnt_reg.write((bit<32>)standard_metadata.egress_port, new_byte_cnt)
[15:29:19.756] [bmv2] [T] [thread 45767] [33.0] [cxt 0] Wrote register 'MyEgress.byte_cnt_reg' at index 2 with value 296
[15:29:19.756] [bmv2] [T] [thread 45767] [33.0] [cxt 0] link_monitor.p4(383) Condition "hdr.probe.isValid()" (node_16) is false
[15:29:19.756] [bmv2] [D] [thread 45767] [33.0] [cxt 0] Pipeline 'egress': end
[15:29:19.756] [bmv2] [D] [thread 45767] [33.0] [cxt 0] Deparser 'deparser': start
[15:29:19.756] [bmv2] [D] [thread 45767] [33.0] [cxt 0] Updating checksum 'cksum'
[15:29:19.756] [bmv2] [D] [thread 45767] [33.0] [cxt 0] Deparsing header 'ethernet'
[15:29:19.756] [bmv2] [D] [thread 45767] [33.0] [cxt 0] Deparsing header 'ipv4'
[15:29:19.756] [bmv2] [D] [thread 45767] [33.0] [cxt 0] Deparser 'deparser': end
[15:29:19.756] [bmv2] [D] [thread 45769] [33.0] [cxt 0] Transmitting packet of size 37 out of port 2
[15:29:20.484] [bmv2] [D] [thread 45764] [34.0] [cxt 0] Processing packet received on port 1
[15:29:20.484] [bmv2] [D] [thread 45764] [34.0] [cxt 0] Parser 'parser': start
[15:29:20.484] [bmv2] [D] [thread 45764] [34.0] [cxt 0] Parser 'parser' entering state 'start'
[15:29:20.484] [bmv2] [D] [thread 45764] [34.0] [cxt 0] Extracting header 'ethernet'
[15:29:20.484] [bmv2] [D] [thread 45764] [34.0] [cxt 0] Parser state 'start': key is 0800
[15:29:20.484] [bmv2] [T] [thread 45764] [34.0] [cxt 0] Bytes parsed: 14
[15:29:20.484] [bmv2] [D] [thread 45764] [34.0] [cxt 0] Parser 'parser' entering state 'parse_ipv4'
[15:29:20.484] [bmv2] [D] [thread 45764] [34.0] [cxt 0] Extracting header 'ipv4'
[15:29:20.484] [bmv2] [D] [thread 45764] [34.0] [cxt 0] Parser state 'parse_ipv4': key is 06
[15:29:20.484] [bmv2] [T] [thread 45764] [34.0] [cxt 0] Bytes parsed: 34
[15:29:20.484] [bmv2] [D] [thread 45764] [34.0] [cxt 0] Parser 'parser' entering state 'parse_tcp'
[15:29:20.484] [bmv2] [D] [thread 45764] [34.0] [cxt 0] Extracting header 'tcp'
[15:29:20.484] [bmv2] [E] [thread 45764] [34.0] [cxt 0] Exception while parsing: PacketTooShort
[15:29:20.484] [bmv2] [D] [thread 45764] [34.0] [cxt 0] Parser 'parser': end
[15:29:20.484] [bmv2] [D] [thread 45764] [34.0] [cxt 0] Pipeline 'ingress': start
[15:29:20.484] [bmv2] [T] [thread 45764] [34.0] [cxt 0] link_monitor.p4(331) Condition "hdr.tcp.isValid()" (node_2) is false
[15:29:20.484] [bmv2] [T] [thread 45764] [34.0] [cxt 0] link_monitor.p4(335) Condition "hdr.ipv4.isValid()" (node_5) is true
[15:29:20.484] [bmv2] [T] [thread 45764] [34.0] [cxt 0] Applying table 'MyIngress.ipv4_lpm'
[15:29:20.484] [bmv2] [D] [thread 45764] [34.0] [cxt 0] Looking up key:
* hdr.ipv4.dstAddr    : 0a000404

[15:29:20.484] [bmv2] [D] [thread 45764] [34.0] [cxt 0] Table 'MyIngress.ipv4_lpm': hit with handle 3
[15:29:20.484] [bmv2] [D] [thread 45764] [34.0] [cxt 0] Dumping entry 3
Match key:
* hdr.ipv4.dstAddr    : LPM       0a000404/32
Action entry: MyIngress.ipv4_forward - 80000000200,2,

[15:29:20.484] [bmv2] [D] [thread 45764] [34.0] [cxt 0] Action entry is MyIngress.ipv4_forward - 80000000200,2,
[15:29:20.484] [bmv2] [T] [thread 45764] [34.0] [cxt 0] Action MyIngress.ipv4_forward
[15:29:20.484] [bmv2] [T] [thread 45764] [34.0] [cxt 0] link_monitor.p4(195) Primitive standard_metadata.egress_spec = port
[15:29:20.484] [bmv2] [T] [thread 45764] [34.0] [cxt 0] link_monitor.p4(196) Primitive hdr.ethernet.srcAddr = hdr.ethernet.dstAddr
[15:29:20.484] [bmv2] [T] [thread 45764] [34.0] [cxt 0] link_monitor.p4(197) Primitive hdr.ethernet.dstAddr = dstAddr
[15:29:20.484] [bmv2] [T] [thread 45764] [34.0] [cxt 0] link_monitor.p4(198) Primitive hdr.ipv4.ttl = hdr.ipv4.ttl - 1
[15:29:20.484] [bmv2] [D] [thread 45764] [34.0] [cxt 0] Pipeline 'ingress': end
[15:29:20.484] [bmv2] [D] [thread 45764] [34.0] [cxt 0] Egress port is 2
[15:29:20.484] [bmv2] [D] [thread 45767] [34.0] [cxt 0] Pipeline 'egress': start
[15:29:20.484] [bmv2] [T] [thread 45767] [34.0] [cxt 0] Applying table 'tbl_link_monitor377'
[15:29:20.484] [bmv2] [D] [thread 45767] [34.0] [cxt 0] Looking up key:

[15:29:20.484] [bmv2] [D] [thread 45767] [34.0] [cxt 0] Table 'tbl_link_monitor377': miss
[15:29:20.484] [bmv2] [D] [thread 45767] [34.0] [cxt 0] Action entry is link_monitor377 - 
[15:29:20.484] [bmv2] [T] [thread 45767] [34.0] [cxt 0] Action link_monitor377
[15:29:20.484] [bmv2] [T] [thread 45767] [34.0] [cxt 0] link_monitor.p4(377) Primitive (bit<32>)standard_metadata.egress_port
[15:29:20.484] [bmv2] [T] [thread 45767] [34.0] [cxt 0] link_monitor.p4(377) Primitive byte_cnt_reg.read(byte_cnt, (bit<32>)standard_metadata.egress_port)
[15:29:20.484] [bmv2] [T] [thread 45767] [34.0] [cxt 0] Read register 'MyEgress.byte_cnt_reg' at index 2 read value 296
[15:29:20.484] [bmv2] [T] [thread 45767] [34.0] [cxt 0] link_monitor.p4(378) Primitive byte_cnt = byte_cnt + standard_metadata.packet_length
[15:29:20.484] [bmv2] [T] [thread 45767] [34.0] [cxt 0] link_monitor.p4(380) Condition "hdr.probe.isValid()" (node_12) is false
[15:29:20.484] [bmv2] [T] [thread 45767] [34.0] [cxt 0] Applying table 'tbl_link_monitor380_0'
[15:29:20.484] [bmv2] [D] [thread 45767] [34.0] [cxt 0] Looking up key:

[15:29:20.484] [bmv2] [D] [thread 45767] [34.0] [cxt 0] Table 'tbl_link_monitor380_0': miss
[15:29:20.484] [bmv2] [D] [thread 45767] [34.0] [cxt 0] Action entry is link_monitor380_0 - 
[15:29:20.484] [bmv2] [T] [thread 45767] [34.0] [cxt 0] Action link_monitor380_0
[15:29:20.484] [bmv2] [T] [thread 45767] [34.0] [cxt 0] link_monitor.p4(380) Primitive (hdr.probe.isValid()) ? 0 : byte_cnt
[15:29:20.484] [bmv2] [T] [thread 45767] [34.0] [cxt 0] Applying table 'tbl_link_monitor381'
[15:29:20.484] [bmv2] [D] [thread 45767] [34.0] [cxt 0] Looking up key:

[15:29:20.484] [bmv2] [D] [thread 45767] [34.0] [cxt 0] Table 'tbl_link_monitor381': miss
[15:29:20.484] [bmv2] [D] [thread 45767] [34.0] [cxt 0] Action entry is link_monitor381 - 
[15:29:20.484] [bmv2] [T] [thread 45767] [34.0] [cxt 0] Action link_monitor381
[15:29:20.484] [bmv2] [T] [thread 45767] [34.0] [cxt 0] link_monitor.p4(381) Primitive (bit<32>)standard_metadata.egress_port
[15:29:20.484] [bmv2] [T] [thread 45767] [34.0] [cxt 0] link_monitor.p4(381) Primitive byte_cnt_reg.write((bit<32>)standard_metadata.egress_port, new_byte_cnt)
[15:29:20.484] [bmv2] [T] [thread 45767] [34.0] [cxt 0] Wrote register 'MyEgress.byte_cnt_reg' at index 2 with value 333
[15:29:20.484] [bmv2] [T] [thread 45767] [34.0] [cxt 0] link_monitor.p4(383) Condition "hdr.probe.isValid()" (node_16) is false
[15:29:20.484] [bmv2] [D] [thread 45767] [34.0] [cxt 0] Pipeline 'egress': end
[15:29:20.484] [bmv2] [D] [thread 45767] [34.0] [cxt 0] Deparser 'deparser': start
[15:29:20.484] [bmv2] [D] [thread 45767] [34.0] [cxt 0] Updating checksum 'cksum'
[15:29:20.484] [bmv2] [D] [thread 45767] [34.0] [cxt 0] Deparsing header 'ethernet'
[15:29:20.484] [bmv2] [D] [thread 45767] [34.0] [cxt 0] Deparsing header 'ipv4'
[15:29:20.484] [bmv2] [D] [thread 45767] [34.0] [cxt 0] Deparser 'deparser': end
[15:29:20.484] [bmv2] [D] [thread 45769] [34.0] [cxt 0] Transmitting packet of size 37 out of port 2
[15:29:21.337] [bmv2] [D] [thread 45764] [35.0] [cxt 0] Processing packet received on port 1
[15:29:21.338] [bmv2] [D] [thread 45764] [35.0] [cxt 0] Parser 'parser': start
[15:29:21.338] [bmv2] [D] [thread 45764] [35.0] [cxt 0] Parser 'parser' entering state 'start'
[15:29:21.338] [bmv2] [D] [thread 45764] [35.0] [cxt 0] Extracting header 'ethernet'
[15:29:21.338] [bmv2] [D] [thread 45764] [35.0] [cxt 0] Parser state 'start': key is 0800
[15:29:21.338] [bmv2] [T] [thread 45764] [35.0] [cxt 0] Bytes parsed: 14
[15:29:21.338] [bmv2] [D] [thread 45764] [35.0] [cxt 0] Parser 'parser' entering state 'parse_ipv4'
[15:29:21.338] [bmv2] [D] [thread 45764] [35.0] [cxt 0] Extracting header 'ipv4'
[15:29:21.338] [bmv2] [D] [thread 45764] [35.0] [cxt 0] Parser state 'parse_ipv4': key is 06
[15:29:21.338] [bmv2] [T] [thread 45764] [35.0] [cxt 0] Bytes parsed: 34
[15:29:21.338] [bmv2] [D] [thread 45764] [35.0] [cxt 0] Parser 'parser' entering state 'parse_tcp'
[15:29:21.338] [bmv2] [D] [thread 45764] [35.0] [cxt 0] Extracting header 'tcp'
[15:29:21.338] [bmv2] [E] [thread 45764] [35.0] [cxt 0] Exception while parsing: PacketTooShort
[15:29:21.338] [bmv2] [D] [thread 45764] [35.0] [cxt 0] Parser 'parser': end
[15:29:21.338] [bmv2] [D] [thread 45764] [35.0] [cxt 0] Pipeline 'ingress': start
[15:29:21.338] [bmv2] [T] [thread 45764] [35.0] [cxt 0] link_monitor.p4(331) Condition "hdr.tcp.isValid()" (node_2) is false
[15:29:21.338] [bmv2] [T] [thread 45764] [35.0] [cxt 0] link_monitor.p4(335) Condition "hdr.ipv4.isValid()" (node_5) is true
[15:29:21.338] [bmv2] [T] [thread 45764] [35.0] [cxt 0] Applying table 'MyIngress.ipv4_lpm'
[15:29:21.338] [bmv2] [D] [thread 45764] [35.0] [cxt 0] Looking up key:
* hdr.ipv4.dstAddr    : 0a000404

[15:29:21.338] [bmv2] [D] [thread 45764] [35.0] [cxt 0] Table 'MyIngress.ipv4_lpm': hit with handle 3
[15:29:21.338] [bmv2] [D] [thread 45764] [35.0] [cxt 0] Dumping entry 3
Match key:
* hdr.ipv4.dstAddr    : LPM       0a000404/32
Action entry: MyIngress.ipv4_forward - 80000000200,2,

[15:29:21.338] [bmv2] [D] [thread 45764] [35.0] [cxt 0] Action entry is MyIngress.ipv4_forward - 80000000200,2,
[15:29:21.338] [bmv2] [T] [thread 45764] [35.0] [cxt 0] Action MyIngress.ipv4_forward
[15:29:21.338] [bmv2] [T] [thread 45764] [35.0] [cxt 0] link_monitor.p4(195) Primitive standard_metadata.egress_spec = port
[15:29:21.338] [bmv2] [T] [thread 45764] [35.0] [cxt 0] link_monitor.p4(196) Primitive hdr.ethernet.srcAddr = hdr.ethernet.dstAddr
[15:29:21.338] [bmv2] [T] [thread 45764] [35.0] [cxt 0] link_monitor.p4(197) Primitive hdr.ethernet.dstAddr = dstAddr
[15:29:21.338] [bmv2] [T] [thread 45764] [35.0] [cxt 0] link_monitor.p4(198) Primitive hdr.ipv4.ttl = hdr.ipv4.ttl - 1
[15:29:21.338] [bmv2] [D] [thread 45764] [35.0] [cxt 0] Pipeline 'ingress': end
[15:29:21.338] [bmv2] [D] [thread 45764] [35.0] [cxt 0] Egress port is 2
[15:29:21.338] [bmv2] [D] [thread 45767] [35.0] [cxt 0] Pipeline 'egress': start
[15:29:21.338] [bmv2] [T] [thread 45767] [35.0] [cxt 0] Applying table 'tbl_link_monitor377'
[15:29:21.338] [bmv2] [D] [thread 45767] [35.0] [cxt 0] Looking up key:

[15:29:21.338] [bmv2] [D] [thread 45767] [35.0] [cxt 0] Table 'tbl_link_monitor377': miss
[15:29:21.338] [bmv2] [D] [thread 45767] [35.0] [cxt 0] Action entry is link_monitor377 - 
[15:29:21.338] [bmv2] [T] [thread 45767] [35.0] [cxt 0] Action link_monitor377
[15:29:21.338] [bmv2] [T] [thread 45767] [35.0] [cxt 0] link_monitor.p4(377) Primitive (bit<32>)standard_metadata.egress_port
[15:29:21.338] [bmv2] [T] [thread 45767] [35.0] [cxt 0] link_monitor.p4(377) Primitive byte_cnt_reg.read(byte_cnt, (bit<32>)standard_metadata.egress_port)
[15:29:21.338] [bmv2] [T] [thread 45767] [35.0] [cxt 0] Read register 'MyEgress.byte_cnt_reg' at index 2 read value 333
[15:29:21.338] [bmv2] [T] [thread 45767] [35.0] [cxt 0] link_monitor.p4(378) Primitive byte_cnt = byte_cnt + standard_metadata.packet_length
[15:29:21.338] [bmv2] [T] [thread 45767] [35.0] [cxt 0] link_monitor.p4(380) Condition "hdr.probe.isValid()" (node_12) is false
[15:29:21.338] [bmv2] [T] [thread 45767] [35.0] [cxt 0] Applying table 'tbl_link_monitor380_0'
[15:29:21.338] [bmv2] [D] [thread 45767] [35.0] [cxt 0] Looking up key:

[15:29:21.338] [bmv2] [D] [thread 45767] [35.0] [cxt 0] Table 'tbl_link_monitor380_0': miss
[15:29:21.338] [bmv2] [D] [thread 45767] [35.0] [cxt 0] Action entry is link_monitor380_0 - 
[15:29:21.338] [bmv2] [T] [thread 45767] [35.0] [cxt 0] Action link_monitor380_0
[15:29:21.338] [bmv2] [T] [thread 45767] [35.0] [cxt 0] link_monitor.p4(380) Primitive (hdr.probe.isValid()) ? 0 : byte_cnt
[15:29:21.338] [bmv2] [T] [thread 45767] [35.0] [cxt 0] Applying table 'tbl_link_monitor381'
[15:29:21.338] [bmv2] [D] [thread 45767] [35.0] [cxt 0] Looking up key:

[15:29:21.338] [bmv2] [D] [thread 45767] [35.0] [cxt 0] Table 'tbl_link_monitor381': miss
[15:29:21.338] [bmv2] [D] [thread 45767] [35.0] [cxt 0] Action entry is link_monitor381 - 
[15:29:21.338] [bmv2] [T] [thread 45767] [35.0] [cxt 0] Action link_monitor381
[15:29:21.338] [bmv2] [T] [thread 45767] [35.0] [cxt 0] link_monitor.p4(381) Primitive (bit<32>)standard_metadata.egress_port
[15:29:21.338] [bmv2] [T] [thread 45767] [35.0] [cxt 0] link_monitor.p4(381) Primitive byte_cnt_reg.write((bit<32>)standard_metadata.egress_port, new_byte_cnt)
[15:29:21.338] [bmv2] [T] [thread 45767] [35.0] [cxt 0] Wrote register 'MyEgress.byte_cnt_reg' at index 2 with value 370
[15:29:21.338] [bmv2] [T] [thread 45767] [35.0] [cxt 0] link_monitor.p4(383) Condition "hdr.probe.isValid()" (node_16) is false
[15:29:21.338] [bmv2] [D] [thread 45767] [35.0] [cxt 0] Pipeline 'egress': end
[15:29:21.338] [bmv2] [D] [thread 45767] [35.0] [cxt 0] Deparser 'deparser': start
[15:29:21.338] [bmv2] [D] [thread 45767] [35.0] [cxt 0] Updating checksum 'cksum'
[15:29:21.338] [bmv2] [D] [thread 45767] [35.0] [cxt 0] Deparsing header 'ethernet'
[15:29:21.338] [bmv2] [D] [thread 45767] [35.0] [cxt 0] Deparsing header 'ipv4'
[15:29:21.338] [bmv2] [D] [thread 45767] [35.0] [cxt 0] Deparser 'deparser': end
[15:29:21.338] [bmv2] [D] [thread 45769] [35.0] [cxt 0] Transmitting packet of size 37 out of port 2
[15:29:21.963] [bmv2] [D] [thread 45764] [36.0] [cxt 0] Processing packet received on port 1
[15:29:21.963] [bmv2] [D] [thread 45764] [36.0] [cxt 0] Parser 'parser': start
[15:29:21.963] [bmv2] [D] [thread 45764] [36.0] [cxt 0] Parser 'parser' entering state 'start'
[15:29:21.963] [bmv2] [D] [thread 45764] [36.0] [cxt 0] Extracting header 'ethernet'
[15:29:21.963] [bmv2] [D] [thread 45764] [36.0] [cxt 0] Parser state 'start': key is 0800
[15:29:21.963] [bmv2] [T] [thread 45764] [36.0] [cxt 0] Bytes parsed: 14
[15:29:21.963] [bmv2] [D] [thread 45764] [36.0] [cxt 0] Parser 'parser' entering state 'parse_ipv4'
[15:29:21.963] [bmv2] [D] [thread 45764] [36.0] [cxt 0] Extracting header 'ipv4'
[15:29:21.963] [bmv2] [D] [thread 45764] [36.0] [cxt 0] Parser state 'parse_ipv4': key is 06
[15:29:21.963] [bmv2] [T] [thread 45764] [36.0] [cxt 0] Bytes parsed: 34
[15:29:21.963] [bmv2] [D] [thread 45764] [36.0] [cxt 0] Parser 'parser' entering state 'parse_tcp'
[15:29:21.963] [bmv2] [D] [thread 45764] [36.0] [cxt 0] Extracting header 'tcp'
[15:29:21.963] [bmv2] [E] [thread 45764] [36.0] [cxt 0] Exception while parsing: PacketTooShort
[15:29:21.963] [bmv2] [D] [thread 45764] [36.0] [cxt 0] Parser 'parser': end
[15:29:21.963] [bmv2] [D] [thread 45764] [36.0] [cxt 0] Pipeline 'ingress': start
[15:29:21.963] [bmv2] [T] [thread 45764] [36.0] [cxt 0] link_monitor.p4(331) Condition "hdr.tcp.isValid()" (node_2) is false
[15:29:21.963] [bmv2] [T] [thread 45764] [36.0] [cxt 0] link_monitor.p4(335) Condition "hdr.ipv4.isValid()" (node_5) is true
[15:29:21.963] [bmv2] [T] [thread 45764] [36.0] [cxt 0] Applying table 'MyIngress.ipv4_lpm'
[15:29:21.963] [bmv2] [D] [thread 45764] [36.0] [cxt 0] Looking up key:
* hdr.ipv4.dstAddr    : 0a000404

[15:29:21.963] [bmv2] [D] [thread 45764] [36.0] [cxt 0] Table 'MyIngress.ipv4_lpm': hit with handle 3
[15:29:21.963] [bmv2] [D] [thread 45764] [36.0] [cxt 0] Dumping entry 3
Match key:
* hdr.ipv4.dstAddr    : LPM       0a000404/32
Action entry: MyIngress.ipv4_forward - 80000000200,2,

[15:29:21.963] [bmv2] [D] [thread 45764] [36.0] [cxt 0] Action entry is MyIngress.ipv4_forward - 80000000200,2,
[15:29:21.963] [bmv2] [T] [thread 45764] [36.0] [cxt 0] Action MyIngress.ipv4_forward
[15:29:21.963] [bmv2] [T] [thread 45764] [36.0] [cxt 0] link_monitor.p4(195) Primitive standard_metadata.egress_spec = port
[15:29:21.963] [bmv2] [T] [thread 45764] [36.0] [cxt 0] link_monitor.p4(196) Primitive hdr.ethernet.srcAddr = hdr.ethernet.dstAddr
[15:29:21.963] [bmv2] [T] [thread 45764] [36.0] [cxt 0] link_monitor.p4(197) Primitive hdr.ethernet.dstAddr = dstAddr
[15:29:21.963] [bmv2] [T] [thread 45764] [36.0] [cxt 0] link_monitor.p4(198) Primitive hdr.ipv4.ttl = hdr.ipv4.ttl - 1
[15:29:21.963] [bmv2] [D] [thread 45764] [36.0] [cxt 0] Pipeline 'ingress': end
[15:29:21.963] [bmv2] [D] [thread 45764] [36.0] [cxt 0] Egress port is 2
[15:29:21.963] [bmv2] [D] [thread 45767] [36.0] [cxt 0] Pipeline 'egress': start
[15:29:21.963] [bmv2] [T] [thread 45767] [36.0] [cxt 0] Applying table 'tbl_link_monitor377'
[15:29:21.963] [bmv2] [D] [thread 45767] [36.0] [cxt 0] Looking up key:

[15:29:21.963] [bmv2] [D] [thread 45767] [36.0] [cxt 0] Table 'tbl_link_monitor377': miss
[15:29:21.963] [bmv2] [D] [thread 45767] [36.0] [cxt 0] Action entry is link_monitor377 - 
[15:29:21.963] [bmv2] [T] [thread 45767] [36.0] [cxt 0] Action link_monitor377
[15:29:21.963] [bmv2] [T] [thread 45767] [36.0] [cxt 0] link_monitor.p4(377) Primitive (bit<32>)standard_metadata.egress_port
[15:29:21.963] [bmv2] [T] [thread 45767] [36.0] [cxt 0] link_monitor.p4(377) Primitive byte_cnt_reg.read(byte_cnt, (bit<32>)standard_metadata.egress_port)
[15:29:21.963] [bmv2] [T] [thread 45767] [36.0] [cxt 0] Read register 'MyEgress.byte_cnt_reg' at index 2 read value 370
[15:29:21.963] [bmv2] [T] [thread 45767] [36.0] [cxt 0] link_monitor.p4(378) Primitive byte_cnt = byte_cnt + standard_metadata.packet_length
[15:29:21.963] [bmv2] [T] [thread 45767] [36.0] [cxt 0] link_monitor.p4(380) Condition "hdr.probe.isValid()" (node_12) is false
[15:29:21.963] [bmv2] [T] [thread 45767] [36.0] [cxt 0] Applying table 'tbl_link_monitor380_0'
[15:29:21.963] [bmv2] [D] [thread 45767] [36.0] [cxt 0] Looking up key:

[15:29:21.963] [bmv2] [D] [thread 45767] [36.0] [cxt 0] Table 'tbl_link_monitor380_0': miss
[15:29:21.963] [bmv2] [D] [thread 45767] [36.0] [cxt 0] Action entry is link_monitor380_0 - 
[15:29:21.963] [bmv2] [T] [thread 45767] [36.0] [cxt 0] Action link_monitor380_0
[15:29:21.963] [bmv2] [T] [thread 45767] [36.0] [cxt 0] link_monitor.p4(380) Primitive (hdr.probe.isValid()) ? 0 : byte_cnt
[15:29:21.963] [bmv2] [T] [thread 45767] [36.0] [cxt 0] Applying table 'tbl_link_monitor381'
[15:29:21.963] [bmv2] [D] [thread 45767] [36.0] [cxt 0] Looking up key:

[15:29:21.963] [bmv2] [D] [thread 45767] [36.0] [cxt 0] Table 'tbl_link_monitor381': miss
[15:29:21.963] [bmv2] [D] [thread 45767] [36.0] [cxt 0] Action entry is link_monitor381 - 
[15:29:21.963] [bmv2] [T] [thread 45767] [36.0] [cxt 0] Action link_monitor381
[15:29:21.963] [bmv2] [T] [thread 45767] [36.0] [cxt 0] link_monitor.p4(381) Primitive (bit<32>)standard_metadata.egress_port
[15:29:21.963] [bmv2] [T] [thread 45767] [36.0] [cxt 0] link_monitor.p4(381) Primitive byte_cnt_reg.write((bit<32>)standard_metadata.egress_port, new_byte_cnt)
[15:29:21.963] [bmv2] [T] [thread 45767] [36.0] [cxt 0] Wrote register 'MyEgress.byte_cnt_reg' at index 2 with value 407
[15:29:21.963] [bmv2] [T] [thread 45767] [36.0] [cxt 0] link_monitor.p4(383) Condition "hdr.probe.isValid()" (node_16) is false
[15:29:21.963] [bmv2] [D] [thread 45767] [36.0] [cxt 0] Pipeline 'egress': end
[15:29:21.963] [bmv2] [D] [thread 45767] [36.0] [cxt 0] Deparser 'deparser': start
[15:29:21.963] [bmv2] [D] [thread 45767] [36.0] [cxt 0] Updating checksum 'cksum'
[15:29:21.963] [bmv2] [D] [thread 45767] [36.0] [cxt 0] Deparsing header 'ethernet'
[15:29:21.963] [bmv2] [D] [thread 45767] [36.0] [cxt 0] Deparsing header 'ipv4'
[15:29:21.963] [bmv2] [D] [thread 45767] [36.0] [cxt 0] Deparser 'deparser': end
[15:29:21.963] [bmv2] [D] [thread 45769] [36.0] [cxt 0] Transmitting packet of size 37 out of port 2
[15:29:22.596] [bmv2] [D] [thread 45764] [37.0] [cxt 0] Processing packet received on port 1
[15:29:22.596] [bmv2] [D] [thread 45764] [37.0] [cxt 0] Parser 'parser': start
[15:29:22.596] [bmv2] [D] [thread 45764] [37.0] [cxt 0] Parser 'parser' entering state 'start'
[15:29:22.596] [bmv2] [D] [thread 45764] [37.0] [cxt 0] Extracting header 'ethernet'
[15:29:22.596] [bmv2] [D] [thread 45764] [37.0] [cxt 0] Parser state 'start': key is 0800
[15:29:22.596] [bmv2] [T] [thread 45764] [37.0] [cxt 0] Bytes parsed: 14
[15:29:22.596] [bmv2] [D] [thread 45764] [37.0] [cxt 0] Parser 'parser' entering state 'parse_ipv4'
[15:29:22.596] [bmv2] [D] [thread 45764] [37.0] [cxt 0] Extracting header 'ipv4'
[15:29:22.596] [bmv2] [D] [thread 45764] [37.0] [cxt 0] Parser state 'parse_ipv4': key is 06
[15:29:22.596] [bmv2] [T] [thread 45764] [37.0] [cxt 0] Bytes parsed: 34
[15:29:22.596] [bmv2] [D] [thread 45764] [37.0] [cxt 0] Parser 'parser' entering state 'parse_tcp'
[15:29:22.596] [bmv2] [D] [thread 45764] [37.0] [cxt 0] Extracting header 'tcp'
[15:29:22.596] [bmv2] [E] [thread 45764] [37.0] [cxt 0] Exception while parsing: PacketTooShort
[15:29:22.596] [bmv2] [D] [thread 45764] [37.0] [cxt 0] Parser 'parser': end
[15:29:22.596] [bmv2] [D] [thread 45764] [37.0] [cxt 0] Pipeline 'ingress': start
[15:29:22.596] [bmv2] [T] [thread 45764] [37.0] [cxt 0] link_monitor.p4(331) Condition "hdr.tcp.isValid()" (node_2) is false
[15:29:22.596] [bmv2] [T] [thread 45764] [37.0] [cxt 0] link_monitor.p4(335) Condition "hdr.ipv4.isValid()" (node_5) is true
[15:29:22.596] [bmv2] [T] [thread 45764] [37.0] [cxt 0] Applying table 'MyIngress.ipv4_lpm'
[15:29:22.596] [bmv2] [D] [thread 45764] [37.0] [cxt 0] Looking up key:
* hdr.ipv4.dstAddr    : 0a000404

[15:29:22.596] [bmv2] [D] [thread 45764] [37.0] [cxt 0] Table 'MyIngress.ipv4_lpm': hit with handle 3
[15:29:22.596] [bmv2] [D] [thread 45764] [37.0] [cxt 0] Dumping entry 3
Match key:
* hdr.ipv4.dstAddr    : LPM       0a000404/32
Action entry: MyIngress.ipv4_forward - 80000000200,2,

[15:29:22.596] [bmv2] [D] [thread 45764] [37.0] [cxt 0] Action entry is MyIngress.ipv4_forward - 80000000200,2,
[15:29:22.596] [bmv2] [T] [thread 45764] [37.0] [cxt 0] Action MyIngress.ipv4_forward
[15:29:22.596] [bmv2] [T] [thread 45764] [37.0] [cxt 0] link_monitor.p4(195) Primitive standard_metadata.egress_spec = port
[15:29:22.596] [bmv2] [T] [thread 45764] [37.0] [cxt 0] link_monitor.p4(196) Primitive hdr.ethernet.srcAddr = hdr.ethernet.dstAddr
[15:29:22.596] [bmv2] [T] [thread 45764] [37.0] [cxt 0] link_monitor.p4(197) Primitive hdr.ethernet.dstAddr = dstAddr
[15:29:22.596] [bmv2] [T] [thread 45764] [37.0] [cxt 0] link_monitor.p4(198) Primitive hdr.ipv4.ttl = hdr.ipv4.ttl - 1
[15:29:22.596] [bmv2] [D] [thread 45764] [37.0] [cxt 0] Pipeline 'ingress': end
[15:29:22.596] [bmv2] [D] [thread 45764] [37.0] [cxt 0] Egress port is 2
[15:29:22.596] [bmv2] [D] [thread 45767] [37.0] [cxt 0] Pipeline 'egress': start
[15:29:22.596] [bmv2] [T] [thread 45767] [37.0] [cxt 0] Applying table 'tbl_link_monitor377'
[15:29:22.596] [bmv2] [D] [thread 45767] [37.0] [cxt 0] Looking up key:

[15:29:22.596] [bmv2] [D] [thread 45767] [37.0] [cxt 0] Table 'tbl_link_monitor377': miss
[15:29:22.596] [bmv2] [D] [thread 45767] [37.0] [cxt 0] Action entry is link_monitor377 - 
[15:29:22.596] [bmv2] [T] [thread 45767] [37.0] [cxt 0] Action link_monitor377
[15:29:22.596] [bmv2] [T] [thread 45767] [37.0] [cxt 0] link_monitor.p4(377) Primitive (bit<32>)standard_metadata.egress_port
[15:29:22.596] [bmv2] [T] [thread 45767] [37.0] [cxt 0] link_monitor.p4(377) Primitive byte_cnt_reg.read(byte_cnt, (bit<32>)standard_metadata.egress_port)
[15:29:22.596] [bmv2] [T] [thread 45767] [37.0] [cxt 0] Read register 'MyEgress.byte_cnt_reg' at index 2 read value 407
[15:29:22.596] [bmv2] [T] [thread 45767] [37.0] [cxt 0] link_monitor.p4(378) Primitive byte_cnt = byte_cnt + standard_metadata.packet_length
[15:29:22.596] [bmv2] [T] [thread 45767] [37.0] [cxt 0] link_monitor.p4(380) Condition "hdr.probe.isValid()" (node_12) is false
[15:29:22.596] [bmv2] [T] [thread 45767] [37.0] [cxt 0] Applying table 'tbl_link_monitor380_0'
[15:29:22.596] [bmv2] [D] [thread 45767] [37.0] [cxt 0] Looking up key:

[15:29:22.596] [bmv2] [D] [thread 45767] [37.0] [cxt 0] Table 'tbl_link_monitor380_0': miss
[15:29:22.596] [bmv2] [D] [thread 45767] [37.0] [cxt 0] Action entry is link_monitor380_0 - 
[15:29:22.596] [bmv2] [T] [thread 45767] [37.0] [cxt 0] Action link_monitor380_0
[15:29:22.596] [bmv2] [T] [thread 45767] [37.0] [cxt 0] link_monitor.p4(380) Primitive (hdr.probe.isValid()) ? 0 : byte_cnt
[15:29:22.596] [bmv2] [T] [thread 45767] [37.0] [cxt 0] Applying table 'tbl_link_monitor381'
[15:29:22.596] [bmv2] [D] [thread 45767] [37.0] [cxt 0] Looking up key:

[15:29:22.596] [bmv2] [D] [thread 45767] [37.0] [cxt 0] Table 'tbl_link_monitor381': miss
[15:29:22.596] [bmv2] [D] [thread 45767] [37.0] [cxt 0] Action entry is link_monitor381 - 
[15:29:22.596] [bmv2] [T] [thread 45767] [37.0] [cxt 0] Action link_monitor381
[15:29:22.596] [bmv2] [T] [thread 45767] [37.0] [cxt 0] link_monitor.p4(381) Primitive (bit<32>)standard_metadata.egress_port
[15:29:22.596] [bmv2] [T] [thread 45767] [37.0] [cxt 0] link_monitor.p4(381) Primitive byte_cnt_reg.write((bit<32>)standard_metadata.egress_port, new_byte_cnt)
[15:29:22.596] [bmv2] [T] [thread 45767] [37.0] [cxt 0] Wrote register 'MyEgress.byte_cnt_reg' at index 2 with value 444
[15:29:22.596] [bmv2] [T] [thread 45767] [37.0] [cxt 0] link_monitor.p4(383) Condition "hdr.probe.isValid()" (node_16) is false
[15:29:22.596] [bmv2] [D] [thread 45767] [37.0] [cxt 0] Pipeline 'egress': end
[15:29:22.596] [bmv2] [D] [thread 45767] [37.0] [cxt 0] Deparser 'deparser': start
[15:29:22.596] [bmv2] [D] [thread 45767] [37.0] [cxt 0] Updating checksum 'cksum'
[15:29:22.596] [bmv2] [D] [thread 45767] [37.0] [cxt 0] Deparsing header 'ethernet'
[15:29:22.596] [bmv2] [D] [thread 45767] [37.0] [cxt 0] Deparsing header 'ipv4'
[15:29:22.596] [bmv2] [D] [thread 45767] [37.0] [cxt 0] Deparser 'deparser': end
[15:29:22.596] [bmv2] [D] [thread 45769] [37.0] [cxt 0] Transmitting packet of size 37 out of port 2
[15:29:23.332] [bmv2] [D] [thread 45764] [38.0] [cxt 0] Processing packet received on port 1
[15:29:23.332] [bmv2] [D] [thread 45764] [38.0] [cxt 0] Parser 'parser': start
[15:29:23.332] [bmv2] [D] [thread 45764] [38.0] [cxt 0] Parser 'parser' entering state 'start'
[15:29:23.332] [bmv2] [D] [thread 45764] [38.0] [cxt 0] Extracting header 'ethernet'
[15:29:23.332] [bmv2] [D] [thread 45764] [38.0] [cxt 0] Parser state 'start': key is 0800
[15:29:23.332] [bmv2] [T] [thread 45764] [38.0] [cxt 0] Bytes parsed: 14
[15:29:23.332] [bmv2] [D] [thread 45764] [38.0] [cxt 0] Parser 'parser' entering state 'parse_ipv4'
[15:29:23.332] [bmv2] [D] [thread 45764] [38.0] [cxt 0] Extracting header 'ipv4'
[15:29:23.332] [bmv2] [D] [thread 45764] [38.0] [cxt 0] Parser state 'parse_ipv4': key is 06
[15:29:23.332] [bmv2] [T] [thread 45764] [38.0] [cxt 0] Bytes parsed: 34
[15:29:23.332] [bmv2] [D] [thread 45764] [38.0] [cxt 0] Parser 'parser' entering state 'parse_tcp'
[15:29:23.332] [bmv2] [D] [thread 45764] [38.0] [cxt 0] Extracting header 'tcp'
[15:29:23.332] [bmv2] [E] [thread 45764] [38.0] [cxt 0] Exception while parsing: PacketTooShort
[15:29:23.332] [bmv2] [D] [thread 45764] [38.0] [cxt 0] Parser 'parser': end
[15:29:23.332] [bmv2] [D] [thread 45764] [38.0] [cxt 0] Pipeline 'ingress': start
[15:29:23.332] [bmv2] [T] [thread 45764] [38.0] [cxt 0] link_monitor.p4(331) Condition "hdr.tcp.isValid()" (node_2) is false
[15:29:23.332] [bmv2] [T] [thread 45764] [38.0] [cxt 0] link_monitor.p4(335) Condition "hdr.ipv4.isValid()" (node_5) is true
[15:29:23.332] [bmv2] [T] [thread 45764] [38.0] [cxt 0] Applying table 'MyIngress.ipv4_lpm'
[15:29:23.332] [bmv2] [D] [thread 45764] [38.0] [cxt 0] Looking up key:
* hdr.ipv4.dstAddr    : 0a000404

[15:29:23.332] [bmv2] [D] [thread 45764] [38.0] [cxt 0] Table 'MyIngress.ipv4_lpm': hit with handle 3
[15:29:23.332] [bmv2] [D] [thread 45764] [38.0] [cxt 0] Dumping entry 3
Match key:
* hdr.ipv4.dstAddr    : LPM       0a000404/32
Action entry: MyIngress.ipv4_forward - 80000000200,2,

[15:29:23.332] [bmv2] [D] [thread 45764] [38.0] [cxt 0] Action entry is MyIngress.ipv4_forward - 80000000200,2,
[15:29:23.332] [bmv2] [T] [thread 45764] [38.0] [cxt 0] Action MyIngress.ipv4_forward
[15:29:23.332] [bmv2] [T] [thread 45764] [38.0] [cxt 0] link_monitor.p4(195) Primitive standard_metadata.egress_spec = port
[15:29:23.332] [bmv2] [T] [thread 45764] [38.0] [cxt 0] link_monitor.p4(196) Primitive hdr.ethernet.srcAddr = hdr.ethernet.dstAddr
[15:29:23.332] [bmv2] [T] [thread 45764] [38.0] [cxt 0] link_monitor.p4(197) Primitive hdr.ethernet.dstAddr = dstAddr
[15:29:23.332] [bmv2] [T] [thread 45764] [38.0] [cxt 0] link_monitor.p4(198) Primitive hdr.ipv4.ttl = hdr.ipv4.ttl - 1
[15:29:23.332] [bmv2] [D] [thread 45764] [38.0] [cxt 0] Pipeline 'ingress': end
[15:29:23.332] [bmv2] [D] [thread 45764] [38.0] [cxt 0] Egress port is 2
[15:29:23.332] [bmv2] [D] [thread 45767] [38.0] [cxt 0] Pipeline 'egress': start
[15:29:23.332] [bmv2] [T] [thread 45767] [38.0] [cxt 0] Applying table 'tbl_link_monitor377'
[15:29:23.332] [bmv2] [D] [thread 45767] [38.0] [cxt 0] Looking up key:

[15:29:23.332] [bmv2] [D] [thread 45767] [38.0] [cxt 0] Table 'tbl_link_monitor377': miss
[15:29:23.332] [bmv2] [D] [thread 45767] [38.0] [cxt 0] Action entry is link_monitor377 - 
[15:29:23.332] [bmv2] [T] [thread 45767] [38.0] [cxt 0] Action link_monitor377
[15:29:23.332] [bmv2] [T] [thread 45767] [38.0] [cxt 0] link_monitor.p4(377) Primitive (bit<32>)standard_metadata.egress_port
[15:29:23.332] [bmv2] [T] [thread 45767] [38.0] [cxt 0] link_monitor.p4(377) Primitive byte_cnt_reg.read(byte_cnt, (bit<32>)standard_metadata.egress_port)
[15:29:23.332] [bmv2] [T] [thread 45767] [38.0] [cxt 0] Read register 'MyEgress.byte_cnt_reg' at index 2 read value 444
[15:29:23.332] [bmv2] [T] [thread 45767] [38.0] [cxt 0] link_monitor.p4(378) Primitive byte_cnt = byte_cnt + standard_metadata.packet_length
[15:29:23.332] [bmv2] [T] [thread 45767] [38.0] [cxt 0] link_monitor.p4(380) Condition "hdr.probe.isValid()" (node_12) is false
[15:29:23.332] [bmv2] [T] [thread 45767] [38.0] [cxt 0] Applying table 'tbl_link_monitor380_0'
[15:29:23.332] [bmv2] [D] [thread 45767] [38.0] [cxt 0] Looking up key:

[15:29:23.332] [bmv2] [D] [thread 45767] [38.0] [cxt 0] Table 'tbl_link_monitor380_0': miss
[15:29:23.332] [bmv2] [D] [thread 45767] [38.0] [cxt 0] Action entry is link_monitor380_0 - 
[15:29:23.332] [bmv2] [T] [thread 45767] [38.0] [cxt 0] Action link_monitor380_0
[15:29:23.332] [bmv2] [T] [thread 45767] [38.0] [cxt 0] link_monitor.p4(380) Primitive (hdr.probe.isValid()) ? 0 : byte_cnt
[15:29:23.332] [bmv2] [T] [thread 45767] [38.0] [cxt 0] Applying table 'tbl_link_monitor381'
[15:29:23.332] [bmv2] [D] [thread 45767] [38.0] [cxt 0] Looking up key:

[15:29:23.332] [bmv2] [D] [thread 45767] [38.0] [cxt 0] Table 'tbl_link_monitor381': miss
[15:29:23.332] [bmv2] [D] [thread 45767] [38.0] [cxt 0] Action entry is link_monitor381 - 
[15:29:23.332] [bmv2] [T] [thread 45767] [38.0] [cxt 0] Action link_monitor381
[15:29:23.332] [bmv2] [T] [thread 45767] [38.0] [cxt 0] link_monitor.p4(381) Primitive (bit<32>)standard_metadata.egress_port
[15:29:23.333] [bmv2] [T] [thread 45767] [38.0] [cxt 0] link_monitor.p4(381) Primitive byte_cnt_reg.write((bit<32>)standard_metadata.egress_port, new_byte_cnt)
[15:29:23.333] [bmv2] [T] [thread 45767] [38.0] [cxt 0] Wrote register 'MyEgress.byte_cnt_reg' at index 2 with value 481
[15:29:23.333] [bmv2] [T] [thread 45767] [38.0] [cxt 0] link_monitor.p4(383) Condition "hdr.probe.isValid()" (node_16) is false
[15:29:23.333] [bmv2] [D] [thread 45767] [38.0] [cxt 0] Pipeline 'egress': end
[15:29:23.333] [bmv2] [D] [thread 45767] [38.0] [cxt 0] Deparser 'deparser': start
[15:29:23.333] [bmv2] [D] [thread 45767] [38.0] [cxt 0] Updating checksum 'cksum'
[15:29:23.333] [bmv2] [D] [thread 45767] [38.0] [cxt 0] Deparsing header 'ethernet'
[15:29:23.333] [bmv2] [D] [thread 45767] [38.0] [cxt 0] Deparsing header 'ipv4'
[15:29:23.333] [bmv2] [D] [thread 45767] [38.0] [cxt 0] Deparser 'deparser': end
[15:29:23.333] [bmv2] [D] [thread 45769] [38.0] [cxt 0] Transmitting packet of size 37 out of port 2
[15:29:24.209] [bmv2] [D] [thread 45764] [39.0] [cxt 0] Processing packet received on port 1
[15:29:24.209] [bmv2] [D] [thread 45764] [39.0] [cxt 0] Parser 'parser': start
[15:29:24.209] [bmv2] [D] [thread 45764] [39.0] [cxt 0] Parser 'parser' entering state 'start'
[15:29:24.209] [bmv2] [D] [thread 45764] [39.0] [cxt 0] Extracting header 'ethernet'
[15:29:24.209] [bmv2] [D] [thread 45764] [39.0] [cxt 0] Parser state 'start': key is 0800
[15:29:24.209] [bmv2] [T] [thread 45764] [39.0] [cxt 0] Bytes parsed: 14
[15:29:24.209] [bmv2] [D] [thread 45764] [39.0] [cxt 0] Parser 'parser' entering state 'parse_ipv4'
[15:29:24.209] [bmv2] [D] [thread 45764] [39.0] [cxt 0] Extracting header 'ipv4'
[15:29:24.209] [bmv2] [D] [thread 45764] [39.0] [cxt 0] Parser state 'parse_ipv4': key is 06
[15:29:24.209] [bmv2] [T] [thread 45764] [39.0] [cxt 0] Bytes parsed: 34
[15:29:24.209] [bmv2] [D] [thread 45764] [39.0] [cxt 0] Parser 'parser' entering state 'parse_tcp'
[15:29:24.209] [bmv2] [D] [thread 45764] [39.0] [cxt 0] Extracting header 'tcp'
[15:29:24.209] [bmv2] [E] [thread 45764] [39.0] [cxt 0] Exception while parsing: PacketTooShort
[15:29:24.209] [bmv2] [D] [thread 45764] [39.0] [cxt 0] Parser 'parser': end
[15:29:24.209] [bmv2] [D] [thread 45764] [39.0] [cxt 0] Pipeline 'ingress': start
[15:29:24.209] [bmv2] [T] [thread 45764] [39.0] [cxt 0] link_monitor.p4(331) Condition "hdr.tcp.isValid()" (node_2) is false
[15:29:24.209] [bmv2] [T] [thread 45764] [39.0] [cxt 0] link_monitor.p4(335) Condition "hdr.ipv4.isValid()" (node_5) is true
[15:29:24.209] [bmv2] [T] [thread 45764] [39.0] [cxt 0] Applying table 'MyIngress.ipv4_lpm'
[15:29:24.209] [bmv2] [D] [thread 45764] [39.0] [cxt 0] Looking up key:
* hdr.ipv4.dstAddr    : 0a000404

[15:29:24.209] [bmv2] [D] [thread 45764] [39.0] [cxt 0] Table 'MyIngress.ipv4_lpm': hit with handle 3
[15:29:24.209] [bmv2] [D] [thread 45764] [39.0] [cxt 0] Dumping entry 3
Match key:
* hdr.ipv4.dstAddr    : LPM       0a000404/32
Action entry: MyIngress.ipv4_forward - 80000000200,2,

[15:29:24.209] [bmv2] [D] [thread 45764] [39.0] [cxt 0] Action entry is MyIngress.ipv4_forward - 80000000200,2,
[15:29:24.209] [bmv2] [T] [thread 45764] [39.0] [cxt 0] Action MyIngress.ipv4_forward
[15:29:24.209] [bmv2] [T] [thread 45764] [39.0] [cxt 0] link_monitor.p4(195) Primitive standard_metadata.egress_spec = port
[15:29:24.209] [bmv2] [T] [thread 45764] [39.0] [cxt 0] link_monitor.p4(196) Primitive hdr.ethernet.srcAddr = hdr.ethernet.dstAddr
[15:29:24.209] [bmv2] [T] [thread 45764] [39.0] [cxt 0] link_monitor.p4(197) Primitive hdr.ethernet.dstAddr = dstAddr
[15:29:24.209] [bmv2] [T] [thread 45764] [39.0] [cxt 0] link_monitor.p4(198) Primitive hdr.ipv4.ttl = hdr.ipv4.ttl - 1
[15:29:24.209] [bmv2] [D] [thread 45764] [39.0] [cxt 0] Pipeline 'ingress': end
[15:29:24.209] [bmv2] [D] [thread 45764] [39.0] [cxt 0] Egress port is 2
[15:29:24.209] [bmv2] [D] [thread 45767] [39.0] [cxt 0] Pipeline 'egress': start
[15:29:24.209] [bmv2] [T] [thread 45767] [39.0] [cxt 0] Applying table 'tbl_link_monitor377'
[15:29:24.209] [bmv2] [D] [thread 45767] [39.0] [cxt 0] Looking up key:

[15:29:24.209] [bmv2] [D] [thread 45767] [39.0] [cxt 0] Table 'tbl_link_monitor377': miss
[15:29:24.209] [bmv2] [D] [thread 45767] [39.0] [cxt 0] Action entry is link_monitor377 - 
[15:29:24.209] [bmv2] [T] [thread 45767] [39.0] [cxt 0] Action link_monitor377
[15:29:24.209] [bmv2] [T] [thread 45767] [39.0] [cxt 0] link_monitor.p4(377) Primitive (bit<32>)standard_metadata.egress_port
[15:29:24.209] [bmv2] [T] [thread 45767] [39.0] [cxt 0] link_monitor.p4(377) Primitive byte_cnt_reg.read(byte_cnt, (bit<32>)standard_metadata.egress_port)
[15:29:24.209] [bmv2] [T] [thread 45767] [39.0] [cxt 0] Read register 'MyEgress.byte_cnt_reg' at index 2 read value 481
[15:29:24.209] [bmv2] [T] [thread 45767] [39.0] [cxt 0] link_monitor.p4(378) Primitive byte_cnt = byte_cnt + standard_metadata.packet_length
[15:29:24.209] [bmv2] [T] [thread 45767] [39.0] [cxt 0] link_monitor.p4(380) Condition "hdr.probe.isValid()" (node_12) is false
[15:29:24.209] [bmv2] [T] [thread 45767] [39.0] [cxt 0] Applying table 'tbl_link_monitor380_0'
[15:29:24.209] [bmv2] [D] [thread 45767] [39.0] [cxt 0] Looking up key:

[15:29:24.209] [bmv2] [D] [thread 45767] [39.0] [cxt 0] Table 'tbl_link_monitor380_0': miss
[15:29:24.210] [bmv2] [D] [thread 45767] [39.0] [cxt 0] Action entry is link_monitor380_0 - 
[15:29:24.210] [bmv2] [T] [thread 45767] [39.0] [cxt 0] Action link_monitor380_0
[15:29:24.210] [bmv2] [T] [thread 45767] [39.0] [cxt 0] link_monitor.p4(380) Primitive (hdr.probe.isValid()) ? 0 : byte_cnt
[15:29:24.210] [bmv2] [T] [thread 45767] [39.0] [cxt 0] Applying table 'tbl_link_monitor381'
[15:29:24.210] [bmv2] [D] [thread 45767] [39.0] [cxt 0] Looking up key:

[15:29:24.210] [bmv2] [D] [thread 45767] [39.0] [cxt 0] Table 'tbl_link_monitor381': miss
[15:29:24.210] [bmv2] [D] [thread 45767] [39.0] [cxt 0] Action entry is link_monitor381 - 
[15:29:24.210] [bmv2] [T] [thread 45767] [39.0] [cxt 0] Action link_monitor381
[15:29:24.210] [bmv2] [T] [thread 45767] [39.0] [cxt 0] link_monitor.p4(381) Primitive (bit<32>)standard_metadata.egress_port
[15:29:24.210] [bmv2] [T] [thread 45767] [39.0] [cxt 0] link_monitor.p4(381) Primitive byte_cnt_reg.write((bit<32>)standard_metadata.egress_port, new_byte_cnt)
[15:29:24.210] [bmv2] [T] [thread 45767] [39.0] [cxt 0] Wrote register 'MyEgress.byte_cnt_reg' at index 2 with value 518
[15:29:24.210] [bmv2] [T] [thread 45767] [39.0] [cxt 0] link_monitor.p4(383) Condition "hdr.probe.isValid()" (node_16) is false
[15:29:24.210] [bmv2] [D] [thread 45767] [39.0] [cxt 0] Pipeline 'egress': end
[15:29:24.210] [bmv2] [D] [thread 45767] [39.0] [cxt 0] Deparser 'deparser': start
[15:29:24.210] [bmv2] [D] [thread 45767] [39.0] [cxt 0] Updating checksum 'cksum'
[15:29:24.210] [bmv2] [D] [thread 45767] [39.0] [cxt 0] Deparsing header 'ethernet'
[15:29:24.210] [bmv2] [D] [thread 45767] [39.0] [cxt 0] Deparsing header 'ipv4'
[15:29:24.210] [bmv2] [D] [thread 45767] [39.0] [cxt 0] Deparser 'deparser': end
[15:29:24.210] [bmv2] [D] [thread 45769] [39.0] [cxt 0] Transmitting packet of size 37 out of port 2
[15:29:25.290] [bmv2] [D] [thread 45764] [40.0] [cxt 0] Processing packet received on port 1
[15:29:25.290] [bmv2] [D] [thread 45764] [40.0] [cxt 0] Parser 'parser': start
[15:29:25.290] [bmv2] [D] [thread 45764] [40.0] [cxt 0] Parser 'parser' entering state 'start'
[15:29:25.290] [bmv2] [D] [thread 45764] [40.0] [cxt 0] Extracting header 'ethernet'
[15:29:25.290] [bmv2] [D] [thread 45764] [40.0] [cxt 0] Parser state 'start': key is 0800
[15:29:25.290] [bmv2] [T] [thread 45764] [40.0] [cxt 0] Bytes parsed: 14
[15:29:25.290] [bmv2] [D] [thread 45764] [40.0] [cxt 0] Parser 'parser' entering state 'parse_ipv4'
[15:29:25.290] [bmv2] [D] [thread 45764] [40.0] [cxt 0] Extracting header 'ipv4'
[15:29:25.290] [bmv2] [D] [thread 45764] [40.0] [cxt 0] Parser state 'parse_ipv4': key is 06
[15:29:25.290] [bmv2] [T] [thread 45764] [40.0] [cxt 0] Bytes parsed: 34
[15:29:25.290] [bmv2] [D] [thread 45764] [40.0] [cxt 0] Parser 'parser' entering state 'parse_tcp'
[15:29:25.290] [bmv2] [D] [thread 45764] [40.0] [cxt 0] Extracting header 'tcp'
[15:29:25.291] [bmv2] [E] [thread 45764] [40.0] [cxt 0] Exception while parsing: PacketTooShort
[15:29:25.291] [bmv2] [D] [thread 45764] [40.0] [cxt 0] Parser 'parser': end
[15:29:25.291] [bmv2] [D] [thread 45764] [40.0] [cxt 0] Pipeline 'ingress': start
[15:29:25.291] [bmv2] [T] [thread 45764] [40.0] [cxt 0] link_monitor.p4(331) Condition "hdr.tcp.isValid()" (node_2) is false
[15:29:25.291] [bmv2] [T] [thread 45764] [40.0] [cxt 0] link_monitor.p4(335) Condition "hdr.ipv4.isValid()" (node_5) is true
[15:29:25.291] [bmv2] [T] [thread 45764] [40.0] [cxt 0] Applying table 'MyIngress.ipv4_lpm'
[15:29:25.291] [bmv2] [D] [thread 45764] [40.0] [cxt 0] Looking up key:
* hdr.ipv4.dstAddr    : 0a000404

[15:29:25.291] [bmv2] [D] [thread 45764] [40.0] [cxt 0] Table 'MyIngress.ipv4_lpm': hit with handle 3
[15:29:25.291] [bmv2] [D] [thread 45764] [40.0] [cxt 0] Dumping entry 3
Match key:
* hdr.ipv4.dstAddr    : LPM       0a000404/32
Action entry: MyIngress.ipv4_forward - 80000000200,2,

[15:29:25.291] [bmv2] [D] [thread 45764] [40.0] [cxt 0] Action entry is MyIngress.ipv4_forward - 80000000200,2,
[15:29:25.291] [bmv2] [T] [thread 45764] [40.0] [cxt 0] Action MyIngress.ipv4_forward
[15:29:25.291] [bmv2] [T] [thread 45764] [40.0] [cxt 0] link_monitor.p4(195) Primitive standard_metadata.egress_spec = port
[15:29:25.291] [bmv2] [T] [thread 45764] [40.0] [cxt 0] link_monitor.p4(196) Primitive hdr.ethernet.srcAddr = hdr.ethernet.dstAddr
[15:29:25.291] [bmv2] [T] [thread 45764] [40.0] [cxt 0] link_monitor.p4(197) Primitive hdr.ethernet.dstAddr = dstAddr
[15:29:25.291] [bmv2] [T] [thread 45764] [40.0] [cxt 0] link_monitor.p4(198) Primitive hdr.ipv4.ttl = hdr.ipv4.ttl - 1
[15:29:25.291] [bmv2] [D] [thread 45764] [40.0] [cxt 0] Pipeline 'ingress': end
[15:29:25.291] [bmv2] [D] [thread 45764] [40.0] [cxt 0] Egress port is 2
[15:29:25.291] [bmv2] [D] [thread 45767] [40.0] [cxt 0] Pipeline 'egress': start
[15:29:25.291] [bmv2] [T] [thread 45767] [40.0] [cxt 0] Applying table 'tbl_link_monitor377'
[15:29:25.291] [bmv2] [D] [thread 45767] [40.0] [cxt 0] Looking up key:

[15:29:25.291] [bmv2] [D] [thread 45767] [40.0] [cxt 0] Table 'tbl_link_monitor377': miss
[15:29:25.291] [bmv2] [D] [thread 45767] [40.0] [cxt 0] Action entry is link_monitor377 - 
[15:29:25.291] [bmv2] [T] [thread 45767] [40.0] [cxt 0] Action link_monitor377
[15:29:25.291] [bmv2] [T] [thread 45767] [40.0] [cxt 0] link_monitor.p4(377) Primitive (bit<32>)standard_metadata.egress_port
[15:29:25.291] [bmv2] [T] [thread 45767] [40.0] [cxt 0] link_monitor.p4(377) Primitive byte_cnt_reg.read(byte_cnt, (bit<32>)standard_metadata.egress_port)
[15:29:25.291] [bmv2] [T] [thread 45767] [40.0] [cxt 0] Read register 'MyEgress.byte_cnt_reg' at index 2 read value 518
[15:29:25.291] [bmv2] [T] [thread 45767] [40.0] [cxt 0] link_monitor.p4(378) Primitive byte_cnt = byte_cnt + standard_metadata.packet_length
[15:29:25.291] [bmv2] [T] [thread 45767] [40.0] [cxt 0] link_monitor.p4(380) Condition "hdr.probe.isValid()" (node_12) is false
[15:29:25.291] [bmv2] [T] [thread 45767] [40.0] [cxt 0] Applying table 'tbl_link_monitor380_0'
[15:29:25.291] [bmv2] [D] [thread 45767] [40.0] [cxt 0] Looking up key:

[15:29:25.291] [bmv2] [D] [thread 45767] [40.0] [cxt 0] Table 'tbl_link_monitor380_0': miss
[15:29:25.291] [bmv2] [D] [thread 45767] [40.0] [cxt 0] Action entry is link_monitor380_0 - 
[15:29:25.291] [bmv2] [T] [thread 45767] [40.0] [cxt 0] Action link_monitor380_0
[15:29:25.291] [bmv2] [T] [thread 45767] [40.0] [cxt 0] link_monitor.p4(380) Primitive (hdr.probe.isValid()) ? 0 : byte_cnt
[15:29:25.291] [bmv2] [T] [thread 45767] [40.0] [cxt 0] Applying table 'tbl_link_monitor381'
[15:29:25.291] [bmv2] [D] [thread 45767] [40.0] [cxt 0] Looking up key:

[15:29:25.291] [bmv2] [D] [thread 45767] [40.0] [cxt 0] Table 'tbl_link_monitor381': miss
[15:29:25.291] [bmv2] [D] [thread 45767] [40.0] [cxt 0] Action entry is link_monitor381 - 
[15:29:25.291] [bmv2] [T] [thread 45767] [40.0] [cxt 0] Action link_monitor381
[15:29:25.291] [bmv2] [T] [thread 45767] [40.0] [cxt 0] link_monitor.p4(381) Primitive (bit<32>)standard_metadata.egress_port
[15:29:25.291] [bmv2] [T] [thread 45767] [40.0] [cxt 0] link_monitor.p4(381) Primitive byte_cnt_reg.write((bit<32>)standard_metadata.egress_port, new_byte_cnt)
[15:29:25.291] [bmv2] [T] [thread 45767] [40.0] [cxt 0] Wrote register 'MyEgress.byte_cnt_reg' at index 2 with value 555
[15:29:25.291] [bmv2] [T] [thread 45767] [40.0] [cxt 0] link_monitor.p4(383) Condition "hdr.probe.isValid()" (node_16) is false
[15:29:25.291] [bmv2] [D] [thread 45767] [40.0] [cxt 0] Pipeline 'egress': end
[15:29:25.291] [bmv2] [D] [thread 45767] [40.0] [cxt 0] Deparser 'deparser': start
[15:29:25.291] [bmv2] [D] [thread 45767] [40.0] [cxt 0] Updating checksum 'cksum'
[15:29:25.291] [bmv2] [D] [thread 45767] [40.0] [cxt 0] Deparsing header 'ethernet'
[15:29:25.291] [bmv2] [D] [thread 45767] [40.0] [cxt 0] Deparsing header 'ipv4'
[15:29:25.291] [bmv2] [D] [thread 45767] [40.0] [cxt 0] Deparser 'deparser': end
[15:29:25.291] [bmv2] [D] [thread 45769] [40.0] [cxt 0] Transmitting packet of size 37 out of port 2
[15:29:26.858] [bmv2] [D] [thread 45764] [41.0] [cxt 0] Processing packet received on port 1
[15:29:26.858] [bmv2] [D] [thread 45764] [41.0] [cxt 0] Parser 'parser': start
[15:29:26.858] [bmv2] [D] [thread 45764] [41.0] [cxt 0] Parser 'parser' entering state 'start'
[15:29:26.858] [bmv2] [D] [thread 45764] [41.0] [cxt 0] Extracting header 'ethernet'
[15:29:26.858] [bmv2] [D] [thread 45764] [41.0] [cxt 0] Parser state 'start': key is 0800
[15:29:26.858] [bmv2] [T] [thread 45764] [41.0] [cxt 0] Bytes parsed: 14
[15:29:26.858] [bmv2] [D] [thread 45764] [41.0] [cxt 0] Parser 'parser' entering state 'parse_ipv4'
[15:29:26.858] [bmv2] [D] [thread 45764] [41.0] [cxt 0] Extracting header 'ipv4'
[15:29:26.858] [bmv2] [D] [thread 45764] [41.0] [cxt 0] Parser state 'parse_ipv4': key is 06
[15:29:26.858] [bmv2] [T] [thread 45764] [41.0] [cxt 0] Bytes parsed: 34
[15:29:26.858] [bmv2] [D] [thread 45764] [41.0] [cxt 0] Parser 'parser' entering state 'parse_tcp'
[15:29:26.858] [bmv2] [D] [thread 45764] [41.0] [cxt 0] Extracting header 'tcp'
[15:29:26.858] [bmv2] [E] [thread 45764] [41.0] [cxt 0] Exception while parsing: PacketTooShort
[15:29:26.858] [bmv2] [D] [thread 45764] [41.0] [cxt 0] Parser 'parser': end
[15:29:26.858] [bmv2] [D] [thread 45764] [41.0] [cxt 0] Pipeline 'ingress': start
[15:29:26.858] [bmv2] [T] [thread 45764] [41.0] [cxt 0] link_monitor.p4(331) Condition "hdr.tcp.isValid()" (node_2) is false
[15:29:26.858] [bmv2] [T] [thread 45764] [41.0] [cxt 0] link_monitor.p4(335) Condition "hdr.ipv4.isValid()" (node_5) is true
[15:29:26.858] [bmv2] [T] [thread 45764] [41.0] [cxt 0] Applying table 'MyIngress.ipv4_lpm'
[15:29:26.858] [bmv2] [D] [thread 45764] [41.0] [cxt 0] Looking up key:
* hdr.ipv4.dstAddr    : 0a000404

[15:29:26.858] [bmv2] [D] [thread 45764] [41.0] [cxt 0] Table 'MyIngress.ipv4_lpm': hit with handle 3
[15:29:26.858] [bmv2] [D] [thread 45764] [41.0] [cxt 0] Dumping entry 3
Match key:
* hdr.ipv4.dstAddr    : LPM       0a000404/32
Action entry: MyIngress.ipv4_forward - 80000000200,2,

[15:29:26.858] [bmv2] [D] [thread 45764] [41.0] [cxt 0] Action entry is MyIngress.ipv4_forward - 80000000200,2,
[15:29:26.858] [bmv2] [T] [thread 45764] [41.0] [cxt 0] Action MyIngress.ipv4_forward
[15:29:26.858] [bmv2] [T] [thread 45764] [41.0] [cxt 0] link_monitor.p4(195) Primitive standard_metadata.egress_spec = port
[15:29:26.858] [bmv2] [T] [thread 45764] [41.0] [cxt 0] link_monitor.p4(196) Primitive hdr.ethernet.srcAddr = hdr.ethernet.dstAddr
[15:29:26.858] [bmv2] [T] [thread 45764] [41.0] [cxt 0] link_monitor.p4(197) Primitive hdr.ethernet.dstAddr = dstAddr
[15:29:26.858] [bmv2] [T] [thread 45764] [41.0] [cxt 0] link_monitor.p4(198) Primitive hdr.ipv4.ttl = hdr.ipv4.ttl - 1
[15:29:26.858] [bmv2] [D] [thread 45764] [41.0] [cxt 0] Pipeline 'ingress': end
[15:29:26.858] [bmv2] [D] [thread 45764] [41.0] [cxt 0] Egress port is 2
[15:29:26.858] [bmv2] [D] [thread 45767] [41.0] [cxt 0] Pipeline 'egress': start
[15:29:26.858] [bmv2] [T] [thread 45767] [41.0] [cxt 0] Applying table 'tbl_link_monitor377'
[15:29:26.858] [bmv2] [D] [thread 45767] [41.0] [cxt 0] Looking up key:

[15:29:26.858] [bmv2] [D] [thread 45767] [41.0] [cxt 0] Table 'tbl_link_monitor377': miss
[15:29:26.858] [bmv2] [D] [thread 45767] [41.0] [cxt 0] Action entry is link_monitor377 - 
[15:29:26.858] [bmv2] [T] [thread 45767] [41.0] [cxt 0] Action link_monitor377
[15:29:26.858] [bmv2] [T] [thread 45767] [41.0] [cxt 0] link_monitor.p4(377) Primitive (bit<32>)standard_metadata.egress_port
[15:29:26.858] [bmv2] [T] [thread 45767] [41.0] [cxt 0] link_monitor.p4(377) Primitive byte_cnt_reg.read(byte_cnt, (bit<32>)standard_metadata.egress_port)
[15:29:26.858] [bmv2] [T] [thread 45767] [41.0] [cxt 0] Read register 'MyEgress.byte_cnt_reg' at index 2 read value 555
[15:29:26.858] [bmv2] [T] [thread 45767] [41.0] [cxt 0] link_monitor.p4(378) Primitive byte_cnt = byte_cnt + standard_metadata.packet_length
[15:29:26.858] [bmv2] [T] [thread 45767] [41.0] [cxt 0] link_monitor.p4(380) Condition "hdr.probe.isValid()" (node_12) is false
[15:29:26.858] [bmv2] [T] [thread 45767] [41.0] [cxt 0] Applying table 'tbl_link_monitor380_0'
[15:29:26.858] [bmv2] [D] [thread 45767] [41.0] [cxt 0] Looking up key:

[15:29:26.858] [bmv2] [D] [thread 45767] [41.0] [cxt 0] Table 'tbl_link_monitor380_0': miss
[15:29:26.858] [bmv2] [D] [thread 45767] [41.0] [cxt 0] Action entry is link_monitor380_0 - 
[15:29:26.858] [bmv2] [T] [thread 45767] [41.0] [cxt 0] Action link_monitor380_0
[15:29:26.858] [bmv2] [T] [thread 45767] [41.0] [cxt 0] link_monitor.p4(380) Primitive (hdr.probe.isValid()) ? 0 : byte_cnt
[15:29:26.858] [bmv2] [T] [thread 45767] [41.0] [cxt 0] Applying table 'tbl_link_monitor381'
[15:29:26.858] [bmv2] [D] [thread 45767] [41.0] [cxt 0] Looking up key:

[15:29:26.859] [bmv2] [D] [thread 45767] [41.0] [cxt 0] Table 'tbl_link_monitor381': miss
[15:29:26.859] [bmv2] [D] [thread 45767] [41.0] [cxt 0] Action entry is link_monitor381 - 
[15:29:26.859] [bmv2] [T] [thread 45767] [41.0] [cxt 0] Action link_monitor381
[15:29:26.859] [bmv2] [T] [thread 45767] [41.0] [cxt 0] link_monitor.p4(381) Primitive (bit<32>)standard_metadata.egress_port
[15:29:26.859] [bmv2] [T] [thread 45767] [41.0] [cxt 0] link_monitor.p4(381) Primitive byte_cnt_reg.write((bit<32>)standard_metadata.egress_port, new_byte_cnt)
[15:29:26.859] [bmv2] [T] [thread 45767] [41.0] [cxt 0] Wrote register 'MyEgress.byte_cnt_reg' at index 2 with value 592
[15:29:26.859] [bmv2] [T] [thread 45767] [41.0] [cxt 0] link_monitor.p4(383) Condition "hdr.probe.isValid()" (node_16) is false
[15:29:26.859] [bmv2] [D] [thread 45767] [41.0] [cxt 0] Pipeline 'egress': end
[15:29:26.859] [bmv2] [D] [thread 45767] [41.0] [cxt 0] Deparser 'deparser': start
[15:29:26.859] [bmv2] [D] [thread 45767] [41.0] [cxt 0] Updating checksum 'cksum'
[15:29:26.859] [bmv2] [D] [thread 45767] [41.0] [cxt 0] Deparsing header 'ethernet'
[15:29:26.859] [bmv2] [D] [thread 45767] [41.0] [cxt 0] Deparsing header 'ipv4'
[15:29:26.859] [bmv2] [D] [thread 45767] [41.0] [cxt 0] Deparser 'deparser': end
[15:29:26.859] [bmv2] [D] [thread 45769] [41.0] [cxt 0] Transmitting packet of size 37 out of port 2
[15:29:27.632] [bmv2] [D] [thread 45764] [42.0] [cxt 0] Processing packet received on port 1
[15:29:27.632] [bmv2] [D] [thread 45764] [42.0] [cxt 0] Parser 'parser': start
[15:29:27.632] [bmv2] [D] [thread 45764] [42.0] [cxt 0] Parser 'parser' entering state 'start'
[15:29:27.632] [bmv2] [D] [thread 45764] [42.0] [cxt 0] Extracting header 'ethernet'
[15:29:27.632] [bmv2] [D] [thread 45764] [42.0] [cxt 0] Parser state 'start': key is 0800
[15:29:27.632] [bmv2] [T] [thread 45764] [42.0] [cxt 0] Bytes parsed: 14
[15:29:27.632] [bmv2] [D] [thread 45764] [42.0] [cxt 0] Parser 'parser' entering state 'parse_ipv4'
[15:29:27.632] [bmv2] [D] [thread 45764] [42.0] [cxt 0] Extracting header 'ipv4'
[15:29:27.632] [bmv2] [D] [thread 45764] [42.0] [cxt 0] Parser state 'parse_ipv4': key is 06
[15:29:27.632] [bmv2] [T] [thread 45764] [42.0] [cxt 0] Bytes parsed: 34
[15:29:27.632] [bmv2] [D] [thread 45764] [42.0] [cxt 0] Parser 'parser' entering state 'parse_tcp'
[15:29:27.632] [bmv2] [D] [thread 45764] [42.0] [cxt 0] Extracting header 'tcp'
[15:29:27.633] [bmv2] [E] [thread 45764] [42.0] [cxt 0] Exception while parsing: PacketTooShort
[15:29:27.633] [bmv2] [D] [thread 45764] [42.0] [cxt 0] Parser 'parser': end
[15:29:27.633] [bmv2] [D] [thread 45764] [42.0] [cxt 0] Pipeline 'ingress': start
[15:29:27.633] [bmv2] [T] [thread 45764] [42.0] [cxt 0] link_monitor.p4(331) Condition "hdr.tcp.isValid()" (node_2) is false
[15:29:27.633] [bmv2] [T] [thread 45764] [42.0] [cxt 0] link_monitor.p4(335) Condition "hdr.ipv4.isValid()" (node_5) is true
[15:29:27.633] [bmv2] [T] [thread 45764] [42.0] [cxt 0] Applying table 'MyIngress.ipv4_lpm'
[15:29:27.633] [bmv2] [D] [thread 45764] [42.0] [cxt 0] Looking up key:
* hdr.ipv4.dstAddr    : 0a000404

[15:29:27.633] [bmv2] [D] [thread 45764] [42.0] [cxt 0] Table 'MyIngress.ipv4_lpm': hit with handle 3
[15:29:27.633] [bmv2] [D] [thread 45764] [42.0] [cxt 0] Dumping entry 3
Match key:
* hdr.ipv4.dstAddr    : LPM       0a000404/32
Action entry: MyIngress.ipv4_forward - 80000000200,2,

[15:29:27.633] [bmv2] [D] [thread 45764] [42.0] [cxt 0] Action entry is MyIngress.ipv4_forward - 80000000200,2,
[15:29:27.633] [bmv2] [T] [thread 45764] [42.0] [cxt 0] Action MyIngress.ipv4_forward
[15:29:27.633] [bmv2] [T] [thread 45764] [42.0] [cxt 0] link_monitor.p4(195) Primitive standard_metadata.egress_spec = port
[15:29:27.633] [bmv2] [T] [thread 45764] [42.0] [cxt 0] link_monitor.p4(196) Primitive hdr.ethernet.srcAddr = hdr.ethernet.dstAddr
[15:29:27.633] [bmv2] [T] [thread 45764] [42.0] [cxt 0] link_monitor.p4(197) Primitive hdr.ethernet.dstAddr = dstAddr
[15:29:27.633] [bmv2] [T] [thread 45764] [42.0] [cxt 0] link_monitor.p4(198) Primitive hdr.ipv4.ttl = hdr.ipv4.ttl - 1
[15:29:27.633] [bmv2] [D] [thread 45764] [42.0] [cxt 0] Pipeline 'ingress': end
[15:29:27.633] [bmv2] [D] [thread 45764] [42.0] [cxt 0] Egress port is 2
[15:29:27.633] [bmv2] [D] [thread 45767] [42.0] [cxt 0] Pipeline 'egress': start
[15:29:27.633] [bmv2] [T] [thread 45767] [42.0] [cxt 0] Applying table 'tbl_link_monitor377'
[15:29:27.633] [bmv2] [D] [thread 45767] [42.0] [cxt 0] Looking up key:

[15:29:27.633] [bmv2] [D] [thread 45767] [42.0] [cxt 0] Table 'tbl_link_monitor377': miss
[15:29:27.633] [bmv2] [D] [thread 45767] [42.0] [cxt 0] Action entry is link_monitor377 - 
[15:29:27.633] [bmv2] [T] [thread 45767] [42.0] [cxt 0] Action link_monitor377
[15:29:27.633] [bmv2] [T] [thread 45767] [42.0] [cxt 0] link_monitor.p4(377) Primitive (bit<32>)standard_metadata.egress_port
[15:29:27.633] [bmv2] [T] [thread 45767] [42.0] [cxt 0] link_monitor.p4(377) Primitive byte_cnt_reg.read(byte_cnt, (bit<32>)standard_metadata.egress_port)
[15:29:27.633] [bmv2] [T] [thread 45767] [42.0] [cxt 0] Read register 'MyEgress.byte_cnt_reg' at index 2 read value 592
[15:29:27.634] [bmv2] [T] [thread 45767] [42.0] [cxt 0] link_monitor.p4(378) Primitive byte_cnt = byte_cnt + standard_metadata.packet_length
[15:29:27.634] [bmv2] [T] [thread 45767] [42.0] [cxt 0] link_monitor.p4(380) Condition "hdr.probe.isValid()" (node_12) is false
[15:29:27.634] [bmv2] [T] [thread 45767] [42.0] [cxt 0] Applying table 'tbl_link_monitor380_0'
[15:29:27.634] [bmv2] [D] [thread 45767] [42.0] [cxt 0] Looking up key:

[15:29:27.634] [bmv2] [D] [thread 45767] [42.0] [cxt 0] Table 'tbl_link_monitor380_0': miss
[15:29:27.634] [bmv2] [D] [thread 45767] [42.0] [cxt 0] Action entry is link_monitor380_0 - 
[15:29:27.634] [bmv2] [T] [thread 45767] [42.0] [cxt 0] Action link_monitor380_0
[15:29:27.634] [bmv2] [T] [thread 45767] [42.0] [cxt 0] link_monitor.p4(380) Primitive (hdr.probe.isValid()) ? 0 : byte_cnt
[15:29:27.634] [bmv2] [T] [thread 45767] [42.0] [cxt 0] Applying table 'tbl_link_monitor381'
[15:29:27.634] [bmv2] [D] [thread 45767] [42.0] [cxt 0] Looking up key:

[15:29:27.634] [bmv2] [D] [thread 45767] [42.0] [cxt 0] Table 'tbl_link_monitor381': miss
[15:29:27.634] [bmv2] [D] [thread 45767] [42.0] [cxt 0] Action entry is link_monitor381 - 
[15:29:27.634] [bmv2] [T] [thread 45767] [42.0] [cxt 0] Action link_monitor381
[15:29:27.634] [bmv2] [T] [thread 45767] [42.0] [cxt 0] link_monitor.p4(381) Primitive (bit<32>)standard_metadata.egress_port
[15:29:27.634] [bmv2] [T] [thread 45767] [42.0] [cxt 0] link_monitor.p4(381) Primitive byte_cnt_reg.write((bit<32>)standard_metadata.egress_port, new_byte_cnt)
[15:29:27.634] [bmv2] [T] [thread 45767] [42.0] [cxt 0] Wrote register 'MyEgress.byte_cnt_reg' at index 2 with value 629
[15:29:27.634] [bmv2] [T] [thread 45767] [42.0] [cxt 0] link_monitor.p4(383) Condition "hdr.probe.isValid()" (node_16) is false
[15:29:27.634] [bmv2] [D] [thread 45767] [42.0] [cxt 0] Pipeline 'egress': end
[15:29:27.634] [bmv2] [D] [thread 45767] [42.0] [cxt 0] Deparser 'deparser': start
[15:29:27.634] [bmv2] [D] [thread 45767] [42.0] [cxt 0] Updating checksum 'cksum'
[15:29:27.634] [bmv2] [D] [thread 45767] [42.0] [cxt 0] Deparsing header 'ethernet'
[15:29:27.634] [bmv2] [D] [thread 45767] [42.0] [cxt 0] Deparsing header 'ipv4'
[15:29:27.634] [bmv2] [D] [thread 45767] [42.0] [cxt 0] Deparser 'deparser': end
[15:29:27.634] [bmv2] [D] [thread 45769] [42.0] [cxt 0] Transmitting packet of size 37 out of port 2
[15:29:44.459] [bmv2] [D] [thread 45764] [43.0] [cxt 0] Processing packet received on port 1
[15:29:44.459] [bmv2] [D] [thread 45764] [43.0] [cxt 0] Parser 'parser': start
[15:29:44.459] [bmv2] [D] [thread 45764] [43.0] [cxt 0] Parser 'parser' entering state 'start'
[15:29:44.459] [bmv2] [D] [thread 45764] [43.0] [cxt 0] Extracting header 'ethernet'
[15:29:44.459] [bmv2] [D] [thread 45764] [43.0] [cxt 0] Parser state 'start': key is 86dd
[15:29:44.459] [bmv2] [T] [thread 45764] [43.0] [cxt 0] Bytes parsed: 14
[15:29:44.459] [bmv2] [D] [thread 45764] [43.0] [cxt 0] Parser 'parser': end
[15:29:44.459] [bmv2] [D] [thread 45764] [43.0] [cxt 0] Pipeline 'ingress': start
[15:29:44.459] [bmv2] [T] [thread 45764] [43.0] [cxt 0] link_monitor.p4(331) Condition "hdr.tcp.isValid()" (node_2) is false
[15:29:44.459] [bmv2] [T] [thread 45764] [43.0] [cxt 0] link_monitor.p4(335) Condition "hdr.ipv4.isValid()" (node_5) is false
[15:29:44.459] [bmv2] [T] [thread 45764] [43.0] [cxt 0] link_monitor.p4(338) Condition "hdr.probe.isValid()" (node_7) is false
[15:29:44.459] [bmv2] [D] [thread 45764] [43.0] [cxt 0] Pipeline 'ingress': end
[15:29:44.459] [bmv2] [D] [thread 45764] [43.0] [cxt 0] Egress port is 0
[15:29:44.459] [bmv2] [D] [thread 45765] [43.0] [cxt 0] Pipeline 'egress': start
[15:29:44.459] [bmv2] [T] [thread 45765] [43.0] [cxt 0] Applying table 'tbl_link_monitor377'
[15:29:44.459] [bmv2] [D] [thread 45765] [43.0] [cxt 0] Looking up key:

[15:29:44.459] [bmv2] [D] [thread 45765] [43.0] [cxt 0] Table 'tbl_link_monitor377': miss
[15:29:44.459] [bmv2] [D] [thread 45765] [43.0] [cxt 0] Action entry is link_monitor377 - 
[15:29:44.459] [bmv2] [T] [thread 45765] [43.0] [cxt 0] Action link_monitor377
[15:29:44.459] [bmv2] [T] [thread 45765] [43.0] [cxt 0] link_monitor.p4(377) Primitive (bit<32>)standard_metadata.egress_port
[15:29:44.459] [bmv2] [T] [thread 45765] [43.0] [cxt 0] link_monitor.p4(377) Primitive byte_cnt_reg.read(byte_cnt, (bit<32>)standard_metadata.egress_port)
[15:29:44.459] [bmv2] [T] [thread 45765] [43.0] [cxt 0] Read register 'MyEgress.byte_cnt_reg' at index 0 read value 1120
[15:29:44.459] [bmv2] [T] [thread 45765] [43.0] [cxt 0] link_monitor.p4(378) Primitive byte_cnt = byte_cnt + standard_metadata.packet_length
[15:29:44.459] [bmv2] [T] [thread 45765] [43.0] [cxt 0] link_monitor.p4(380) Condition "hdr.probe.isValid()" (node_12) is false
[15:29:44.459] [bmv2] [T] [thread 45765] [43.0] [cxt 0] Applying table 'tbl_link_monitor380_0'
[15:29:44.459] [bmv2] [D] [thread 45765] [43.0] [cxt 0] Looking up key:

[15:29:44.460] [bmv2] [D] [thread 45765] [43.0] [cxt 0] Table 'tbl_link_monitor380_0': miss
[15:29:44.460] [bmv2] [D] [thread 45765] [43.0] [cxt 0] Action entry is link_monitor380_0 - 
[15:29:44.460] [bmv2] [T] [thread 45765] [43.0] [cxt 0] Action link_monitor380_0
[15:29:44.460] [bmv2] [T] [thread 45765] [43.0] [cxt 0] link_monitor.p4(380) Primitive (hdr.probe.isValid()) ? 0 : byte_cnt
[15:29:44.460] [bmv2] [T] [thread 45765] [43.0] [cxt 0] Applying table 'tbl_link_monitor381'
[15:29:44.460] [bmv2] [D] [thread 45765] [43.0] [cxt 0] Looking up key:

[15:29:44.460] [bmv2] [D] [thread 45765] [43.0] [cxt 0] Table 'tbl_link_monitor381': miss
[15:29:44.460] [bmv2] [D] [thread 45765] [43.0] [cxt 0] Action entry is link_monitor381 - 
[15:29:44.460] [bmv2] [T] [thread 45765] [43.0] [cxt 0] Action link_monitor381
[15:29:44.460] [bmv2] [T] [thread 45765] [43.0] [cxt 0] link_monitor.p4(381) Primitive (bit<32>)standard_metadata.egress_port
[15:29:44.460] [bmv2] [T] [thread 45765] [43.0] [cxt 0] link_monitor.p4(381) Primitive byte_cnt_reg.write((bit<32>)standard_metadata.egress_port, new_byte_cnt)
[15:29:44.460] [bmv2] [T] [thread 45765] [43.0] [cxt 0] Wrote register 'MyEgress.byte_cnt_reg' at index 0 with value 1190
[15:29:44.460] [bmv2] [T] [thread 45765] [43.0] [cxt 0] link_monitor.p4(383) Condition "hdr.probe.isValid()" (node_16) is false
[15:29:44.460] [bmv2] [D] [thread 45765] [43.0] [cxt 0] Pipeline 'egress': end
[15:29:44.460] [bmv2] [D] [thread 45765] [43.0] [cxt 0] Deparser 'deparser': start
[15:29:44.460] [bmv2] [T] [thread 45765] [43.0] [cxt 0] Skipping checksum 'cksum' update because condition not met
[15:29:44.460] [bmv2] [D] [thread 45765] [43.0] [cxt 0] Deparsing header 'ethernet'
[15:29:44.460] [bmv2] [D] [thread 45765] [43.0] [cxt 0] Deparser 'deparser': end
[15:29:44.460] [bmv2] [D] [thread 45769] [43.0] [cxt 0] Transmitting packet of size 70 out of port 0
[15:29:54.698] [bmv2] [D] [thread 45764] [44.0] [cxt 0] Processing packet received on port 2
[15:29:54.698] [bmv2] [D] [thread 45764] [44.0] [cxt 0] Parser 'parser': start
[15:29:54.698] [bmv2] [D] [thread 45764] [44.0] [cxt 0] Parser 'parser' entering state 'start'
[15:29:54.698] [bmv2] [D] [thread 45764] [44.0] [cxt 0] Extracting header 'ethernet'
[15:29:54.698] [bmv2] [D] [thread 45764] [44.0] [cxt 0] Parser state 'start': key is 86dd
[15:29:54.698] [bmv2] [T] [thread 45764] [44.0] [cxt 0] Bytes parsed: 14
[15:29:54.698] [bmv2] [D] [thread 45764] [44.0] [cxt 0] Parser 'parser': end
[15:29:54.698] [bmv2] [D] [thread 45764] [44.0] [cxt 0] Pipeline 'ingress': start
[15:29:54.698] [bmv2] [T] [thread 45764] [44.0] [cxt 0] link_monitor.p4(331) Condition "hdr.tcp.isValid()" (node_2) is false
[15:29:54.698] [bmv2] [T] [thread 45764] [44.0] [cxt 0] link_monitor.p4(335) Condition "hdr.ipv4.isValid()" (node_5) is false
[15:29:54.698] [bmv2] [T] [thread 45764] [44.0] [cxt 0] link_monitor.p4(338) Condition "hdr.probe.isValid()" (node_7) is false
[15:29:54.698] [bmv2] [D] [thread 45764] [44.0] [cxt 0] Pipeline 'ingress': end
[15:29:54.698] [bmv2] [D] [thread 45764] [44.0] [cxt 0] Egress port is 0
[15:29:54.698] [bmv2] [D] [thread 45765] [44.0] [cxt 0] Pipeline 'egress': start
[15:29:54.699] [bmv2] [T] [thread 45765] [44.0] [cxt 0] Applying table 'tbl_link_monitor377'
[15:29:54.699] [bmv2] [D] [thread 45765] [44.0] [cxt 0] Looking up key:

[15:29:54.699] [bmv2] [D] [thread 45765] [44.0] [cxt 0] Table 'tbl_link_monitor377': miss
[15:29:54.699] [bmv2] [D] [thread 45765] [44.0] [cxt 0] Action entry is link_monitor377 - 
[15:29:54.699] [bmv2] [T] [thread 45765] [44.0] [cxt 0] Action link_monitor377
[15:29:54.699] [bmv2] [T] [thread 45765] [44.0] [cxt 0] link_monitor.p4(377) Primitive (bit<32>)standard_metadata.egress_port
[15:29:54.699] [bmv2] [T] [thread 45765] [44.0] [cxt 0] link_monitor.p4(377) Primitive byte_cnt_reg.read(byte_cnt, (bit<32>)standard_metadata.egress_port)
[15:29:54.699] [bmv2] [T] [thread 45765] [44.0] [cxt 0] Read register 'MyEgress.byte_cnt_reg' at index 0 read value 1190
[15:29:54.699] [bmv2] [T] [thread 45765] [44.0] [cxt 0] link_monitor.p4(378) Primitive byte_cnt = byte_cnt + standard_metadata.packet_length
[15:29:54.699] [bmv2] [T] [thread 45765] [44.0] [cxt 0] link_monitor.p4(380) Condition "hdr.probe.isValid()" (node_12) is false
[15:29:54.699] [bmv2] [T] [thread 45765] [44.0] [cxt 0] Applying table 'tbl_link_monitor380_0'
[15:29:54.699] [bmv2] [D] [thread 45765] [44.0] [cxt 0] Looking up key:

[15:29:54.699] [bmv2] [D] [thread 45765] [44.0] [cxt 0] Table 'tbl_link_monitor380_0': miss
[15:29:54.699] [bmv2] [D] [thread 45765] [44.0] [cxt 0] Action entry is link_monitor380_0 - 
[15:29:54.699] [bmv2] [T] [thread 45765] [44.0] [cxt 0] Action link_monitor380_0
[15:29:54.699] [bmv2] [T] [thread 45765] [44.0] [cxt 0] link_monitor.p4(380) Primitive (hdr.probe.isValid()) ? 0 : byte_cnt
[15:29:54.699] [bmv2] [T] [thread 45765] [44.0] [cxt 0] Applying table 'tbl_link_monitor381'
[15:29:54.699] [bmv2] [D] [thread 45765] [44.0] [cxt 0] Looking up key:

[15:29:54.699] [bmv2] [D] [thread 45765] [44.0] [cxt 0] Table 'tbl_link_monitor381': miss
[15:29:54.699] [bmv2] [D] [thread 45765] [44.0] [cxt 0] Action entry is link_monitor381 - 
[15:29:54.699] [bmv2] [T] [thread 45765] [44.0] [cxt 0] Action link_monitor381
[15:29:54.699] [bmv2] [T] [thread 45765] [44.0] [cxt 0] link_monitor.p4(381) Primitive (bit<32>)standard_metadata.egress_port
[15:29:54.699] [bmv2] [T] [thread 45765] [44.0] [cxt 0] link_monitor.p4(381) Primitive byte_cnt_reg.write((bit<32>)standard_metadata.egress_port, new_byte_cnt)
[15:29:54.699] [bmv2] [T] [thread 45765] [44.0] [cxt 0] Wrote register 'MyEgress.byte_cnt_reg' at index 0 with value 1260
[15:29:54.699] [bmv2] [T] [thread 45765] [44.0] [cxt 0] link_monitor.p4(383) Condition "hdr.probe.isValid()" (node_16) is false
[15:29:54.699] [bmv2] [D] [thread 45765] [44.0] [cxt 0] Pipeline 'egress': end
[15:29:54.699] [bmv2] [D] [thread 45765] [44.0] [cxt 0] Deparser 'deparser': start
[15:29:54.699] [bmv2] [T] [thread 45765] [44.0] [cxt 0] Skipping checksum 'cksum' update because condition not met
[15:29:54.699] [bmv2] [D] [thread 45765] [44.0] [cxt 0] Deparsing header 'ethernet'
[15:29:54.699] [bmv2] [D] [thread 45765] [44.0] [cxt 0] Deparser 'deparser': end
[15:29:54.699] [bmv2] [D] [thread 45769] [44.0] [cxt 0] Transmitting packet of size 70 out of port 0
[15:29:58.798] [bmv2] [D] [thread 45764] [45.0] [cxt 0] Processing packet received on port 2
[15:29:58.798] [bmv2] [D] [thread 45764] [45.0] [cxt 0] Parser 'parser': start
[15:29:58.798] [bmv2] [D] [thread 45764] [45.0] [cxt 0] Parser 'parser' entering state 'start'
[15:29:58.798] [bmv2] [D] [thread 45764] [45.0] [cxt 0] Extracting header 'ethernet'
[15:29:58.798] [bmv2] [D] [thread 45764] [45.0] [cxt 0] Parser state 'start': key is 86dd
[15:29:58.798] [bmv2] [T] [thread 45764] [45.0] [cxt 0] Bytes parsed: 14
[15:29:58.798] [bmv2] [D] [thread 45764] [45.0] [cxt 0] Parser 'parser': end
[15:29:58.798] [bmv2] [D] [thread 45764] [45.0] [cxt 0] Pipeline 'ingress': start
[15:29:58.798] [bmv2] [T] [thread 45764] [45.0] [cxt 0] link_monitor.p4(331) Condition "hdr.tcp.isValid()" (node_2) is false
[15:29:58.798] [bmv2] [T] [thread 45764] [45.0] [cxt 0] link_monitor.p4(335) Condition "hdr.ipv4.isValid()" (node_5) is false
[15:29:58.798] [bmv2] [T] [thread 45764] [45.0] [cxt 0] link_monitor.p4(338) Condition "hdr.probe.isValid()" (node_7) is false
[15:29:58.798] [bmv2] [D] [thread 45764] [45.0] [cxt 0] Pipeline 'ingress': end
[15:29:58.798] [bmv2] [D] [thread 45764] [45.0] [cxt 0] Egress port is 0
[15:29:58.798] [bmv2] [D] [thread 45765] [45.0] [cxt 0] Pipeline 'egress': start
[15:29:58.798] [bmv2] [T] [thread 45765] [45.0] [cxt 0] Applying table 'tbl_link_monitor377'
[15:29:58.798] [bmv2] [D] [thread 45765] [45.0] [cxt 0] Looking up key:

[15:29:58.798] [bmv2] [D] [thread 45765] [45.0] [cxt 0] Table 'tbl_link_monitor377': miss
[15:29:58.798] [bmv2] [D] [thread 45765] [45.0] [cxt 0] Action entry is link_monitor377 - 
[15:29:58.798] [bmv2] [T] [thread 45765] [45.0] [cxt 0] Action link_monitor377
[15:29:58.798] [bmv2] [T] [thread 45765] [45.0] [cxt 0] link_monitor.p4(377) Primitive (bit<32>)standard_metadata.egress_port
[15:29:58.798] [bmv2] [T] [thread 45765] [45.0] [cxt 0] link_monitor.p4(377) Primitive byte_cnt_reg.read(byte_cnt, (bit<32>)standard_metadata.egress_port)
[15:29:58.798] [bmv2] [T] [thread 45765] [45.0] [cxt 0] Read register 'MyEgress.byte_cnt_reg' at index 0 read value 1260
[15:29:58.798] [bmv2] [T] [thread 45765] [45.0] [cxt 0] link_monitor.p4(378) Primitive byte_cnt = byte_cnt + standard_metadata.packet_length
[15:29:58.798] [bmv2] [T] [thread 45765] [45.0] [cxt 0] link_monitor.p4(380) Condition "hdr.probe.isValid()" (node_12) is false
[15:29:58.798] [bmv2] [T] [thread 45765] [45.0] [cxt 0] Applying table 'tbl_link_monitor380_0'
[15:29:58.798] [bmv2] [D] [thread 45765] [45.0] [cxt 0] Looking up key:

[15:29:58.798] [bmv2] [D] [thread 45765] [45.0] [cxt 0] Table 'tbl_link_monitor380_0': miss
[15:29:58.798] [bmv2] [D] [thread 45765] [45.0] [cxt 0] Action entry is link_monitor380_0 - 
[15:29:58.798] [bmv2] [T] [thread 45765] [45.0] [cxt 0] Action link_monitor380_0
[15:29:58.798] [bmv2] [T] [thread 45765] [45.0] [cxt 0] link_monitor.p4(380) Primitive (hdr.probe.isValid()) ? 0 : byte_cnt
[15:29:58.798] [bmv2] [T] [thread 45765] [45.0] [cxt 0] Applying table 'tbl_link_monitor381'
[15:29:58.798] [bmv2] [D] [thread 45765] [45.0] [cxt 0] Looking up key:

[15:29:58.798] [bmv2] [D] [thread 45765] [45.0] [cxt 0] Table 'tbl_link_monitor381': miss
[15:29:58.798] [bmv2] [D] [thread 45765] [45.0] [cxt 0] Action entry is link_monitor381 - 
[15:29:58.798] [bmv2] [T] [thread 45765] [45.0] [cxt 0] Action link_monitor381
[15:29:58.798] [bmv2] [T] [thread 45765] [45.0] [cxt 0] link_monitor.p4(381) Primitive (bit<32>)standard_metadata.egress_port
[15:29:58.798] [bmv2] [T] [thread 45765] [45.0] [cxt 0] link_monitor.p4(381) Primitive byte_cnt_reg.write((bit<32>)standard_metadata.egress_port, new_byte_cnt)
[15:29:58.798] [bmv2] [T] [thread 45765] [45.0] [cxt 0] Wrote register 'MyEgress.byte_cnt_reg' at index 0 with value 1330
[15:29:58.798] [bmv2] [T] [thread 45765] [45.0] [cxt 0] link_monitor.p4(383) Condition "hdr.probe.isValid()" (node_16) is false
[15:29:58.798] [bmv2] [D] [thread 45765] [45.0] [cxt 0] Pipeline 'egress': end
[15:29:58.798] [bmv2] [D] [thread 45765] [45.0] [cxt 0] Deparser 'deparser': start
[15:29:58.798] [bmv2] [T] [thread 45765] [45.0] [cxt 0] Skipping checksum 'cksum' update because condition not met
[15:29:58.798] [bmv2] [D] [thread 45765] [45.0] [cxt 0] Deparsing header 'ethernet'
[15:29:58.798] [bmv2] [D] [thread 45765] [45.0] [cxt 0] Deparser 'deparser': end
[15:29:58.798] [bmv2] [D] [thread 45769] [45.0] [cxt 0] Transmitting packet of size 70 out of port 0
[15:30:02.885] [bmv2] [D] [thread 45764] [46.0] [cxt 0] Processing packet received on port 1
[15:30:02.885] [bmv2] [D] [thread 45764] [46.0] [cxt 0] Parser 'parser': start
[15:30:02.885] [bmv2] [D] [thread 45764] [46.0] [cxt 0] Parser 'parser' entering state 'start'
[15:30:02.885] [bmv2] [D] [thread 45764] [46.0] [cxt 0] Extracting header 'ethernet'
[15:30:02.885] [bmv2] [D] [thread 45764] [46.0] [cxt 0] Parser state 'start': key is 86dd
[15:30:02.885] [bmv2] [T] [thread 45764] [46.0] [cxt 0] Bytes parsed: 14
[15:30:02.885] [bmv2] [D] [thread 45764] [46.0] [cxt 0] Parser 'parser': end
[15:30:02.885] [bmv2] [D] [thread 45764] [46.0] [cxt 0] Pipeline 'ingress': start
[15:30:02.885] [bmv2] [T] [thread 45764] [46.0] [cxt 0] link_monitor.p4(331) Condition "hdr.tcp.isValid()" (node_2) is false
[15:30:02.885] [bmv2] [T] [thread 45764] [46.0] [cxt 0] link_monitor.p4(335) Condition "hdr.ipv4.isValid()" (node_5) is false
[15:30:02.885] [bmv2] [T] [thread 45764] [46.0] [cxt 0] link_monitor.p4(338) Condition "hdr.probe.isValid()" (node_7) is false
[15:30:02.885] [bmv2] [D] [thread 45764] [46.0] [cxt 0] Pipeline 'ingress': end
[15:30:02.885] [bmv2] [D] [thread 45764] [46.0] [cxt 0] Egress port is 0
[15:30:02.885] [bmv2] [D] [thread 45765] [46.0] [cxt 0] Pipeline 'egress': start
[15:30:02.885] [bmv2] [T] [thread 45765] [46.0] [cxt 0] Applying table 'tbl_link_monitor377'
[15:30:02.885] [bmv2] [D] [thread 45765] [46.0] [cxt 0] Looking up key:

[15:30:02.885] [bmv2] [D] [thread 45765] [46.0] [cxt 0] Table 'tbl_link_monitor377': miss
[15:30:02.885] [bmv2] [D] [thread 45765] [46.0] [cxt 0] Action entry is link_monitor377 - 
[15:30:02.885] [bmv2] [T] [thread 45765] [46.0] [cxt 0] Action link_monitor377
[15:30:02.885] [bmv2] [T] [thread 45765] [46.0] [cxt 0] link_monitor.p4(377) Primitive (bit<32>)standard_metadata.egress_port
[15:30:02.885] [bmv2] [T] [thread 45765] [46.0] [cxt 0] link_monitor.p4(377) Primitive byte_cnt_reg.read(byte_cnt, (bit<32>)standard_metadata.egress_port)
[15:30:02.885] [bmv2] [T] [thread 45765] [46.0] [cxt 0] Read register 'MyEgress.byte_cnt_reg' at index 0 read value 1330
[15:30:02.885] [bmv2] [T] [thread 45765] [46.0] [cxt 0] link_monitor.p4(378) Primitive byte_cnt = byte_cnt + standard_metadata.packet_length
[15:30:02.885] [bmv2] [T] [thread 45765] [46.0] [cxt 0] link_monitor.p4(380) Condition "hdr.probe.isValid()" (node_12) is false
[15:30:02.885] [bmv2] [T] [thread 45765] [46.0] [cxt 0] Applying table 'tbl_link_monitor380_0'
[15:30:02.885] [bmv2] [D] [thread 45765] [46.0] [cxt 0] Looking up key:

[15:30:02.885] [bmv2] [D] [thread 45765] [46.0] [cxt 0] Table 'tbl_link_monitor380_0': miss
[15:30:02.885] [bmv2] [D] [thread 45765] [46.0] [cxt 0] Action entry is link_monitor380_0 - 
[15:30:02.885] [bmv2] [T] [thread 45765] [46.0] [cxt 0] Action link_monitor380_0
[15:30:02.885] [bmv2] [T] [thread 45765] [46.0] [cxt 0] link_monitor.p4(380) Primitive (hdr.probe.isValid()) ? 0 : byte_cnt
[15:30:02.885] [bmv2] [T] [thread 45765] [46.0] [cxt 0] Applying table 'tbl_link_monitor381'
[15:30:02.885] [bmv2] [D] [thread 45765] [46.0] [cxt 0] Looking up key:

[15:30:02.885] [bmv2] [D] [thread 45765] [46.0] [cxt 0] Table 'tbl_link_monitor381': miss
[15:30:02.885] [bmv2] [D] [thread 45765] [46.0] [cxt 0] Action entry is link_monitor381 - 
[15:30:02.885] [bmv2] [T] [thread 45765] [46.0] [cxt 0] Action link_monitor381
[15:30:02.885] [bmv2] [T] [thread 45765] [46.0] [cxt 0] link_monitor.p4(381) Primitive (bit<32>)standard_metadata.egress_port
[15:30:02.885] [bmv2] [T] [thread 45765] [46.0] [cxt 0] link_monitor.p4(381) Primitive byte_cnt_reg.write((bit<32>)standard_metadata.egress_port, new_byte_cnt)
[15:30:02.885] [bmv2] [T] [thread 45765] [46.0] [cxt 0] Wrote register 'MyEgress.byte_cnt_reg' at index 0 with value 1400
[15:30:02.885] [bmv2] [T] [thread 45765] [46.0] [cxt 0] link_monitor.p4(383) Condition "hdr.probe.isValid()" (node_16) is false
[15:30:02.885] [bmv2] [D] [thread 45765] [46.0] [cxt 0] Pipeline 'egress': end
[15:30:02.885] [bmv2] [D] [thread 45765] [46.0] [cxt 0] Deparser 'deparser': start
[15:30:02.885] [bmv2] [T] [thread 45765] [46.0] [cxt 0] Skipping checksum 'cksum' update because condition not met
[15:30:02.885] [bmv2] [D] [thread 45765] [46.0] [cxt 0] Deparsing header 'ethernet'
[15:30:02.885] [bmv2] [D] [thread 45765] [46.0] [cxt 0] Deparser 'deparser': end
[15:30:02.886] [bmv2] [D] [thread 45769] [46.0] [cxt 0] Transmitting packet of size 70 out of port 0
[15:31:45.284] [bmv2] [D] [thread 45764] [47.0] [cxt 0] Processing packet received on port 1
[15:31:45.284] [bmv2] [D] [thread 45764] [47.0] [cxt 0] Parser 'parser': start
[15:31:45.284] [bmv2] [D] [thread 45764] [47.0] [cxt 0] Parser 'parser' entering state 'start'
[15:31:45.284] [bmv2] [D] [thread 45764] [47.0] [cxt 0] Extracting header 'ethernet'
[15:31:45.284] [bmv2] [D] [thread 45764] [47.0] [cxt 0] Parser state 'start': key is 86dd
[15:31:45.284] [bmv2] [T] [thread 45764] [47.0] [cxt 0] Bytes parsed: 14
[15:31:45.284] [bmv2] [D] [thread 45764] [47.0] [cxt 0] Parser 'parser': end
[15:31:45.284] [bmv2] [D] [thread 45764] [47.0] [cxt 0] Pipeline 'ingress': start
[15:31:45.284] [bmv2] [T] [thread 45764] [47.0] [cxt 0] link_monitor.p4(331) Condition "hdr.tcp.isValid()" (node_2) is false
[15:31:45.285] [bmv2] [T] [thread 45764] [47.0] [cxt 0] link_monitor.p4(335) Condition "hdr.ipv4.isValid()" (node_5) is false
[15:31:45.285] [bmv2] [T] [thread 45764] [47.0] [cxt 0] link_monitor.p4(338) Condition "hdr.probe.isValid()" (node_7) is false
[15:31:45.285] [bmv2] [D] [thread 45764] [47.0] [cxt 0] Pipeline 'ingress': end
[15:31:45.285] [bmv2] [D] [thread 45764] [47.0] [cxt 0] Egress port is 0
[15:31:45.285] [bmv2] [D] [thread 45765] [47.0] [cxt 0] Pipeline 'egress': start
[15:31:45.285] [bmv2] [T] [thread 45765] [47.0] [cxt 0] Applying table 'tbl_link_monitor377'
[15:31:45.285] [bmv2] [D] [thread 45765] [47.0] [cxt 0] Looking up key:

[15:31:45.285] [bmv2] [D] [thread 45765] [47.0] [cxt 0] Table 'tbl_link_monitor377': miss
[15:31:45.285] [bmv2] [D] [thread 45765] [47.0] [cxt 0] Action entry is link_monitor377 - 
[15:31:45.285] [bmv2] [T] [thread 45765] [47.0] [cxt 0] Action link_monitor377
[15:31:45.285] [bmv2] [T] [thread 45765] [47.0] [cxt 0] link_monitor.p4(377) Primitive (bit<32>)standard_metadata.egress_port
[15:31:45.285] [bmv2] [T] [thread 45765] [47.0] [cxt 0] link_monitor.p4(377) Primitive byte_cnt_reg.read(byte_cnt, (bit<32>)standard_metadata.egress_port)
[15:31:45.285] [bmv2] [T] [thread 45765] [47.0] [cxt 0] Read register 'MyEgress.byte_cnt_reg' at index 0 read value 1400
[15:31:45.285] [bmv2] [T] [thread 45765] [47.0] [cxt 0] link_monitor.p4(378) Primitive byte_cnt = byte_cnt + standard_metadata.packet_length
[15:31:45.285] [bmv2] [T] [thread 45765] [47.0] [cxt 0] link_monitor.p4(380) Condition "hdr.probe.isValid()" (node_12) is false
[15:31:45.285] [bmv2] [T] [thread 45765] [47.0] [cxt 0] Applying table 'tbl_link_monitor380_0'
[15:31:45.285] [bmv2] [D] [thread 45765] [47.0] [cxt 0] Looking up key:

[15:31:45.285] [bmv2] [D] [thread 45765] [47.0] [cxt 0] Table 'tbl_link_monitor380_0': miss
[15:31:45.285] [bmv2] [D] [thread 45765] [47.0] [cxt 0] Action entry is link_monitor380_0 - 
[15:31:45.285] [bmv2] [T] [thread 45765] [47.0] [cxt 0] Action link_monitor380_0
[15:31:45.285] [bmv2] [T] [thread 45765] [47.0] [cxt 0] link_monitor.p4(380) Primitive (hdr.probe.isValid()) ? 0 : byte_cnt
[15:31:45.285] [bmv2] [T] [thread 45765] [47.0] [cxt 0] Applying table 'tbl_link_monitor381'
[15:31:45.285] [bmv2] [D] [thread 45765] [47.0] [cxt 0] Looking up key:

[15:31:45.285] [bmv2] [D] [thread 45765] [47.0] [cxt 0] Table 'tbl_link_monitor381': miss
[15:31:45.285] [bmv2] [D] [thread 45765] [47.0] [cxt 0] Action entry is link_monitor381 - 
[15:31:45.285] [bmv2] [T] [thread 45765] [47.0] [cxt 0] Action link_monitor381
[15:31:45.285] [bmv2] [T] [thread 45765] [47.0] [cxt 0] link_monitor.p4(381) Primitive (bit<32>)standard_metadata.egress_port
[15:31:45.285] [bmv2] [T] [thread 45765] [47.0] [cxt 0] link_monitor.p4(381) Primitive byte_cnt_reg.write((bit<32>)standard_metadata.egress_port, new_byte_cnt)
[15:31:45.285] [bmv2] [T] [thread 45765] [47.0] [cxt 0] Wrote register 'MyEgress.byte_cnt_reg' at index 0 with value 1470
[15:31:45.285] [bmv2] [T] [thread 45765] [47.0] [cxt 0] link_monitor.p4(383) Condition "hdr.probe.isValid()" (node_16) is false
[15:31:45.285] [bmv2] [D] [thread 45765] [47.0] [cxt 0] Pipeline 'egress': end
[15:31:45.285] [bmv2] [D] [thread 45765] [47.0] [cxt 0] Deparser 'deparser': start
[15:31:45.285] [bmv2] [T] [thread 45765] [47.0] [cxt 0] Skipping checksum 'cksum' update because condition not met
[15:31:45.285] [bmv2] [D] [thread 45765] [47.0] [cxt 0] Deparsing header 'ethernet'
[15:31:45.285] [bmv2] [D] [thread 45765] [47.0] [cxt 0] Deparser 'deparser': end
[15:31:45.285] [bmv2] [D] [thread 45769] [47.0] [cxt 0] Transmitting packet of size 70 out of port 0
[15:32:22.149] [bmv2] [D] [thread 45764] [48.0] [cxt 0] Processing packet received on port 2
[15:32:22.149] [bmv2] [D] [thread 45764] [48.0] [cxt 0] Parser 'parser': start
[15:32:22.149] [bmv2] [D] [thread 45764] [48.0] [cxt 0] Parser 'parser' entering state 'start'
[15:32:22.149] [bmv2] [D] [thread 45764] [48.0] [cxt 0] Extracting header 'ethernet'
[15:32:22.149] [bmv2] [D] [thread 45764] [48.0] [cxt 0] Parser state 'start': key is 86dd
[15:32:22.149] [bmv2] [T] [thread 45764] [48.0] [cxt 0] Bytes parsed: 14
[15:32:22.149] [bmv2] [D] [thread 45764] [48.0] [cxt 0] Parser 'parser': end
[15:32:22.149] [bmv2] [D] [thread 45764] [48.0] [cxt 0] Pipeline 'ingress': start
[15:32:22.149] [bmv2] [T] [thread 45764] [48.0] [cxt 0] link_monitor.p4(331) Condition "hdr.tcp.isValid()" (node_2) is false
[15:32:22.149] [bmv2] [T] [thread 45764] [48.0] [cxt 0] link_monitor.p4(335) Condition "hdr.ipv4.isValid()" (node_5) is false
[15:32:22.150] [bmv2] [T] [thread 45764] [48.0] [cxt 0] link_monitor.p4(338) Condition "hdr.probe.isValid()" (node_7) is false
[15:32:22.150] [bmv2] [D] [thread 45764] [48.0] [cxt 0] Pipeline 'ingress': end
[15:32:22.150] [bmv2] [D] [thread 45764] [48.0] [cxt 0] Egress port is 0
[15:32:22.150] [bmv2] [D] [thread 45764] [49.0] [cxt 0] Processing packet received on port 2
[15:32:22.150] [bmv2] [D] [thread 45764] [49.0] [cxt 0] Parser 'parser': start
[15:32:22.150] [bmv2] [D] [thread 45764] [49.0] [cxt 0] Parser 'parser' entering state 'start'
[15:32:22.150] [bmv2] [D] [thread 45764] [49.0] [cxt 0] Extracting header 'ethernet'
[15:32:22.150] [bmv2] [D] [thread 45764] [49.0] [cxt 0] Parser state 'start': key is 86dd
[15:32:22.150] [bmv2] [T] [thread 45764] [49.0] [cxt 0] Bytes parsed: 14
[15:32:22.150] [bmv2] [D] [thread 45764] [49.0] [cxt 0] Parser 'parser': end
[15:32:22.150] [bmv2] [D] [thread 45764] [49.0] [cxt 0] Pipeline 'ingress': start
[15:32:22.150] [bmv2] [T] [thread 45764] [49.0] [cxt 0] link_monitor.p4(331) Condition "hdr.tcp.isValid()" (node_2) is false
[15:32:22.150] [bmv2] [T] [thread 45764] [49.0] [cxt 0] link_monitor.p4(335) Condition "hdr.ipv4.isValid()" (node_5) is false
[15:32:22.150] [bmv2] [T] [thread 45764] [49.0] [cxt 0] link_monitor.p4(338) Condition "hdr.probe.isValid()" (node_7) is false
[15:32:22.150] [bmv2] [D] [thread 45764] [49.0] [cxt 0] Pipeline 'ingress': end
[15:32:22.150] [bmv2] [D] [thread 45764] [49.0] [cxt 0] Egress port is 0
[15:32:22.150] [bmv2] [D] [thread 45765] [48.0] [cxt 0] Pipeline 'egress': start
[15:32:22.150] [bmv2] [T] [thread 45765] [48.0] [cxt 0] Applying table 'tbl_link_monitor377'
[15:32:22.150] [bmv2] [D] [thread 45765] [48.0] [cxt 0] Looking up key:

[15:32:22.150] [bmv2] [D] [thread 45765] [48.0] [cxt 0] Table 'tbl_link_monitor377': miss
[15:32:22.150] [bmv2] [D] [thread 45765] [48.0] [cxt 0] Action entry is link_monitor377 - 
[15:32:22.150] [bmv2] [T] [thread 45765] [48.0] [cxt 0] Action link_monitor377
[15:32:22.150] [bmv2] [T] [thread 45765] [48.0] [cxt 0] link_monitor.p4(377) Primitive (bit<32>)standard_metadata.egress_port
[15:32:22.150] [bmv2] [T] [thread 45765] [48.0] [cxt 0] link_monitor.p4(377) Primitive byte_cnt_reg.read(byte_cnt, (bit<32>)standard_metadata.egress_port)
[15:32:22.150] [bmv2] [T] [thread 45765] [48.0] [cxt 0] Read register 'MyEgress.byte_cnt_reg' at index 0 read value 1470
[15:32:22.150] [bmv2] [T] [thread 45765] [48.0] [cxt 0] link_monitor.p4(378) Primitive byte_cnt = byte_cnt + standard_metadata.packet_length
[15:32:22.150] [bmv2] [T] [thread 45765] [48.0] [cxt 0] link_monitor.p4(380) Condition "hdr.probe.isValid()" (node_12) is false
[15:32:22.150] [bmv2] [T] [thread 45765] [48.0] [cxt 0] Applying table 'tbl_link_monitor380_0'
[15:32:22.150] [bmv2] [D] [thread 45765] [48.0] [cxt 0] Looking up key:

[15:32:22.150] [bmv2] [D] [thread 45765] [48.0] [cxt 0] Table 'tbl_link_monitor380_0': miss
[15:32:22.150] [bmv2] [D] [thread 45765] [48.0] [cxt 0] Action entry is link_monitor380_0 - 
[15:32:22.150] [bmv2] [T] [thread 45765] [48.0] [cxt 0] Action link_monitor380_0
[15:32:22.150] [bmv2] [T] [thread 45765] [48.0] [cxt 0] link_monitor.p4(380) Primitive (hdr.probe.isValid()) ? 0 : byte_cnt
[15:32:22.150] [bmv2] [T] [thread 45765] [48.0] [cxt 0] Applying table 'tbl_link_monitor381'
[15:32:22.150] [bmv2] [D] [thread 45765] [48.0] [cxt 0] Looking up key:

[15:32:22.150] [bmv2] [D] [thread 45765] [48.0] [cxt 0] Table 'tbl_link_monitor381': miss
[15:32:22.150] [bmv2] [D] [thread 45765] [48.0] [cxt 0] Action entry is link_monitor381 - 
[15:32:22.150] [bmv2] [T] [thread 45765] [48.0] [cxt 0] Action link_monitor381
[15:32:22.150] [bmv2] [T] [thread 45765] [48.0] [cxt 0] link_monitor.p4(381) Primitive (bit<32>)standard_metadata.egress_port
[15:32:22.150] [bmv2] [T] [thread 45765] [48.0] [cxt 0] link_monitor.p4(381) Primitive byte_cnt_reg.write((bit<32>)standard_metadata.egress_port, new_byte_cnt)
[15:32:22.150] [bmv2] [T] [thread 45765] [48.0] [cxt 0] Wrote register 'MyEgress.byte_cnt_reg' at index 0 with value 1540
[15:32:22.150] [bmv2] [T] [thread 45765] [48.0] [cxt 0] link_monitor.p4(383) Condition "hdr.probe.isValid()" (node_16) is false
[15:32:22.150] [bmv2] [D] [thread 45765] [48.0] [cxt 0] Pipeline 'egress': end
[15:32:22.150] [bmv2] [D] [thread 45765] [48.0] [cxt 0] Deparser 'deparser': start
[15:32:22.150] [bmv2] [T] [thread 45765] [48.0] [cxt 0] Skipping checksum 'cksum' update because condition not met
[15:32:22.150] [bmv2] [D] [thread 45765] [48.0] [cxt 0] Deparsing header 'ethernet'
[15:32:22.150] [bmv2] [D] [thread 45765] [48.0] [cxt 0] Deparser 'deparser': end
[15:32:22.151] [bmv2] [D] [thread 45765] [49.0] [cxt 0] Pipeline 'egress': start
[15:32:22.151] [bmv2] [T] [thread 45765] [49.0] [cxt 0] Applying table 'tbl_link_monitor377'
[15:32:22.151] [bmv2] [D] [thread 45765] [49.0] [cxt 0] Looking up key:

[15:32:22.151] [bmv2] [D] [thread 45765] [49.0] [cxt 0] Table 'tbl_link_monitor377': miss
[15:32:22.151] [bmv2] [D] [thread 45765] [49.0] [cxt 0] Action entry is link_monitor377 - 
[15:32:22.151] [bmv2] [T] [thread 45765] [49.0] [cxt 0] Action link_monitor377
[15:32:22.151] [bmv2] [T] [thread 45765] [49.0] [cxt 0] link_monitor.p4(377) Primitive (bit<32>)standard_metadata.egress_port
[15:32:22.151] [bmv2] [T] [thread 45765] [49.0] [cxt 0] link_monitor.p4(377) Primitive byte_cnt_reg.read(byte_cnt, (bit<32>)standard_metadata.egress_port)
[15:32:22.151] [bmv2] [T] [thread 45765] [49.0] [cxt 0] Read register 'MyEgress.byte_cnt_reg' at index 0 read value 1540
[15:32:22.151] [bmv2] [T] [thread 45765] [49.0] [cxt 0] link_monitor.p4(378) Primitive byte_cnt = byte_cnt + standard_metadata.packet_length
[15:32:22.151] [bmv2] [T] [thread 45765] [49.0] [cxt 0] link_monitor.p4(380) Condition "hdr.probe.isValid()" (node_12) is false
[15:32:22.151] [bmv2] [T] [thread 45765] [49.0] [cxt 0] Applying table 'tbl_link_monitor380_0'
[15:32:22.151] [bmv2] [D] [thread 45765] [49.0] [cxt 0] Looking up key:

[15:32:22.151] [bmv2] [D] [thread 45765] [49.0] [cxt 0] Table 'tbl_link_monitor380_0': miss
[15:32:22.151] [bmv2] [D] [thread 45765] [49.0] [cxt 0] Action entry is link_monitor380_0 - 
[15:32:22.151] [bmv2] [T] [thread 45765] [49.0] [cxt 0] Action link_monitor380_0
[15:32:22.151] [bmv2] [T] [thread 45765] [49.0] [cxt 0] link_monitor.p4(380) Primitive (hdr.probe.isValid()) ? 0 : byte_cnt
[15:32:22.151] [bmv2] [T] [thread 45765] [49.0] [cxt 0] Applying table 'tbl_link_monitor381'
[15:32:22.151] [bmv2] [D] [thread 45765] [49.0] [cxt 0] Looking up key:

[15:32:22.151] [bmv2] [D] [thread 45765] [49.0] [cxt 0] Table 'tbl_link_monitor381': miss
[15:32:22.151] [bmv2] [D] [thread 45765] [49.0] [cxt 0] Action entry is link_monitor381 - 
[15:32:22.151] [bmv2] [T] [thread 45765] [49.0] [cxt 0] Action link_monitor381
[15:32:22.151] [bmv2] [T] [thread 45765] [49.0] [cxt 0] link_monitor.p4(381) Primitive (bit<32>)standard_metadata.egress_port
[15:32:22.151] [bmv2] [T] [thread 45765] [49.0] [cxt 0] link_monitor.p4(381) Primitive byte_cnt_reg.write((bit<32>)standard_metadata.egress_port, new_byte_cnt)
[15:32:22.151] [bmv2] [T] [thread 45765] [49.0] [cxt 0] Wrote register 'MyEgress.byte_cnt_reg' at index 0 with value 1610
[15:32:22.151] [bmv2] [T] [thread 45765] [49.0] [cxt 0] link_monitor.p4(383) Condition "hdr.probe.isValid()" (node_16) is false
[15:32:22.151] [bmv2] [D] [thread 45765] [49.0] [cxt 0] Pipeline 'egress': end
[15:32:22.151] [bmv2] [D] [thread 45765] [49.0] [cxt 0] Deparser 'deparser': start
[15:32:22.151] [bmv2] [T] [thread 45765] [49.0] [cxt 0] Skipping checksum 'cksum' update because condition not met
[15:32:22.151] [bmv2] [D] [thread 45765] [49.0] [cxt 0] Deparsing header 'ethernet'
[15:32:22.151] [bmv2] [D] [thread 45765] [49.0] [cxt 0] Deparser 'deparser': end
[15:32:22.151] [bmv2] [D] [thread 45769] [48.0] [cxt 0] Transmitting packet of size 70 out of port 0
[15:32:22.151] [bmv2] [D] [thread 45769] [49.0] [cxt 0] Transmitting packet of size 70 out of port 0
[15:32:38.533] [bmv2] [D] [thread 45764] [50.0] [cxt 0] Processing packet received on port 1
[15:32:38.533] [bmv2] [D] [thread 45764] [50.0] [cxt 0] Parser 'parser': start
[15:32:38.533] [bmv2] [D] [thread 45764] [50.0] [cxt 0] Parser 'parser' entering state 'start'
[15:32:38.533] [bmv2] [D] [thread 45764] [50.0] [cxt 0] Extracting header 'ethernet'
[15:32:38.533] [bmv2] [D] [thread 45764] [50.0] [cxt 0] Parser state 'start': key is 86dd
[15:32:38.533] [bmv2] [T] [thread 45764] [50.0] [cxt 0] Bytes parsed: 14
[15:32:38.533] [bmv2] [D] [thread 45764] [50.0] [cxt 0] Parser 'parser': end
[15:32:38.533] [bmv2] [D] [thread 45764] [50.0] [cxt 0] Pipeline 'ingress': start
[15:32:38.533] [bmv2] [T] [thread 45764] [50.0] [cxt 0] link_monitor.p4(331) Condition "hdr.tcp.isValid()" (node_2) is false
[15:32:38.533] [bmv2] [T] [thread 45764] [50.0] [cxt 0] link_monitor.p4(335) Condition "hdr.ipv4.isValid()" (node_5) is false
[15:32:38.533] [bmv2] [T] [thread 45764] [50.0] [cxt 0] link_monitor.p4(338) Condition "hdr.probe.isValid()" (node_7) is false
[15:32:38.533] [bmv2] [D] [thread 45764] [50.0] [cxt 0] Pipeline 'ingress': end
[15:32:38.533] [bmv2] [D] [thread 45764] [50.0] [cxt 0] Egress port is 0
[15:32:38.533] [bmv2] [D] [thread 45765] [50.0] [cxt 0] Pipeline 'egress': start
[15:32:38.533] [bmv2] [T] [thread 45765] [50.0] [cxt 0] Applying table 'tbl_link_monitor377'
[15:32:38.533] [bmv2] [D] [thread 45765] [50.0] [cxt 0] Looking up key:

[15:32:38.533] [bmv2] [D] [thread 45765] [50.0] [cxt 0] Table 'tbl_link_monitor377': miss
[15:32:38.533] [bmv2] [D] [thread 45765] [50.0] [cxt 0] Action entry is link_monitor377 - 
[15:32:38.533] [bmv2] [T] [thread 45765] [50.0] [cxt 0] Action link_monitor377
[15:32:38.533] [bmv2] [T] [thread 45765] [50.0] [cxt 0] link_monitor.p4(377) Primitive (bit<32>)standard_metadata.egress_port
[15:32:38.533] [bmv2] [T] [thread 45765] [50.0] [cxt 0] link_monitor.p4(377) Primitive byte_cnt_reg.read(byte_cnt, (bit<32>)standard_metadata.egress_port)
[15:32:38.533] [bmv2] [T] [thread 45765] [50.0] [cxt 0] Read register 'MyEgress.byte_cnt_reg' at index 0 read value 1610
[15:32:38.533] [bmv2] [T] [thread 45765] [50.0] [cxt 0] link_monitor.p4(378) Primitive byte_cnt = byte_cnt + standard_metadata.packet_length
[15:32:38.533] [bmv2] [T] [thread 45765] [50.0] [cxt 0] link_monitor.p4(380) Condition "hdr.probe.isValid()" (node_12) is false
[15:32:38.533] [bmv2] [T] [thread 45765] [50.0] [cxt 0] Applying table 'tbl_link_monitor380_0'
[15:32:38.533] [bmv2] [D] [thread 45765] [50.0] [cxt 0] Looking up key:

[15:32:38.533] [bmv2] [D] [thread 45765] [50.0] [cxt 0] Table 'tbl_link_monitor380_0': miss
[15:32:38.533] [bmv2] [D] [thread 45765] [50.0] [cxt 0] Action entry is link_monitor380_0 - 
[15:32:38.533] [bmv2] [T] [thread 45765] [50.0] [cxt 0] Action link_monitor380_0
[15:32:38.533] [bmv2] [T] [thread 45765] [50.0] [cxt 0] link_monitor.p4(380) Primitive (hdr.probe.isValid()) ? 0 : byte_cnt
[15:32:38.533] [bmv2] [T] [thread 45765] [50.0] [cxt 0] Applying table 'tbl_link_monitor381'
[15:32:38.533] [bmv2] [D] [thread 45765] [50.0] [cxt 0] Looking up key:

[15:32:38.533] [bmv2] [D] [thread 45765] [50.0] [cxt 0] Table 'tbl_link_monitor381': miss
[15:32:38.533] [bmv2] [D] [thread 45765] [50.0] [cxt 0] Action entry is link_monitor381 - 
[15:32:38.533] [bmv2] [T] [thread 45765] [50.0] [cxt 0] Action link_monitor381
[15:32:38.533] [bmv2] [T] [thread 45765] [50.0] [cxt 0] link_monitor.p4(381) Primitive (bit<32>)standard_metadata.egress_port
[15:32:38.533] [bmv2] [T] [thread 45765] [50.0] [cxt 0] link_monitor.p4(381) Primitive byte_cnt_reg.write((bit<32>)standard_metadata.egress_port, new_byte_cnt)
[15:32:38.533] [bmv2] [T] [thread 45765] [50.0] [cxt 0] Wrote register 'MyEgress.byte_cnt_reg' at index 0 with value 1680
[15:32:38.533] [bmv2] [T] [thread 45765] [50.0] [cxt 0] link_monitor.p4(383) Condition "hdr.probe.isValid()" (node_16) is false
[15:32:38.533] [bmv2] [D] [thread 45765] [50.0] [cxt 0] Pipeline 'egress': end
[15:32:38.533] [bmv2] [D] [thread 45765] [50.0] [cxt 0] Deparser 'deparser': start
[15:32:38.533] [bmv2] [T] [thread 45765] [50.0] [cxt 0] Skipping checksum 'cksum' update because condition not met
[15:32:38.533] [bmv2] [D] [thread 45765] [50.0] [cxt 0] Deparsing header 'ethernet'
[15:32:38.533] [bmv2] [D] [thread 45765] [50.0] [cxt 0] Deparser 'deparser': end
[15:32:38.534] [bmv2] [D] [thread 45769] [50.0] [cxt 0] Transmitting packet of size 70 out of port 0
open: No such file or directory
open: No such file or directory
open: No such file or directory
open: No such file or directory
open: No such file or directory
open: No such file or directory
open: No such file or directory
open: No such file or directory
